date,code,open,high,low,close,preclose,volume,amount,adjustflag,turn,tradestatus,pctChg,peTTM,pbMRQ,psTTM,pcfNcfTTM,isST
2026-02-05,sh.600000,10.1500,10.2800,10.1300,10.2300,10.1300,97223688,992778930.6400,3,0.291900,1,0.987200,6.812058,0.486043,1.958559,-1.607452,0
2026-02-05,sh.600004,9.6200,9.6800,9.5800,9.6400,9.6200,25348991,244212608.3800,3,1.071100,1,0.207900,18.352880,1.303888,3.177015,12.001476,0
2026-02-05,sh.600006,6.9300,6.9600,6.9000,6.9200,6.9600,13089568,90680099.6500,3,0.654500,1,-0.574700,56.411244,1.653933,1.388220,-108.246977,0
2026-02-05,sh.600007,20.8000,20.9900,20.7100,20.9100,20.7700,2856851,59680926.8700,3,0.283600,1,0.674000,17.787501,2.220495,5.568233,-87.620982,0
2026-02-05,sh.600008,3.0900,3.1000,3.0600,3.0800,3.0900,74909673,230652796.1800,3,1.020500,1,-0.323600,13.252807,1.082411,1.151890,39.581040,0
2026-02-05,sh.600009,31.1800,31.3800,30.9600,31.2400,31.1900,18310410,572031039.6300,3,0.894800,1,0.160300,32.850279,1.848711,6.029761,67.245390,0
2026-02-05,sh.600010,2.4300,2.4500,2.3800,2.3900,2.4600,646445570,1553264820.9400,3,2.060000,1,-2.845500,106.782571,2.078413,1.632479,191.765284,0
2026-02-05,sh.600011,6.9100,6.9600,6.8800,6.9300,6.9600,49861423,344852536.5100,3,0.453400,1,-0.431000,7.469901,1.627235,0.464647,-24.660982,0
2026-02-05,sh.600012,14.3600,14.5000,14.2900,14.3500,14.3100,4221201,60706735.3300,3,0.362100,1,0.279500,14.050269,1.971319,3.513616,30.274015,0
2026-02-05,sh.600015,6.4900,6.5900,6.4800,6.5800,6.4800,74187231,485607074.9200,3,0.482100,1,1.543200,3.857525,0.339374,1.152139,-2.013657,0
2026-02-05,sh.600016,3.7900,3.8600,3.7900,3.8400,3.7900,502433849,1923400262.6900,3,1.416800,1,1.319300,5.539157,0.299195,1.174554,3.187859,0
2026-02-05,sh.600017,3.1700,3.1900,3.1300,3.1500,3.1800,37530675,118521594.5000,3,1.220300,1,-0.943400,17.794589,0.689385,1.235449,-123.467339,0
2026-02-05,sh.600018,5.0600,5.0800,5.0200,5.0500,5.0600,57533557,290436095.8400,3,0.247500,1,-0.197600,8.773418,0.839572,2.980827,-127.706910,0
2026-02-05,sh.600019,7.1900,7.2700,7.0800,7.1200,7.2200,114952143,822607700.4400,3,0.527700,1,-1.385000,16.430197,0.759305,0.497562,93.732738,0
2026-02-05,sh.600020,4.0700,4.1100,4.0500,4.0800,4.0700,18757797,76579994.6600,3,0.834700,1,0.245700,9.002448,0.771311,1.282052,151.046168,0
2026-02-05,sh.600021,21.2200,21.2200,20.2500,20.3200,21.2200,60610614,1244946199.1900,3,2.148400,1,-4.241300,21.740171,2.713138,1.354553,42.288250,0
2026-02-05,sh.600022,1.6400,1.6500,1.6100,1.6200,1.6500,141557050,230908902.7400,3,1.323100,1,-1.818200,-25.985052,0.918525,0.238771,-28.012437,0
2026-02-05,sh.600023,4.9700,4.9800,4.9400,4.9500,4.9700,41605563,206444776.4800,3,0.310300,1,-0.402400,9.107691,0.884190,0.824300,55.209910,0
2026-02-05,sh.600025,9.1200,9.1700,9.1100,9.1500,9.1200,17872243,163395648.4500,3,0.099300,1,0.328900,19.797897,2.481423,6.530411,42.052765,0
2026-02-05,sh.600026,16.6900,16.9500,15.9500,16.1600,16.7600,58554538,956539784.2500,3,1.685100,1,-3.580000,26.739686,2.360329,3.874213,75.638615,0
2026-02-05,sh.600027,4.8700,4.8800,4.8200,4.8700,4.8800,60004615,291400055.9000,3,0.705100,1,-0.204900,8.588750,1.161633,0.550782,-62.172467,0
2026-02-05,sh.600028,6.5100,6.5700,6.3100,6.4000,6.5000,216957947,1391003353.7300,3,0.229000,1,-1.538500,21.468052,0.931353,0.274299,-549.661428,0
2026-02-05,sh.600029,8.1800,8.3600,8.1000,8.2500,8.1800,111813136,924232005.3400,3,0.829700,1,0.855700,-110.411825,4.036658,0.843533,30.509716,0
2026-02-05,sh.600030,28.2900,28.4900,28.1300,28.2900,28.3800,115684169,3276268367.4400,3,0.950100,1,-0.317100,13.952057,1.495999,5.603010,2.646834,0
2026-02-05,sh.600031,23.2500,23.4000,23.0200,23.2700,23.2600,68288274,1586163932.0700,3,0.805800,1,0.043000,25.957252,2.914562,2.484336,-445.214272,0
2026-02-05,sh.600032,8.0800,8.1000,7.8500,7.9000,8.0800,9709173,77129829.6100,3,0.403800,1,-2.227700,35.442623,1.467180,3.876685,23.868616,0
2026-02-05,sh.600033,3.8600,3.9900,3.8600,3.9000,3.8400,82678852,323545347.8200,3,3.012600,1,1.562500,13.227663,0.860906,3.502947,10.119012,0
2026-02-05,sh.600035,3.9700,3.9800,3.9500,3.9700,3.9700,13070802,51864241.1600,3,0.811800,1,0.000000,9.493303,0.717898,1.183750,-44.720745,0
2026-02-05,sh.600036,38.9400,39.9200,38.9100,39.7100,39.0100,121889452,4810048757.4700,3,0.590900,1,1.794400,6.668487,0.918934,2.967067,-3.266353,0
2026-02-05,sh.600037,8.0100,8.1600,8.0100,8.0500,8.0800,16385300,132440811.0000,3,1.177300,1,-0.371300,-200.891396,0.883953,5.239632,-11.024637,0
2026-02-05,sh.600038,37.8800,38.3300,37.5600,37.6900,37.9100,7841527,296424322.8100,3,1.172200,1,-0.580300,54.088306,1.791012,1.123176,10.531207,0
2026-02-05,sh.600039,9.8000,9.9100,9.7500,9.8900,9.8000,15321163,151098835.2900,3,0.176200,1,0.918400,11.115687,1.728965,0.791587,33.797842,0
2026-02-05,sh.600048,7.1400,7.2500,7.1100,7.1700,7.1900,190935006,1369370910.1100,3,1.595100,1,-0.278200,83.684223,0.445006,0.278426,-14.127458,0
2026-02-05,sh.600050,4.8500,4.8900,4.8400,4.8800,4.8700,186991760,909579697.8400,3,0.607800,1,0.205300,16.121877,0.887397,0.388762,-7.028582,0
2026-02-05,sh.600051,8.1000,8.1200,8.0400,8.0500,8.0900,5174360,41811557.4000,3,1.664400,1,-0.494400,26.845770,0.736570,1.502354,-31.738489,0
2026-02-05,sh.600052,4.6000,4.6500,4.5400,4.5500,4.6100,10782800,49493730.0000,3,1.277300,1,-1.301500,-9.747218,1.418616,5.692150,61.026292,0
2026-02-05,sh.600053,23.2500,24.2000,23.2200,23.2200,25.8000,10906428,254617900.5500,3,2.515700,1,-10.000000,-30.952360,3.915283,36.028331,-55.117687,0
2026-02-05,sh.600054,13.4800,14.7600,13.4200,14.3900,13.5500,38734721,555691526.5000,3,7.546200,1,6.199300,37.008747,2.192464,5.108199,14.457857,0
2026-02-05,sh.600055,16.0300,16.1100,15.9000,16.0500,16.0200,3806035,60990364.9400,3,0.541400,1,0.187300,783.195153,2.409594,6.966465,-6.720893,0
2026-02-05,sh.600056,10.8300,10.9100,10.7800,10.8300,10.8700,12418073,134654242.8400,3,0.830400,1,-0.368000,31.557578,1.366779,0.487484,-82.043827,0
2026-02-05,sh.600057,7.9700,8.2000,7.9200,8.1500,8.0000,24976582,202200576.6800,3,1.193600,1,1.875000,10.705908,1.428998,0.060002,15.823391,0
2026-02-05,sh.600058,13.3000,13.5800,12.8800,12.9200,13.4100,27532533,360710979.7600,3,2.568500,1,-3.654000,134.027337,2.772482,0.244067,12.061675,0
2026-02-05,sh.600059,10.1500,10.3100,10.1100,10.1100,10.2200,24271917,247750115.4200,3,2.662700,1,-1.076300,44.781410,1.584811,5.031188,-43.504188,0
2026-02-05,sh.600060,24.1200,25.5000,23.9900,25.0600,24.1000,33691995,841704397.5800,3,2.591400,1,3.983400,12.753084,1.600284,0.538666,104.404055,0
2026-02-05,sh.600061,7.5800,7.6500,7.5300,7.6200,7.6000,39739376,301897334.5000,3,0.621500,1,0.263200,14.054182,0.907889,3.112438,1.415598,0
2026-02-05,sh.600062,18.6900,18.8100,18.6500,18.7300,18.6600,6510048,122048610.5600,3,0.630200,1,0.375100,12.312424,1.718942,1.777348,-39.614802,0
2026-02-05,sh.600063,6.7400,6.8300,6.5400,6.6400,6.7600,38139774,253287186.7000,3,1.843300,1,-1.775100,25.004351,1.601723,1.708727,56.154401,0
2026-02-05,sh.600064,8.9100,8.9800,8.8400,8.9000,8.9100,18544404,165355464.4300,3,1.071700,1,-0.112200,6.623044,0.782053,5.380392,-78.185054,0
2026-02-05,sh.600066,31.1000,31.7500,31.0000,31.4600,31.0000,15983063,502967413.1100,3,0.721900,1,1.483900,13.995347,5.192028,1.762918,-188.650782,0
2026-02-05,sh.600067,4.4000,4.4000,4.2300,4.2500,4.3800,36833626,158420428.2000,3,2.646700,1,-2.968000,-11.550665,1.051418,0.558994,7.982104,0
2026-02-05,sh.600071,21.1500,21.2800,20.9900,21.1300,21.2800,2702820,57144868.8700,3,0.959900,1,-0.704900,94.700862,11.807720,3.687362,116.848982,0
2026-02-05,sh.600072,12.8000,13.0300,12.6800,12.8500,13.3300,102146266,1314783106.2200,3,9.428900,1,-3.600900,-15.870709,1.989140,1.979146,-38.907928,0
2026-02-05,sh.600073,6.5200,6.5900,6.5100,6.5200,6.5400,13151035,86068846.5900,3,1.402400,1,-0.305800,2244.141783,1.219452,0.272258,-20.322385,0
2026-02-05,sh.600075,6.0700,6.1900,5.8600,5.8900,6.1000,31859480,190658382.4000,3,1.866000,1,-3.442600,153.463106,1.123950,0.887788,33.150152,0
2026-02-05,sh.600076,3.7400,3.8300,3.7100,3.7900,3.7600,30595657,115528986.4600,3,2.275500,1,0.797900,-12.817313,1.337006,13.194074,28.137673,0
2026-02-05,sh.600078,12.0500,12.0700,11.4500,11.5000,11.9300,19248900,224610881.0000,3,2.905200,1,-3.604400,-75.567000,4.483905,2.175341,137.428066,0
2026-02-05,sh.600079,18.9700,19.4500,18.8800,19.2300,19.0200,31247641,599195010.6000,3,2.024900,1,1.104100,21.970538,1.659519,1.298329,-463.146946,1
2026-02-05,sh.600080,7.8600,7.9900,7.8000,7.9200,7.8900,4909974,38946119.5200,3,1.315400,1,0.380200,37.745273,1.865887,5.370806,-139.775816,0
2026-02-05,sh.600081,11.8000,11.9200,11.7500,11.8600,11.8300,2154718,25544668.8200,3,0.389600,1,0.253600,125.186837,1.430557,0.989608,-19.531385,0
2026-02-05,sh.600082,4.2300,4.3200,4.1900,4.2400,4.2400,14852055,63265781.5900,3,2.341400,1,0.000000,45.331107,1.540401,3.652249,5.217898,0
2026-02-05,sh.600084,6.8400,7.7200,6.8400,7.7200,7.0200,36214966,271648767.5200,3,3.222800,1,9.971500,731.009819,6.705437,54.478598,946.286348,0
2026-02-05,sh.600085,30.6900,31.6500,30.6200,31.4600,30.7400,20174974,630820322.5100,3,1.471000,1,2.342200,31.871300,3.157798,2.385695,-120.550539,0
2026-02-05,sh.600088,18.0000,18.2800,17.7300,18.0300,17.7300,10049770,181655153.9000,3,2.526900,1,1.692000,-92.589402,5.679960,6.405941,173.336776,0
2026-02-05,sh.600089,28.7500,28.7500,27.5000,27.6300,29.1000,277760303,7751711688.1200,3,5.497200,1,-5.051500,26.244873,2.028895,1.417553,43.085491,0
2026-02-05,sh.600094,4.9500,4.9700,4.8700,4.8800,4.9900,18873000,92577727.0000,3,0.887600,1,-2.204400,-4.909011,1.092426,4.938311,-55.486042,0
2026-02-05,sh.600095,11.1200,11.1600,11.0100,11.0600,11.1300,26240737,290782483.7700,3,0.917800,1,-0.628900,78.020589,2.587409,12.948315,13.097958,0
2026-02-05,sh.600096,35.8000,36.2800,34.9000,35.1000,36.0800,33802159,1198469603.9300,3,1.854200,1,-2.716200,11.349644,2.641995,1.220851,594.387779,0
2026-02-05,sh.600097,12.2500,12.4400,12.1300,12.2800,12.2600,9047900,111361515.0000,3,3.755300,1,0.163100,28.090166,1.275714,1.294566,-16.922022,0
2026-02-05,sh.600098,7.1100,7.1400,6.9500,6.9900,7.1200,22641885,159003831.8500,3,0.645800,1,-1.825800,10.637053,0.891053,0.487383,-8.014676,0
2026-02-05,sh.600099,11.2100,11.5000,11.2000,11.3500,11.2100,6360633,72361859.2100,3,2.902800,1,1.248900,120.017811,4.645987,2.281206,80.222789,0
2026-02-05,sh.600100,9.0100,9.0200,8.8500,8.8800,9.0900,61869491,552541340.2600,3,1.846700,1,-2.310200,175.788357,1.840910,1.874665,20.578430,0
2026-02-05,sh.600101,10.1600,10.1900,10.0200,10.0200,10.1900,14167817,142895427.0400,3,2.586000,1,-1.668300,29.852937,1.768777,1.818701,-33.082590,0
2026-02-05,sh.600103,3.7500,3.8100,3.7200,3.7400,3.7700,53558982,201221088.4600,3,2.420900,1,-0.795800,133.017070,2.109113,3.547650,186.903983,0
2026-02-05,sh.600104,14.4300,14.5300,14.3800,14.4800,14.4300,55067108,797086406.6900,3,0.479000,1,0.346500,58.203644,0.563244,0.249891,6.727726,0
2026-02-05,sh.600105,26.6000,26.8900,25.7100,25.9000,27.1800,99980431,2606606243.7200,3,6.838600,1,-4.709300,113.640033,11.475217,7.940015,83.014278,0
2026-02-05,sh.600106,6.3200,6.3600,6.2400,6.2500,6.3500,12434614,78315485.3400,3,0.935600,1,-1.574800,36.144864,1.604054,73.558713,-32.368158,0
2026-02-05,sh.600107,5.8800,6.1200,5.8000,6.1200,5.8300,5890082,35551219.4400,3,1.636100,1,4.974300,-39.891475,4.826193,9.020217,-121.482603,1
2026-02-05,sh.600108,3.5500,3.6000,3.4700,3.4800,3.5800,57396267,202115985.7600,3,2.948100,1,-2.793300,71.392109,1.570404,1.566513,122.537566,0
2026-02-05,sh.600109,9.2200,9.2800,9.1300,9.2400,9.2200,30161596,277709141.6300,3,0.814000,1,0.216900,13.822460,0.980353,4.016172,3.253596,0
2026-02-05,sh.600110,6.7300,6.7400,6.6100,6.6300,6.7700,28238585,187754709.1200,3,1.627400,1,-2.067900,-50.469657,1.954526,1.808635,-38.181224,0
2026-02-05,sh.600111,50.2500,50.4400,47.9100,48.3100,51.0700,98844916,4819013554.2600,3,2.734200,1,-5.404300,81.598309,7.311797,4.188286,502.302858,0
2026-02-05,sh.600113,59.0000,60.4800,58.7000,60.0100,59.3500,3283648,196067932.0100,3,0.798100,1,1.112000,175.133034,9.946403,34.294960,-110.197975,0
2026-02-05,sh.600114,31.6100,31.9100,31.0300,31.5000,31.7700,10763125,338265198.2300,3,1.746200,1,-0.849900,37.131920,6.133378,3.343257,119.758756,0
2026-02-05,sh.600115,6.2500,6.4100,6.2100,6.3700,6.2800,249455478,1581492109.8800,3,1.465200,1,1.433100,-70.881049,8.588102,1.034939,-92.201103,0
2026-02-05,sh.600116,6.8100,6.8100,6.6700,6.7000,6.8100,18656803,125276451.0400,3,0.975700,1,-1.615300,46.244967,1.130844,1.303224,10.218715,0
2026-02-05,sh.600117,2.8800,2.8900,2.8300,2.8400,2.8900,18366401,52393300.8700,3,0.564200,1,-1.730100,-9.041753,2.298179,1.559480,140.496308,0
2026-02-05,sh.600118,94.9800,94.9800,91.5500,92.2300,97.5000,63453182,5902080065.6500,3,5.366100,1,-5.405100,1897.835095,17.172371,16.563293,3380.115014,0
2026-02-05,sh.600119,6.8800,7.0400,6.8600,6.9300,6.9500,5081273,35360054.8900,3,1.391100,1,-0.287800,-41.145644,21.210342,11.262093,-79.688744,0
2026-02-05,sh.600120,6.4000,6.4000,6.3100,6.3600,6.4300,41128061,261519882.5500,3,1.204200,1,-1.088600,16.335456,1.326011,3.254595,14.589276,0
2026-02-05,sh.600121,4.4500,4.4600,4.3600,4.3600,4.5800,63016340,276833486.8000,3,5.172000,1,-4.803500,-47.201633,3.465761,1.444162,-13.033846,0
2026-02-05,sh.600123,6.3000,6.3100,6.1500,6.2200,6.4100,38571870,239612549.7600,3,2.618200,1,-2.964100,428.071209,0.579718,1.000009,-4.761871,0
2026-02-05,sh.600125,6.4400,6.5100,6.4200,6.4600,6.4700,14626700,94603892.0000,3,1.120400,1,-0.154600,15.784481,1.093354,0.734983,-34.677287,0
2026-02-05,sh.600126,8.4700,8.5700,8.2900,8.3600,8.6100,61165460,514376058.2200,3,1.811100,1,-2.903600,-349.469362,1.447742,0.463389,6.499027,0
2026-02-05,sh.600127,6.7500,6.8400,6.6600,6.6700,6.9800,48111405,323273312.3500,3,7.496500,1,-4.441300,207.622861,6.295161,1.139163,-46.951316,0
2026-02-05,sh.600128,11.7000,11.9200,11.6400,11.7300,11.6800,5991400,70645689.0000,3,2.428000,1,0.428100,63.238988,1.374330,0.381319,73.366852,0
2026-02-05,sh.600129,18.0500,18.3800,18.0000,18.1700,18.1000,8623637,156891908.5400,3,1.563900,1,0.386700,-28.422111,2.831811,0.997941,-251.600155,0
2026-02-05,sh.600130,4.3200,4.3300,4.2900,4.3000,4.3200,7643400,32943122.0000,3,1.019100,1,-0.463000,713.999735,3.359455,6.740109,464.149961,1
2026-02-05,sh.600131,19.1000,19.2600,18.5900,18.6200,19.3000,16620651,311750371.8100,3,1.389800,1,-3.523300,34.362627,3.575795,2.922007,-83.215234,0
2026-02-05,sh.600132,55.0000,56.1600,54.5500,55.6700,54.4000,9720141,537774913.1500,3,2.008400,1,2.334600,21.888651,13.453334,1.830112,157.553341,0
2026-02-05,sh.600133,10.6000,10.8800,10.1900,10.3100,10.6500,56286180,589562082.3500,3,5.278900,1,-3.192500,28.534660,1.252766,2.914822,-155.538223,0
2026-02-05,sh.600135,9.8600,10.3300,9.8000,10.0300,9.9000,19572437,197608905.3300,3,3.537400,1,1.313100,-60.795998,2.326739,4.124581,-62.678403,0
2026-02-05,sh.600136,1.7500,1.8500,1.7500,1.8500,1.7600,45775440,83403326.6400,3,2.355800,1,5.113600,-47.821824,15.874715,5.442550,-316.998095,1
2026-02-05,sh.600137,21.7200,22.0800,21.4500,21.6700,21.6100,3043400,66407281.0000,3,3.130500,1,0.277600,76.704700,3.882005,5.510470,17.656583,0
2026-02-05,sh.600138,10.0500,10.2200,10.0100,10.1700,10.0500,20610914,209124688.8200,3,2.847400,1,1.194000,87.754184,1.153977,0.649211,72.846037,0
2026-02-05,sh.600141,37.8700,38.1300,36.8400,37.2500,37.9300,16047521,599474208.6400,3,1.436900,1,-1.792800,25.912856,1.912973,1.380870,-111.108624,0
2026-02-05,sh.600143,18.7100,18.7300,18.2100,18.2700,18.7000,43032087,790264462.7000,3,1.633200,1,-2.299500,39.909721,2.522139,0.690993,97.241937,0
2026-02-05,sh.600148,20.3700,20.7700,20.3100,20.4900,20.3700,1857901,38232990.7400,3,1.312900,1,0.589100,306.642051,6.106236,3.961897,-41.299968,0
2026-02-05,sh.600149,5.7700,6.1900,5.7700,5.9500,5.9500,58639925,351312306.8100,3,15.425100,1,0.000000,140.530389,9.697697,10.868331,-236.739403,0
2026-02-05,sh.600150,34.9900,35.2400,34.3800,34.6600,35.1100,56507585,1962088051.2900,3,0.750900,1,-1.281700,38.646489,1.848113,2.747404,-59.362315,0
2026-02-05,sh.600151,16.0000,16.4700,15.6500,15.9000,16.3700,91291001,1462139131.7300,3,6.365100,1,-2.871100,-82.088528,4.914131,5.922907,-172.356393,0
2026-02-05,sh.600152,7.8700,7.8700,7.6100,7.6200,7.9000,17460300,134394341.0000,3,3.300100,1,-3.544300,-45.511939,2.367714,2.769443,68.590745,0
2026-02-05,sh.600153,9.7100,9.7500,9.6200,9.7000,9.6900,22426883,217422295.9700,3,0.773500,1,0.103200,13.812747,0.504995,0.040286,2.770265,0
2026-02-05,sh.600155,6.7300,6.8100,6.7100,6.7800,6.7600,22704921,153500631.5100,3,1.025700,1,0.295900,94.650359,0.750923,4.654148,7.957925,0
2026-02-05,sh.600156,8.2000,9.0300,8.1500,9.0300,8.2100,22243255,199392751.0600,3,5.531600,1,9.987800,-84.559156,9.193729,3.866935,243.032262,0
2026-02-05,sh.600157,1.6400,1.6500,1.6200,1.6400,1.6600,768020841,1256290345.0100,3,3.520200,1,-1.204800,121.495228,0.760270,1.509158,-1570.550343,0
2026-02-05,sh.600158,9.5700,9.9700,9.5200,9.8300,9.6100,40701484,399134391.3100,3,4.241900,1,2.289300,508.278087,3.630249,4.271995,-1226.599226,0
2026-02-05,sh.600159,3.0600,3.1900,3.0400,3.1000,3.0600,45235400,140967972.0000,3,5.450000,1,1.307200,-13.217298,1.498855,3.682502,50.935263,0
2026-02-05,sh.600160,38.0000,38.3800,37.4400,37.7100,37.7800,18479078,700537511.3900,3,0.684500,1,-0.185300,25.712676,4.982119,3.777673,48.552779,0
2026-02-05,sh.600161,16.4700,16.7400,16.4600,16.6500,16.5000,10338930,171926998.9800,3,0.522900,1,0.909100,25.015152,2.872119,5.125375,-15.059938,0
2026-02-05,sh.600162,1.8900,1.9300,1.8800,1.9000,1.9100,42906197,81591504.3000,3,1.312700,1,-0.523600,-105.858609,1.073944,3.695537,-16.108887,0
2026-02-05,sh.600163,5.9900,6.0000,5.8100,5.8600,6.0200,32216931,189390004.2800,3,1.693000,1,-2.657800,19.562471,1.604929,6.461252,5.287936,0
2026-02-05,sh.600165,3.7700,3.7700,3.6200,3.6500,3.7700,7948300,29493920.0000,3,1.084500,1,-3.183000,-19.004601,-32.915434,12.082477,-3480.706681,1
2026-02-05,sh.600166,3.1200,3.1900,3.1100,3.1600,3.1300,169805148,534384704.4100,3,2.144700,1,0.958500,32.876150,1.628567,0.435982,15.534013,0
2026-02-05,sh.600167,6.9800,6.9800,6.8900,6.9500,7.0000,8091790,56087281.9300,3,0.357600,1,-0.714300,22.661427,1.450681,4.670418,-79.620712,0
2026-02-05,sh.600168,5.2600,5.2700,5.2200,5.2500,5.2600,5496540,28847339.8000,3,0.553300,1,-0.190100,52.962018,0.971796,1.317473,-14.809089,0
2026-02-05,sh.600169,2.4600,2.5100,2.4600,2.4600,2.4700,26643831,66116262.7600,3,0.799400,1,-0.404900,39.167985,1.616427,0.832842,11.625730,1
2026-02-05,sh.600170,3.0100,3.0400,2.9500,2.9600,3.0300,300857600,896238404.8900,3,3.385800,1,-2.310200,12.972872,0.833395,0.107672,3.138787,0
2026-02-05,sh.600171,31.0500,31.5500,30.8300,31.2000,31.4500,12908730,401679189.4000,3,1.820900,1,-0.794900,61.231151,4.922821,6.996621,118.395080,0
2026-02-05,sh.600172,7.8100,7.9200,7.4000,7.5600,8.0300,180786037,1373323125.9700,3,14.165300,1,-5.853100,-10.089125,11.042342,7.959725,660.610116,0
2026-02-05,sh.600173,8.3000,9.1200,8.2000,8.8100,8.2900,84969206,763931882.4600,3,12.131200,1,6.272600,-396.186982,1.611601,2.045106,51.136193,0
2026-02-05,sh.600176,21.9000,22.4600,21.4200,21.7600,21.9300,89596222,1958295654.4200,3,2.238200,1,-0.775200,25.032533,2.755570,4.805229,88.549505,0
2026-02-05,sh.600177,7.3400,7.4400,7.3000,7.4100,7.3100,25040103,184814662.0000,3,0.541600,1,1.368000,13.153161,0.800165,2.726471,7.472499,0
2026-02-05,sh.600178,12.5800,12.6600,12.4600,12.4600,12.5900,3266502,40995351.1600,3,0.700300,1,-1.032600,1436.231648,2.284994,1.077877,-419.328964,0
2026-02-05,sh.600179,5.0700,5.1500,4.8700,4.9300,5.1000,135822490,677918631.2100,3,3.516600,1,-3.333300,18.741858,1.824206,2.382433,25.660898,0
2026-02-05,sh.600180,3.6900,3.7100,3.6400,3.6600,3.7000,13840800,50816006.0000,3,1.273700,1,-1.081100,247.830993,0.504585,0.159292,-11.572996,0
2026-02-05,sh.600182,14.8400,14.9700,14.8300,14.9200,14.8800,2223100,33172511.2300,3,1.307700,1,0.268800,36.332041,4.499755,1.050031,-16.001393,0
2026-02-05,sh.600183,63.6000,64.2900,63.0600,63.4800,64.3600,21371192,1360020667.0600,3,0.892500,1,-1.367300,54.883664,9.927316,5.872718,-1359.500531,0
2026-02-05,sh.600184,17.6700,17.9100,17.5100,17.6000,17.7100,7100351,125483702.7000,3,1.218500,1,-0.621100,-56.186697,3.026824,6.148279,12.367884,0
2026-02-05,sh.600185,7.0200,7.3500,7.0000,7.3000,7.0800,77016801,555413922.8200,3,4.085800,1,3.107300,-9.241725,24.034909,4.043959,-11.689700,0
2026-02-05,sh.600186,5.7800,5.9500,5.7200,5.8700,5.8600,65817803,384547143.5100,3,3.697000,1,0.170600,36.263949,5.520069,3.286772,42.355498,0
2026-02-05,sh.600187,2.1500,2.2200,2.1400,2.1700,2.1600,48698267,106246885.3900,3,3.017700,1,0.463000,189.897330,1.100865,18.818003,291.596969,0
2026-02-05,sh.600188,15.2700,15.6700,15.1000,15.4400,15.2700,190258753,2921559892.3000,3,3.211700,1,1.113300,15.743996,2.970117,1.236919,-18.879955,0
2026-02-05,sh.600189,8.5600,8.6000,8.4000,8.4500,8.5900,13228760,112098046.6000,3,1.849700,1,-1.629800,643.157585,4.889862,4.575310,50.054587,0
2026-02-05,sh.600191,13.4200,13.4800,12.0700,12.1800,13.4100,20148105,252197668.5800,3,4.154800,1,-9.172300,150.261728,3.488761,11.429172,174.665085,0
2026-02-05,sh.600192,9.5800,9.5800,9.3700,9.4300,9.6200,10268633,96751165.7900,3,2.324500,1,-1.975100,-15.763458,4.107973,2.716173,65.896943,0
2026-02-05,sh.600193,4.2600,4.3800,4.2600,4.2900,4.3500,3448189,14880465.4200,3,0.810600,1,-1.379300,-10.073172,20.491430,-337.090631,119.118835,1
2026-02-05,sh.600195,7.9500,8.0500,7.9100,7.9100,8.0000,11385035,90643485.7600,3,1.114900,1,-1.125000,37.667222,1.412769,1.285964,28.093926,0
2026-02-05,sh.600196,26.6000,26.8000,26.5000,26.6000,26.6400,11659618,310505417.2900,3,0.550400,1,-0.150200,21.639788,1.478985,1.796100,-46.088010,0
2026-02-05,sh.600197,14.1500,14.3500,14.1400,14.1400,14.2500,9278910,132085040.7400,3,1.961000,1,-0.771900,36.759961,1.752278,3.620331,-88.872613,0
2026-02-05,sh.600198,9.7100,9.7100,9.5100,9.6400,9.7600,23253102,222932178.2000,3,1.786000,1,-1.229500,182.478486,45.833515,12.023579,292.564212,0
2026-02-05,sh.600199,10.3300,10.5500,10.1600,10.1800,10.4100,37127987,383838147.7400,3,5.644300,1,-2.209400,-25.898800,3.237342,8.961245,298.130603,0
2026-02-05,sh.600201,15.9000,15.9500,15.5500,15.7900,15.8800,22877891,359618573.1600,3,2.057800,1,-0.566800,174.226015,3.209862,13.228145,-1424.350067,0
2026-02-05,sh.600202,6.3000,6.3600,6.2300,6.2400,6.3000,6977798,43887500.4200,3,1.820300,1,-0.952400,-133.658203,2.962560,1.851207,-375.772743,0
2026-02-05,sh.600203,12.2800,12.2900,12.1500,12.1700,12.2800,7959100,97160989.0000,3,1.342200,1,-0.895800,-44.321989,4.162662,0.594505,-20.091389,0
2026-02-05,sh.600206,21.0000,21.0200,20.3600,20.6000,21.2400,24651281,508416725.2200,3,2.912000,1,-3.013200,62.624413,4.117264,1.904581,84.106208,0
2026-02-05,sh.600207,4.9500,4.9500,4.8400,4.8500,4.9800,18278300,89264251.0000,3,1.678000,1,-2.610400,-8.503012,2.209064,1.584352,26.313711,0
2026-02-05,sh.600208,3.7000,3.7200,3.6400,3.6700,3.7100,57453017,210950477.6400,3,0.675300,1,-1.078200,-73.284306,0.750121,9.144627,-97.604687,0
2026-02-05,sh.600210,7.5900,7.6000,7.4600,7.5000,7.5800,18880589,142206235.7300,3,1.244800,1,-1.055400,9.122778,1.705963,1.009247,-44.024694,0
2026-02-05,sh.600211,41.9700,42.3300,41.8600,42.1700,41.9700,2390201,100640825.1100,3,0.741600,1,0.476500,13.852650,3.827240,4.996139,28.433741,0
2026-02-05,sh.600212,7.7800,7.7900,7.7000,7.7200,7.7800,6904900,53386501.0000,3,1.299900,1,-0.771200,177.161372,10.074699,3.754566,-1531.109402,0
2026-02-05,sh.600215,7.7100,7.8100,7.6500,7.6600,7.8100,9066401,70132270.7900,3,1.984400,1,-1.920600,-33.017769,1.721811,3.207910,278.407965,0
2026-02-05,sh.600216,14.6900,14.9900,14.6400,14.9700,14.6900,22136426,328777849.2800,3,2.326700,1,1.906100,11.572057,1.302209,1.607076,11.393788,0
2026-02-05,sh.600217,4.1100,4.1400,4.0800,4.1100,4.1300,16116875,66185438.7500,3,0.972300,1,-0.484300,-16.463778,2.216448,1.906718,279.968333,0
2026-02-05,sh.600218,10.9100,10.9100,10.4900,10.5100,10.9600,15169300,161257818.0000,3,3.482400,1,-4.105800,50.589024,1.406899,1.074986,75.712034,0
2026-02-05,sh.600219,6.7700,6.8400,6.4500,6.6000,6.8900,326441204,2159607531.8500,3,2.842600,1,-4.209000,14.825378,1.457047,2.130424,46.545918,0
2026-02-05,sh.600221,1.7300,1.7600,1.7300,1.7400,1.7500,550558855,958720995.1400,3,1.285000,1,-0.571400,-301.788777,13.971910,1.123245,-258.419624,0
2026-02-05,sh.600222,6.6400,6.8000,6.6400,6.7800,6.6700,15059761,101533945.8500,3,2.624200,1,1.649200,82.865625,2.442793,2.176573,-362.623165,0
2026-02-05,sh.600223,7.5300,7.7000,7.5100,7.5800,7.5300,17225313,131416260.3200,3,1.694500,1,0.664000,35.989469,1.840444,2.040229,-39.452873,0
2026-02-05,sh.600226,5.9000,5.9900,5.8200,5.8800,5.9000,44110252,259845794.4800,3,1.483000,1,-0.339000,91.699128,4.839802,10.359451,-291.343651,0
2026-02-05,sh.600227,2.5400,2.5700,2.4700,2.4900,2.5300,20679300,51944867.0000,3,1.618600,1,-1.581000,-20.558288,1.756051,1.873579,149.265113,0
2026-02-05,sh.600228,6.0400,6.3400,6.0400,6.2700,6.0400,15646900,97348997.0000,3,3.760900,1,3.807900,-49.139391,6.314631,7.127201,-29.464311,1
2026-02-05,sh.600229,6.8200,6.9500,6.7900,6.8700,6.8400,6287201,43349732.8900,3,0.951600,1,0.438600,-289.725753,1.434131,2.137960,76.559369,0
2026-02-05,sh.600230,20.3800,21.4500,19.5700,19.6600,19.7200,35096396,708357735.0200,3,8.478200,1,-0.304300,150.361686,2.022656,1.741480,52.015892,0
2026-02-05,sh.600231,2.3500,2.3900,2.3200,2.3400,2.3700,22119360,52070451.2000,3,0.786100,1,-1.265800,-5.754459,1.414115,0.417499,-22.673373,0
2026-02-05,sh.600232,9.3700,9.4200,9.1000,9.1700,9.3300,11113301,102499994.2900,3,3.047100,1,-1.714900,-149.522948,3.559508,2.821875,66.774932,0
2026-02-05,sh.600233,17.7900,18.3500,17.7000,18.1300,17.7000,21166689,384328684.9400,3,0.618400,1,2.429400,15.674504,1.859639,0.840590,82.930437,0
2026-02-05,sh.600234,14.2400,14.6500,14.1100,14.3900,14.2000,3307110,47442299.3900,3,1.259800,1,1.338000,63.390371,7.555224,7.874351,-316.478927,0
2026-02-05,sh.600235,7.0900,7.1600,7.0400,7.0400,7.1000,6513700,46216622.0000,3,1.854200,1,-0.845100,83.367126,1.634342,2.088386,-44.755443,0
2026-02-05,sh.600236,8.3100,8.5200,8.2300,8.4700,8.3200,11816237,99464867.6300,3,0.149900,1,1.802900,26.298196,3.745251,6.968971,184.911356,0
2026-02-05,sh.600237,9.5600,9.5700,9.3700,9.4700,9.6500,17233083,163028574.6700,3,2.759000,1,-1.865300,52.557102,3.104654,4.273909,43.195807,0
2026-02-05,sh.600238,5.3500,5.8500,5.3500,5.7200,5.5800,15993909,90488813.0000,3,3.591900,1,2.509000,-19.288926,25.260674,13.529274,149.990847,1
2026-02-05,sh.600239,2.3900,2.4200,2.3800,2.3900,2.3900,25315300,60811338.7400,3,1.576600,1,0.000000,-37.385206,2.992079,2.032264,-92.775256,0
2026-02-05,sh.600241,8.6600,8.6800,8.5200,8.5400,8.6400,3802000,32641718.0000,3,1.291900,1,-1.157400,1114.137496,2.151042,6.574251,-31.696326,0
2026-02-05,sh.600243,3.4600,3.4600,3.4600,3.4600,3.6400,5221000,18064660.0000,3,1.189700,1,-4.945100,-19.291036,2.396652,6.131145,-1726.620490,1
2026-02-05,sh.600246,11.9000,11.9900,11.7300,11.8400,12.0200,32109727,380335994.7200,3,1.698600,1,-1.497500,-63.759204,4.384611,47.884571,4206.752077,0
2026-02-05,sh.600248,3.5800,3.6100,3.5700,3.5900,3.5900,17810126,63887789.3400,3,0.480600,1,0.000000,12.118242,0.464563,0.098281,3.101127,0
2026-02-05,sh.600249,5.9900,6.1200,5.9700,6.0600,5.9900,13342055,80864478.4000,3,2.425800,1,1.168600,162.018542,1.520918,3.094569,130.258679,0
2026-02-05,sh.600250,11.3800,11.7200,11.3600,11.5800,11.4200,13594400,157892810.9800,3,4.376900,1,1.401100,140.919667,5.755930,4.941465,-78.689629,0
2026-02-05,sh.600251,10.5700,10.6700,10.3500,10.3700,10.6100,10683741,111798954.3100,3,1.375000,1,-2.262000,36.668387,2.123361,2.551081,-195.407708,0
2026-02-05,sh.600252,2.5900,2.5900,2.5500,2.5600,2.5900,31907600,81955270.0000,3,1.002100,1,-1.158300,-22.421290,1.405543,3.556343,14.801677,0
2026-02-05,sh.600255,3.7900,3.7900,3.7200,3.7300,3.8200,49228517,184612270.6400,3,2.725600,1,-2.356000,159.949870,4.652360,1.495070,121.648100,0
2026-02-05,sh.600256,5.5800,5.6000,5.4500,5.4700,5.6300,122720574,675867653.1000,3,1.919900,1,-2.841900,17.592214,1.467648,1.073166,-35.691719,0
2026-02-05,sh.600257,7.2900,7.2900,7.1100,7.1100,7.2500,13530500,97452511.0000,3,2.811600,1,-1.931000,-60.997130,4.292936,3.701148,-1698.165112,0
2026-02-05,sh.600258,17.4800,18.0800,17.4600,17.9500,17.5500,25430090,454576936.1500,3,2.277500,1,2.279200,23.922696,1.663295,2.621855,-216.192450,0
2026-02-05,sh.600259,80.9600,81.7600,77.0600,77.6800,81.8900,11085919,868118355.1100,3,3.295100,1,-5.141000,249.897908,7.478703,3.077807,62.556895,0
2026-02-05,sh.600261,3.7000,3.7100,3.6500,3.6600,3.7100,13406300,49255314.0000,3,1.004200,1,-1.347700,27.156415,1.407873,1.803400,-12.894384,0
2026-02-05,sh.600262,30.0100,30.5100,28.9800,29.0000,30.5200,5007601,147219051.6000,3,2.945600,1,-4.980300,19.579966,2.800280,1.422838,4.999684,0
2026-02-05,sh.600265,20.2000,20.2700,19.8500,19.9800,20.2000,195100,3928390.0000,3,0.150300,1,-1.089100,-9.466995,298.493120,10.478905,-319.588585,1
2026-02-05,sh.600266,5.9400,6.1000,5.8900,5.9400,6.0200,157742153,941967786.7200,3,7.599300,1,-1.328900,-16.853388,0.634562,0.373722,16.754331,0
2026-02-05,sh.600267,10.4100,10.6200,10.3600,10.5100,10.4100,12028949,126524320.3800,3,1.003900,1,0.960600,23.043008,1.480515,1.212869,63.248067,0
2026-02-05,sh.600268,13.1300,13.1300,12.3600,12.4800,13.2200,40520127,511238433.1200,3,4.008600,1,-5.597600,28.402290,3.693842,1.293753,-167.363691,0
2026-02-05,sh.600269,4.9300,4.9700,4.9200,4.9500,4.9400,14817463,73276968.2200,3,0.634500,1,0.202400,8.758553,0.581304,1.837182,-32.444844,0
2026-02-05,sh.600271,10.2000,10.3000,10.0800,10.1400,10.2200,23264447,236365615.5500,3,1.255600,1,-0.782800,-44.424856,1.390712,3.065233,37.566819,0
2026-02-05,sh.600272,13.8400,14.0200,13.8400,13.8800,13.9000,2608000,36297530.0000,3,1.630000,1,-0.143900,274.883563,4.694771,3.105130,15.568094,0
2026-02-05,sh.600273,11.3300,11.4000,10.8400,11.0000,11.3300,29481159,325713428.5600,3,2.172700,1,-2.912600,14.354384,1.482109,1.520991,87.880140,0
2026-02-05,sh.600276,57.5000,58.4700,57.3000,58.1600,57.6000,51774555,3003455268.7000,3,0.811600,1,0.972200,51.688981,6.487260,12.458922,21.080224,0
2026-02-05,sh.600278,8.6400,8.7400,8.5600,8.6800,8.6400,7365100,63898774.0000,3,0.844700,1,0.463000,36.319188,0.981487,0.211125,-11.934595,0
2026-02-05,sh.600279,5.4400,5.4700,5.4000,5.4400,5.4400,7133100,38759704.5000,3,0.601000,1,0.000000,12.847497,0.958445,1.537025,-17.219805,0
2026-02-05,sh.600280,3.8700,4.0400,3.8500,3.9900,3.9000,77044920,305741706.2000,3,6.828200,1,2.307700,-25.601836,7.307388,2.119049,-366.478062,0
2026-02-05,sh.600281,6.0000,6.0800,5.9200,5.9300,6.0800,8764901,52379223.0100,3,1.703900,1,-2.467100,-102.962467,23.350870,6.572443,-52.997313,0
2026-02-05,sh.600282,5.6300,5.6400,5.4800,5.5300,5.6300,40726869,226054874.5500,3,0.660600,1,-1.776200,12.703988,1.264492,0.610953,24.582253,0
2026-02-05,sh.600283,9.3100,9.3400,9.2600,9.2600,9.3000,3678320,34188710.0000,3,0.676000,1,-0.430100,22.221022,1.672074,2.130944,21.649865,0
2026-02-05,sh.600284,7.9000,7.9200,7.8100,7.8300,7.9300,7971528,62630740.4800,3,0.821600,1,-1.261000,20.373758,0.962841,0.520781,-5.886257,0
2026-02-05,sh.600285,22.5000,22.5800,22.2500,22.4200,22.4000,8572405,192493805.6600,3,1.514900,1,0.089300,15.901159,3.914344,3.360949,-40.650689,0
2026-02-05,sh.600287,6.0100,6.0800,5.9600,6.0100,5.9800,5997300,36201102.0000,3,1.373000,1,0.501700,105.658562,1.134440,0.943204,34.310637,0
2026-02-05,sh.600288,15.2000,15.2700,14.9100,15.0000,15.2800,8187460,123231708.1900,3,1.874400,1,-1.832500,151.890100,3.442329,3.424942,42.770447,0
2026-02-05,sh.600289,6.6300,6.7400,6.6300,6.7400,6.6400,2526201,16863853.6900,3,0.446400,1,1.506000,-16.215257,3.805265,13.277898,15.012984,1
2026-02-05,sh.600292,13.6000,13.6100,13.4100,13.4900,13.6000,9582498,129405082.0000,3,1.227200,1,-0.808800,16317.534535,11.343945,12.950539,-721.597543,0
2026-02-05,sh.600293,3.6700,3.6800,3.5500,3.5600,3.6800,43795401,156879130.5900,3,3.775000,1,-3.260900,-67.311056,2.451370,2.957296,127.855012,0
2026-02-05,sh.600295,15.2900,15.2900,14.6000,14.6500,15.2100,10017019,148250967.8000,3,0.507000,1,-3.681800,22.377266,1.951773,1.551044,189.226414,0
2026-02-05,sh.600298,44.1700,44.7500,43.6000,44.2900,43.4400,8749373,387799092.5400,3,1.020800,1,1.956700,25.838016,3.320916,2.392040,36.682310,0
2026-02-05,sh.600299,9.3600,9.4500,9.2500,9.3100,9.3400,6913140,64517024.8000,3,0.257800,1,-0.321200,24.065794,1.695309,1.677812,67.418593,0
2026-02-05,sh.600300,3.8300,3.8700,3.7800,3.8300,3.8400,69209971,265590238.0300,3,4.279800,1,-0.260400,15.240138,1.759061,1.845879,10.324514,0
2026-02-05,sh.600301,52.0000,54.1200,50.0000,50.7300,53.6800,11926218,611542181.8100,3,4.331500,1,-5.495500,52.471177,7.140845,5.993901,59.649485,0
2026-02-05,sh.600302,12.9600,14.0000,12.9600,13.7800,13.0900,17890734,245578442.5500,3,5.170600,1,5.271200,-31.436899,8.034651,13.220343,-5658.590833,0
2026-02-05,sh.600303,3.3000,3.3700,3.2900,3.3100,3.3000,20295850,67561629.5000,3,3.004100,1,0.303000,-6.675018,2.013541,1.328437,-67.570068,0
2026-02-05,sh.600305,8.1400,8.2900,8.1200,8.2700,8.1400,23013552,189495406.4800,3,2.086500,1,1.597100,61.438821,2.724848,3.991736,-84.694343,0
2026-02-05,sh.600307,1.8900,1.8900,1.8400,1.8600,1.8900,73866700,137651468.0000,3,1.179300,1,-1.587300,-8.431101,1.710653,0.354731,-14.405637,0
2026-02-05,sh.600308,3.9900,4.0500,3.9200,3.9300,4.0200,17908092,70906327.8200,3,1.180600,1,-2.238800,-101.356608,0.649073,0.462009,45.714174,0
2026-02-05,sh.600309,85.7900,86.3900,82.5000,83.6100,84.8000,27227242,2289647442.1200,3,0.869700,1,-1.403300,23.586375,2.489145,1.464758,-34.552927,0
2026-02-05,sh.600310,3.9700,3.9700,3.9000,3.9100,3.9700,15313330,60106825.7000,3,1.044800,1,-1.511300,-18.582948,1.884052,1.570577,15.636255,0
2026-02-05,sh.600312,21.9300,21.9300,20.8000,20.9200,21.9600,31684382,668855320.2100,3,2.335000,1,-4.735900,24.716532,2.494817,2.191740,17.280362,0
2026-02-05,sh.600313,8.0000,8.1700,7.7100,7.7300,8.2500,157434495,1240337903.2200,3,14.547700,1,-6.303000,167.799284,4.550211,1.443833,53.883983,0
2026-02-05,sh.600315,21.1400,22.6000,21.0900,22.3100,21.1300,20479300,453377538.8800,3,3.046500,1,5.584500,-25.399156,2.127630,2.433398,-58.445575,0
2026-02-05,sh.600316,44.8800,47.6600,44.7000,45.9000,44.9600,26468690,1217567692.8900,3,3.691000,1,2.090700,892.236508,6.132515,6.146118,-65.884520,0
2026-02-05,sh.600318,8.6500,8.7600,8.6400,8.7100,8.6900,6812100,59278761.0000,3,1.328600,1,0.230100,119.219296,4.085334,13.576576,213.669698,0
2026-02-05,sh.600319,8.0600,8.0900,7.9600,8.0000,8.0200,2898800,23257328.0000,3,0.747700,1,-0.249400,-21.743458,7.697914,3.470411,-121.917727,0
2026-02-05,sh.600320,5.2700,5.3200,5.1800,5.2000,5.3200,58639541,307235194.3100,3,1.765200,1,-2.255600,43.867289,1.755734,0.780485,-34.940115,0
2026-02-05,sh.600322,2.3500,2.4800,2.3500,2.4200,2.3700,36436907,88634439.3000,3,3.295400,1,2.109700,-3.412711,-3.471174,1.057413,-77.298020,0
2026-02-05,sh.600323,29.0900,29.6300,28.8400,29.5000,28.9300,5036602,147566839.4400,3,0.617700,1,1.970300,12.770200,1.692433,1.865747,15.656443,0
2026-02-05,sh.600325,4.4800,4.6000,4.4300,4.5500,4.4200,154532958,698522017.8600,3,5.615000,1,2.941200,-44.436208,0.659706,0.156309,2.396524,0
2026-02-05,sh.600326,10.6500,10.7600,10.6300,10.6500,10.7200,15955117,170444315.2900,3,1.171000,1,-0.653000,-923.487967,3.701655,4.137993,-1414.455599,0
2026-02-05,sh.600327,4.6400,4.7200,4.6300,4.6900,4.6500,14974416,70058759.0800,3,1.692400,1,0.860200,258.098143,1.309210,1.176957,36.489537,0
2026-02-05,sh.600328,8.8500,8.9200,8.6400,8.6400,8.8800,21311239,186330547.4300,3,1.453400,1,-2.702700,4796.477872,1.054760,1.047367,-38.141251,0
2026-02-05,sh.600329,44.8500,46.3400,44.7400,45.9200,43.8600,9186910,419449032.2300,3,1.620000,1,4.696800,9.884317,3.925118,6.590559,-114.420611,0
2026-02-05,sh.600330,15.8000,16.8000,15.2500,16.0000,16.9400,305315579,4895770645.3800,3,24.753300,1,-5.549000,904.072444,2.461033,6.645478,-26.590058,0
2026-02-05,sh.600331,16.0300,16.7900,15.7400,16.3300,16.4300,84855799,1377836375.6200,3,4.176000,1,-0.608600,-1353.100060,13.555882,11.317095,42.978428,0
2026-02-05,sh.600332,25.4500,25.6300,25.3900,25.5500,25.4000,14288768,364677375.9600,3,1.016300,1,0.590600,13.908578,1.095832,0.535718,-11.853324,0
2026-02-05,sh.600333,5.7500,5.7500,5.6500,5.7100,5.7500,9629800,54872575.0000,3,1.581200,1,-0.695700,-450.190450,1.860273,1.553099,94.786130,0
2026-02-05,sh.600335,6.6100,6.6300,6.5500,6.5900,6.6100,12433900,81883256.0000,3,0.831300,1,-0.302600,23.401438,0.849536,0.278194,3.644669,0
2026-02-05,sh.600336,7.8400,7.9400,7.8000,7.8900,7.8600,8669700,68231106.0000,3,1.086400,1,0.381700,-104.224869,2.592950,0.886148,25.118565,0
2026-02-05,sh.600337,2.6500,2.6900,2.6200,2.6300,2.6600,30514819,80738484.9700,3,2.123500,1,-1.127800,-5.875385,1.503628,1.201737,-13.626384,0
2026-02-05,sh.600338,17.8000,17.9900,17.1400,17.4400,18.1900,43974190,769932714.6200,3,4.810100,1,-4.123100,35.674654,3.659037,7.302982,1856.760175,0
2026-02-05,sh.600339,3.9600,4.0300,3.8200,3.8600,3.9800,110296137,429188785.4300,3,1.975500,1,-3.015100,40.927646,0.804417,0.233557,7.136443,0
2026-02-05,sh.600340,1.6400,1.7000,1.6200,1.6600,1.6800,189320220,314808823.4000,3,4.862600,1,-1.190500,-0.523692,-1.371338,0.472976,-2.983462,0
2026-02-05,sh.600343,34.6000,36.9900,34.2000,35.9500,35.4600,49113292,1747654082.6500,3,7.695500,1,1.381800,-107.606030,16.917342,27.274847,1418.863273,0
2026-02-05,sh.600345,36.0000,37.1000,35.8800,36.3600,37.1100,14802794,538646001.9700,3,6.997000,1,-2.021000,87.146423,3.404080,13.375258,-19.853115,0
2026-02-05,sh.600346,24.8500,25.1700,23.7500,24.0500,24.8500,42307358,1023607626.1700,3,0.601000,1,-3.219300,24.318198,2.619490,0.783711,26.466045,0
2026-02-05,sh.600348,9.5800,9.6000,9.2400,9.2800,9.7200,59900254,560832708.7400,3,1.660400,1,-4.526700,21.881624,1.212614,1.429796,54.824515,0
2026-02-05,sh.600350,10.1400,10.3200,10.1200,10.2500,10.1800,5891000,60339236.0000,3,0.121900,1,0.687600,15.018341,1.674832,1.948357,-27.950904,0
2026-02-05,sh.600351,6.8500,6.8900,6.8200,6.8500,6.8600,13464003,92379992.5200,3,1.945700,1,-0.145800,21.270848,1.695496,2.085218,50.238834,0
2026-02-05,sh.600352,14.3000,14.4000,13.7700,14.0800,14.3600,75941327,1067262866.2800,3,2.334300,1,-1.949900,22.086665,1.341333,3.065080,-26.649555,0
2026-02-05,sh.600353,17.8600,18.2700,17.1300,17.7000,18.0700,31189581,547757779.3900,3,3.763200,1,-2.047600,119.709638,7.858265,8.910027,-252.767940,0
2026-02-05,sh.600354,7.0400,7.1800,6.7700,6.8500,7.1500,86248371,598545508.8400,3,16.341000,1,-4.195800,52.309517,5.247573,2.879097,-65.579472,0
2026-02-05,sh.600355,1.5300,1.5300,1.5300,1.5300,1.6100,850200,1300806.0000,3,0.172800,1,-4.968900,-18.898181,7.144831,2.815728,-33.153102,1
2026-02-05,sh.600356,9.7000,9.7800,9.6400,9.6500,9.6900,7286400,70611134.0000,3,2.439100,1,-0.412800,18.711191,1.073395,0.996070,-50.667740,0
2026-02-05,sh.600358,6.0600,6.1600,6.0500,6.1100,6.0600,5542974,33921490.3600,3,1.097800,1,0.825100,-45.460126,42.101752,7.745126,-2172.996787,1
2026-02-05,sh.600359,7.5000,7.6000,7.3700,7.3800,7.5200,15346803,114649000.1700,3,4.022600,1,-1.861700,298.827421,4.208211,5.907723,164.040335,0
2026-02-05,sh.600360,8.8700,8.9000,8.6900,8.7300,8.9100,14882087,130473328.4000,3,1.549700,1,-2.020200,47.791930,2.443973,3.771571,-61.337427,1
2026-02-05,sh.600361,4.5000,4.5500,4.3900,4.4300,4.5800,69583000,309929842.0000,3,1.852500,1,-3.275100,17.909715,1.491007,0.207677,28.101579,0
2026-02-05,sh.600362,56.8000,58.1300,54.3600,55.8600,58.8600,71298749,3989829222.6500,3,3.435700,1,-5.096800,24.174305,2.368198,0.368606,-490.759152,0
2026-02-05,sh.600363,63.5300,64.1000,62.5700,63.8100,63.4800,7905883,500409267.9300,3,1.753400,1,0.519800,93.976498,6.495317,9.065256,48.468679,0
2026-02-05,sh.600365,3.1000,3.1700,3.0900,3.1400,3.1000,4632400,14532458.0000,3,1.084200,1,1.290300,-21.328824,5.444050,1.838497,-58.604769,1
2026-02-05,sh.600366,13.7200,13.8000,13.2800,13.3500,13.9000,35223756,473557195.3500,3,3.205000,1,-3.956800,48.610143,2.397120,2.769279,-44.731322,0
2026-02-05,sh.600367,18.5500,18.6300,17.9500,18.1100,18.7300,14509507,263728052.6400,3,4.506400,1,-3.310200,44.456005,2.496944,2.814596,-304.798880,0
2026-02-05,sh.600368,4.0200,4.0600,4.0100,4.0400,4.0200,20807686,84079777.7600,3,1.292700,1,0.497500,10.158814,0.907255,4.189685,-47.096343,0
2026-02-05,sh.600369,4.5900,4.6900,4.5800,4.6500,4.6000,72988086,337383050.9200,3,1.098400,1,1.087000,33.509417,1.191540,9.307698,4.607357,0
2026-02-05,sh.600370,2.5100,2.5700,2.4800,2.5000,2.5300,31375500,78688843.0000,3,0.805200,1,-1.185800,-14.696166,1.973094,0.445778,79.776409,0
2026-02-05,sh.600371,9.4500,9.8100,9.2600,9.2700,9.4500,25711219,243969972.6400,3,8.787800,1,-1.904800,134.202691,4.937581,12.296358,-29.265008,0
2026-02-05,sh.600372,15.8000,16.2700,15.7000,15.9100,15.9600,73501001,1170957768.6400,3,1.519000,1,-0.313300,93.033705,2.008829,3.196197,134.208640,0
2026-02-05,sh.600373,9.3100,9.4000,9.3000,9.3300,9.3400,14849800,138792307.0000,3,1.102100,1,-0.107100,34.945916,0.720889,1.700291,-4.151617,0
2026-02-05,sh.600375,6.0400,6.1100,6.0300,6.0300,6.0900,16661098,100876301.6600,3,1.139100,1,-0.985200,16.956693,2.890345,1.727663,20.445245,0
2026-02-05,sh.600376,5.5600,5.5900,5.4500,5.4600,5.6200,52665420,289609294.5600,3,2.041600,1,-2.847000,-2.022853,2.159806,0.427627,5.659315,0
2026-02-05,sh.600377,12.2000,12.3000,12.1700,12.2400,12.1700,7794069,95485020.5600,3,0.205000,1,0.575200,13.220583,1.530723,2.787471,2454.511773,0
2026-02-05,sh.600378,36.3000,36.4500,35.1500,35.4500,36.3600,7052589,251014938.7900,3,0.657500,1,-2.502800,31.901459,2.541000,2.847642,23.052450,0
2026-02-05,sh.600379,13.1000,13.2800,12.6000,12.6300,13.1500,6099701,77814944.2500,3,1.847300,1,-3.954400,58.912872,5.377222,3.321884,-31.763548,0
2026-02-05,sh.600380,11.5900,11.6600,11.5300,11.6200,11.5900,9692142,112526399.4400,3,0.529800,1,0.258800,15.559853,1.429941,1.398711,-271.386649,0
2026-02-05,sh.600381,2.8500,2.8500,2.8500,2.8500,3.0000,1346100,3836385.0000,3,0.229300,1,-5.000000,-15.053355,1.624833,5.875553,-88.431911,1
2026-02-05,sh.600382,8.9100,9.6700,8.8300,9.6700,8.7900,72439539,690967881.4700,3,10.431800,1,10.011400,30.975246,2.363045,8.047461,35.330617,0
2026-02-05,sh.600383,3.3300,3.4500,3.3000,3.3800,3.3300,195724256,659761124.0900,3,4.335400,1,1.501500,-2.122074,0.279840,0.261580,-1.821673,0
2026-02-05,sh.600386,4.6700,4.7000,4.6200,4.6600,4.6700,9699100,45171552.0000,3,1.202800,1,-0.214100,4575.122680,2.104526,0.873103,133.938712,0
2026-02-05,sh.600388,18.4000,18.5300,17.8400,18.1400,18.2300,13060062,236700946.7400,3,1.028300,1,-0.493700,23.915280,2.166853,2.052761,-69.260646,0
2026-02-05,sh.600389,25.2600,25.6200,24.8600,24.9700,25.4700,6506379,163657646.2800,3,1.510800,1,-1.963100,22.492546,2.625534,1.901646,-11.656284,0
2026-02-05,sh.600390,5.7700,5.7800,5.6700,5.7200,5.7800,35984983,205708529.6400,3,0.800000,1,-1.038100,610.535658,0.606844,3.534307,-133.794086,0
2026-02-05,sh.600391,51.0000,58.3100,51.0000,56.2200,53.0100,48209791,2704975363.3700,3,14.603300,1,6.055500,414.524928,10.572752,4.299282,204.147373,0
2026-02-05,sh.600392,25.4500,25.7400,24.0600,24.5000,25.9300,72200871,1782345506.7000,3,4.119100,1,-5.514800,47.613826,3.227373,3.160978,72.005866,0
2026-02-05,sh.600395,5.6900,5.6900,5.4600,5.5300,5.9700,91189474,504621740.7800,3,4.248000,1,-7.370200,230.097958,1.129893,1.226238,82.758669,0
2026-02-05,sh.600396,3.1200,3.1400,3.0900,3.1000,3.1300,17962820,55982750.0000,3,1.219700,1,-0.958500,71.523731,3.379263,1.037463,-18.650577,0
2026-02-05,sh.600397,11.5100,11.8600,10.7800,10.8700,11.3900,59228581,659098354.4700,3,5.982900,1,-4.565400,-25.783009,69.213579,2.916991,-18.870319,0
2026-02-05,sh.600398,6.1000,6.3800,6.0800,6.3600,6.1000,105868048,665017409.8000,3,2.204300,1,4.262300,14.453631,1.695852,1.434263,-201.618485,0
2026-02-05,sh.600399,6.6300,6.7800,6.4700,6.5600,6.6700,63194350,415625405.0000,3,3.204400,1,-1.649200,-17.168115,2.244370,1.657662,-25.034840,0
2026-02-05,sh.600400,2.3600,2.4100,2.3500,2.3800,2.3600,33556478,80160509.7600,3,1.464500,1,0.847500,-11.851131,2.338219,3.400664,-39.448360,0
2026-02-05,sh.600403,7.0900,7.6400,7.0000,7.1400,7.3600,107251199,775277934.2100,3,4.486000,1,-2.989100,-11.959594,3.723951,4.095282,-12.515745,0
2026-02-05,sh.600405,5.3800,5.3800,5.3000,5.3000,5.3700,7110775,37849086.5600,3,1.165500,1,-1.303500,-7.847792,15.669224,7.597172,98.380254,0
2026-02-05,sh.600406,25.6700,25.8200,25.0800,25.2400,25.8700,75494612,1908208855.2200,3,0.942700,1,-2.435300,25.380101,4.118671,3.196172,-28.731787,0
2026-02-05,sh.600408,3.8500,3.8800,3.7700,3.7900,3.9800,83589635,318699342.3000,3,8.302500,1,-4.773900,-20.073295,2.810764,0.718930,-32.308587,0
2026-02-05,sh.600409,7.5600,7.6700,7.3400,7.3600,7.6500,40596662,302717821.0700,3,1.966600,1,-3.790800,67.241117,1.092801,0.781261,60.932502,0
2026-02-05,sh.600410,21.1900,22.3500,21.1900,21.8900,21.8700,202830664,4446282309.0200,3,18.498100,1,0.091400,40.238434,5.060194,5.375116,-815.130325,0
2026-02-05,sh.600415,15.3600,15.4900,15.2800,15.4400,15.3600,62237391,958085165.0500,3,1.135000,1,0.520800,20.148443,3.816419,4.655705,13.769902,0
2026-02-05,sh.600416,14.4800,14.5900,14.2400,14.3100,14.5300,17689560,254068281.2000,3,1.334700,1,-1.514100,74.960443,2.185854,4.332484,13.404760,0
2026-02-05,sh.600418,52.8000,53.8100,52.0800,53.6000,52.6600,40948313,2175046547.4900,3,1.874900,1,1.785000,-30.457435,11.789690,2.864763,-61.003784,0
2026-02-05,sh.600419,9.9700,10.2500,9.9000,10.1200,9.9800,9360890,95013356.9000,3,2.966900,1,1.402800,296.316530,1.344180,1.172943,16.802984,0
2026-02-05,sh.600420,10.6300,10.7200,10.6000,10.6700,10.6400,8325334,88845220.7800,3,0.620800,1,0.282000,15.153133,1.049273,1.528379,-10.000742,0
2026-02-05,sh.600421,8.4100,8.5500,8.2400,8.2400,8.4100,6802302,57054260.7600,3,3.477700,1,-2.021400,-396.820959,261.463186,10.774308,2959.456914,1
2026-02-05,sh.600422,12.3100,12.5100,12.2900,12.4300,12.3400,7936700,98519183.9800,3,1.048500,1,0.729300,19.899478,1.772366,1.279710,-19.466492,0
2026-02-05,sh.600423,3.8900,3.9600,3.8600,3.8600,3.9000,15780100,61579866.5700,3,1.975700,1,-1.025600,503.107379,5.514809,20.792865,256.697778,0
2026-02-05,sh.600425,4.6200,4.6500,4.5700,4.5900,4.6500,27410600,126159763.0000,3,1.988000,1,-1.290300,28.202475,1.126856,1.872769,140.395909,0
2026-02-05,sh.600426,36.5000,36.8500,35.1200,35.5000,36.5000,25134641,896032287.8400,3,1.185900,1,-2.739700,23.352558,2.304854,2.312168,409.539592,0
2026-02-05,sh.600428,7.6100,7.7100,7.5400,7.5900,7.6200,24543330,186931997.9000,3,1.003700,1,-0.393700,12.566158,1.260368,0.975585,5.647105,0
2026-02-05,sh.600429,5.3500,5.4600,5.3000,5.4000,5.3600,19450700,105137657.9900,3,1.298800,1,0.746300,43.635010,1.548572,1.254115,39.417465,0
2026-02-05,sh.600433,3.5100,3.5100,3.4400,3.4600,3.5100,27276245,94555053.7700,3,1.558400,1,-1.424500,312.040602,1.361792,0.809082,26.521648,0
2026-02-05,sh.600435,16.5800,16.7800,16.4200,16.5400,16.7100,24124186,399475409.8700,3,1.595100,1,-1.017400,97.217723,8.580990,5.659537,54.900885,0
2026-02-05,sh.600436,163.8900,170.9600,163.4200,170.4400,163.8900,8674881,1463604430.0500,3,1.437900,1,3.996600,42.497357,7.105280,10.514352,-55.499801,0
2026-02-05,sh.600438,19.3400,19.3400,18.3000,18.3700,19.5600,104996215,1961700342.8700,3,2.332200,1,-6.083800,-9.921411,1.981308,0.936368,24.183108,0
2026-02-05,sh.600439,2.8000,2.8400,2.7900,2.8000,2.8100,18866825,53093878.2300,3,1.666700,1,-0.355900,-27.355478,1.203028,2.502959,52.995358,0
2026-02-05,sh.600444,18.4700,18.5500,18.0800,18.3100,18.5000,2089500,38409742.0000,3,1.427000,1,-1.027000,57.603366,3.681044,3.657761,-7.863816,0
2026-02-05,sh.600446,15.4200,15.4800,15.2400,15.2700,15.5300,12168275,186751090.0000,3,1.292800,1,-1.674200,-100.154224,3.903524,4.813502,-12.923478,0
2026-02-05,sh.600448,3.3800,3.4400,3.3700,3.4000,3.3700,20085002,68452496.0000,3,3.189000,1,0.890200,-15.646271,1.899993,0.684361,129.444514,0
2026-02-05,sh.600449,13.1600,13.6600,13.1600,13.3100,13.1600,11406916,153153921.0800,3,2.385500,1,1.139800,21.795318,0.858834,1.073956,7.769824,0
2026-02-05,sh.600452,11.9200,11.9600,11.1100,11.5300,11.9600,74492912,852990710.3100,3,4.848100,1,-3.595300,45.404711,3.237619,5.933599,-7.529410,0
2026-02-05,sh.600455,29.1600,29.3800,28.9700,29.1000,28.9200,1479000,43181597.0000,3,2.368000,1,0.622400,46.969693,5.498003,6.065183,44.739367,0
2026-02-05,sh.600456,37.9700,39.0400,37.6100,38.4100,38.2600,11849953,454535782.6200,3,2.480200,1,0.392100,44.153712,2.597837,2.972708,-1131.541144,0
2026-02-05,sh.600458,14.2500,14.3100,13.8600,13.9800,14.3700,10461401,146704820.9100,3,1.213400,1,-2.714000,22.895215,1.683714,0.593104,13.597226,0
2026-02-05,sh.600459,21.6500,21.8700,20.7500,21.1800,22.0900,36391929,772276733.7300,3,4.790300,1,-4.119500,25.350193,2.172145,0.288839,163.579085,0
2026-02-05,sh.600460,29.8600,31.7800,29.2000,31.1200,30.4000,89285855,2706634807.3400,3,5.365500,1,2.368400,95.890104,4.336671,4.055133,-97.672059,0
2026-02-05,sh.600461,9.8800,9.8900,9.7500,9.8100,9.8700,9344500,91649590.0100,3,0.727700,1,-0.607900,10.490415,1.305365,1.572848,-40.029629,0
2026-02-05,sh.600463,11.6700,12.1600,11.6400,11.8600,11.7300,10854662,129600638.9800,3,3.618200,1,1.108300,-37.143169,3.869737,7.401078,-71.067806,0
2026-02-05,sh.600467,2.6900,2.7300,2.6600,2.6700,2.7100,56467410,152049303.7200,3,3.865000,1,-1.476000,95.299509,1.140313,2.827025,-157.718639,0
2026-02-05,sh.600468,7.4100,7.4100,7.2200,7.2600,7.4700,30209899,219759195.7100,3,2.777300,1,-2.811200,-60.912286,3.931998,3.637418,-246.186314,0
2026-02-05,sh.600469,7.7000,7.7100,7.3900,7.3900,7.7000,20239850,151225541.0000,3,2.774700,1,-4.026000,23.562250,1.529786,0.731329,-97.484524,0
2026-02-05,sh.600470,6.5700,6.6500,6.3500,6.3600,6.5800,19239801,124188673.3600,3,3.688600,1,-3.343500,-15.044460,2.038991,0.515212,68.650824,0
2026-02-05,sh.600475,21.8900,22.2900,21.0900,21.3000,22.0900,19973683,429022151.1300,3,2.118400,1,-3.576300,35.893463,2.342346,2.383534,53.177048,0
2026-02-05,sh.600476,13.9900,14.3300,13.9500,14.0800,14.1600,7927801,112138046.0900,3,4.922000,1,-0.565000,-219.905991,19.962402,3.224997,76.302999,0
2026-02-05,sh.600477,3.6700,3.7600,3.6200,3.6200,3.7100,108468561,397414071.9300,3,4.598100,1,-2.425900,75.930317,1.680469,1.103736,78.167649,0
2026-02-05,sh.600478,7.0900,7.1600,6.8600,6.9200,7.1400,44212450,307548594.9000,3,2.654500,1,-3.081200,60.911454,3.970971,2.527368,28.750716,0
2026-02-05,sh.600479,10.5800,10.6700,10.5400,10.6400,10.5800,6312688,67049039.4000,3,1.508400,1,0.567100,20.945507,2.093567,1.441344,-4.463886,0
2026-02-05,sh.600480,11.7000,11.7000,11.5600,11.5800,11.7200,8393238,97420597.9100,3,0.697000,1,-1.194500,19.052216,1.816373,0.723649,-42.702101,0
2026-02-05,sh.600481,10.7800,10.8000,10.0000,10.0000,11.1100,194165018,1994641178.4700,3,10.362200,1,-9.991000,-14.006434,4.536565,2.137157,-48.998158,0
2026-02-05,sh.600482,27.5200,27.7700,27.1100,27.4600,27.7700,25563338,702398463.3200,3,1.134300,1,-1.116300,33.354527,1.542798,1.104127,7.810822,0
2026-02-05,sh.600483,9.2000,9.2100,9.1000,9.1800,9.2000,14853344,135947255.3200,3,0.534300,1,-0.217400,8.481891,0.972501,1.808351,22.886092,0
2026-02-05,sh.600486,72.6100,73.1500,70.8000,71.0400,72.1600,4002324,286654091.2000,3,0.990700,1,-1.552100,23.378466,2.554860,2.487548,154.882996,0
2026-02-05,sh.600487,35.8100,36.2400,34.2000,34.7300,37.3500,142259760,4970831930.6100,3,5.818000,1,-7.014700,30.273720,2.783530,1.274745,41.659700,0
2026-02-05,sh.600488,4.2400,4.3000,4.2400,4.2600,4.2700,9077843,38823458.0500,3,0.831400,1,-0.234200,285.449851,1.538657,1.618113,-26.921874,0
2026-02-05,sh.600489,30.3600,31.3900,29.4100,29.9200,31.5600,176931483,5337911071.5100,3,3.650100,1,-5.196500,32.800172,4.967594,1.973557,55.347753,0
2026-02-05,sh.600490,8.6400,8.8400,8.4000,8.5300,8.8900,93591040,802005804.2400,3,4.696900,1,-4.049500,74.220941,2.973899,3.142840,260.171890,0
2026-02-05,sh.600491,3.3100,3.3800,3.2300,3.2300,3.3300,27642975,90863155.2500,3,1.807000,1,-3.003000,-8.187708,0.503553,0.806507,21.409951,0
2026-02-05,sh.600493,8.1100,8.2300,8.0700,8.1200,8.1100,8058400,65711011.2600,3,2.962600,1,0.123300,348.876098,1.965239,2.483803,-32.057312,0
2026-02-05,sh.600495,4.8500,4.8900,4.8100,4.8200,4.8700,10693322,51743676.5600,3,0.885100,1,-1.026700,148.628909,1.781843,4.436555,-82.924409,0
2026-02-05,sh.600496,4.6700,4.6900,4.5900,4.6200,4.6700,21989150,102025813.5000,3,1.104900,1,-1.070700,14.689751,1.000306,0.437762,66.689371,0
2026-02-05,sh.600497,8.9000,9.0300,8.5000,8.6900,9.0600,189931257,1651675668.7800,3,3.768200,1,-4.083900,38.334312,2.613031,2.053622,-484.868705,0
2026-02-05,sh.600498,39.9000,40.7300,38.4000,39.0700,40.8300,80834448,3184300507.8100,3,6.356800,1,-4.310600,64.563953,3.508529,2.168816,108.525401,0
2026-02-05,sh.600499,17.6800,17.8000,16.9800,17.1800,17.8800,44652149,769210532.7000,3,2.328200,1,-3.915000,22.683247,2.620065,1.979880,115.880687,0
2026-02-05,sh.600500,4.4600,4.5000,4.3200,4.3600,4.4700,44349975,194366508.4500,3,1.236000,1,-2.460900,-4.284936,1.378257,0.318333,8.736195,0
2026-02-05,sh.600501,27.1500,27.8700,26.9200,27.0300,27.4500,12628533,345151853.8400,3,2.951800,1,-1.530100,-35.179412,6.710472,5.049860,1809.340783,0
2026-02-05,sh.600502,4.8200,4.8600,4.8000,4.8300,4.8200,21064062,101753172.2000,3,1.227100,1,0.207500,6.957940,0.743630,0.094683,2.171432,0
2026-02-05,sh.600503,2.6600,2.7000,2.6500,2.6700,2.6700,27083952,72380534.8400,3,1.690300,1,0.000000,-68.814503,1.203563,16.496373,-142.799866,0
2026-02-05,sh.600505,13.9000,14.0500,13.7200,13.7300,14.0000,6209900,85910271.0000,3,1.703400,1,-1.928600,318.758379,4.103442,3.230921,186.861659,0
2026-02-05,sh.600506,24.7000,25.7100,24.6800,24.9100,24.6800,11326500,285504875.9900,3,5.898600,1,0.931900,88.657542,9.970287,1.992128,149.408185,0
2026-02-05,sh.600507,6.3000,6.3100,6.1800,6.2500,6.3200,30086021,187787936.3600,3,1.300600,1,-1.107600,17.055062,1.442162,0.778702,-32.385586,0
2026-02-05,sh.600508,12.9600,12.9600,12.4500,12.6100,13.0400,13001336,163448434.6400,3,1.799000,1,-3.297500,26.412495,0.711191,1.154429,-17.904170,0
2026-02-05,sh.600509,8.5800,8.5800,8.3200,8.3600,8.6100,31243515,262403535.4000,3,2.273300,1,-2.903600,89.221219,1.477901,1.359000,72.308568,0
2026-02-05,sh.600510,9.3900,9.5000,9.2800,9.3500,9.4200,7126201,66978541.3600,3,0.690500,1,-0.743100,91.786126,0.926677,1.772724,-10.775071,0
2026-02-05,sh.600511,29.1200,29.3800,29.0900,29.1300,29.1000,5925896,173062133.2100,3,1.070900,1,0.103100,10.928571,1.218153,0.423072,-7.328541,0
2026-02-05,sh.600512,2.5100,2.5300,2.4900,2.5000,2.5100,27125009,68158119.5000,3,1.708800,1,-0.398400,145.929401,0.633964,1.015896,-43.437617,0
2026-02-05,sh.600513,20.7300,20.9900,20.3100,20.4800,20.5000,9583277,197850197.2000,3,3.357200,1,-0.097600,-134.081845,4.379011,2.249956,97.933446,0
2026-02-05,sh.600515,4.5800,4.6600,4.5500,4.5900,4.6100,148244407,681753150.8500,3,1.615600,1,-0.433800,169.172375,2.227504,11.509297,-21.055769,0
2026-02-05,sh.600516,5.8100,5.8100,5.6100,5.6600,5.8700,76572915,434500314.5100,3,1.902000,1,-3.577500,534.913434,1.407283,6.816103,-19.224245,0
2026-02-05,sh.600517,6.8800,6.8800,6.5600,6.6200,6.8900,58179616,386699821.1900,3,1.017400,1,-3.918700,16.077334,1.634632,3.302028,-49.074995,0
2026-02-05,sh.600518,1.9000,1.9100,1.8900,1.9000,1.9100,131915545,250896644.7600,3,0.954400,1,-0.523600,1578.979431,3.656008,4.980852,58.584090,0
2026-02-05,sh.600519,1520.0000,1565.0000,1515.0000,1555.0000,1525.0000,9162274,14183456476.1300,3,0.731700,1,1.967200,21.629876,7.574904,10.703728,451.210708,0
2026-02-05,sh.600520,26.9000,27.7500,26.7500,27.3700,26.9900,5049300,137604383.0000,3,3.187100,1,1.407900,478.294164,11.172989,13.631064,-146.373441,0
2026-02-05,sh.600521,15.7900,15.9000,15.6900,15.7600,15.8200,11819460,186668251.2800,3,0.789400,1,-0.379300,50.412812,2.545547,2.709569,-891.269421,0
2026-02-05,sh.600522,22.1000,22.1800,20.3600,20.8600,22.5000,173613419,3625222774.2400,3,5.086900,1,-7.288900,24.845592,1.944182,1.376787,32.196524,0
2026-02-05,sh.600523,15.2500,15.6000,15.1900,15.3300,15.4300,5926640,91312023.5400,3,1.466800,1,-0.648100,34.712556,1.979872,2.450708,-253.491673,0
2026-02-05,sh.600525,4.6900,4.6900,4.5400,4.6100,4.6900,15477100,71066080.3100,3,1.173600,1,-1.705800,-4.837228,1.615897,0.779399,76.225003,1
2026-02-05,sh.600526,5.8100,5.8300,5.7500,5.7800,5.8000,8411702,48640853.5000,3,0.963500,1,-0.344800,18.568139,1.148762,1.114496,-29.673817,0
2026-02-05,sh.600527,2.2900,2.3000,2.2700,2.2700,2.2900,28693060,65441169.2000,3,1.656900,1,-0.873400,140.740450,1.903795,7.359915,-78.595699,0
2026-02-05,sh.600528,8.3400,8.3900,8.2200,8.2900,8.3800,13440500,111419844.0000,3,0.605000,1,-1.074000,12.747089,0.741846,0.645058,-57.894477,0
2026-02-05,sh.600529,20.6200,20.7000,20.5300,20.6400,20.6200,5073273,104542768.6000,3,0.764500,1,0.097000,17.904246,1.680804,2.913736,-53.785313,0
2026-02-05,sh.600530,6.6100,6.6100,6.3300,6.3900,6.6000,8848700,57004250.5000,3,1.141900,1,-3.181800,194.047137,15.554895,15.833149,142.291782,0
2026-02-05,sh.600531,17.1300,17.4900,16.2300,16.5400,17.9800,189063257,3166645540.4900,3,15.634600,1,-8.008900,22.894004,3.456572,0.442677,-165.639916,0
2026-02-05,sh.600533,2.6800,2.7300,2.6800,2.6900,2.6900,19104700,51726128.0000,3,1.819500,1,0.000000,-3.747465,0.876508,0.530455,-8.825480,0
2026-02-05,sh.600535,14.9200,15.0800,14.8800,15.0200,14.9200,9433702,141370538.6900,3,0.631500,1,0.670200,20.440868,1.823664,2.688527,138.127799,0
2026-02-05,sh.600536,44.7800,45.2200,44.6100,45.0800,45.0100,10796469,485255941.0600,3,1.279700,1,0.155500,-235.001394,11.943174,7.688145,12.900608,0
2026-02-05,sh.600537,3.5400,3.5400,3.3800,3.4400,3.5700,112886400,389210622.0000,3,9.536600,1,-3.641500,-2.351056,18.113782,1.751706,1664.460923,0
2026-02-05,sh.600538,7.4200,7.4600,7.2800,7.4000,7.3900,11301701,83320715.4000,3,2.156000,1,0.135300,-50.496231,5.027655,12.273173,263.034371,0
2026-02-05,sh.600539,10.8500,11.0100,10.7500,10.9000,10.7700,3936300,42954576.0000,3,1.711400,1,1.207100,-94.755784,7.887262,5.109904,82.339596,0
2026-02-05,sh.600540,4.9500,5.0400,4.9200,4.9200,4.9700,12649400,62917448.0000,3,2.175800,1,-1.006000,-12.324611,6.557797,0.659838,13.604745,0
2026-02-05,sh.600543,5.3600,5.4800,5.3200,5.3600,5.3900,8155800,44058410.0000,3,2.539800,1,-0.556600,-23.038246,2.265497,6.987249,76.549026,0
2026-02-05,sh.600545,2.5400,2.6100,2.5300,2.5600,2.5600,27212600,70036279.0000,3,1.522000,1,0.000000,-18.548686,1.432405,1.176202,-22.068840,0
2026-02-05,sh.600546,11.3000,11.4200,11.0500,11.1400,11.6700,63440951,707559077.7600,3,3.200100,1,-4.541600,17.912184,1.348549,0.963206,-6.483709,0
2026-02-05,sh.600547,46.0000,47.5000,44.1300,45.8200,47.6900,97631067,4454469934.4600,3,2.701100,1,-3.921200,43.625003,6.943993,2.127256,27.776346,0
2026-02-05,sh.600548,9.1000,9.1900,9.0800,9.1600,9.1200,7104860,65012831.8000,3,0.414400,1,0.438600,18.727436,0.994227,2.463764,22.388782,0
2026-02-05,sh.600549,55.8700,57.1600,54.1300,55.1600,56.7300,45872764,2534417898.3600,3,2.952000,1,-2.767500,37.893210,5.218152,1.884498,123.131473,0
2026-02-05,sh.600550,16.0000,16.1500,14.9400,15.0200,16.2800,143064320,2191082537.9300,3,7.768800,1,-7.739600,175.218821,35.330562,4.556994,104.180508,0
2026-02-05,sh.600551,8.6200,8.7100,8.6000,8.6400,8.6400,6196908,53658582.7600,3,0.913900,1,0.000000,14.104235,0.999585,0.776271,-10.307571,0
2026-02-05,sh.600552,15.0200,15.1400,14.6300,14.7400,15.3200,36025696,534111357.6600,3,3.813800,1,-3.785900,88.685280,3.275271,2.473432,61.891548,0
2026-02-05,sh.600556,7.4100,8.0700,7.3900,7.8300,7.5900,215685446,1689084299.9200,3,11.931200,1,3.162100,651.430398,3.679979,3.769030,70.305300,0
2026-02-05,sh.600557,14.3500,14.5400,14.3000,14.4000,14.3800,5538038,80018868.3000,3,0.978200,1,0.139100,28.974393,1.729383,2.601735,24.365524,0
2026-02-05,sh.600558,6.3900,6.4000,6.1900,6.2000,6.4100,20243125,126783332.0000,3,2.255200,1,-3.276100,26.399362,2.339478,1.509870,91.669092,0
2026-02-05,sh.600559,16.3200,16.5100,16.2700,16.3400,16.4100,21161857,347189842.5200,3,2.326700,1,-0.426600,23.682485,2.833556,3.249307,-69.477383,0
2026-02-05,sh.600560,16.8500,16.8500,16.5600,16.6500,16.8300,2466000,41138790.0000,3,1.102600,1,-1.069500,72.147677,3.858481,5.598089,103.955371,0
2026-02-05,sh.600561,7.0800,7.1800,7.0500,7.1200,7.0800,4762900,33921904.5900,3,1.674300,1,0.565000,11420.007595,2.236531,1.343752,-52.887417,0
2026-02-05,sh.600562,28.9400,29.5900,28.7300,29.3100,29.1300,12998496,379140197.5000,3,1.046700,1,0.617900,57.411771,5.595274,10.302694,43.153661,0
2026-02-05,sh.600563,106.4000,107.4700,105.3300,106.1000,106.7700,3017409,320511077.1300,3,1.341100,1,-0.627500,20.720454,4.168889,4.523918,-33.844754,0
2026-02-05,sh.600566,26.7800,27.2600,26.5300,27.1400,26.7700,6483821,175299766.3600,3,0.706100,1,1.382100,15.143814,1.808123,4.069991,-17.948544,0
2026-02-05,sh.600567,1.6300,1.6500,1.6200,1.6300,1.6300,78740297,128763838.9400,3,1.248400,1,0.000000,-12.711592,0.671429,0.357478,-108.928725,0
2026-02-05,sh.600568,2.7400,2.8300,2.7300,2.8000,2.7500,22034740,61274855.4000,3,1.320200,1,1.818200,-9.936180,3.251190,9.778912,62.024345,1
2026-02-05,sh.600569,2.4300,2.4700,2.4000,2.4200,2.4500,32837062,79903787.3200,3,1.143200,1,-1.224500,-6.702717,2.547586,0.241699,-62.514635,0
2026-02-05,sh.600570,30.2000,30.3800,29.9600,30.0800,30.4400,23029399,694867815.5500,3,1.215800,1,-1.182700,54.113116,6.300455,9.684402,436.405075,0
2026-02-05,sh.600571,15.7100,15.9700,15.7100,15.7400,15.8700,7242923,114791910.0100,3,1.582300,1,-0.819200,73.124509,6.124318,3.524980,-162.659671,0
2026-02-05,sh.600572,4.5000,4.5600,4.4900,4.5400,4.5000,44753774,202722456.7100,3,1.769500,1,0.888900,16.734537,1.630398,1.750338,97.014528,0
2026-02-05,sh.600573,11.9500,12.5000,11.8800,12.2100,11.9500,15588079,190982828.1800,3,6.235200,1,2.175700,36.463294,2.218142,4.831920,76.673247,0
2026-02-05,sh.600575,3.4400,3.4700,3.4100,3.4400,3.4400,47418371,163261632.8200,3,1.220200,1,0.000000,32.112159,2.003152,0.889086,-34.575655,0
2026-02-05,sh.600576,6.7000,6.8400,6.6500,6.7900,6.6900,26528259,180188438.4200,3,4.017100,1,1.494800,37.176821,2.410669,6.604631,47.449424,0
2026-02-05,sh.600577,13.7300,13.8900,13.4800,13.6700,13.9000,51257438,699583401.0000,3,2.384900,1,-1.654700,49.235174,4.853915,1.223554,101.283107,0
2026-02-05,sh.600578,5.2400,5.2400,5.1300,5.1700,5.2200,27954008,144685691.3700,3,0.417600,1,-0.957900,9.921785,1.456598,0.973431,-42.710511,0
2026-02-05,sh.600579,9.1700,9.1700,9.0400,9.0800,9.1700,7432600,67529236.0000,3,1.505800,1,-0.981500,-3.898213,2.733543,1.244050,-3.862328,0
2026-02-05,sh.600580,43.2000,43.4800,42.3000,42.4800,43.8500,33189295,1419968625.6100,3,2.130800,1,-3.124300,68.186602,6.199187,4.142341,1079.185353,0
2026-02-05,sh.600581,2.9100,2.9400,2.8800,2.9100,2.9200,23047890,67091832.2000,3,1.503600,1,-0.342500,-5.076209,-9.365700,0.241604,-15.142081,0
2026-02-05,sh.600582,6.0500,6.1200,5.9400,6.0600,6.0400,56977090,344145934.4700,3,1.376700,1,0.331100,9.002012,0.983276,0.864517,-4.661523,0
2026-02-05,sh.600583,6.6700,6.7200,6.4700,6.4900,6.6900,54403371,356008550.0500,3,1.230500,1,-2.989500,14.193121,1.063268,1.055354,-23.805405,0
2026-02-05,sh.600584,44.8800,45.0900,43.8700,44.6600,45.8700,64707601,2871804623.5400,3,3.616100,1,-2.637900,53.744015,2.837639,2.015378,-29.302957,0
2026-02-05,sh.600585,25.0200,25.3300,24.7600,25.2000,25.2400,53904872,1352871655.8400,3,1.347700,1,-0.158500,15.171561,0.701440,1.586447,-16.409157,0
2026-02-05,sh.600586,6.7700,6.9400,6.6200,6.6900,6.9400,142380188,962698853.5300,3,10.045600,1,-3.602300,-18.735872,1.725998,1.954581,-19.380909,0
2026-02-05,sh.600587,15.5000,15.5700,15.4000,15.4500,15.5400,5776207,89463792.6900,3,0.955800,1,-0.579200,18.416812,1.185705,0.978836,34.853824,0
2026-02-05,sh.600588,14.5500,14.7400,14.4500,14.5600,14.8100,54012528,787464466.3200,3,1.580700,1,-1.688000,-24.824911,6.715601,5.528491,-63.691899,0
2026-02-05,sh.600589,9.0000,9.1600,8.7100,9.0600,9.4000,180704605,1617043077.7100,3,12.222400,1,-3.617000,307.760315,18.914140,32.620654,-160.667114,0
2026-02-05,sh.600590,12.0400,12.3100,11.3100,11.4300,12.3900,129405843,1510965269.0300,3,15.340300,1,-7.748200,-13.140582,3.048390,2.084656,-67.587609,0
2026-02-05,sh.600592,23.7500,23.8900,23.5800,23.6800,23.9600,6126106,145433283.9100,3,1.533200,1,-1.168600,123.421983,3.720140,6.418962,1611.476672,0
2026-02-05,sh.600593,39.9600,41.4000,39.6800,40.7200,40.1400,6500079,264908800.8400,3,5.046600,1,1.444900,-48.565641,24.862131,10.479320,105.757906,0
2026-02-05,sh.600594,4.0600,4.1100,4.0300,4.0500,4.0600,13020100,52978449.0000,3,1.644100,1,-0.246300,-13.669825,1.334610,1.681951,-198.218134,0
2026-02-05,sh.600595,9.0500,9.0900,8.3300,8.6100,9.1800,96132943,830973000.4800,3,2.398600,1,-6.209200,29.654474,2.068357,1.522804,1461.611268,0
2026-02-05,sh.600596,12.2400,12.5200,11.9500,12.0400,12.2400,25016398,304566630.8100,3,1.853600,1,-1.634000,-1638.244649,1.306305,1.117965,-14.017592,0
2026-02-05,sh.600597,7.9800,8.0700,7.9800,8.0400,8.0100,13225598,106283769.9200,3,0.959500,1,0.374500,15.995049,1.172792,0.459952,-55.326410,0
2026-02-05,sh.600598,15.6600,15.7700,15.3600,15.4400,15.7900,43091921,668658792.2700,3,2.424100,1,-2.216600,25.030098,3.347982,5.393601,-8.401839,0
2026-02-05,sh.600599,7.0700,7.3900,7.0700,7.2000,7.2400,2593710,18831004.4900,3,1.562500,1,-0.552500,-2.439642,10.309742,4.432307,-3.668824,1
2026-02-05,sh.600600,62.5000,63.5700,62.2200,63.3300,62.3500,10496852,662228219.5800,3,1.480300,1,1.571800,18.661943,2.757288,2.654599,-27.678899,0
2026-02-05,sh.600601,10.8500,10.9400,10.5700,10.7100,10.9900,114008987,1220446505.8500,3,2.733800,1,-2.547800,125.729073,10.277121,10.332516,102.788430,0
2026-02-05,sh.600602,19.5500,20.2000,19.4800,19.8000,20.2000,35534826,704623457.4500,3,3.307700,1,-1.980200,143.069510,5.617189,4.393629,144.795703,0
2026-02-05,sh.600603,6.6000,6.6800,6.5200,6.6200,6.5900,9066800,59791995.0000,3,0.759800,1,0.455200,19.492084,1.081223,2.452288,-58.625026,0
2026-02-05,sh.600604,5.4500,5.5100,5.4300,5.4600,5.4800,7998606,43777310.8800,3,0.568300,1,-0.365000,-173.660274,1.645077,3.865580,34.092826,0
2026-02-05,sh.600605,28.6100,29.0800,28.4500,28.4800,28.8900,1658300,47701985.0000,3,0.803900,1,-1.419200,255.714009,4.132595,49.627291,-8.798760,0
2026-02-05,sh.600606,1.6600,1.7000,1.6600,1.6900,1.6800,136833123,230147126.0200,3,0.973600,1,0.595200,-1.056642,0.414580,0.113764,-23.456433,0
2026-02-05,sh.600608,3.6900,3.6900,3.6100,3.6200,3.6700,1474366,5355472.9200,3,0.463100,1,-1.362400,-247.279943,30.613162,155.020220,17.837551,1
2026-02-05,sh.600609,4.7600,4.7800,4.7100,4.7200,4.7700,12058341,57167454.1100,3,0.924300,1,-1.048200,22.759317,3.909617,1.446064,-22.504015,0
2026-02-05,sh.600610,11.6000,12.4000,11.5800,11.8200,11.8300,56853422,679567219.5400,3,8.021900,1,-0.084500,274.649214,111.558784,12.054322,177.866443,0
2026-02-05,sh.600611,5.7000,5.7400,5.6800,5.7200,5.7200,13049568,74565367.0700,3,0.834700,1,0.000000,157.000464,1.333174,5.806983,-16.333876,0
2026-02-05,sh.600612,44.6600,45.0000,44.3600,44.6700,44.9000,2700223,120546910.0900,3,0.851500,1,-0.512200,14.500736,1.817003,0.447548,-13.254978,0
2026-02-05,sh.600613,6.3700,6.4000,6.3400,6.3700,6.3700,6178200,39354087.0000,3,1.289000,1,0.000000,54.575908,1.458220,1.806330,-14.031457,0
2026-02-05,sh.600615,12.3400,12.4000,12.1600,12.2400,12.3400,4613833,56486487.7900,3,2.048200,1,-0.810400,300.105339,3.756898,4.967890,48.776198,0
2026-02-05,sh.600616,5.7300,5.8000,5.7000,5.7600,5.7300,18336897,105501004.7800,3,2.740900,1,0.523600,149.158347,2.004709,6.962669,-99.899452,0
2026-02-05,sh.600617,3.2400,3.2400,3.1300,3.1400,3.2300,32480820,102610645.6000,3,1.829300,1,-2.786400,-17.872841,1.790574,0.385745,-46.398588,0
2026-02-05,sh.600618,15.4600,15.6600,15.0000,15.3000,15.5400,24228948,370280569.6700,3,3.231200,1,-1.544400,22.295432,1.951399,2.250281,-330.504809,0
2026-02-05,sh.600619,18.4500,18.5100,18.2300,18.2600,18.5600,11402324,208956386.4900,3,1.444800,1,-1.616400,294.855394,3.200490,0.976877,-28.597003,0
2026-02-05,sh.600620,7.0700,7.1500,6.9900,7.0300,7.1100,6974650,49286695.0000,3,1.015700,1,-1.125200,77.696175,3.253794,9.882865,220.050766,0
2026-02-05,sh.600621,16.9000,18.3800,16.8500,17.5700,17.0200,76292495,1337791622.0400,3,7.191300,1,3.231500,32.871873,2.081839,6.631896,3.406559,0
2026-02-05,sh.600622,2.9100,3.0200,2.9000,2.9500,2.9400,65338438,193887324.3800,3,4.356800,1,0.340100,-2.893645,1.504465,2.818566,-27.318373,0
2026-02-05,sh.600623,9.5900,9.5900,9.2900,9.3300,9.6100,13966722,131487517.2000,3,0.746100,1,-2.913600,32.121745,0.893805,0.458959,-16.817989,0
2026-02-05,sh.600624,5.2900,5.3400,5.2800,5.2900,5.3300,4043464,21442186.9000,3,0.595200,1,-0.750500,-30.195032,5.776535,5.434567,34.411849,1
2026-02-05,sh.600626,4.9400,5.0800,4.8900,4.9600,4.9400,13952911,69495700.2600,3,1.259300,1,0.404900,76.716512,2.039146,0.608702,-13.203733,0
2026-02-05,sh.600628,8.0600,8.2400,8.0600,8.1800,8.1100,20554000,167941827.9800,3,3.177400,1,0.863100,76.599873,1.245829,4.789695,456.677646,0
2026-02-05,sh.600629,19.6200,20.3000,19.3500,19.4000,19.8600,20414313,402372840.6700,3,2.141800,1,-2.316200,63.198953,3.548822,2.462075,-51.835274,0
2026-02-05,sh.600630,9.1100,9.1800,9.0500,9.1200,9.1100,6128000,55889300.0000,3,1.442400,1,0.109800,122.514845,5.030816,2.131479,-75.448431,0
2026-02-05,sh.600633,14.8500,15.4400,14.8100,15.1100,15.1500,52312658,794158056.1900,3,4.125400,1,-0.264000,33.521272,1.878241,6.221882,-126.843215,0
2026-02-05,sh.600635,6.3100,6.3400,6.2700,6.2900,6.3600,35256063,222017883.3400,3,1.457600,1,-1.100600,31.876798,2.047283,2.992374,40.011707,0
2026-02-05,sh.600636,8.7800,8.8300,8.7000,8.8300,8.7800,3383110,29661105.7000,3,0.771300,1,0.569500,-10.882202,1.882061,10.934825,-9.290925,1
2026-02-05,sh.600637,11.2800,11.4400,11.2800,11.3300,11.3700,53569431,608172820.5600,3,1.593400,1,-0.351800,77.484605,1.275823,5.007529,-10.317650,0
2026-02-05,sh.600638,7.3900,7.4200,7.2400,7.2400,7.4000,7808680,56995190.0000,3,1.159600,1,-2.162200,29.966839,1.057836,2.020842,2.270808,0
2026-02-05,sh.600639,10.6600,10.9300,10.6600,10.8400,10.7000,10512464,113840644.3100,3,1.236400,1,1.308400,12.810716,0.840008,5.779211,-9.847298,0
2026-02-05,sh.600640,13.9500,14.5300,13.9400,14.1300,14.1200,12633992,179637770.3600,3,1.587800,1,0.070800,523.234563,2.826661,5.566314,-8495.357587,0
2026-02-05,sh.600641,17.7800,17.7800,17.2600,17.4100,17.9400,22313870,389021106.1000,3,2.397700,1,-2.954300,102.621641,1.987746,12.068917,-13.170240,0
2026-02-05,sh.600642,8.3900,8.4300,8.3000,8.3400,8.3900,16450213,137385847.6100,3,0.336100,1,-0.595900,10.259833,1.111278,1.448488,23.827937,0
2026-02-05,sh.600643,4.8700,4.9100,4.8300,4.8600,4.8700,11925458,58026821.5500,3,0.749900,1,-0.205300,-13.098297,0.647319,4.458895,33.025991,0
2026-02-05,sh.600644,11.2400,11.2400,10.9000,10.9200,11.2400,17334500,191251041.0000,3,2.997400,1,-2.847000,269.856524,2.987132,1.860126,80.565912,0
2026-02-05,sh.600645,25.3300,25.5500,25.1900,25.4500,25.3400,5691496,144453035.2000,3,1.216700,1,0.434100,159.330137,3.209049,8.090661,-37.429908,0
2026-02-05,sh.600648,10.7000,10.7800,10.6400,10.7400,10.6800,4465487,47925519.1900,3,0.392500,1,0.561800,21.493688,0.962863,2.226877,-58.658491,0
2026-02-05,sh.600649,5.5200,5.7800,5.4600,5.6400,5.5500,106503170,598013239.0900,3,4.252500,1,1.621600,18.947748,0.670040,0.783396,18.948974,0
2026-02-05,sh.600650,15.1800,15.3500,15.1200,15.2500,15.2600,3477800,52978520.0000,3,0.890500,1,-0.065500,67.776938,1.964848,4.942318,53.735923,0
2026-02-05,sh.600651,8.0100,8.1000,7.9000,8.0100,8.0500,18066100,144088874.0000,3,0.720600,1,-0.496900,404.504618,8.055464,10.498675,151.923309,0
2026-02-05,sh.600653,1.9300,1.9400,1.9100,1.9200,1.9300,16249000,31289964.0000,3,0.834800,1,-0.518100,646.215329,5.112338,0.865828,-1989.991965,0
2026-02-05,sh.600654,3.8100,3.8400,3.7700,3.7800,3.8400,43313034,164682795.8400,3,1.869000,1,-1.562500,52.572469,6.298487,3.223808,-526.363680,0
2026-02-05,sh.600655,5.1700,5.3300,5.1500,5.2300,5.2000,31746091,166593543.1100,3,0.816100,1,0.576900,-13.376499,0.590455,0.519014,66.883788,0
2026-02-05,sh.600657,3.5000,3.6000,3.4900,3.5500,3.5200,38243501,135864829.5500,3,1.341000,1,0.852300,-1.685642,0.546366,1.401944,9.067792,0
2026-02-05,sh.600658,5.2900,5.4100,5.2900,5.3100,5.3400,14683841,78521288.1400,3,1.312700,1,-0.561800,-4.052339,1.071308,4.262953,-29.937927,0
2026-02-05,sh.600660,62.6700,63.3700,62.3600,62.6500,62.6400,14726872,924392343.5800,3,0.735200,1,0.016000,18.000617,4.609023,3.695756,17.447338,0
2026-02-05,sh.600661,11.0100,11.1700,10.9600,11.0900,11.0100,7678860,85033943.7900,3,2.679800,1,0.726600,-146.421310,23.618175,2.361408,-166.744741,0
2026-02-05,sh.600662,5.9800,6.0400,5.9600,5.9800,6.0500,19330617,116007896.4000,3,0.849100,1,-1.157000,12.347303,2.707045,0.547155,-17.042605,0
2026-02-05,sh.600663,8.2000,8.6800,8.1800,8.5100,8.1900,34488154,292697088.7400,3,1.092900,1,3.907200,28.274970,1.692508,2.166333,27.917482,0
2026-02-05,sh.600664,3.5100,3.5300,3.4900,3.5100,3.5100,20896325,73391948.1600,3,0.829700,1,0.000000,19.681348,1.562413,0.554554,-25.573145,0
2026-02-05,sh.600665,3.5800,3.6200,3.5200,3.6100,3.5800,10087501,36207658.5900,3,1.167400,1,0.838000,-2.328304,1.174515,0.282903,-1.771580,0
2026-02-05,sh.600666,3.4900,3.5000,3.4500,3.4600,3.5100,47318824,164282916.8800,3,1.955500,1,-1.424500,64.783733,8.426337,22.515880,245.938992,0
2026-02-05,sh.600667,9.5700,9.5800,9.2700,9.5000,9.8500,159140741,1502031642.3200,3,7.608800,1,-3.553300,33.906759,2.295318,0.598765,-82.921246,0
2026-02-05,sh.600668,11.1400,11.2400,11.0400,11.0600,11.1400,3712358,41199520.1000,3,0.899100,1,-0.718100,6.645968,0.790849,1.645980,-318.119164,0
2026-02-05,sh.600671,19.1800,19.8000,19.0100,19.5300,19.0800,4294909,83372472.0600,3,3.528500,1,2.358500,71.744477,35.714760,9.454525,-283.007901,0
2026-02-05,sh.600673,29.4000,29.4500,28.1000,28.8200,29.4600,43916706,1260157752.1900,3,1.463100,1,-2.172400,89.599757,8.908153,6.069328,38.022523,0
2026-02-05,sh.600674,13.9600,14.1200,13.9100,14.0800,13.9700,24794760,348066436.1600,3,0.508700,1,0.787400,15.935167,1.546347,41.278307,72.110839,0
2026-02-05,sh.600675,2.9500,3.0000,2.9300,2.9700,2.9600,65975090,195969846.0400,3,1.091200,1,0.337800,31.944374,1.223303,1.425145,-217.273767,0
2026-02-05,sh.600676,8.0100,8.1800,7.8800,8.0700,8.0100,24811106,200035900.0600,3,2.412400,1,0.749100,-42.592895,1.617465,1.787132,39.305531,0
2026-02-05,sh.600678,13.1600,13.1600,12.5200,12.6000,13.5500,44612178,570208562.6400,3,12.783200,1,-7.011100,231.016405,15.595985,8.062048,338.333356,0
2026-02-05,sh.600679,13.0100,13.0900,12.9600,13.0300,13.0100,3404701,44401653.0300,3,0.990600,1,0.153700,-91.933373,3.137968,3.059195,35.378463,0
2026-02-05,sh.600681,4.2200,4.2300,4.1000,4.1200,4.2400,30541400,126692264.0000,3,2.279500,1,-2.830200,16.444965,1.572863,1.043700,86.103889,0
2026-02-05,sh.600682,7.1700,7.2500,7.1200,7.1900,7.1600,18604849,133574698.2300,3,1.598300,1,0.419000,43.781527,0.546403,1.465135,12.261038,0
2026-02-05,sh.600683,6.0000,6.6000,6.0000,6.6000,6.0000,68897048,445500508.6900,3,9.300600,1,10.000000,-8.382219,-37.810793,5.784946,5.446782,0
2026-02-05,sh.600684,4.9500,5.0700,4.9500,5.0200,4.9900,46029301,231090672.6500,3,5.393300,1,0.601200,158.949556,11.174048,3.479476,-112.418104,0
2026-02-05,sh.600685,33.4700,33.8800,32.2800,32.4500,32.7600,23893912,785422744.4700,3,2.908800,1,-0.946300,54.274060,2.552860,2.181034,36.717089,0
2026-02-05,sh.600686,17.0200,17.6600,16.9100,17.4600,17.0500,22999999,401049329.2400,3,3.207600,1,2.404700,38.095003,3.829582,0.502902,36.604320,0
2026-02-05,sh.600688,3.1500,3.1900,3.0700,3.0900,3.1500,48448578,150851855.0200,3,0.661100,1,-1.904800,-217.799375,1.342385,0.407091,-17.273064,0
2026-02-05,sh.600689,13.7000,14.0300,13.6900,13.8800,13.7100,2392200,33286309.0000,3,1.571700,1,1.240000,160.672236,5.890800,2.073262,-73.607749,0
2026-02-05,sh.600690,26.0200,26.4900,25.9200,26.3300,26.0400,48192178,1269699540.0000,3,0.770700,1,1.113700,11.777065,2.064901,0.803676,-82.086257,0
2026-02-05,sh.600691,3.1100,3.1400,3.0500,3.0600,3.1100,23155400,71468128.0400,3,0.974700,1,-1.607700,-11.058417,2.010292,0.692793,-5.791706,0
2026-02-05,sh.600692,7.9600,8.0700,7.9400,7.9500,7.9700,9224070,73857672.8000,3,3.617100,1,-0.250900,-194.384665,3.024459,5.631791,9.027241,0
2026-02-05,sh.600693,15.8200,17.5000,15.1600,17.1800,15.9100,155193699,2567198654.1700,3,17.859900,1,7.982400,324.281207,4.229125,8.091727,46.925431,0
2026-02-05,sh.600694,18.3000,18.6500,18.2300,18.5500,18.2900,8144266,150278255.9500,3,2.365100,1,1.421500,12.774137,0.723539,0.983820,33.184223,0
2026-02-05,sh.600696,1.9700,2.0800,1.9600,1.9700,2.0600,13034283,25988116.6200,3,3.897000,1,-4.368900,-2.597362,2.292775,7.425648,-2281.601296,1
2026-02-05,sh.600697,14.0800,14.3500,14.0000,14.1300,14.0700,8120400,115016506.0000,3,5.226300,1,0.426400,-81.150721,0.979712,0.325735,24.279437,0
2026-02-05,sh.600698,8.3400,8.3900,8.2500,8.2500,8.3300,6973045,57954482.4000,3,0.839700,1,-0.960400,2111.286459,11.440805,17.883115,-217.903663,0
2026-02-05,sh.600699,28.4000,28.4300,27.6200,27.7900,28.5400,23264303,648438779.5700,3,1.716900,1,-2.627900,37.829636,3.008840,0.711467,-93.946823,0
2026-02-05,sh.600702,57.8800,61.0700,57.7000,59.4100,58.3500,23306025,1389588372.6200,3,7.006800,1,1.816600,132.772427,2.788592,4.298729,-31.023801,0
2026-02-05,sh.600703,16.2200,16.8000,16.0100,16.4200,16.5000,116652689,1900057631.8000,3,2.338200,1,-0.484800,868.908993,2.317408,4.533912,183.757876,0
2026-02-05,sh.600704,5.7300,5.7500,5.6400,5.6900,5.7400,61190386,347515949.2900,3,1.183300,1,-0.871100,7.745696,0.719153,0.049827,18.293973,0
2026-02-05,sh.600706,10.8400,11.0700,10.8000,11.0100,10.8200,11251820,123645202.1900,3,4.429300,1,1.756000,113.881454,4.424921,3.030864,-186.060823,0
2026-02-05,sh.600707,6.7800,6.8600,6.6700,6.8500,6.7900,35916319,242779167.6800,3,1.001100,1,0.883700,62.998103,1.128485,2.175251,6.260919,0
2026-02-05,sh.600708,3.9900,4.1700,3.9800,4.0200,4.0200,36947666,150012898.9900,3,1.660400,1,0.000000,-7.080438,0.980168,1.627515,-27.137902,0
2026-02-05,sh.600710,12.5000,12.6700,12.2600,12.3000,12.4700,30155008,373858578.8400,3,2.307600,1,-1.363300,11.860155,1.952868,0.136440,-12.476478,0
2026-02-05,sh.600711,15.6100,16.0000,15.3000,15.5400,15.9900,108140136,1690907145.1400,3,3.499000,1,-2.814300,23.937161,2.844526,1.612251,21.101641,0
2026-02-05,sh.600712,6.5800,6.6600,6.5500,6.6400,6.5800,10847359,71701527.9700,3,2.013800,1,0.911900,-97.811464,4.537659,6.221619,302.070829,0
2026-02-05,sh.600713,5.5400,5.5800,5.5000,5.5300,5.5400,11600077,64244454.8300,3,0.899300,1,-0.180500,13.638914,1.038882,0.134310,25.072947,0
2026-02-05,sh.600714,14.9400,15.0500,14.5700,14.8200,15.1500,7392400,109179650.0000,3,2.565200,1,-2.178200,75.380082,5.556303,12.148370,3762.610884,0
2026-02-05,sh.600715,2.2400,2.2900,2.2300,2.2600,2.2500,51468900,116877923.0000,3,1.798100,1,0.444400,-17.977926,8.169555,26.579399,14.113685,0
2026-02-05,sh.600716,4.3500,4.4300,4.3100,4.3600,4.3500,9844100,43092322.0000,3,1.051700,1,0.229900,-28.907446,0.811261,3.605928,129.202958,0
2026-02-05,sh.600717,4.8300,4.8500,4.7900,4.8100,4.8100,20758540,100087435.9000,3,0.717300,1,0.000000,15.806104,0.698187,1.117194,18.577314,0
2026-02-05,sh.600718,10.4000,10.4500,10.2400,10.2500,10.4400,24670375,254615593.5900,3,2.067200,1,-1.819900,-319.949323,1.294288,1.005928,60.069815,0
2026-02-05,sh.600719,6.6800,6.7200,6.6100,6.6300,6.6700,6231400,41544044.0000,3,1.540100,1,-0.599700,-18.874219,9.105329,4.449475,445.194578,0
2026-02-05,sh.600720,7.4000,7.4100,7.2900,7.3800,7.3900,11800335,86882003.9500,3,1.169500,1,-0.135300,11.120391,1.109702,1.432382,-273.913626,0
2026-02-05,sh.600721,9.1800,9.2800,9.1600,9.1600,9.2200,8618500,79397514.0000,3,2.241200,1,-0.650800,70.168411,4.437345,8.946353,-207.615840,0
2026-02-05,sh.600722,7.8100,8.3200,7.8100,7.8500,8.0900,70399471,566006173.3200,3,10.348000,1,-2.966600,107.473415,4.324973,10.753876,58.951624,0
2026-02-05,sh.600724,6.6900,6.7500,6.6400,6.7000,6.7000,8135401,54513775.7000,3,0.563000,1,0.000000,44.248792,3.394101,6.213718,289.544427,0
2026-02-05,sh.600725,4.6800,4.7100,4.5900,4.6000,4.7300,22158720,102648027.6000,3,1.797900,1,-2.748400,-79.969350,20.230674,8.715983,-460.266280,0
2026-02-05,sh.600726,2.5900,2.6100,2.5300,2.5500,2.6100,44558900,114090908.0000,3,0.596100,1,-2.298900,-1006.085174,4.903058,1.210456,18.286949,0
2026-02-05,sh.600727,7.4900,8.1300,7.4800,7.5200,7.4600,38361698,293971461.6700,3,7.257500,1,0.804300,59.116892,1.240691,0.721685,73.368321,0
2026-02-05,sh.600728,6.7200,6.7500,6.6400,6.6700,6.7500,40355133,269423148.7000,3,1.892300,1,-1.185200,53.259970,1.810420,1.392622,21.785926,0
2026-02-05,sh.600729,24.4800,24.9300,24.3600,24.8900,24.4800,9478452,234530519.1000,3,4.924300,1,1.674800,10.740204,1.391256,0.745147,-94.125023,0
2026-02-05,sh.600730,10.2500,10.6600,10.1000,10.6300,10.2100,27010800,282095352.1500,3,4.604200,1,4.113600,737.335896,3.480527,53.266260,49.267423,0
2026-02-05,sh.600731,7.4000,7.4600,7.3400,7.3500,7.4300,5865550,43311726.5000,3,1.082800,1,-1.076700,15.619724,1.296622,1.831202,-545.518844,0
2026-02-05,sh.600732,14.5000,14.5100,13.5100,13.6700,14.7700,97914381,1353987024.6900,3,5.414100,1,-7.447500,-9.582171,4.474019,1.948245,17.760492,0
2026-02-05,sh.600733,8.2800,8.3000,8.1600,8.1700,8.2700,76334975,626802456.5600,3,1.560500,1,-1.209200,-8.843544,24.925824,2.590907,65.379716,0
2026-02-05,sh.600734,4.4300,4.5200,4.4000,4.4100,4.4600,69954900,311340046.0000,3,3.212100,1,-1.121100,-81.090783,30.953668,25.294162,-158.241065,0
2026-02-05,sh.600735,6.3300,6.3900,6.1000,6.2200,6.4100,17992100,112156242.4600,3,4.228900,1,-2.964100,-16.728520,2.186117,1.967389,-5.694142,1
2026-02-05,sh.600736,7.0500,7.2300,7.0000,7.0300,7.0500,37116616,263639061.7700,3,3.223900,1,-0.283700,47.021092,1.084089,1.470068,22.934866,0
2026-02-05,sh.600737,16.5500,16.6000,16.3300,16.3800,16.6600,22286112,366324138.7100,3,1.042000,1,-1.680700,25.641400,3.106582,1.164360,-173.388923,0
2026-02-05,sh.600738,5.5200,5.5900,5.4900,5.5500,5.5300,22054801,122345264.5400,3,2.899400,1,0.361700,52.173211,2.071061,6.737980,-139.663062,0
2026-02-05,sh.600739,12.2500,12.2500,12.0000,12.0500,12.2200,14344746,173415213.8700,3,0.937700,1,-1.391200,21.364482,0.626593,1.657485,-23.440325,0
2026-02-05,sh.600740,4.7800,4.9100,4.6200,4.6600,4.8600,209946784,987169240.1100,3,8.194300,1,-4.115200,-301.284828,0.784179,1.797219,29.733518,0
2026-02-05,sh.600741,18.9600,19.3100,18.9600,19.2100,18.9600,13939208,267099568.7000,3,0.442100,1,1.318600,8.771047,0.935716,0.336066,10.929210,0
2026-02-05,sh.600742,9.6700,9.7400,9.6500,9.6700,9.7000,5142473,49860789.5000,3,0.692100,1,-0.309300,14.363327,0.827930,0.363599,3.618218,0
2026-02-05,sh.600743,1.9400,1.9900,1.9400,1.9800,1.9400,31208425,61642888.1400,3,1.330200,1,2.061900,-6.489842,7.339855,3.343797,-8.758811,0
2026-02-05,sh.600744,6.5000,6.5000,6.3100,6.3200,6.5100,46114541,293753483.9400,3,2.270400,1,-2.918600,61.080026,9.021213,1.501881,-57.763918,0
2026-02-05,sh.600745,33.9900,34.0600,33.1200,33.2900,34.2300,35648275,1192911322.6000,3,2.864100,1,-2.746100,-23.893595,1.220157,0.825292,-63.790422,0
2026-02-05,sh.600746,7.6900,7.7500,7.5200,7.5300,7.6500,4856700,36891698.0000,3,0.416500,1,-1.568600,66.856469,1.612917,1.437245,207.380717,0
2026-02-05,sh.600748,5.5200,5.6700,5.5100,5.6000,5.5600,18295218,102600818.9000,3,0.991800,1,0.719400,-16.614273,0.989160,3.428135,10.805934,0
2026-02-05,sh.600749,16.5600,17.4400,16.5000,17.0800,16.6500,10443300,178453437.0000,3,4.601300,1,2.582600,132.746810,3.603012,18.984305,23.949655,0
2026-02-05,sh.600750,25.0700,25.6600,25.0000,25.4800,25.0700,6731298,171424675.1900,3,1.070700,1,1.635400,17.854820,4.262527,3.834248,77.268651,0
2026-02-05,sh.600751,4.0000,4.0200,3.8700,3.8800,4.0000,50761229,198906799.9700,3,1.972700,1,-3.000000,102.620094,1.485427,8.481362,-18.993439,0
2026-02-05,sh.600753,8.6500,8.8100,8.5500,8.5700,8.5800,4673884,40511770.5200,3,2.029400,1,-0.116600,-14.319375,88.757379,2.315973,116.756459,1
2026-02-05,sh.600754,27.0900,28.8000,27.0200,28.4400,27.0500,23674432,669260771.1900,3,2.612900,1,5.138600,54.994705,1.914369,2.244050,-8.293381,0
2026-02-05,sh.600755,6.7500,6.8700,6.7300,6.8100,6.7600,35354552,241494698.9600,3,1.658200,1,0.739600,29.659591,0.740529,0.047193,-3.914210,0
2026-02-05,sh.600756,17.1700,17.2800,17.0200,17.0700,17.2500,9287560,159081071.8600,3,2.865700,1,-1.043500,-58.117756,2.838467,3.816640,-68.844249,0
2026-02-05,sh.600757,9.1300,9.2400,9.1100,9.2100,9.1700,9877305,90829132.6000,3,0.814000,1,0.436200,10.023639,1.130122,1.616454,44.818984,0
2026-02-05,sh.600758,3.9000,3.9600,3.8400,3.8600,3.9400,28053700,108989794.0000,3,2.124100,1,-2.030500,122.717750,0.921018,1.007277,5.866941,0
2026-02-05,sh.600759,4.9300,5.2900,4.9300,5.0000,4.9100,716894173,3655660894.0200,3,17.300900,1,1.833000,49.977975,2.359886,9.583435,-147.769443,0
2026-02-05,sh.600760,55.2100,56.2500,54.8700,55.7900,55.5000,19558438,1087161535.4400,3,0.692000,1,0.522500,53.840742,7.248669,4.146404,205.963437,0
2026-02-05,sh.600761,22.4000,22.4300,21.8000,21.8900,22.4600,17436769,383700297.7200,3,1.957700,1,-2.537800,15.447850,1.809058,1.037218,-205.895541,0
2026-02-05,sh.600763,48.5000,51.5000,48.3500,50.8200,48.8400,24852439,1262864748.3500,3,5.556200,1,4.054100,43.954629,5.233142,7.755829,-1108.739626,0
2026-02-05,sh.600764,27.8800,28.2000,27.6500,27.8700,27.9400,6300115,176037077.6500,3,0.886600,1,-0.250500,84.961787,2.397060,6.140072,-22.838612,0
2026-02-05,sh.600765,19.5500,20.0300,19.4200,19.5400,19.7500,29021230,569918751.8000,3,1.869300,1,-1.063300,130.564855,2.147124,3.115321,196.226220,0
2026-02-05,sh.600768,17.3200,18.4000,17.2600,18.1200,17.3700,13635892,246200259.8700,3,10.195300,1,4.317800,177.487330,6.258324,2.184911,-47.622807,0
2026-02-05,sh.600769,12.1000,12.3800,12.0400,12.0900,12.1300,6794357,82814435.9300,3,1.811900,1,-0.329800,245.303432,37.724030,57.511547,345.596548,0
2026-02-05,sh.600770,7.0800,7.1100,6.8200,6.8300,7.0500,68462975,473645551.3700,3,5.266400,1,-3.120600,181.693437,2.589531,21.142043,80.961119,0
2026-02-05,sh.600771,17.8700,18.2600,17.8500,18.0300,17.8700,8424527,152316028.8400,3,1.721100,1,0.895400,107.141262,5.353046,6.355593,55.471775,0
2026-02-05,sh.600773,13.6400,13.7400,13.0900,13.2400,13.7600,13021400,173651938.0000,3,1.368400,1,-3.779100,256.527926,2.668531,7.012759,-25.935862,0
2026-02-05,sh.600774,9.6600,9.8600,9.6100,9.7000,9.6200,8435596,82233531.5700,3,2.861100,1,0.831600,-369.041533,1.713833,2.764042,2125.312027,0
2026-02-05,sh.600775,14.3000,14.6800,14.1700,14.3600,14.4600,33503350,482498516.9600,3,4.986800,1,-0.691600,-73.048963,4.339727,5.519019,69.311400,0
2026-02-05,sh.600776,18.7300,19.0900,18.5500,18.7700,19.0400,27139840,509650724.4800,3,2.838900,1,-1.418100,57.273031,6.235400,9.241603,143.723142,0
2026-02-05,sh.600777,4.1300,4.1400,4.0700,4.0800,4.1300,18544991,75982327.2800,3,0.291300,1,-1.210700,16.183715,1.179497,3.655208,-29.037867,1
2026-02-05,sh.600778,7.9400,8.7200,7.6400,8.3800,7.9600,89603270,727357645.2200,3,28.791400,1,5.276400,426.372878,11.349938,1.772013,-101.237502,0
2026-02-05,sh.600779,42.6500,43.6400,42.2800,42.5200,43.4600,12470513,535483854.8100,3,2.558000,1,-2.162900,38.243149,4.117996,5.488422,-11.512991,0
2026-02-05,sh.600780,6.1900,6.1900,6.1000,6.1100,6.2000,7583700,46513565.0000,3,0.661500,1,-1.451600,11.391726,0.854388,0.628170,8.949926,0
2026-02-05,sh.600782,3.9500,3.9900,3.8700,3.9000,3.9600,91113400,357436064.0000,3,2.896500,1,-1.515200,12.780080,0.469450,0.328085,-6.984266,0
2026-02-05,sh.600783,23.7900,24.5300,23.7200,24.2700,24.2500,24911836,601970799.9700,3,3.346700,1,0.082500,104.676824,3.814667,215.208873,-36.455402,0
2026-02-05,sh.600784,7.1800,7.3000,7.1600,7.2100,7.2000,8066700,58351061.0000,3,1.193900,1,0.138900,23.341945,1.493284,1.483089,-49.741053,0
2026-02-05,sh.600785,25.3500,25.7500,23.2600,24.4000,25.3500,41396776,1005198960.2900,3,18.347100,1,-3.747500,41.235449,2.393768,0.907994,45.540831,0
2026-02-05,sh.600787,5.8500,5.8600,5.7800,5.8200,5.8400,23995600,139687419.0000,3,1.105700,1,-0.342500,30.183421,0.908303,0.199982,-37.208320,0
2026-02-05,sh.600789,9.2000,9.2600,9.1700,9.2300,9.2300,21423230,197644978.4400,3,2.383900,1,0.000000,51.109524,2.437969,1.558377,-330.177327,0
2026-02-05,sh.600790,3.9400,4.0200,3.9400,4.0000,3.9600,12962920,51737759.2000,3,0.884400,1,1.010100,70.290085,1.012106,6.092902,-8.305459,0
2026-02-05,sh.600791,6.4000,6.6600,6.3000,6.4100,6.5100,22272365,144972616.7500,3,4.924100,1,-1.536100,-10.555634,7.357749,0.721825,-2.953719,0
2026-02-05,sh.600792,4.6000,5.1000,4.6000,4.8300,4.6400,151829243,732800277.5700,3,13.679300,1,4.094800,-10.057219,1.885421,0.976815,22.894680,0
2026-02-05,sh.600793,20.4600,20.8800,20.3400,20.4800,20.4600,2673100,55151942.7800,3,1.511000,1,0.097800,-52.111517,15.223955,1.588530,30.227721,0
2026-02-05,sh.600794,3.8100,3.8400,3.7800,3.7900,3.8100,10606500,40351253.0000,3,0.883800,1,-0.524900,53.684314,1.731474,6.162936,-24.725933,0
2026-02-05,sh.600795,4.6300,4.6400,4.5800,4.6100,4.6300,151063059,696131387.5800,3,0.847000,1,-0.432000,11.085654,1.343116,0.482171,52.982612,0
2026-02-05,sh.600796,6.5900,7.2900,6.5700,7.2900,6.6300,30637775,218345562.4300,3,9.836300,1,9.954800,34.609171,1.845051,3.790956,-43.104576,0
2026-02-05,sh.600797,10.2500,10.3000,10.1300,10.1700,10.4000,40113284,409098809.8300,3,3.903900,1,-2.211500,605.955441,2.993098,3.069226,51.822978,0
2026-02-05,sh.600798,3.7000,3.7600,3.6800,3.7100,3.7100,28754500,106909860.0000,3,2.383200,1,0.000000,-5683.336818,1.146809,1.625218,6.186904,0
2026-02-05,sh.600800,4.5100,4.6700,4.4600,4.4700,4.5100,38983611,177309942.1800,3,3.512900,1,-0.886900,-7.358313,4.175424,1.177081,-22.796121,0
2026-02-05,sh.600801,24.3700,24.6600,23.9000,23.9800,24.3100,8052814,194867294.2800,3,0.600200,1,-1.357500,15.191831,1.578929,1.443749,45.483124,0
2026-02-05,sh.600802,6.4300,6.6000,6.4000,6.4700,6.4000,18619680,121530124.8000,3,4.063200,1,1.093800,-415.679739,2.678280,1.713016,-35.918333,0
2026-02-05,sh.600803,19.5900,19.8600,19.5000,19.8300,19.6000,8714663,172104053.8100,3,0.283700,1,1.173500,13.864291,2.586818,0.461489,42.928763,0
2026-02-05,sh.600805,5.7100,5.7400,5.6600,5.7100,5.7100,12240200,69757817.0000,3,1.439600,1,0.000000,62.593129,1.125855,1.737332,490.301848,0
2026-02-05,sh.600807,3.4000,3.4700,3.3800,3.3900,3.4200,16805600,57320065.0000,3,2.135400,1,-0.877200,-3.562067,68.355580,9.234786,4.472097,0
2026-02-05,sh.600808,4.0700,4.1000,3.9900,4.0200,4.0700,72149635,291105361.1200,3,1.209000,1,-1.228500,-15.169956,1.286802,0.397514,19.304057,0
2026-02-05,sh.600809,180.0500,183.9700,178.6100,180.2100,180.5800,9669024,1751875624.9000,3,0.792600,1,-0.204900,17.877714,5.669175,5.850521,629.302397,0
2026-02-05,sh.600810,8.4000,8.5000,8.2900,8.3300,8.4300,14899338,124872863.5500,3,1.352700,1,-1.186200,-192.241637,1.358483,0.698303,-14.896082,0
2026-02-05,sh.600812,5.6100,5.6200,5.5600,5.5800,5.6100,9145185,51128063.0000,3,0.533000,1,-0.534800,52.306353,1.739034,0.977498,-49.006466,0
2026-02-05,sh.600814,9.1600,9.8000,9.0600,9.8000,8.9100,47259519,445555884.8100,3,6.429200,1,9.988800,36.682677,1.931205,4.225484,6.311628,0
2026-02-05,sh.600815,3.1700,3.3000,3.1700,3.2100,3.2000,50379600,163426903.0000,3,2.839700,1,0.312500,-810.267556,3.752165,10.311273,-34.577116,0
2026-02-05,sh.600816,2.8600,2.8700,2.8300,2.8500,2.8700,44169049,125986105.7600,3,0.807600,1,-0.696900,443.744712,2.021373,112.792813,965.551017,0
2026-02-05,sh.600817,11.6100,11.7400,11.5200,11.5600,11.6400,4442001,51564033.5300,3,0.839300,1,-0.687300,21.745372,2.536791,1.673504,-28.754013,0
2026-02-05,sh.600818,9.8300,10.0900,9.8300,9.9300,9.9000,4419800,44112972.0000,3,1.857400,1,0.303000,-76.736120,5.713216,3.037521,-90.745336,0
2026-02-05,sh.600819,8.7800,8.8800,8.5600,8.5700,8.8400,12668900,109900357.0000,3,1.695000,1,-3.054300,58.225273,2.362695,1.501552,-68.335970,0
2026-02-05,sh.600820,6.7200,6.7300,6.6600,6.6700,6.7200,24753385,165684538.4300,3,0.787300,1,-0.744000,8.221450,0.673808,0.347734,19.501788,0
2026-02-05,sh.600821,5.8700,5.8800,5.5600,5.5800,5.8700,70903162,401249689.0600,3,3.550000,1,-4.940400,18.045311,1.152960,3.075914,-25.335407,0
2026-02-05,sh.600822,11.0100,11.1500,10.9800,11.0200,11.0000,4032500,44567974.7500,3,1.017900,1,0.181800,223.245500,4.460188,2.511648,30.740943,0
2026-02-05,sh.600824,4.6100,4.7900,4.6100,4.7300,4.6400,37083504,175186488.3200,3,3.518300,1,1.939700,266.562235,2.066997,7.649045,583.940715,0
2026-02-05,sh.600825,6.8000,6.9600,6.7900,6.9000,6.8500,16552919,114385237.4300,3,1.584200,1,0.729900,166.634713,2.941199,4.969345,62.667612,0
2026-02-05,sh.600826,12.5000,12.5200,12.2100,12.2700,12.5200,6751514,83247798.0600,3,0.917900,1,-1.996800,31.602899,2.102457,5.196886,23.537971,0
2026-02-05,sh.600827,9.2100,9.2800,9.1400,9.2300,9.1600,17654768,162981968.3200,3,1.100400,1,0.764200,67.831741,0.830335,0.655781,-8.568560,0
2026-02-05,sh.600828,6.8200,7.7800,6.6800,7.7800,7.0700,138034799,997476528.7700,3,7.972600,1,10.042400,-179.647582,1.916690,5.582372,962.156832,0
2026-02-05,sh.600829,11.2600,11.5600,11.2400,11.3700,11.3600,14419131,164487876.7800,3,2.486500,1,0.088000,55.338968,2.202872,0.645385,-48.381382,0
2026-02-05,sh.600830,9.7600,9.8300,9.7000,9.7600,9.7900,5697110,55665108.1000,3,1.254000,1,-0.306400,65.533732,1.987019,9.650730,30.336301,0
2026-02-05,sh.600831,4.3300,4.4100,4.2800,4.3600,4.3400,11563268,50577934.8500,3,1.626500,1,0.460800,-2.815707,2.109006,2.398864,-58.951053,0
2026-02-05,sh.600833,13.2800,13.4200,13.1900,13.2900,13.3100,3518300,46918421.0000,3,1.577100,1,-0.150300,42.964489,2.554210,1.421732,32.685267,0
2026-02-05,sh.600834,8.9100,8.9700,8.8900,8.9200,8.9300,3699500,33021360.0000,3,0.775000,1,-0.112000,119.418882,2.483645,7.466585,-479.425228,0
2026-02-05,sh.600835,29.2100,29.2100,27.8000,28.1000,28.8700,14924622,421833199.3100,3,1.850500,1,-2.667100,31.449383,2.053701,1.458372,90.983504,0
2026-02-05,sh.600838,12.1600,13.1000,12.0800,12.8100,12.1600,43620273,547282066.8200,3,10.881100,1,5.345400,119.887956,3.258092,56.939662,106.826984,0
2026-02-05,sh.600839,9.6600,9.7300,9.6200,9.6500,9.7400,64068385,619087379.5000,3,1.388300,1,-0.924000,32.592319,2.880905,0.411396,57.959009,0
2026-02-05,sh.600841,9.6900,10.1700,9.3600,9.5300,9.7000,48366488,466937713.2000,3,4.637100,1,-1.752600,-12.184787,4.182061,2.447993,-50.288950,0
2026-02-05,sh.600843,11.1100,11.2100,11.0700,11.1300,11.1700,6327404,70588901.5200,3,1.348500,1,-0.358100,-40.094890,2.607877,1.826223,12.653785,0
2026-02-05,sh.600844,3.1500,3.1900,3.1000,3.1100,3.1500,13541000,42506299.0000,3,1.645900,1,-1.269800,-15.987508,22.626775,3.631040,897.406605,0
2026-02-05,sh.600845,22.4500,22.6500,22.3900,22.4000,22.6800,12789897,287430056.8300,3,0.599300,1,-1.234600,44.875378,5.848442,5.877842,-46.985658,0
2026-02-05,sh.600846,12.7000,13.1900,12.3200,13.1300,12.9400,10686605,137482147.2300,3,1.710500,1,1.468300,31.059412,1.992436,2.292857,5.927611,0
2026-02-05,sh.600847,13.8600,13.9800,13.7000,13.7800,13.8300,2188100,30325869.0000,3,1.427400,1,-0.361500,-44.369731,4.105761,3.798884,64.642694,0
2026-02-05,sh.600848,11.4800,11.5300,11.2800,11.4700,11.4900,10743079,122623189.1100,3,0.448800,1,-0.174100,18.454648,1.478387,2.684482,-22.162255,0
2026-02-05,sh.600850,27.7700,27.8800,27.2000,27.3200,27.9200,9009960,247394621.8300,3,1.324600,1,-2.149000,36.930331,3.822179,1.663833,-231.932783,0
2026-02-05,sh.600851,7.7600,7.8800,7.7500,7.8100,7.8000,8153177,63755084.4500,3,1.104500,1,0.128200,60.333774,2.018811,11.962584,-1436.554514,0
2026-02-05,sh.600853,4.3900,4.4000,4.3500,4.3600,4.4000,17805792,77817241.3300,3,1.756500,1,-0.909100,10.929630,1.295891,0.249998,4.922245,0
2026-02-05,sh.600854,5.4200,5.4700,5.3800,5.3900,5.4100,7673300,41544418.0000,3,1.477200,1,-0.369700,23.453811,1.142167,28.906133,28.950320,0
2026-02-05,sh.600855,20.0100,20.5100,19.8900,20.2100,20.2500,14499939,293132161.3900,3,3.100700,1,-0.197500,-42.310392,6.183693,8.246629,-44.100166,0
2026-02-05,sh.600857,13.6000,13.8600,13.5300,13.7900,13.6300,4179410,57458502.7000,3,1.863100,1,1.173900,81.474410,3.472624,6.131737,-52.384992,0
2026-02-05,sh.600858,6.9400,7.0900,6.8600,7.0600,7.0300,29521061,206210457.3300,3,5.704000,1,0.426700,94.643748,1.352123,0.690671,-18.360280,0
2026-02-05,sh.600859,14.5400,14.8800,14.5300,14.7600,14.6500,27685950,407736013.9300,3,2.463500,1,0.750900,-480.416852,0.845914,1.567826,-8.829118,0
2026-02-05,sh.600860,13.2600,13.3000,13.0000,13.2000,13.4600,27886467,366796489.3900,3,6.280200,1,-1.931600,-1777.163675,9.362193,4.473772,21.324709,0
2026-02-05,sh.600861,18.2300,18.5900,18.2300,18.4100,18.2900,4258700,78430034.0000,3,1.161800,1,0.656100,9.007255,1.458889,0.238715,-135.066334,0
2026-02-05,sh.600862,25.5000,26.0300,25.3500,25.8100,25.6400,36229205,934934244.3900,3,2.600700,1,0.663000,34.340814,4.821297,7.172868,35.349030,0
2026-02-05,sh.600863,5.0100,5.0800,4.7400,4.8000,4.8600,98992396,479166989.3400,3,1.516700,1,-1.234600,16.977507,2.021661,1.687375,-59.835782,0
2026-02-05,sh.600864,6.5700,6.6300,6.5200,6.5700,6.5800,24740701,162871183.3300,3,1.189100,1,-0.152000,22.018095,1.032567,4.905406,6.098197,0
2026-02-05,sh.600865,14.3400,15.8000,14.2700,15.5000,14.5700,53459300,809106110.0000,3,14.208800,1,6.383000,231.517047,2.538400,31.582417,166.487267,0
2026-02-05,sh.600866,7.3400,7.3400,7.2000,7.2600,7.3200,19906600,144577076.0000,3,1.585200,1,-0.819700,9.415884,1.451904,0.725676,20.593565,0
2026-02-05,sh.600867,8.6700,9.2400,8.6300,8.9900,8.7000,72217059,649948791.0500,3,3.687300,1,3.333300,14.362946,2.470017,6.422781,15.087255,0
2026-02-05,sh.600868,4.2700,4.3000,4.1300,4.1600,4.3400,96733935,405446207.2500,3,5.096200,1,-4.147500,-63.022508,4.075108,25.467575,-53.806379,0
2026-02-05,sh.600869,13.3000,13.7800,12.8100,13.0300,13.4300,101563154,1340266711.8600,3,4.576300,1,-2.978400,-566.127932,6.788159,1.029804,-42952.511577,0
2026-02-05,sh.600871,2.9300,3.0900,2.8600,2.8800,3.0000,450670432,1318044930.0500,3,3.326700,1,-4.000000,87.421347,5.719034,0.670928,45.833365,0
2026-02-05,sh.600872,18.3100,19.1600,18.2700,18.8400,18.3100,26482921,498055395.0900,3,3.434900,1,2.894600,21.050727,2.577011,3.101417,50.655076,0
2026-02-05,sh.600873,10.7300,10.8100,10.6500,10.7400,10.7200,24530539,263436834.0700,3,0.874800,1,0.186600,7.988322,1.868818,1.224094,33.917066,0
2026-02-05,sh.600874,6.3300,6.3600,6.3000,6.3100,6.3300,10816600,68453859.0000,3,0.879100,1,-0.316000,11.917107,0.981236,2.028465,-28.571182,0
2026-02-05,sh.600875,25.9800,28.1100,25.8000,26.7000,25.9900,117360581,3163721813.9000,3,5.185200,1,2.731800,28.291542,2.076546,1.193502,6.986098,0
2026-02-05,sh.600876,11.0100,11.2800,10.8300,10.8700,11.0600,8729000,95803706.0000,3,2.206100,1,-1.717900,-7.319321,2.051613,1.962406,-44.706079,0
2026-02-05,sh.600877,20.0500,20.3900,19.8000,20.1400,20.5800,41284026,827669773.5200,3,3.486700,1,-2.138000,1214.832412,9.650462,24.776106,260.088672,0
2026-02-05,sh.600879,25.7900,27.1000,25.6800,26.0900,26.4600,195702815,5156122641.5000,3,5.931600,1,-1.398300,440.609082,4.147521,6.200760,-1826.816925,0
2026-02-05,sh.600880,5.9000,6.0500,5.8500,5.9800,6.0100,39029702,232919107.0000,3,3.570800,1,-0.499200,453.765866,2.151163,9.277530,189.722692,0
2026-02-05,sh.600881,1.8100,1.8200,1.7900,1.7900,1.8100,25496088,46014620.6800,3,0.788800,1,-1.105000,-2.243545,3.410818,0.856140,47.582329,0
2026-02-05,sh.600882,22.7500,23.4500,22.6200,23.1700,22.7700,8007909,185864868.2900,3,1.570000,1,1.756700,57.784860,2.556851,2.269849,198.413836,0
2026-02-05,sh.600883,8.7500,8.9100,8.6600,8.8600,8.7500,7835356,69213152.0700,3,3.318800,1,1.257100,58.138852,2.132628,37.141483,17.115140,0
2026-02-05,sh.600884,13.0100,13.2600,12.9300,13.0600,13.1400,29578081,386372657.5000,3,1.611800,1,-0.608800,-275.193024,1.339097,1.453950,-93.172861,0
2026-02-05,sh.600885,30.2300,30.2300,29.0000,29.1000,30.2300,21441540,628110838.2300,3,1.385500,1,-3.738000,24.591249,4.458311,2.788956,163.409428,0
2026-02-05,sh.600886,13.0300,13.1100,12.9500,13.0700,13.0400,15626588,203872760.6200,3,0.209600,1,0.230100,15.894026,1.578631,1.937507,16.462661,0
2026-02-05,sh.600887,27.1000,27.3500,26.9500,27.2100,27.0100,67557938,1835439251.0200,3,1.073400,1,0.740500,21.485980,3.056494,1.467242,-5.177169,0
2026-02-05,sh.600888,8.7700,8.7700,8.4200,8.5300,8.8600,33733432,289081153.4500,3,2.403200,1,-3.724600,13.892391,1.060880,1.540293,318.646118,0
2026-02-05,sh.600889,16.5500,16.7000,16.2500,16.4000,16.6300,5211644,85628306.3300,3,1.422600,1,-1.383000,-17.579441,16.135251,16.306121,-223.999608,0
2026-02-05,sh.600892,3.7900,3.7900,3.7300,3.7400,3.8000,5048400,18968632.0000,3,0.902600,1,-1.578900,-17.875512,276.995557,8.233839,-46.978372,1
2026-02-05,sh.600893,49.0000,51.3800,48.9100,49.9400,49.4100,58124092,2923424049.1200,3,2.180900,1,1.072700,549.868870,3.345485,2.969070,96.520158,0
2026-02-05,sh.600894,9.6700,9.7000,9.5700,9.6400,9.6700,4205297,40526795.1400,3,0.498800,1,-0.310200,12.356581,0.952892,1.150947,-17.280525,0
2026-02-05,sh.600895,40.4000,40.8900,40.3000,40.4700,40.7600,14796654,600162296.7100,3,0.955400,1,-0.711500,57.607441,4.697186,27.197007,46.621467,0
2026-02-05,sh.600897,18.5100,19.4200,18.5100,19.2900,18.4300,20184949,384292952.3100,3,4.841300,1,4.666300,18.105342,1.704869,4.053677,-72.995691,0
2026-02-05,sh.600900,26.4200,26.6900,26.3500,26.6000,26.3800,103244750,2739767939.5300,3,0.422000,1,0.834000,19.049217,2.943634,7.578475,173.511322,0
2026-02-05,sh.600901,6.2700,6.4900,6.2300,6.4700,6.2300,47265891,301696861.0400,3,0.816300,1,3.852300,11.853051,1.498331,6.290666,42.530739,0
2026-02-05,sh.600903,6.8400,6.9200,6.7600,6.8800,6.8700,14159391,96677020.5600,3,1.231200,1,0.145600,-468.463111,2.640879,1.180533,-63.139336,0
2026-02-05,sh.600905,4.1000,4.1200,4.0800,4.1100,4.1100,98872128,405283085.7200,3,0.345900,1,0.000000,22.035692,1.316920,4.020250,-51.220293,0
2026-02-05,sh.600906,6.8100,6.8800,6.7800,6.8500,6.8100,20453038,139809855.0700,3,0.962800,1,0.587400,22.667881,1.810358,7.908259,6.105813,0
2026-02-05,sh.600908,5.9000,6.0000,5.8900,5.9700,5.8800,29948520,178255999.0400,3,1.497900,1,1.530600,5.650339,0.586470,2.692629,-34.990092,0
2026-02-05,sh.600909,6.6500,6.6800,6.5300,6.6000,6.6900,95358155,628990942.6900,3,2.038300,1,-1.345300,14.675191,1.321620,6.097834,3.865559,0
2026-02-05,sh.600916,11.2900,11.6000,10.9500,11.1700,12.1700,197831610,2217895673.5200,3,11.775700,1,-8.216900,46.027842,2.607189,0.314576,-52.782055,0
2026-02-05,sh.600917,5.7100,5.7300,5.6700,5.7200,5.7200,7455400,42550791.0000,3,0.477600,1,0.000000,34.613123,1.560875,0.860647,-22.263380,0
2026-02-05,sh.600918,6.4200,6.4700,6.3900,6.4400,6.4300,27324300,175734744.7600,3,0.696000,1,0.155500,29.397988,1.332164,4.088521,5.604352,0
2026-02-05,sh.600919,10.1900,10.4700,10.1800,10.4300,10.1800,149793451,1553068870.6500,3,0.816300,1,2.455800,5.598089,0.750286,2.233554,3.605285,0
2026-02-05,sh.600925,4.7100,4.7500,4.6600,4.7400,4.7900,23048844,108337436.4800,3,1.435100,1,-1.043800,101.659389,2.120839,2.608172,-23.971572,0
2026-02-05,sh.600926,16.1700,16.6700,16.1600,16.5900,16.1400,64716495,1065760470.4200,3,0.892800,1,2.788100,6.319546,0.904415,3.099589,2.084626,0
2026-02-05,sh.600927,15.5000,15.6100,15.2000,15.4300,15.4800,5936401,91498087.5000,3,0.407800,1,-0.323000,35.598987,1.708561,1.967263,-11.238626,0
2026-02-05,sh.600928,3.7500,3.8400,3.7400,3.8300,3.7500,38890747,147795100.4100,3,0.879200,1,2.133300,6.388059,0.493320,1.644277,0.743541,0
2026-02-05,sh.600929,6.0800,6.1600,6.0400,6.0600,6.0900,15038327,91466602.7800,3,0.916900,1,-0.492600,-4367.185598,1.318861,2.219925,-148.730435,0
2026-02-05,sh.600930,5.9700,5.9800,5.9300,5.9500,5.9700,44008984,261705574.6600,3,1.362600,1,-0.335000,28.062864,2.249463,6.445304,-47.924650,0
2026-02-05,sh.600933,19.6500,19.7000,19.0700,19.2900,19.5900,10875837,209991975.0800,3,1.112800,1,-1.531400,18.179472,2.128082,2.805962,3736.775733,0
2026-02-05,sh.600935,2.7800,2.8100,2.7500,2.7800,2.8000,25455600,70755316.0000,3,0.725800,1,-0.714300,-29.654477,1.669202,2.079853,53.593953,0
2026-02-05,sh.600936,4.2700,4.3300,4.2500,4.2800,4.2900,25930066,111513149.8200,3,1.551700,1,-0.233100,-12.950404,7.326377,3.010850,-5.238842,0
2026-02-05,sh.600938,34.3400,34.7000,33.3300,33.6800,34.0100,44198798,1492866855.5900,3,1.478200,1,-0.970300,12.988518,2.037791,3.933336,-45.607090,0
2026-02-05,sh.600939,3.1700,3.2000,3.1600,3.1700,3.1900,11238500,35713290.0000,3,0.590700,1,-0.627000,-5.976662,0.803870,0.236024,-14.055851,0
2026-02-05,sh.600941,94.9300,95.9500,94.7000,95.3600,94.9300,10909588,1040225441.3300,3,1.208500,1,0.453000,14.453785,1.510918,1.977697,-87.263352,0
2026-02-05,sh.600955,19.3300,19.6600,18.8500,18.8700,19.5000,6738300,128600240.0000,3,1.225100,1,-3.230800,-49.266408,1.233586,1.145442,-32.972698,0
2026-02-05,sh.600956,7.6500,7.6600,7.5300,7.5500,7.6400,7486899,56725230.3700,3,0.318900,1,-1.178000,19.629843,1.520366,1.701152,24.902489,0
2026-02-05,sh.600958,10.2700,10.4200,10.2100,10.3400,10.2800,64046984,660943964.9200,3,0.857400,1,0.583700,17.031152,1.113169,3.856547,66.266611,0
2026-02-05,sh.600959,4.1900,4.3900,4.1800,4.2800,4.2400,133803455,572651156.4900,3,2.675700,1,0.943400,46.943151,0.941378,2.630234,-79.512639,0
2026-02-05,sh.600960,5.2100,5.2400,5.1500,5.1500,5.2200,12555740,65104748.8000,3,1.320900,1,-1.341000,-5.666030,1.324749,1.488756,-17.707664,0
2026-02-05,sh.600961,20.2000,20.6200,19.2900,19.9300,20.7200,32051767,635752291.8500,3,4.263300,1,-3.812700,20.116701,5.835040,0.998277,28.800638,0
2026-02-05,sh.600962,22.0100,22.7700,22.0100,22.3000,22.4500,3356430,75274840.9900,3,1.280100,1,-0.668200,102.725629,6.201959,2.565701,215.661323,0
2026-02-05,sh.600963,6.1000,6.1400,5.7200,5.8000,6.1500,96943699,568378860.1700,3,5.515800,1,-5.691100,110.514385,1.276240,1.309586,-39.004435,0
2026-02-05,sh.600965,6.2500,6.3200,6.1600,6.1700,6.2800,14388200,89447626.0000,3,1.757400,1,-1.751600,65.989457,2.321909,4.584029,-986.817947,0
2026-02-05,sh.600966,7.7000,7.7000,7.3800,7.3800,7.7200,17467700,130375670.0000,3,1.306600,1,-4.404100,66.611006,1.337000,0.508199,-24.938536,0
2026-02-05,sh.600967,16.8700,16.9500,16.6200,16.6800,16.8600,17221500,288620722.0000,3,1.012000,1,-1.067600,54.379076,2.392685,2.683421,51.217555,0
2026-02-05,sh.600968,4.2400,4.3100,4.1500,4.2100,4.2700,82327318,347361122.0200,3,0.809900,1,-1.405200,11.201942,1.495467,0.810676,30.356635,0
2026-02-05,sh.600969,12.1100,12.2300,11.8300,11.8500,12.0800,7810020,93549578.4000,3,2.110500,1,-1.904000,-278.215683,1.204688,1.081672,-13.334209,0
2026-02-05,sh.600970,11.0000,11.2100,10.9000,10.9500,11.0000,21018699,231798465.3900,3,0.933400,1,-0.454500,9.579030,1.295670,0.605750,35.143483,0
2026-02-05,sh.600971,7.1000,7.1000,6.8600,6.8700,7.2100,45481645,314790179.7500,3,3.790100,1,-4.715700,300.145607,0.688587,1.542075,-10.340037,0
2026-02-05,sh.600973,7.2700,7.2700,7.0700,7.1000,7.3000,29028975,207104727.6100,3,2.116800,1,-2.739700,-36.692527,2.723516,0.200485,-21.276987,0
2026-02-05,sh.600975,5.7700,5.8100,5.7300,5.7500,5.7800,11422787,65794385.5100,3,0.914100,1,-0.519000,288.298837,2.380606,1.002945,-16.772599,0
2026-02-05,sh.600976,34.3800,34.8700,34.3100,34.7800,34.3800,1486121,51580796.1700,3,0.969400,1,1.163500,16.350591,2.066072,1.680060,-178.178349,0
2026-02-05,sh.600977,17.0800,18.0000,17.0700,17.5300,17.3100,85644062,1515082410.1100,3,4.587300,1,1.270900,-3742.121385,2.960356,7.293533,-25.948726,0
2026-02-05,sh.600979,4.6200,4.6300,4.5800,4.5900,4.6400,14657790,67458672.2000,3,1.189500,1,-1.077600,39.437957,1.247409,1.897978,98.906111,0
2026-02-05,sh.600980,23.6100,23.7700,23.1900,23.3100,23.7700,3733100,87386480.0000,3,1.987900,1,-1.935200,39.750615,3.046788,3.368924,132.508335,0
2026-02-05,sh.600981,3.4000,3.5100,3.3800,3.4400,3.4000,44559988,154257530.3300,3,1.987100,1,1.176500,49.812295,1.521040,0.138084,35.156022,0
2026-02-05,sh.600982,4.7300,4.7300,4.6400,4.6500,4.7300,13618400,63711941.0000,3,1.218500,1,-1.691300,15.776575,1.180335,1.349833,37.067789,0
2026-02-05,sh.600983,11.9500,12.6000,11.8100,12.2600,12.0000,15549309,190626543.5100,3,2.028800,1,2.166700,20.186069,3.389058,2.124917,53.215003,0
2026-02-05,sh.600984,4.5400,4.6200,4.4800,4.4800,4.5600,49254291,222963965.1400,3,3.918300,1,-1.754400,-4.329730,1.689336,2.238837,-8.853376,0
2026-02-05,sh.600985,12.8000,12.8000,12.4000,12.6100,13.1700,38946182,489317462.2300,3,1.446100,1,-4.252100,19.009947,0.820364,0.828058,-13.233664,0
2026-02-05,sh.600986,14.9900,16.1500,14.9900,15.5200,14.8100,498689535,7726129578.9000,3,33.528200,1,4.794100,182.125356,4.418117,2.994242,117.661757,0
2026-02-05,sh.600987,7.4300,7.6400,7.3800,7.5400,7.4600,20346305,153046484.1300,3,1.993100,1,1.072400,10.583667,1.194134,0.704409,113.548693,0
2026-02-05,sh.600988,37.0000,38.2500,36.0000,36.8300,38.5300,104498397,3855937928.4500,3,6.280300,1,-4.412100,25.759335,5.590061,6.114366,29.357265,0
2026-02-05,sh.600989,22.4500,22.8900,22.0100,22.2000,22.5400,54320538,1215929901.5200,3,0.740700,1,-1.508400,15.143152,3.542605,3.678843,-116.092090,0
2026-02-05,sh.600990,27.7100,27.7300,27.1500,27.2100,27.5100,4436490,121588972.0300,3,1.649200,1,-1.090500,-24.948877,4.092650,4.751116,347.149309,0
2026-02-05,sh.600992,14.3300,14.7000,14.3300,14.4900,14.5300,9948800,144583966.0000,3,4.059200,1,-0.275300,-49.963311,2.549794,1.697807,-125.488432,0
2026-02-05,sh.600993,27.8900,28.4000,27.7300,28.0900,27.8900,7219947,202959578.7900,3,1.677900,1,0.717100,21.183164,2.816247,3.208782,-18.249342,0
2026-02-05,sh.600995,14.0800,14.0800,13.3500,13.3700,14.0500,29278737,398533783.3900,3,0.916100,1,-4.839900,28.212820,1.905830,6.126530,80.069964,0
2026-02-05,sh.600996,8.8800,9.0100,8.8400,8.8900,8.9400,17898220,159784119.4900,3,1.435500,1,-0.559300,-9.085105,4.739477,8.834511,-229.203612,0
2026-02-05,sh.600997,6.4000,6.4000,6.2300,6.2600,6.5600,42348400,266510102.9900,3,2.667100,1,-4.573200,28.174328,0.707911,0.536426,-34.908606,0
2026-02-05,sh.600998,5.2700,5.3100,5.2200,5.2700,5.2800,37927774,199741183.7000,3,0.752200,1,-0.189400,9.536101,1.003647,0.168501,-1054.043117,0
2026-02-05,sh.600999,16.8500,17.0800,16.8100,17.0000,16.8700,46432805,786782810.2200,3,0.625600,1,0.770600,12.019847,1.256764,5.937485,10.801588,0
2026-02-05,sh.601000,4.3500,4.4000,4.3000,4.3200,4.3800,43324995,188366775.5000,3,0.731100,1,-1.369900,14.337632,1.221027,4.626810,-13.895617,0
2026-02-05,sh.601001,15.9000,15.9500,15.4800,15.7100,15.8600,47861475,751129637.2700,3,2.859600,1,-0.945800,13.597218,1.398642,2.003526,-6.610848,0
2026-02-05,sh.601002,5.6600,5.7200,5.6100,5.6200,5.6700,17279387,97553067.8100,3,1.810400,1,-0.881800,25.366834,1.262646,2.257805,33.619157,0
2026-02-05,sh.601003,5.1000,5.1700,5.0400,5.0700,5.1200,18316340,93295115.4000,3,0.714700,1,-0.976600,24.333109,1.439718,0.191546,53.376096,0
2026-02-05,sh.601005,1.5000,1.5000,1.4700,1.4900,1.5000,161870801,240906163.4900,3,1.947100,1,-0.666700,-6.389656,0.803825,0.512450,47.627392,0
2026-02-05,sh.601006,5.0800,5.1200,5.0700,5.1100,5.0900,180246281,918409488.2600,3,0.894600,1,0.392900,15.458122,0.618671,1.346286,-29.071565,0
2026-02-05,sh.601007,8.4400,8.6300,8.4200,8.5200,8.4900,12066480,103136756.8400,3,3.094000,1,0.353400,111.385341,2.097883,1.899111,22.965311,0
2026-02-05,sh.601008,5.3000,5.3400,5.2800,5.2800,5.3000,12391400,65710883.0000,3,0.998800,1,-0.377400,42.667616,1.588789,2.553780,4.802789,0
2026-02-05,sh.601009,10.8200,11.2500,10.8200,11.1800,10.7800,119418997,1326311644.6300,3,0.965900,1,3.710600,6.338546,0.759128,2.488741,23.258903,0
2026-02-05,sh.601010,2.6800,2.7200,2.6600,2.7000,2.6900,26905950,72420680.0000,3,1.455900,1,0.371700,46.757304,1.165595,2.955547,-19.453646,0
2026-02-05,sh.601011,3.6500,3.7000,3.5200,3.5300,3.6400,147162415,526783039.1500,3,7.682100,1,-3.022000,-48.030867,1.174180,10.539148,-1443.226539,0
2026-02-05,sh.601012,19.0100,19.0100,18.1600,18.2300,19.3100,325825007,6013712042.3000,3,4.299600,1,-5.593000,-24.956908,2.427229,1.844332,253.553774,0
2026-02-05,sh.601015,5.0800,5.0800,5.0800,5.0800,4.6200,49173240,249800059.2000,3,2.407500,1,9.956700,-8.219916,1.840165,0.942193,-56.743382,0
2026-02-05,sh.601016,3.1700,3.1700,3.0800,3.1000,3.1800,104236210,324110799.0000,3,1.756500,1,-2.515700,22.191397,1.141975,4.315155,21.165543,0
2026-02-05,sh.601018,4.1000,4.1400,4.0400,4.0800,4.1000,71740256,292588466.0900,3,0.368800,1,-0.487800,15.359596,0.996805,2.555598,-123.563575,0
2026-02-05,sh.601019,9.0000,9.1500,8.9800,9.0800,9.0100,9215732,83652987.0900,3,0.441600,1,0.776900,12.271819,1.218342,1.637714,-20.689076,0
2026-02-05,sh.601020,31.2700,31.9100,30.0800,30.7400,32.0300,40196834,1239234496.6900,3,4.902300,1,-4.027500,27.952835,5.891996,11.738725,63.286996,0
2026-02-05,sh.601021,58.7300,59.7900,58.6000,59.4400,58.9000,4625506,274517739.6000,3,0.472800,1,0.916800,29.014896,3.198930,2.796293,-22.674464,0
2026-02-05,sh.601022,9.7000,9.7800,9.5300,9.5800,9.6800,10527940,101428022.4400,3,0.804500,1,-1.033100,18.388914,2.082507,2.085421,68.561765,0
2026-02-05,sh.601026,19.7700,19.9000,19.6400,19.7500,19.8000,2693730,53289076.0000,3,2.513200,1,-0.252500,61.869520,6.636453,3.418021,136.259705,0
2026-02-05,sh.601033,15.3600,15.4000,15.2600,15.3000,15.3900,3412600,52284448.0000,3,1.421900,1,-0.584800,15.002281,1.286096,3.262959,-20.414393,0
2026-02-05,sh.601038,14.3300,14.3600,13.7600,13.8300,14.3600,19103431,265996590.7000,3,2.610800,1,-3.690800,19.060314,1.982021,1.429559,-21.631032,0
2026-02-05,sh.601058,16.6700,16.9300,16.5600,16.6200,16.6500,22319260,373927251.8000,3,0.678800,1,-0.180200,14.806719,2.593894,1.528138,-74.183046,0
2026-02-05,sh.601059,17.7300,17.8100,17.6700,17.8000,17.7400,22235277,395029988.0500,3,0.685600,1,0.338200,31.489200,2.834436,14.576038,10.994157,0
2026-02-05,sh.601061,14.4100,14.5100,14.0200,14.1500,14.6500,14832169,210974993.7600,3,2.959600,1,-3.413000,24.352161,2.932688,0.500262,26.687719,0
2026-02-05,sh.601065,8.5900,8.6300,8.5200,8.5700,8.5900,6758500,57962676.0000,3,1.623600,1,-0.232800,18.373701,1.244875,2.327689,179.999150,0
2026-02-05,sh.601066,24.3500,24.7800,24.3300,24.5800,24.3300,21869394,536442980.3100,3,0.336700,1,1.027500,19.038332,2.329825,7.552256,3.457993,0
2026-02-05,sh.601068,5.9700,6.0400,5.8000,5.8000,6.0100,20609128,121271912.2100,3,0.805200,1,-3.494200,195.074580,5.934709,0.750840,47.582105,0
2026-02-05,sh.601069,36.2100,37.3000,35.0000,35.5000,37.6000,47260596,1700881458.7600,3,5.327000,1,-5.585100,68.055721,7.102965,2.616666,-90.831041,0
2026-02-05,sh.601077,6.3800,6.5800,6.3300,6.5700,6.3500,78332381,509904184.9700,3,0.886300,1,3.464600,6.271062,0.567116,2.626866,81.609328,0
2026-02-05,sh.601083,11.8400,11.9300,11.7500,11.8600,11.8700,6188084,73290922.8000,3,3.187800,1,-0.084200,10.326690,1.679574,2.230504,45.220384,0
2026-02-05,sh.601086,9.9800,10.5500,9.9500,10.3200,10.0100,20606198,210674390.7400,3,3.094000,1,3.096900,82.441173,4.322471,9.400955,-43.822968,0
2026-02-05,sh.601088,41.9000,42.3500,41.1800,41.8600,42.4200,36101377,1504631974.4200,3,0.218900,1,-1.320100,15.305133,1.998861,2.809301,-19.653951,0
2026-02-05,sh.601089,26.3700,26.6000,26.0200,26.4100,26.3800,2228500,58672201.0000,3,0.464300,1,0.113700,27.375831,3.439782,3.707506,20.611676,0
2026-02-05,sh.601096,6.2800,6.5600,5.8500,5.8900,6.1900,202374531,1224287644.0400,3,12.317600,1,-4.846500,47.088932,3.437105,1.590950,69.581630,0
2026-02-05,sh.601098,10.8300,11.0600,10.8200,11.0600,10.8700,13247256,145421724.3900,3,0.737600,1,1.747900,12.542170,1.260937,1.592801,-4.160691,0
2026-02-05,sh.601099,4.1800,4.2500,4.1700,4.2100,4.2000,158045169,664717310.9400,3,2.318600,1,0.238100,87.113809,2.885459,19.243176,21.794051,0
2026-02-05,sh.601100,120.0000,122.5800,117.5600,121.0000,119.8700,13225076,1590230112.8100,3,0.986300,1,0.942700,57.857386,9.512105,15.837813,-131.424270,0
2026-02-05,sh.601101,7.8700,7.9000,7.6700,7.7400,8.1100,24202452,187876391.3200,3,1.680700,1,-4.562300,23.645758,0.922542,1.295883,-14.934321,0
2026-02-05,sh.601106,5.2000,5.2400,5.0900,5.1300,5.2900,101836608,523974877.5200,3,1.485000,1,-3.024600,-9.687571,6.670791,3.685693,28.859286,0
2026-02-05,sh.601107,6.5200,6.6300,6.4800,6.5200,6.5000,12013797,78633542.3000,3,0.555500,1,0.307700,12.186661,1.187629,2.193584,15.517103,0
2026-02-05,sh.601108,9.0000,9.1500,8.9100,9.0300,9.0100,71234234,642914588.9500,3,1.534000,1,0.222000,14.433265,1.135444,6.070979,19.415073,0
2026-02-05,sh.601111,9.0000,9.2300,8.9300,9.0800,9.0200,111768253,1016533278.5800,3,0.960400,1,0.665200,585.085022,3.418098,0.940944,40.086306,0
2026-02-05,sh.601112,20.0800,20.1200,19.5800,19.5800,20.5400,35228118,698144569.5200,3,19.874800,1,-4.673800,43.745138,9.553995,5.020208,-79.480167,0
2026-02-05,sh.601113,4.6300,4.6300,4.5500,4.5600,4.6300,11709700,53628154.0000,3,1.060500,1,-1.511900,14.297122,1.267239,0.989446,-267.076161,0
2026-02-05,sh.601116,18.5000,20.2000,18.2500,20.2000,18.3600,77038191,1478094540.0500,3,14.066300,1,10.021800,81.369187,3.440493,2.841850,132.180770,0
2026-02-05,sh.601117,8.5000,8.6200,8.3200,8.3800,8.5400,106289803,895999603.4900,3,1.745900,1,-1.873500,8.413172,0.780954,0.271958,-28.877103,0
2026-02-05,sh.601118,6.9700,7.0400,6.7000,6.7300,7.0300,77308379,525909682.2200,3,1.806500,1,-4.267400,99.753404,2.970742,0.567678,-165.656099,0
2026-02-05,sh.601121,8.1000,8.1000,7.7100,7.7400,8.1200,22682800,178346244.0000,3,5.969200,1,-4.679800,73.964697,1.968400,4.532362,81.198695,0
2026-02-05,sh.601126,40.3900,40.4000,36.4200,36.4200,40.4700,40917600,1519374246.1800,3,4.959200,1,-10.007400,37.442627,6.416161,3.798180,-108.930861,0
2026-02-05,sh.601127,110.9900,111.0300,108.3800,109.3000,110.2900,16029017,1753788860.9000,3,1.061700,1,-0.897600,26.369696,6.848252,1.277128,16.349156,0
2026-02-05,sh.601128,7.2800,7.4100,7.2600,7.3900,7.2600,54985190,405030921.5700,3,1.657900,1,1.790600,5.842631,0.824193,2.114392,3.460110,0
2026-02-05,sh.601133,18.0200,18.2600,17.2600,17.7800,18.4900,22317117,395493375.4900,3,14.939200,1,-3.839900,50.331971,3.208243,2.004784,55.209190,0
2026-02-05,sh.601136,18.0300,18.3000,17.9600,18.1700,18.0300,11993337,217611865.0200,3,0.438800,1,0.776500,47.810101,3.615187,19.251757,20.460709,0
2026-02-05,sh.601137,19.1200,19.2300,18.5800,18.6800,19.3800,18490588,347399697.0700,3,2.015200,1,-3.612000,15.090548,1.944143,0.877846,-34.109938,0
2026-02-05,sh.601138,52.2700,54.3200,52.2000,53.8800,53.4100,144385646,7764330346.3600,3,0.727100,1,0.880000,35.009241,6.623982,1.377583,28.680227,0
2026-02-05,sh.601139,6.8400,6.8400,6.7400,6.8000,6.8400,15092191,102489770.8900,3,0.524600,1,-0.584800,13.905407,1.238663,0.656533,47.128414,0
2026-02-05,sh.601155,17.8000,18.1700,17.5300,17.8000,18.0800,28717052,511188456.6300,3,1.273100,1,-1.548700,147.758886,0.648986,0.559140,-8.582532,0
2026-02-05,sh.601156,18.7900,18.7900,18.3900,18.5800,18.6800,5182675,96111708.0000,3,0.548700,1,-0.535300,11.251649,1.548523,1.248228,-16.562561,0
2026-02-05,sh.601158,4.5500,4.5700,4.5300,4.5600,4.5500,9720200,44204853.0000,3,0.202500,1,0.219800,26.158045,1.267925,2.968348,23.916969,0
2026-02-05,sh.601162,4.1500,4.1900,4.1300,4.1600,4.1600,144552674,601092082.0000,3,1.681200,1,0.000000,63.513245,1.527777,12.073640,33.603155,0
2026-02-05,sh.601163,15.5500,15.6500,15.4800,15.5600,15.6000,6039591,94028500.5300,3,0.754900,1,-0.256400,13.807814,0.907761,1.261973,970.664372,0
2026-02-05,sh.601166,19.2000,19.4900,19.2000,19.3800,19.1800,119848229,2318435835.6200,3,0.566300,1,1.042800,5.294197,0.527109,1.927866,-40.603519,0
2026-02-05,sh.601168,32.7100,33.1300,31.1100,31.8300,33.3900,82520665,2638761890.7900,3,3.462900,1,-4.672100,24.120620,4.289158,1.228499,327.820024,0
2026-02-05,sh.601169,5.3400,5.4200,5.3300,5.4000,5.3400,199038694,1072762913.0000,3,0.941400,1,1.123600,4.410744,0.410851,1.646222,0.505654,0
2026-02-05,sh.601177,16.6700,16.6900,16.5300,16.5700,16.7200,4205400,69841275.0000,3,1.051200,1,-0.897100,26.104834,2.421875,2.829378,804.965501,0
2026-02-05,sh.601179,15.3500,15.3600,14.3200,14.4300,15.5400,285130873,4168270910.6900,3,5.562600,1,-7.142900,61.336432,3.269221,3.076925,98.450543,0
2026-02-05,sh.601186,7.2600,7.2800,7.2300,7.2700,7.2800,67865989,492507208.0000,3,0.590000,1,-0.137400,4.628181,0.361827,0.095160,8.572699,0
2026-02-05,sh.601187,7.2300,7.9300,7.2200,7.9300,7.2100,50214234,385488845.0400,3,1.906800,1,9.986100,7.945438,0.795526,3.573819,-1.485362,0
2026-02-05,sh.601188,3.6800,3.6900,3.6500,3.6600,3.6800,16306000,59799972.0000,3,1.249100,1,-0.543500,30.383170,1.026772,5.301075,-16.456459,0
2026-02-05,sh.601198,13.8000,14.0200,13.7900,13.9900,13.8300,33589525,467252847.1800,3,1.039100,1,1.156900,20.553326,1.528170,4.532042,12.537206,0
2026-02-05,sh.601199,5.9200,5.9500,5.8900,5.9400,5.9300,5637500,33416534.0000,3,0.602800,1,0.168600,13.686748,1.220756,3.593012,22.266580,0
2026-02-05,sh.601200,8.6000,8.6000,8.5000,8.5400,8.6000,8141907,69530216.8600,3,0.604800,1,-0.697700,19.194631,0.991687,1.761861,591.054831,0
2026-02-05,sh.601208,26.7000,27.0200,25.4200,25.7000,27.0300,38993946,1011055805.7600,3,3.860100,1,-4.920500,113.977644,4.311657,5.163613,-435.528987,0
2026-02-05,sh.601211,19.9800,20.3400,19.7700,20.1500,19.9900,92980811,1865770929.1900,3,0.689100,1,0.800400,13.889297,1.130682,5.339658,1.454102,0
2026-02-05,sh.601212,10.4300,10.7600,10.2200,10.2200,11.3600,307855786,3200036137.6300,3,4.157500,1,-10.035200,427.843449,4.905114,0.837277,24.222515,0
2026-02-05,sh.601216,5.7000,5.7900,5.5800,5.6100,5.7100,84229053,476095701.8900,3,0.998200,1,-1.751300,14.079061,1.642249,1.855590,44.297166,0
2026-02-05,sh.601218,5.5500,5.5500,5.3800,5.3900,5.5500,27737277,150604022.2600,3,2.862400,1,-2.882900,48.279265,1.763918,3.760053,79.366167,0
2026-02-05,sh.601222,6.0600,6.0600,5.8200,5.8300,6.0600,46386418,272941170.5400,3,2.251600,1,-3.795400,59.547878,0.773667,2.287615,12.329080,0
2026-02-05,sh.601225,22.3100,22.3200,21.8900,22.0300,22.6800,60785620,1342469313.4900,3,0.627000,1,-2.866000,12.132403,2.261791,1.280532,-23.316479,0
2026-02-05,sh.601226,12.2600,12.5400,11.4600,11.4600,12.7300,123341918,1454690646.2700,3,10.612600,1,-9.976400,104.346873,3.052622,1.455767,-16.390661,0
2026-02-05,sh.601228,3.5300,3.5300,3.4500,3.4700,3.5200,29173190,101546715.3000,3,0.386700,1,-1.420500,29.458783,1.233129,1.724079,406.070107,0
2026-02-05,sh.601229,9.3800,9.8200,9.3800,9.7700,9.3700,108911044,1052877614.2400,3,0.766500,1,4.268900,5.772728,0.578748,2.543262,3.551805,0
2026-02-05,sh.601231,33.8100,34.9300,32.1000,33.8500,34.4300,45921386,1534212833.9600,3,1.922100,1,-1.684600,43.633049,3.941968,1.366182,45.144549,0
2026-02-05,sh.601233,20.8800,21.1000,20.4100,20.8800,20.8800,25453554,528729706.9200,3,1.062400,1,0.000000,28.739409,1.323206,0.540895,-14.260174,0
2026-02-05,sh.601236,8.2000,8.3100,8.1900,8.2500,8.2600,20503504,169053087.3000,3,0.434700,1,-0.121100,39.850031,1.576132,18.020686,19.011231,0
2026-02-05,sh.601238,7.9100,8.0000,7.9000,7.9700,7.9500,21459699,170894813.8000,3,0.290600,1,0.251600,-22.523133,0.735886,0.812937,-11.556430,0
2026-02-05,sh.601279,4.5700,4.6000,4.5200,4.5400,4.5700,10555800,48080600.0000,3,0.665700,1,-0.656500,-146.330840,1.705582,1.648196,25.257819,0
2026-02-05,sh.601288,6.6700,6.7200,6.6500,6.7000,6.6700,334127511,2235420173.7800,3,0.104700,1,0.449800,8.125884,0.856266,3.251282,15.291274,0
2026-02-05,sh.601298,9.8300,9.9600,9.6200,9.7200,9.7900,34948783,342477939.9400,3,0.648200,1,-0.715000,11.505202,1.390851,3.285986,17.896996,0
2026-02-05,sh.601311,9.5400,9.5400,9.3800,9.4400,9.5700,13129890,124065105.1000,3,1.119200,1,-1.358400,14.857850,1.124008,0.675221,26.690073,0
2026-02-05,sh.601318,67.1700,67.9900,66.1600,67.3500,67.4000,90819121,6088193606.1600,3,0.852000,1,-0.074200,8.693620,1.236357,1.122476,106.884285,0
2026-02-05,sh.601319,9.0800,9.1500,8.9300,9.0600,9.0900,57055428,514639039.6800,3,0.160700,1,-0.330000,7.508796,1.275729,0.595007,27.843597,0
2026-02-05,sh.601326,3.6000,3.6000,3.5500,3.5700,3.5700,22960778,82090375.4600,3,0.482600,1,0.000000,12.338043,0.983453,2.846400,13.614855,0
2026-02-05,sh.601328,6.6800,6.7700,6.6700,6.7600,6.6700,173216618,1166679849.6600,3,0.664400,1,1.349300,6.295070,0.526025,2.268250,22.869035,0
2026-02-05,sh.601330,7.2200,7.2500,7.1600,7.1800,7.2200,6165689,44404375.9600,3,0.623400,1,-0.554000,14.509541,1.253160,2.989030,46.876642,0
2026-02-05,sh.601333,3.1400,3.1500,3.1200,3.1400,3.1500,47952175,150350271.7400,3,0.848400,1,-0.317500,17.015130,0.789172,0.786121,41.911226,0
2026-02-05,sh.601336,81.5000,82.3700,79.5900,80.4000,81.5500,16228032,1305190703.4800,3,0.778200,1,-1.410200,6.530530,2.495439,1.540129,47.412391,0
2026-02-05,sh.601339,6.9400,7.5100,6.8400,7.2400,6.8300,47663400,348503604.7000,3,3.178500,1,6.002900,19.836998,1.183310,1.430121,-19.890579,0
2026-02-05,sh.601360,12.0800,12.1900,11.8100,11.8400,12.2800,177236350,2117051253.7800,3,2.532100,1,-3.583100,-130.073697,2.823437,9.858237,-147.811695,0
2026-02-05,sh.601366,4.9600,5.0700,4.9100,5.0700,4.9700,31154262,156038209.4400,3,3.338900,1,2.012100,312.054549,1.195146,0.659845,50.487787,0
2026-02-05,sh.601368,5.3200,5.3300,5.2600,5.2700,5.3000,5244456,27743957.1200,3,0.594000,1,-0.566000,52.150033,0.959383,1.859982,14.424715,0
2026-02-05,sh.601369,11.1700,11.2300,10.8600,10.9500,11.1700,16495955,181059543.1600,3,0.966800,1,-1.969600,19.007047,2.148296,1.855062,185.445196,0
2026-02-05,sh.601375,4.3700,4.4300,4.3500,4.4100,4.3800,48147200,211596879.0000,3,1.396600,1,0.684900,43.367415,1.429445,11.146059,6.426845,0
2026-02-05,sh.601377,6.8000,6.9600,6.7800,6.9000,6.8400,123600713,852716931.2200,3,1.431200,1,0.877200,17.707846,1.061213,3.971893,137.321142,0
2026-02-05,sh.601388,3.9000,3.9700,3.8000,3.8300,3.9900,122041166,471987459.7600,3,5.544200,1,-4.010000,217.347321,1.841250,1.116091,211.056039,0
2026-02-05,sh.601390,5.6500,5.7100,5.5500,5.5700,5.7000,308223022,1729078314.5100,3,1.505100,1,-2.280700,5.542839,0.435687,0.123200,-47.709184,0
2026-02-05,sh.601398,7.2500,7.3200,7.2300,7.3000,7.2400,310157513,2259528657.6000,3,0.115000,1,0.828700,7.094190,0.680419,3.114362,-2.627510,0
2026-02-05,sh.601399,5.2600,5.2600,5.1200,5.1600,5.2200,95476755,494050660.3400,3,1.323600,1,-1.149400,77.731813,2.515192,2.680664,41.407102,0
2026-02-05,sh.601456,9.7600,9.8600,9.7300,9.8200,9.7800,38877234,381008610.1200,3,0.890000,1,0.409000,31.617802,1.072342,8.305618,2.462968,0
2026-02-05,sh.601500,4.7000,4.7100,4.6600,4.6900,4.7000,15095700,70751747.8000,3,0.953600,1,-0.212800,71.573187,1.214841,0.910698,-421.016256,0
2026-02-05,sh.601512,9.7600,9.8200,9.6900,9.7800,9.8000,4732800,46171327.0000,3,0.315800,1,-0.204100,18.443668,0.972054,4.441780,232.527277,0
2026-02-05,sh.601515,4.0800,4.1400,4.0500,4.1000,4.0800,15085197,61871053.3000,3,0.783900,1,0.490200,-19.994320,1.564860,6.103351,25.882477,0
2026-02-05,sh.601518,2.9300,2.9400,2.9000,2.9200,2.9300,13748620,40193410.8000,3,0.727200,1,-0.341300,10.130956,0.982364,3.628086,27.859596,0
2026-02-05,sh.601519,12.7500,12.8800,12.6300,12.7200,12.8200,29808537,380052747.2500,3,1.498500,1,-0.780000,-852.621169,18.658162,30.994552,-122.989241,0
2026-02-05,sh.601528,5.4300,5.5500,5.4300,5.5400,5.4300,28190654,155041457.7400,3,1.625300,1,2.025800,5.418852,0.563109,2.459758,-7.226960,0
2026-02-05,sh.601555,9.4500,9.5900,9.4000,9.4900,9.5000,64714346,614048293.8700,3,1.302400,1,-0.105300,13.591348,1.114844,3.509113,4.909645,0
2026-02-05,sh.601566,12.3800,13.1800,12.3200,13.1000,12.4000,45351161,581374858.6300,3,7.892100,1,5.645200,21.427671,1.845963,2.472400,-28.518732,0
2026-02-05,sh.601567,24.4600,24.4600,23.6100,23.6800,24.6100,18688166,447112074.0800,3,1.329900,1,-3.779000,16.876866,2.679230,2.182471,146.834535,0
2026-02-05,sh.601568,4.1500,4.1700,4.0800,4.1000,4.1600,24503489,100955173.6000,3,0.616900,1,-1.442300,79.525383,1.421367,1.744700,-60.097260,0
2026-02-05,sh.601577,9.7000,9.9300,9.6700,9.9100,9.6700,27851892,273794485.9400,3,0.692700,1,2.481900,4.861672,0.570687,1.521920,1.379294,0
2026-02-05,sh.601579,22.0000,23.0600,21.8800,22.1000,22.2800,21541922,483345355.6000,3,4.492900,1,-0.807900,53.027248,2.912576,5.948364,-102.890273,0
2026-02-05,sh.601588,1.8600,1.9000,1.8400,1.8800,1.8600,60195695,113174580.7300,3,2.263000,1,1.075300,-1.554091,0.841158,0.932481,-5.062779,0
2026-02-05,sh.601595,28.7500,29.6800,28.7200,29.2100,28.9200,9697120,284352177.4000,3,2.163600,1,1.002800,107.256571,7.562143,15.343961,174.778622,0
2026-02-05,sh.601598,5.8400,5.9400,5.8000,5.8700,5.7700,34439359,202443843.9600,3,0.667800,1,1.733100,11.164651,1.058604,0.444263,45.911650,0
2026-02-05,sh.601599,4.4700,4.9000,4.4700,4.9000,4.4500,46393702,222835684.8000,3,3.997600,1,10.112400,47.203996,3.744171,1.772745,-165.015862,0
2026-02-05,sh.601600,13.1300,13.2600,12.3600,12.6400,13.4400,383179127,4875000353.6000,3,2.908700,1,-5.952400,15.205246,2.953945,0.904241,29.393363,0
2026-02-05,sh.601601,44.8500,45.2300,43.8100,44.7500,44.7300,26493524,1179276316.0300,3,0.387000,1,0.044700,8.223692,1.514894,0.981938,-834.322248,0
2026-02-05,sh.601606,44.3600,44.5900,43.8700,44.0600,44.7700,9950972,439069325.1700,3,1.374000,1,-1.585900,-104.643571,14.419839,20.786659,354.307746,0
2026-02-05,sh.601607,17.2900,17.3300,17.2200,17.3100,17.2700,10141273,175254790.1900,3,0.363600,1,0.231600,11.370597,0.847048,0.228689,30.264465,0
2026-02-05,sh.601608,7.7100,7.8800,7.4800,7.5200,7.7900,68717296,523483420.9600,3,1.500500,1,-3.466000,91.758977,3.724514,4.271278,-232.874732,0
2026-02-05,sh.601609,11.4800,11.5500,11.0800,11.1000,11.5800,38483900,431527238.0000,3,2.226300,1,-4.145100,25.161659,1.930277,0.154639,-16.895092,0
2026-02-05,sh.601611,15.6600,15.8300,15.3000,15.5700,15.8800,45099258,699941298.2300,3,1.496400,1,-1.952100,27.352580,2.156426,0.432292,18.142312,0
2026-02-05,sh.601615,24.3700,24.6100,23.2700,23.2700,25.8500,113556597,2675878027.9600,3,5.021300,1,-9.980700,173.473492,1.994179,1.583880,-20.387718,0
2026-02-05,sh.601616,5.2300,5.2300,5.0400,5.0500,5.2800,65151600,331451541.0000,3,7.631900,1,-4.356100,225.489022,1.771521,4.885787,19.850086,0
2026-02-05,sh.601618,3.0900,3.1000,3.0400,3.0600,3.1100,185591533,568021162.8500,3,1.039600,1,-1.607700,16.321347,0.607339,0.133644,3.566207,0
2026-02-05,sh.601619,6.4000,6.4800,6.1800,6.2600,6.4400,106310624,669703595.6200,3,4.366500,1,-2.795000,27.048731,2.268834,7.381709,10.802605,0
2026-02-05,sh.601628,48.8700,49.2900,47.2000,47.8300,48.7000,16667157,796261330.1100,3,0.080000,1,-1.786400,7.942267,2.160180,2.114718,64.388495,0
2026-02-05,sh.601633,20.7300,21.2800,20.7000,21.1600,20.8100,20995814,442105446.3900,3,0.338100,1,1.681900,18.269227,2.103414,0.812804,-10.921256,0
2026-02-05,sh.601636,7.4500,7.4600,7.1700,7.2100,7.5000,58251901,423812280.8200,3,1.968900,1,-3.866700,35.634014,1.563880,1.347635,21.770803,0
2026-02-05,sh.601658,5.1200,5.2100,5.1100,5.1900,5.1100,193097930,998200370.3800,3,0.287700,1,1.565600,7.145974,0.614890,1.763176,7.233047,0
2026-02-05,sh.601665,5.9300,5.9800,5.8700,5.9200,5.7600,141618842,839346948.3600,3,2.301300,1,2.777800,6.376268,0.757232,2.773528,2.549246,0
2026-02-05,sh.601666,8.5600,8.5600,8.2400,8.3100,8.6500,42573783,355719435.4900,3,1.724100,1,-3.930600,35.121245,0.893470,0.942237,-77.386893,0
2026-02-05,sh.601668,5.1500,5.1900,5.1200,5.1500,5.1400,278368506,1434695425.9300,3,0.673700,1,0.194600,4.764138,0.441311,0.100433,110.394463,0
2026-02-05,sh.601669,5.6500,5.6600,5.5400,5.5500,5.6800,208971934,1166472259.1400,3,1.598700,1,-2.288700,8.926037,0.664865,0.147696,12.097746,0
2026-02-05,sh.601677,16.2900,16.3500,15.8000,15.9500,16.4100,40353737,646840248.7800,3,3.313100,1,-2.803200,11.388648,1.061442,0.574255,58.190729,0
2026-02-05,sh.601678,5.2800,5.4000,5.1300,5.1700,5.3000,67188790,351088119.2000,3,3.288200,1,-2.452800,47.829070,0.930401,0.769981,14.411525,0
2026-02-05,sh.601686,6.4000,6.5900,6.2400,6.2500,6.2100,27754081,176537711.2000,3,1.886600,1,0.644100,11.133455,1.369578,0.174322,-15.866746,0
2026-02-05,sh.601688,22.0900,22.5600,22.0000,22.3900,22.1200,71508098,1591297505.8600,3,0.978700,1,1.220600,12.986949,1.174319,4.542656,5.034082,0
2026-02-05,sh.601689,70.8100,70.8500,69.0000,69.4400,71.4500,22049128,1535374276.9900,3,1.268800,1,-2.813200,44.153348,5.184948,4.282831,76.729404,0
2026-02-05,sh.601696,13.6900,13.8700,13.6100,13.7500,13.7300,39919222,549173606.6000,3,1.437000,1,0.145700,34.729123,2.042217,11.216410,6.384262,0
2026-02-05,sh.601698,38.2900,38.7000,37.2500,37.4200,39.4000,87762779,3323673437.6400,3,2.077500,1,-5.025400,609.460821,9.961494,59.985582,-397.628342,0
2026-02-05,sh.601699,13.7500,13.9400,13.2500,13.3900,13.9700,65876043,884976927.5700,3,2.202200,1,-4.151800,33.223718,0.856580,1.321875,-3.770810,0
2026-02-05,sh.601700,5.7700,5.7700,5.5300,5.5400,5.8000,37417049,210359630.2000,3,3.275700,1,-4.482800,231.619747,2.476143,2.351817,-904.860678,0
2026-02-05,sh.601702,24.1600,24.7800,23.7900,23.9600,24.9000,11433304,275782127.0300,3,1.145000,1,-3.775100,19.200837,3.902452,1.943726,120.433217,0
2026-02-05,sh.601717,25.3000,25.3000,24.1900,24.6000,25.2600,26659990,655395617.7000,3,1.728700,1,-2.612800,9.716742,1.896518,1.099045,-46.209021,0
2026-02-05,sh.601718,3.3400,3.4400,3.3200,3.3500,3.3500,58024400,196337934.0000,3,1.330500,1,0.000000,-3.343249,1.185137,2.041462,30.830120,0
2026-02-05,sh.601727,8.7100,8.7100,8.5900,8.6100,8.7500,98965211,853968664.7200,3,0.784500,1,-1.600000,160.093384,2.477777,1.097920,-11.841350,0
2026-02-05,sh.601728,5.7400,5.8300,5.7200,5.8200,5.7500,163043687,943056641.6100,3,0.210000,1,1.217400,15.442798,1.162509,1.012742,-18.528701,0
2026-02-05,sh.601766,6.4700,6.4900,6.4100,6.4200,6.4800,139834043,900495254.1300,3,0.574800,1,-0.925900,12.196618,1.085135,0.663404,-17.060277,0
2026-02-05,sh.601777,10.4600,10.5400,10.3100,10.3800,10.4100,26503941,276078444.8300,3,0.586200,1,-0.288200,879.656785,4.489121,5.119476,104.046121,0
2026-02-05,sh.601778,4.6600,4.6700,4.2300,4.2900,4.6400,308527348,1343481101.2900,3,8.639800,1,-7.543100,33.284986,0.968217,3.823000,29.010765,0
2026-02-05,sh.601788,16.8600,17.0400,16.8300,16.9500,16.9000,22015139,372860004.0400,3,0.563500,1,0.295900,20.958182,1.306814,7.194229,3.761863,0
2026-02-05,sh.601789,5.2400,5.2800,5.2000,5.2000,5.2800,23797989,124506082.8000,3,2.189700,1,-1.515200,29.232148,1.745597,0.391617,28.425427,0
2026-02-05,sh.601798,9.6500,9.6900,9.4600,9.4600,9.7100,5861100,55960141.0000,3,1.653200,1,-2.574700,-97.515561,2.646952,4.382278,225.426404,0
2026-02-05,sh.601799,149.9600,153.7900,147.3000,148.6800,149.9600,4142213,617870034.0700,3,1.450000,1,-0.853600,27.017737,3.836949,2.882106,624.038233,0
2026-02-05,sh.601800,8.1700,8.2100,8.1300,8.1800,8.1900,24303569,198615125.0400,3,0.206300,1,-0.122100,6.413630,0.453400,0.177686,37.328418,0
2026-02-05,sh.601801,6.8900,6.9500,6.8500,6.9200,6.8800,14047622,97152415.2400,3,0.717500,1,0.581400,15.963290,1.113333,1.462754,-16.131594,0
2026-02-05,sh.601808,15.8000,16.0100,15.3800,15.4900,15.8600,19633829,306392929.0300,3,0.663200,1,-2.332900,18.943885,1.607665,1.493357,-47.237204,0
2026-02-05,sh.601811,15.0600,15.2100,15.0100,15.0800,15.1200,4884400,73776960.0000,3,0.616800,1,-0.264600,11.412207,1.241555,1.578457,-18.857530,0
2026-02-05,sh.601816,4.9300,5.0100,4.9200,4.9900,4.9300,266624678,1327268138.9600,3,0.545000,1,1.217000,18.700413,1.194160,5.730044,38.733935,0
2026-02-05,sh.601818,3.2900,3.3400,3.2800,3.3200,3.2700,323078654,1069285219.9600,3,0.696200,1,1.529100,4.867594,0.394405,1.541128,-13.327266,0
2026-02-05,sh.601825,8.3800,8.5900,8.3600,8.5800,8.3500,33124575,282264818.6400,3,0.353300,1,2.754500,6.689331,0.657135,3.184019,9.427772,0
2026-02-05,sh.601827,9.0000,9.0000,8.9000,8.9500,8.9900,6663292,59585159.4800,3,0.398500,1,-0.444900,11.855911,1.257784,2.658874,4.886472,0
2026-02-05,sh.601828,2.6300,2.6600,2.6200,2.6400,2.6400,20675964,54565144.0200,3,0.572200,1,0.000000,-2.711913,0.266207,1.719848,-35.020938,0
2026-02-05,sh.601838,16.0700,16.4000,16.0600,16.3700,16.0600,39275356,640148239.8500,3,0.926600,1,1.930300,5.211795,0.818068,2.952338,-1.570056,0
2026-02-05,sh.601857,10.6100,10.6400,10.3100,10.5300,10.5600,162249636,1699124918.3800,3,0.100200,1,-0.284100,12.184350,1.236599,0.676323,130.507950,0
2026-02-05,sh.601858,20.3100,21.0400,20.2500,20.6100,20.5000,7971328,164896263.0000,3,1.008400,1,0.536600,31.009068,2.972548,5.408069,129.442891,0
2026-02-05,sh.601860,2.7700,2.8000,2.7600,2.7900,2.7500,65092714,181054290.0300,3,1.832800,1,1.454500,6.918907,0.508199,2.388999,3.315118,0
2026-02-05,sh.601865,17.4600,17.4600,16.5800,16.6900,17.7200,33604471,566334248.1300,3,1.767700,1,-5.812600,112.198864,1.801656,2.363797,-46.778907,0
2026-02-05,sh.601866,2.6500,2.6700,2.6000,2.6200,2.6500,85602583,225065169.1600,3,0.877800,1,-1.132100,20.391535,1.125790,1.265629,28.300298,0
2026-02-05,sh.601868,2.4400,2.4500,2.4100,2.4200,2.4400,319523148,774050635.0000,3,0.985300,1,-0.819700,12.694063,0.919701,0.216918,7.529181,0
2026-02-05,sh.601869,164.8300,169.2000,157.0000,161.7600,173.5100,16602823,2694834854.2600,3,4.086000,1,-6.771900,233.875979,11.323385,9.719832,238.880201,0
2026-02-05,sh.601872,12.0000,12.2400,11.4200,11.6500,12.0000,125241050,1470745124.0000,3,1.551100,1,-2.916700,18.671189,2.306940,3.644226,294.434939,0
2026-02-05,sh.601877,30.9000,30.9400,29.8100,29.9600,31.1300,27215997,820585089.1600,3,1.266500,1,-3.758400,14.132063,1.473002,0.998096,31.155424,0
2026-02-05,sh.601878,10.6800,10.7900,10.6400,10.7100,10.6900,32317777,346132905.2700,3,0.706600,1,0.187100,19.142739,1.340165,2.643150,1.762384,0
2026-02-05,sh.601880,1.6600,1.6700,1.6300,1.6500,1.6600,117489004,193560000.5200,3,0.638100,1,-0.602400,25.952057,0.962998,3.369484,25.742969,0
2026-02-05,sh.601881,15.3000,15.4600,15.2400,15.3700,15.3200,38913551,597143918.2200,3,0.537200,1,0.326400,11.974057,1.429529,3.957615,4.099510,0
2026-02-05,sh.601882,20.1500,20.5000,19.8800,20.2200,20.0700,3818200,77244069.0000,3,0.731500,1,0.747400,23.105253,3.696016,3.122624,158.804399,0
2026-02-05,sh.601886,9.5800,9.6200,9.4500,9.5500,9.5800,4124900,39356516.0000,3,0.364100,1,-0.313200,16.338056,1.505040,0.502395,-103.424894,0
2026-02-05,sh.601888,90.9100,93.3000,90.7200,92.4700,91.4900,50981415,4697761100.2700,3,2.611100,1,1.071200,56.270605,3.436214,3.588221,-9043.366051,0
2026-02-05,sh.601890,11.1300,11.2500,11.0100,11.0900,11.2200,39164915,434943727.7000,3,4.082200,1,-1.158600,35.459021,2.873380,5.149627,-60.645063,0
2026-02-05,sh.601898,14.0800,14.5500,13.9800,14.3200,14.0800,107639695,1535993612.7700,3,1.176100,1,1.704500,11.042783,1.206522,1.189841,-19.199534,0
2026-02-05,sh.601899,38.1300,38.5000,36.5700,37.4500,39.1600,358373108,13407074875.4200,3,1.739600,1,-4.366700,21.858126,5.937660,3.041096,27.604498,0
2026-02-05,sh.601900,14.8600,15.1900,14.8600,15.0300,14.9700,11965350,180179751.0000,3,1.356700,1,0.400800,11.718565,1.534527,1.476731,-50.806588,0
2026-02-05,sh.601901,7.7700,7.8400,7.7400,7.8000,7.8000,56661528,441219680.0100,3,0.688300,1,0.000000,15.888678,1.274105,5.648507,4.976290,0
2026-02-05,sh.601908,4.1400,4.1500,3.9300,3.9500,4.1900,134258552,537924426.2000,3,5.560300,1,-5.727900,-8.088967,1.083530,3.063916,-20.830512,0
2026-02-05,sh.601916,2.9300,2.9700,2.9300,2.9700,2.9300,166998755,493636010.5300,3,0.775100,1,1.365200,5.847729,0.459777,1.272741,-5.252074,0
2026-02-05,sh.601918,7.3900,7.4200,7.1900,7.2500,7.5000,88906227,646633849.5700,3,3.432000,1,-3.333300,9.097896,1.142895,1.521611,61.883823,0
2026-02-05,sh.601919,14.5700,14.6700,14.5100,14.5900,14.5700,65739693,959269084.2900,3,0.523600,1,0.137300,5.872130,0.961986,0.985404,-11.899152,0
2026-02-05,sh.601921,8.3800,8.4800,8.3200,8.3900,8.3900,20046184,168512774.9100,3,0.902100,1,0.000000,14.536937,1.370449,1.717611,-30.707205,0
2026-02-05,sh.601928,10.0900,10.1300,10.0600,10.0900,10.1100,15125646,152661517.8000,3,0.594400,1,-0.197800,13.131608,1.278215,1.944656,-35.144413,0
2026-02-05,sh.601929,3.6900,3.8000,3.6800,3.7300,3.7300,117270562,438748857.1600,3,3.360400,1,0.000000,-25.947027,2.600878,6.429487,13008.137179,0
2026-02-05,sh.601933,4.5100,4.7500,4.4900,4.7500,4.5400,470161052,2195522524.6500,3,5.180800,1,4.625600,-20.552178,11.679585,0.777265,-74.952381,0
2026-02-05,sh.601939,8.7300,8.8600,8.7100,8.8300,8.7200,122345086,1077129795.3200,3,1.275300,1,1.261500,6.851123,0.672781,3.060197,-10.066464,0
2026-02-05,sh.601949,7.1400,7.2500,7.1200,7.1800,7.1800,12556055,90180925.9000,3,0.659500,1,0.000000,24.020772,1.417376,2.467529,834.923098,0
2026-02-05,sh.601952,9.4000,9.4500,9.3400,9.3900,9.4600,15326430,143898645.6000,3,1.112200,1,-0.740000,23.374463,1.904813,1.270350,-162.864032,0
2026-02-05,sh.601956,7.3700,7.3700,7.2400,7.2600,7.3700,6278600,45753894.0000,3,1.010000,1,-1.492500,35.216535,1.772848,0.721397,-47.919411,0
2026-02-05,sh.601958,19.6600,19.6800,18.7100,19.1200,19.9900,44631629,855560793.0100,3,1.383200,1,-4.352200,19.350381,3.412520,4.389209,31.489535,0
2026-02-05,sh.601963,10.4000,11.0700,10.3100,10.8900,10.3000,23356167,251130167.1000,3,1.240500,1,5.728200,6.795182,0.687440,2.559236,3.261942,0
2026-02-05,sh.601965,19.0700,19.1700,18.7600,18.9400,19.0000,7102300,134496490.0000,3,0.711400,1,-0.315800,17.920585,2.534884,3.824397,104.135259,0
2026-02-05,sh.601966,15.4000,15.4000,15.2000,15.3500,15.3500,18467827,282554260.5900,3,1.261900,1,0.000000,18.598650,0.965534,0.925624,-37.716285,0
2026-02-05,sh.601968,5.9500,5.9900,5.8700,5.8900,5.9700,11311800,67016352.0000,3,0.886700,1,-1.340000,39.307461,1.645770,0.859870,39.657831,0
2026-02-05,sh.601969,12.6100,12.6100,12.6100,12.6100,12.6100,,,3,,0,,53.342638,3.578023,5.923942,-36.621945,0
2026-02-05,sh.601975,3.6800,3.6900,3.5500,3.5900,3.6900,126618640,456354308.8100,3,2.705300,1,-2.710000,13.860297,1.463863,2.929492,129.780170,0
2026-02-05,sh.601985,8.6600,8.7000,8.6100,8.6500,8.6600,72900937,630200274.3000,3,0.386100,1,-0.115500,22.674967,1.539375,2.171767,18.870752,0
2026-02-05,sh.601988,5.3700,5.4300,5.3500,5.4000,5.3500,266343156,1436793857.4500,3,0.126400,1,0.934600,7.257702,0.650754,2.706210,-310.982489,0
2026-02-05,sh.601990,7.9200,7.9700,7.8800,7.9400,7.9200,19443148,154132626.4500,3,0.527400,1,0.252500,28.664263,1.949254,10.266191,8.956428,0
2026-02-05,sh.601991,3.7400,3.7500,3.6600,3.6900,3.7500,113644564,419780431.1100,3,0.916800,1,-1.600000,10.061455,1.945339,0.560586,-91.798049,0
2026-02-05,sh.601992,2.1000,2.1700,2.0800,2.1000,2.1200,199160208,419722559.0400,3,2.389700,1,-0.943400,-14.525980,0.552365,0.217355,35.563737,0
2026-02-05,sh.601995,34.6500,34.8400,34.5500,34.6800,34.7000,19291530,669405063.9600,3,0.659900,1,-0.057600,17.804055,1.715246,5.844313,4.984673,0
2026-02-05,sh.601996,2.4400,2.4900,2.4200,2.4400,2.4300,29668200,72939762.0000,3,2.646800,1,0.411500,-17.704947,1.072664,1.546147,5.233602,0
2026-02-05,sh.601997,5.7600,5.8700,5.7500,5.8500,5.7600,52560115,306021869.1800,3,1.437600,1,1.562500,4.186983,0.338563,1.592680,8.147242,0
2026-02-05,sh.601998,7.3600,7.5000,7.3300,7.4700,7.3500,64810608,482410326.9200,3,0.159000,1,1.632700,5.886167,0.578631,1.956321,-20.756485,0
2026-02-05,sh.601999,7.5800,7.7300,7.5400,7.6600,7.5400,7417500,56877522.0000,3,1.346400,1,1.591500,31.194361,1.592858,1.818512,61.102703,0
2026-02-05,sh.603000,23.1000,23.7500,23.1000,23.3400,23.7400,38052949,889478503.4700,3,3.441600,1,-1.684900,138.216749,7.027518,12.594370,62.463311,0
2026-02-05,sh.603001,9.9800,10.1800,9.7800,9.8700,10.0100,7428200,73987094.0000,3,1.852500,1,-1.398600,-13.685214,1.664133,1.858104,24.445622,0
2026-02-05,sh.603002,9.5800,9.8300,9.1800,9.2500,9.6800,60424100,567610830.0000,3,5.328000,1,-4.442100,273.145640,3.045485,3.929806,-15.446196,0
2026-02-05,sh.603004,24.0000,24.3500,23.8500,23.8500,24.1000,2012443,48392795.7000,3,3.417900,1,-1.037300,31.575760,2.712345,7.438298,286.375713,0
2026-02-05,sh.603005,29.5800,29.9600,28.7000,29.6600,30.0500,35365846,1032471264.5200,3,5.422800,1,-1.297800,56.552100,4.265577,14.158315,-31.477979,0
2026-02-05,sh.603006,13.9500,14.0200,13.7400,13.8300,13.9300,2354700,32680397.0000,3,0.926100,1,-0.717900,47.548766,2.696672,4.135740,50.142332,0
2026-02-05,sh.603007,5.8000,5.8600,5.7400,5.8200,5.8100,11204930,65020834.7200,3,1.612000,1,0.172100,-6.737123,10.805418,24.371803,28.365241,1
2026-02-05,sh.603008,21.5000,22.0100,21.4100,21.8900,21.5400,9957900,217246090.2700,3,2.703800,1,1.624900,23.263846,2.061859,0.900869,15.974999,0
2026-02-05,sh.603009,52.7900,53.4900,50.8800,51.3100,53.7000,12246221,632845507.6500,3,3.618800,1,-4.450700,172.060511,10.351017,7.800363,357.339636,0
2026-02-05,sh.603010,12.0100,12.0200,11.6100,11.6800,12.0100,11526781,135132769.9400,3,1.955100,1,-2.747700,198.603797,1.905171,2.071724,-53.755247,0
2026-02-05,sh.603011,25.4800,26.4500,25.1600,26.1000,25.9900,34359752,887360479.9900,3,6.949600,1,0.423200,-91.522679,6.144958,5.659264,44.540436,0
2026-02-05,sh.603012,8.0700,8.2100,7.9300,8.1100,8.0700,17616412,142189414.5600,3,2.724900,1,0.495700,32.905140,1.379087,1.640237,-28.345281,0
2026-02-05,sh.603013,25.0900,25.9500,24.9400,25.6500,25.0600,5762300,146794609.0000,3,1.124100,1,2.354300,24.197316,2.921575,1.457882,-16.366140,0
2026-02-05,sh.603014,40.1100,40.4000,40.0600,40.3500,40.2500,860821,34650596.5800,3,2.186600,1,0.248400,35.532616,2.414238,4.561562,17.037303,0
2026-02-05,sh.603015,14.7700,14.7900,14.4900,14.6100,14.9000,7795356,113936510.7200,3,1.928500,1,-1.946300,127.209896,4.234750,7.320654,155.235620,0
2026-02-05,sh.603016,31.0500,33.8400,30.8000,33.2700,31.3300,5259900,170506094.0000,3,3.550100,1,6.192100,74.389451,5.977291,7.850884,16.423950,0
2026-02-05,sh.603017,12.3000,12.6300,12.2400,12.2800,12.4000,12998124,161886137.4800,3,4.706200,1,-0.967700,83.296188,2.290924,2.842084,66.367868,0
2026-02-05,sh.603018,8.0000,8.0600,7.8500,8.0100,8.0700,13702399,109259372.9800,3,2.003900,1,-0.743500,16.289385,1.040150,1.279901,28.607922,0
2026-02-05,sh.603019,85.1200,86.1100,85.0300,85.4000,86.1600,16750586,1432130131.6000,3,1.145200,1,-0.882100,59.281432,5.931886,8.972142,289.022352,0
2026-02-05,sh.603020,11.1500,11.9500,11.1500,11.6000,11.2600,14244966,166834581.6600,3,3.717000,1,3.019500,24.391031,1.344386,1.798275,94.795805,0
2026-02-05,sh.603021,5.7100,6.0000,5.5900,6.0000,5.7100,20355700,120002499.4000,3,6.362200,1,5.078800,-13.160418,-46.882261,4.868064,-110.274840,1
2026-02-05,sh.603022,11.6400,11.6400,11.4100,11.4300,11.4900,4232752,48617162.8000,3,2.116400,1,-0.522200,43.577576,2.788150,2.402521,-78.783787,0
2026-02-05,sh.603023,5.0800,5.4400,5.0300,5.3100,5.0700,40302721,212586724.0400,3,7.221200,1,4.733700,1339.180324,3.849479,22.912467,-40.555036,0
2026-02-05,sh.603025,16.1900,16.2500,16.0100,16.1300,16.2500,9580948,154445571.5500,3,0.863800,1,-0.738500,25.995371,6.907874,6.334692,-51.194551,0
2026-02-05,sh.603026,65.5100,65.6800,63.8400,64.3600,65.8200,3231479,208479641.8400,3,1.594400,1,-2.218200,-262.529788,3.097915,2.487272,-38.561267,0
2026-02-05,sh.603027,10.4100,11.3000,10.3800,11.1100,10.4000,50940256,560547651.5600,3,4.076500,1,6.826900,35.074534,4.353781,5.342849,-31.151472,0
2026-02-05,sh.603028,9.9300,9.9300,9.6200,9.7100,9.9400,8223031,79828006.5700,3,2.893500,1,-2.313900,-17.416309,5.442350,1.533285,126.238047,0
2026-02-05,sh.603029,20.3400,20.3400,19.9500,19.9700,19.9800,2973430,59871675.7000,3,2.450500,1,-0.050100,29.842081,2.607013,2.553321,25.919520,0
2026-02-05,sh.603030,2.8100,2.9100,2.7900,2.8700,2.8200,27643425,79265518.7500,3,2.099100,1,1.773000,-22.806450,4.267621,4.382759,-239.692505,0
2026-02-05,sh.603031,58.1100,58.5500,54.2000,54.8800,59.9000,17560736,977997632.9600,3,8.317900,1,-8.380600,73.443450,4.646269,3.041355,61.812604,0
2026-02-05,sh.603032,19.2800,19.3800,18.7400,18.7400,19.3600,3931920,74483504.0000,3,1.697300,1,-3.202500,-33.599299,3.849639,7.999545,-238.634935,0
2026-02-05,sh.603033,11.4000,11.4000,11.1000,11.1800,11.4000,6151000,68879002.0000,3,0.607500,1,-1.929800,-36.622260,3.961339,2.382724,348.924349,0
2026-02-05,sh.603035,15.2900,15.3400,15.1300,15.1700,15.3000,4341700,66007148.0000,3,1.185100,1,-0.849700,14.321112,1.046462,0.841785,20.366447,0
2026-02-05,sh.603036,21.0600,21.1500,20.5200,20.5800,21.0600,2807900,58339268.0000,3,1.363000,1,-2.279200,36.816183,3.090268,9.809712,76.576750,0
2026-02-05,sh.603037,16.5800,16.7600,16.3200,16.5300,16.8100,5642392,93076227.6000,3,2.120100,1,-1.665700,50.571062,4.550006,5.674595,15.191596,0
2026-02-05,sh.603038,17.8300,18.1100,17.7000,17.7100,17.8800,4901753,87654326.9500,3,1.824400,1,-0.950800,135.879569,3.415451,3.377231,-794.835365,0
2026-02-05,sh.603039,55.8900,56.8800,53.7100,54.6400,57.2900,9459416,518450499.4000,3,3.629800,1,-4.625600,65.701170,6.323084,6.258778,672.546247,0
2026-02-05,sh.603040,111.0800,111.0900,107.5900,109.5000,111.0800,1751396,191731230.2000,3,1.290200,1,-1.422400,57.652992,10.270918,19.233826,-7197.184898,0
2026-02-05,sh.603041,13.1600,13.3500,13.1000,13.2000,13.1600,2478232,32828509.0000,3,1.353100,1,0.304000,76.348549,1.608456,3.889946,-87.848718,0
2026-02-05,sh.603042,18.4000,19.7500,18.3500,18.6800,19.1300,25155027,477616702.9900,3,15.664100,1,-2.352300,-220.280139,3.477085,3.429255,-70.608038,0
2026-02-05,sh.603043,18.1200,18.8800,18.1200,18.5800,18.1500,9055319,168680731.9200,3,1.605700,1,2.369100,21.337894,2.665107,1.991901,-14.300775,0
2026-02-05,sh.603045,26.3000,26.5800,25.8700,26.1100,26.4200,3768560,98846980.4000,3,2.782400,1,-1.173400,59.368298,3.471170,0.759201,120.393622,0
2026-02-05,sh.603048,22.0700,22.3100,21.8700,22.0600,21.9500,1463500,32310165.0000,3,0.996400,1,0.501100,52.870749,2.538462,4.570419,-59.116725,0
2026-02-05,sh.603049,55.0000,56.1700,55.0000,55.6900,55.3300,3257048,181272438.2400,3,3.724500,1,0.650600,11.918407,2.017161,1.115845,22.273747,0
2026-02-05,sh.603050,21.1000,21.1300,20.3300,20.4900,21.2100,4557444,93728347.7000,3,1.130000,1,-3.394600,33.564685,4.516618,1.753293,-57.662038,0
2026-02-05,sh.603051,27.4100,27.4100,26.2000,26.2500,27.6900,18970186,504593961.2000,3,11.736600,1,-5.200400,-1743.436958,2.629019,2.606888,49.125473,0
2026-02-05,sh.603052,67.3000,73.3000,67.3000,69.2000,68.6600,10775777,758718778.9600,3,5.734900,1,0.786500,381.045416,11.952538,14.558275,-51.439732,0
2026-02-05,sh.603053,10.1300,10.1700,10.0500,10.0900,10.1400,2581800,26090625.0000,3,0.290500,1,-0.493100,18.484354,1.859115,1.710290,55.720189,0
2026-02-05,sh.603055,9.2800,9.4200,9.2400,9.3400,9.2900,6282601,58745865.3100,3,0.708300,1,0.538200,15.810620,1.615473,1.252601,259.243165,0
2026-02-05,sh.603056,18.8500,18.8500,18.8500,18.8500,18.8500,,,3,,0,,285.888793,2.373997,0.450396,-56.987929,0
2026-02-05,sh.603057,27.0200,27.7200,27.0200,27.4500,27.4800,2289599,62921333.4200,3,0.555700,1,-0.109200,59.233192,5.661621,3.558172,78.771380,0
2026-02-05,sh.603058,11.3000,11.5600,11.2300,11.4100,11.3900,8887177,101283871.1800,3,2.148700,1,0.175600,36.223746,3.786909,4.864575,-122.466404,0
2026-02-05,sh.603059,41.1000,43.1500,40.6900,42.4800,40.7900,4773677,200850677.1000,3,4.752400,1,4.143200,-101.594098,4.055019,2.891817,110.941369,0
2026-02-05,sh.603060,6.8800,6.9800,6.8100,6.8700,6.9000,13410768,92492257.9800,3,1.668100,1,-0.434800,47.265791,2.797305,2.121518,14.263534,0
2026-02-05,sh.603061,278.8000,301.7800,278.8000,297.5200,285.2400,3101970,908515507.6000,3,7.416300,1,4.305100,112.601490,11.597691,28.248649,-158.356876,0
2026-02-05,sh.603062,50.3600,51.9700,50.0600,51.0700,50.3100,1177602,60207828.1000,3,3.176400,1,1.510600,23.347248,2.701594,2.634254,-119.630603,0
2026-02-05,sh.603063,29.9400,29.9400,29.0000,29.0800,30.0400,14202079,415252038.6700,3,3.101600,1,-3.195700,25.527923,2.690652,3.170348,17.072462,0
2026-02-05,sh.603065,8.8800,8.9300,8.7000,8.7300,8.8800,4898800,43137459.0000,3,2.490800,1,-1.689200,100.132723,1.809129,2.609796,-52.000545,0
2026-02-05,sh.603066,11.1500,11.2200,11.0400,11.0900,11.1100,3107300,34632786.0000,3,1.056300,1,-0.180000,496.025295,2.273499,2.653877,-102.758522,0
2026-02-05,sh.603067,34.4000,35.3000,33.4400,34.2200,35.0000,18861541,644843945.7600,3,2.653700,1,-2.228600,46.902714,7.002355,5.669218,-585.088844,0
2026-02-05,sh.603068,37.3000,37.5400,36.9200,37.2500,37.6900,2533900,94405137.0000,3,1.684500,1,-1.167400,300.472800,3.327241,6.395122,-67.771911,0
2026-02-05,sh.603069,23.3900,24.0500,23.1800,23.4100,23.2800,12710563,299288080.5300,3,4.022300,1,0.558400,-52.908035,9.140883,10.832113,356.031385,0
2026-02-05,sh.603070,14.8300,14.8300,14.4000,14.4200,14.7900,3284790,47636857.0000,3,0.830700,1,-2.501700,62.515046,2.684696,2.938842,-26.436804,0
2026-02-05,sh.603071,13.6600,13.6700,13.4700,13.5200,13.6600,2042000,27680086.8500,3,0.366000,1,-1.024900,11.461978,1.337572,0.185188,-43.395296,0
2026-02-05,sh.603072,41.4200,41.7100,40.8800,40.9700,41.8300,2887886,118793924.4600,3,2.287800,1,-2.055900,72.492254,5.059049,4.784520,25.772327,0
2026-02-05,sh.603073,21.1200,21.5200,20.8000,21.0900,21.1200,2088338,44169476.8200,3,4.103400,1,-0.142000,25.223346,1.769851,3.037540,214.352347,0
2026-02-05,sh.603075,24.0100,24.2400,23.7100,23.8700,24.0100,1511370,36246821.2000,3,3.664400,1,-0.583100,30.281769,4.584225,4.672032,-3385.431821,0
2026-02-05,sh.603076,24.7000,25.1600,24.6800,24.7800,24.8400,1453124,36178367.3000,3,1.203900,1,-0.241500,211.079062,2.306799,2.003287,-239.429650,0
2026-02-05,sh.603077,2.4600,2.5000,2.3800,2.4100,2.4800,220783885,535024304.0100,3,2.499900,1,-2.822600,-220.000177,1.172124,2.778480,4.796322,0
2026-02-05,sh.603078,24.5300,24.7500,24.2200,24.5800,25.0300,20431760,500387186.3900,3,5.298200,1,-1.797800,103.981941,4.891030,7.973307,-49.561128,0
2026-02-05,sh.603079,20.2000,20.2800,19.9300,19.9400,20.1600,1783860,35794927.2000,3,0.943700,1,-1.091300,61.706003,2.392273,4.488184,10.012611,0
2026-02-05,sh.603080,23.5600,23.7500,23.3800,23.4200,23.7000,1486000,34948882.0000,3,1.050200,1,-1.181400,18.043794,2.175302,2.120286,333.954176,0
2026-02-05,sh.603081,14.3500,14.5300,14.2600,14.2700,14.2800,5978700,85895548.0000,3,1.415100,1,-0.070000,57.927124,1.885804,2.543248,47.485631,0
2026-02-05,sh.603082,37.1500,38.3600,37.1000,37.7200,37.2800,2005900,76095799.0000,3,4.945900,1,1.180300,36.881226,3.838990,3.043224,20.048488,0
2026-02-05,sh.603083,104.4400,106.1000,102.0000,102.5000,107.1300,18769636,1941054267.1500,3,6.810800,1,-4.321900,131.808496,14.330927,8.508845,218.557539,0
2026-02-05,sh.603085,11.7800,11.8200,11.6100,11.6500,11.7800,4409500,51518797.0000,3,1.110400,1,-1.103600,608.901999,5.189819,1.760674,-276.649856,0
2026-02-05,sh.603086,8.3400,8.3500,8.1800,8.1800,8.3500,10559190,87133227.2000,3,2.428400,1,-2.035900,21.711040,1.645853,1.403165,136.536691,0
2026-02-05,sh.603087,67.8300,68.3000,66.0300,66.1000,68.5100,8098429,540185305.5000,3,1.451700,1,-3.517700,42.649053,3.499423,10.262010,591.809530,0
2026-02-05,sh.603088,11.4000,11.4800,11.2400,11.3200,11.3800,8090800,91953834.0000,3,1.847800,1,-0.527200,46.696990,5.195344,7.246605,73.909883,0
2026-02-05,sh.603089,13.7500,13.8700,13.4900,13.5200,13.7400,2687454,36694274.5800,3,1.119600,1,-1.601200,20.718505,2.169294,1.186491,37.623615,0
2026-02-05,sh.603090,71.5000,72.6200,68.5000,69.7300,72.8700,3860700,269847437.0000,3,3.860700,1,-4.309000,105.699116,11.373841,9.322536,249.613203,0
2026-02-05,sh.603091,77.0200,81.8800,76.3500,80.4000,77.4800,923215,73653241.5500,3,2.995800,1,3.768700,28.770265,3.882697,5.655250,-27.474823,0
2026-02-05,sh.603092,67.4000,69.6000,66.8200,67.6100,68.1200,1978900,134508463.0400,3,5.915600,1,-0.748700,34.591301,7.670894,5.069437,177.174725,0
2026-02-05,sh.603093,18.2600,18.3700,18.0000,18.1500,18.2000,4304897,78234113.1000,3,0.705600,1,-0.274700,28.878292,2.964209,2.315091,1.255443,0
2026-02-05,sh.603095,20.5900,20.7300,19.9900,20.4900,20.5900,7402784,150888579.2800,3,2.866300,1,-0.485700,49.432269,2.282399,4.185646,-11.914608,0
2026-02-05,sh.603096,19.1200,19.4000,18.9900,19.1800,18.9900,1999640,38470575.8000,3,1.296500,1,1.000500,43.837940,1.590798,4.505725,-1136.204808,0
2026-02-05,sh.603097,37.9300,38.4600,35.5700,35.8000,38.0800,7566000,276441151.0000,3,4.728700,1,-5.987400,58.394816,5.487531,2.994840,506.494732,0
2026-02-05,sh.603098,15.9100,16.1500,15.6700,15.7500,15.9000,6292668,99753816.8000,3,1.167900,1,-0.943400,88.668660,3.008300,2.579586,-33.696921,0
2026-02-05,sh.603099,42.3000,44.0000,42.3000,43.9500,42.6600,8972676,389511145.0800,3,3.364700,1,3.023900,82.098743,9.275453,15.250683,168.555706,0
2026-02-05,sh.603100,25.2900,25.5400,25.0200,25.1000,25.2900,4687136,118309557.8800,3,0.916300,1,-0.751300,20.427436,2.766420,1.894232,27.705870,0
2026-02-05,sh.603101,9.8000,9.9200,9.6900,9.8800,9.8000,8750893,85959703.2200,3,1.860300,1,0.816300,52.494524,3.275731,1.911743,87.165229,0
2026-02-05,sh.603102,45.9900,46.4800,45.4900,45.4900,45.9000,629100,28873850.0000,3,0.983000,1,-0.893200,23.935641,1.788752,3.464163,-159.392205,0
2026-02-05,sh.603103,28.7800,31.6600,28.7800,31.6600,28.7800,29245268,902685708.6400,3,4.611400,1,10.006900,217.685357,14.616749,8.921439,-29.029621,0
2026-02-05,sh.603105,10.7700,10.7900,10.3000,10.3600,10.8700,29619664,309778288.8100,3,5.923800,1,-4.691800,26.740173,2.429518,7.303942,123.191374,0
2026-02-05,sh.603106,10.2800,10.4400,10.2700,10.3800,10.3700,5719599,59327087.4900,3,1.098800,1,0.096400,57.645698,4.130832,12.121301,103.215366,0
2026-02-05,sh.603107,15.2800,15.3500,15.2300,15.2900,15.3300,1883400,28803888.0000,3,0.863300,1,-0.260900,27.171929,2.436466,2.293087,-36.573118,0
2026-02-05,sh.603108,16.1800,16.3400,15.9500,16.0500,16.4000,13852036,222738805.3100,3,2.294600,1,-2.134100,-61.387150,2.347129,1.308638,320.345714,0
2026-02-05,sh.603109,26.0000,26.0000,25.6200,25.6300,26.1300,1624600,41811416.0000,3,0.777900,1,-1.913500,23.473643,2.691777,1.735056,-1171.773409,0
2026-02-05,sh.603110,17.1800,17.5400,16.9200,16.9700,17.3100,6415760,110123703.8000,3,3.188300,1,-1.964200,766.875062,4.906244,8.251883,170.817661,0
2026-02-05,sh.603111,7.0800,7.0800,6.9900,7.0300,7.0800,7143900,50264242.0000,3,0.843900,1,-0.706200,16.665881,1.528002,1.385358,54.463553,0
2026-02-05,sh.603112,17.5200,17.7000,17.2100,17.4200,17.5200,4394300,76455651.0000,3,0.869800,1,-0.570800,17.584710,2.178329,2.339109,-84.894542,0
2026-02-05,sh.603113,7.1500,7.1700,6.9600,6.9700,7.1800,13227059,93104334.6500,3,1.558900,1,-2.924800,-57.044730,0.734665,0.351854,116.556758,0
2026-02-05,sh.603115,23.8800,24.0000,22.9500,23.1800,24.2800,6853900,159706798.0000,3,2.833500,1,-4.530500,27.486709,2.715050,2.514214,32.374596,0
2026-02-05,sh.603116,6.5400,6.6600,6.5100,6.5800,6.5600,7032160,46431661.4000,3,1.220400,1,0.304900,-34.502456,1.452044,1.917539,88.092968,0
2026-02-05,sh.603117,5.3200,5.5200,5.3200,5.3900,5.3500,25207895,136646203.8200,3,4.206900,1,0.747700,462.473905,3.135797,12.310441,175.815705,0
2026-02-05,sh.603118,11.7400,11.7800,11.4300,11.5000,11.8500,24388129,282178584.3100,3,3.097800,1,-2.953600,-1230.798717,1.797288,1.020876,30.803161,0
2026-02-05,sh.603119,101.0000,101.7000,98.0000,98.8000,102.4300,10404312,1030567055.0900,3,5.103200,1,-3.543900,134.617905,18.346458,27.953240,-1024.840818,0
2026-02-05,sh.603120,46.3000,47.2200,44.0100,44.1200,46.3000,3994289,179436801.7600,3,17.673800,1,-4.708400,44.808211,3.390414,6.439095,89.179445,0
2026-02-05,sh.603121,22.3600,23.3600,22.0900,22.5700,22.3200,7691087,175246868.8100,3,2.271900,1,1.120100,349.097093,6.413158,6.630850,-64.648946,0
2026-02-05,sh.603122,18.4100,19.7800,18.3000,19.6900,18.4500,69940813,1353945545.6500,3,17.570700,1,6.720900,-689.221273,7.088865,10.086711,-2900.131707,0
2026-02-05,sh.603123,12.9000,13.1400,12.8000,13.0300,12.9700,22894310,298303388.9000,3,3.509900,1,0.462600,-16.825378,5.693382,4.638782,-636.151409,0
2026-02-05,sh.603124,96.0000,96.0000,89.0000,91.8000,96.0000,2042854,187512304.1900,3,6.989900,1,-4.375000,64.931211,7.445171,1.355307,83.544051,0
2026-02-05,sh.603125,18.0000,18.1000,17.6900,17.7000,18.0000,2564549,45694460.6700,3,2.533800,1,-1.666700,47.466165,2.997172,7.285221,-306.480820,0
2026-02-05,sh.603126,8.3100,8.6300,8.2500,8.2800,8.4500,30064615,252496425.2400,3,4.924600,1,-2.011800,-284.991974,2.479307,1.744251,22.058833,0
2026-02-05,sh.603127,38.0300,39.0400,37.2900,37.4600,38.0200,9096775,343641951.7300,3,1.443100,1,-1.472900,124.709085,3.456691,16.827483,-29.923954,0
2026-02-05,sh.603128,5.9500,5.9700,5.9200,5.9400,5.9500,10285950,61200859.4000,3,0.785800,1,-0.168100,20.837613,1.282873,0.462094,19.137390,0
2026-02-05,sh.603129,260.0000,262.0000,255.1900,259.0800,258.0700,1259474,326417297.3100,3,0.825500,1,0.391400,21.890263,5.488316,2.138555,13.192143,0
2026-02-05,sh.603130,55.9500,55.9500,50.0100,51.5500,55.3800,3774310,196347645.5000,3,2.744700,1,-6.915900,84.769669,5.188329,2.606205,-2389.640422,0
2026-02-05,sh.603131,24.8600,25.0800,24.6100,24.7000,25.1100,9758162,241650518.4400,3,2.896400,1,-1.632800,-228.540215,6.932030,8.436520,-28.877198,0
2026-02-05,sh.603132,16.6400,16.7800,15.9200,16.0800,16.8500,18137200,295158854.1100,3,1.854500,1,-4.569700,32.887087,4.986098,9.729430,-60.200738,0
2026-02-05,sh.603135,11.7500,11.8200,11.5800,11.6100,11.7900,4203560,49067381.2000,3,1.663700,1,-1.526700,158.832041,2.498186,10.831450,41.564660,0
2026-02-05,sh.603136,12.3100,12.6500,12.2500,12.4200,12.3000,7395018,92193532.1300,3,2.737600,1,0.975600,32.734140,2.469247,6.484632,-14.591324,0
2026-02-05,sh.603137,14.5900,14.6600,14.5000,14.5900,14.5600,1291260,18833653.6000,3,1.751300,1,0.206000,50.424509,2.146776,1.441711,-53.624842,0
2026-02-05,sh.603138,16.5700,16.6700,16.3100,16.5600,16.7300,6468595,106770412.7500,3,2.243400,1,-1.016100,-51.137643,6.344292,11.596228,-51.665766,0
2026-02-05,sh.603139,23.6300,23.7500,23.4100,23.5000,23.6300,1457500,34412689.0000,3,1.459300,1,-0.550100,-12.767443,3.238207,4.573344,-84.075155,0
2026-02-05,sh.603150,49.4300,50.3000,48.0900,49.2200,48.5600,3244643,160657006.0200,3,3.795700,1,1.359100,34.180138,2.483403,1.092348,36.084057,0
2026-02-05,sh.603151,18.7900,19.1500,18.5200,18.5800,18.7500,2814394,52939074.6600,3,1.646000,1,-0.906700,27.967762,2.332243,0.627127,89.253085,0
2026-02-05,sh.603153,17.2700,17.4200,17.2400,17.3000,17.3400,1388100,24053806.0000,3,1.028200,1,-0.230700,19.182531,1.957127,1.702563,-23.953917,0
2026-02-05,sh.603155,17.0500,17.0600,16.7000,16.7700,17.0800,1919384,32380954.0400,3,0.607800,1,-1.815000,56.242878,2.438712,8.617835,-54.094227,0
2026-02-05,sh.603156,30.3600,30.6600,30.0300,30.4000,30.4900,5106280,155025529.0000,3,0.405200,1,-0.295200,23.766971,4.262344,6.681237,-45.617874,0
2026-02-05,sh.603158,11.1800,11.2200,10.8300,10.8400,11.0900,12838100,140194224.0000,3,2.615900,1,-2.254300,34.055334,2.289950,1.338320,30.554462,0
2026-02-05,sh.603159,26.3000,27.9100,26.1500,27.3000,26.2500,4618373,126049206.1000,3,3.298800,1,4.000000,583.181351,7.623233,8.652747,172.279625,0
2026-02-05,sh.603160,77.3900,77.4200,76.7200,77.1100,77.7000,4423120,340764584.3300,3,0.950500,1,-0.759300,43.117318,3.846481,7.678298,213.710569,0
2026-02-05,sh.603161,15.8900,16.3200,15.5100,15.6200,15.9500,8611978,137494016.8200,3,4.514800,1,-2.069000,32.927692,2.033336,1.339795,-69.103117,0
2026-02-05,sh.603162,14.0000,14.3100,13.7100,13.8600,14.1500,21972268,306555607.4800,3,7.869100,1,-2.049500,32.881322,2.970946,3.151401,-112.078417,0
2026-02-05,sh.603163,99.2900,105.6100,97.2200,102.6700,104.6900,3263050,331023121.1100,3,3.263100,1,-1.929500,75.516911,9.224367,3.834624,-497.373087,0
2026-02-05,sh.603165,14.7600,14.8600,14.5900,14.6200,14.7600,2785068,40939239.5000,3,1.037000,1,-0.948500,18.833308,1.935137,1.799324,-2.789400,0
2026-02-05,sh.603166,16.5600,16.5600,16.1100,16.1400,16.5600,8779406,142720814.8500,3,1.370200,1,-2.536200,36.448934,4.075093,5.341772,503.208530,0
2026-02-05,sh.603167,9.5500,9.6100,9.5000,9.5800,9.5400,4377401,41837224.5600,3,0.933100,1,0.419300,15.557318,1.280350,2.449920,-1036.432521,0
2026-02-05,sh.603168,7.4200,7.5100,7.3800,7.3800,7.4200,5191636,38638091.2000,3,1.393700,1,-0.539100,-42.441851,1.705859,5.810449,-29.150881,0
2026-02-05,sh.603169,10.7300,10.8600,10.5800,10.6300,10.8300,22002153,235050697.7400,3,1.684300,1,-1.846700,194.456627,4.195308,2.042696,-17.191638,0
2026-02-05,sh.603170,14.2500,15.0000,14.0300,14.8500,14.2300,8791500,129233410.0000,3,2.197800,1,4.357000,23.608505,4.208396,2.081442,-78.258608,0
2026-02-05,sh.603171,67.4900,70.1800,67.4900,69.8000,68.0400,5916465,408717037.9800,3,1.457700,1,2.586700,264.874457,11.235615,13.585084,-313.559816,0
2026-02-05,sh.603172,26.0300,26.9000,25.2200,25.2200,28.0200,4785100,122350636.5000,3,9.554900,1,-9.992900,60.099987,3.094920,5.849944,-453.563492,0
2026-02-05,sh.603173,47.8600,48.1200,46.2100,46.3500,47.8600,1744200,81907719.0000,3,1.090100,1,-3.155000,18.614653,3.916218,2.551889,7.908161,0
2026-02-05,sh.603175,68.3000,68.4900,67.5800,67.6800,68.5400,1122787,76144550.6600,3,2.551800,1,-1.254700,119.760513,14.246231,6.646030,-464.118710,0
2026-02-05,sh.603176,5.7600,5.8000,5.7200,5.7400,5.7900,4124400,23721242.0000,3,0.893100,1,-0.863600,-97.225946,2.516514,1.124763,46.880766,0
2026-02-05,sh.603177,12.0000,12.0200,11.7800,11.8400,11.9500,3299700,39223644.0000,3,1.616000,1,-0.920500,205.721552,6.360427,2.332129,290.924082,0
2026-02-05,sh.603178,17.6800,17.8400,17.4200,17.4300,17.7500,2245200,39466713.0000,3,0.949700,1,-1.802800,-82.312526,3.392792,2.372642,-105.063778,0
2026-02-05,sh.603179,86.8500,87.0000,83.9100,84.7800,86.8500,7383421,626477036.7200,3,1.447300,1,-2.383400,47.337198,6.951407,2.869532,1384.844555,0
2026-02-05,sh.603180,20.8500,21.0500,20.7800,20.9900,20.8400,1423924,29841998.4000,3,0.923100,1,0.719800,22.416653,1.166052,0.945032,60.037209,0
2026-02-05,sh.603181,16.5800,16.9500,15.9600,16.0000,16.3400,11326438,185269688.5200,3,1.924000,1,-2.080800,20.950029,2.822080,3.875406,-300.503446,0
2026-02-05,sh.603182,16.2600,16.3400,16.0400,16.2200,16.1600,1267153,20575034.4900,3,0.770100,1,0.371300,23.240398,2.437489,1.894685,-30.947787,0
2026-02-05,sh.603183,4.7800,4.8400,4.7300,4.7700,4.7800,12498708,59917813.9200,3,2.514100,1,-0.209200,58.643125,1.491382,2.827012,165.678965,0
2026-02-05,sh.603185,28.5000,28.5200,26.2400,26.6400,29.0600,47601629,1281319798.5200,3,7.010300,1,-8.327600,-21.874019,1.503579,2.378239,-7.288924,0
2026-02-05,sh.603186,64.0600,70.0800,64.0600,66.3500,65.5400,11958352,802692380.0800,3,8.419900,1,1.235900,-334.439244,6.427154,2.224234,-117.790587,0
2026-02-05,sh.603187,15.5200,15.6500,15.3600,15.4800,15.4800,3469426,53839433.9600,3,0.907400,1,0.000000,15.647172,1.415051,1.898067,184.757929,0
2026-02-05,sh.603188,5.1500,5.3700,5.1000,5.2300,5.1600,32156600,168572337.0000,3,5.639800,1,1.356600,-12.980595,3.886344,4.126985,75.676855,0
2026-02-05,sh.603189,20.0000,20.1600,19.7300,19.7400,20.1500,5021300,99956107.0000,3,1.862900,1,-2.034700,926.471939,3.530403,20.093641,48.666807,0
2026-02-05,sh.603190,27.2900,27.3400,26.9900,27.2500,27.2300,1209600,32899459.0000,3,2.985200,1,0.073400,30.996752,1.554324,1.909789,-57.237957,0
2026-02-05,sh.603191,20.5400,20.5400,19.3400,19.4300,20.8800,22439600,443227228.0000,3,6.799100,1,-6.944400,69.898095,2.584424,1.742804,17.576705,0
2026-02-05,sh.603192,26.6000,26.9800,26.1800,26.2300,26.6500,2007970,53242322.0000,3,1.440400,1,-1.576000,29.820675,2.332604,1.509037,18.245064,0
2026-02-05,sh.603193,23.9500,24.5200,23.8000,24.2000,23.8000,3806324,92336485.9900,3,3.683400,1,1.680700,32.067972,4.506808,6.449258,-489.215619,0
2026-02-05,sh.603194,39.1900,39.4000,38.8600,39.0600,39.3000,1035100,40451857.0000,3,0.655000,1,-0.610700,17.894947,2.969464,2.247660,162.686501,0
2026-02-05,sh.603195,43.7300,44.4100,43.6500,43.8900,43.8400,4120425,181282015.2600,3,0.228800,1,0.114100,19.898849,5.066546,4.830946,-110.611989,0
2026-02-05,sh.603196,25.0000,25.0000,24.4700,24.6400,24.9900,2043700,50472286.0000,3,0.862400,1,-1.400600,-138.052859,15.179964,12.571515,209.761267,0
2026-02-05,sh.603197,35.5100,35.7700,35.3900,35.5500,35.6200,2385648,84820895.8400,3,1.116600,1,-0.196500,30.145877,2.368116,0.944007,-11.887241,0
2026-02-05,sh.603198,42.3200,43.1000,42.0300,42.3600,42.7000,9357769,398731631.2200,3,1.169700,1,-0.796300,16.181213,3.336294,5.339857,-23.785717,0
2026-02-05,sh.603199,43.0400,44.5800,42.8500,44.3300,43.0500,4616800,203157814.0000,3,4.171300,1,2.973300,23.021715,3.029382,5.682464,-98.441157,0
2026-02-05,sh.603200,80.0000,82.9900,79.7900,81.7900,81.2200,4817641,392497859.9000,3,2.745400,1,0.701800,125.887486,13.221934,29.329812,168.894187,0
2026-02-05,sh.603201,17.4500,17.5500,17.3500,17.3900,17.4500,1148002,20001176.2700,3,0.609500,1,-0.343800,12.878967,1.898458,1.109971,41.353572,0
2026-02-05,sh.603202,92.6500,93.4900,92.6000,92.6800,92.8800,718577,66765909.3700,3,2.160400,1,-0.215300,13.933284,2.237406,3.511096,6.876980,0
2026-02-05,sh.603203,36.8100,37.0600,36.0000,36.1300,37.1500,2746308,99712577.9200,3,1.102300,1,-2.745600,36.991566,6.278763,8.564392,53.570814,0
2026-02-05,sh.603205,28.4000,28.5100,28.2500,28.2800,28.4100,615294,17442322.2800,3,1.488400,1,-0.457600,42.760282,3.025213,4.464322,8.151333,0
2026-02-05,sh.603206,16.7700,16.9200,16.6900,16.7400,16.8000,2262300,37994823.0000,3,0.741300,1,-0.357100,103.374765,2.252107,1.230515,161.687000,0
2026-02-05,sh.603207,30.2600,30.4500,30.2000,30.4000,30.2500,936353,28408558.6000,3,1.721200,1,0.495900,22.899435,4.638032,9.688944,-35.059195,0
2026-02-05,sh.603208,15.0300,15.1800,14.9600,15.0000,15.1400,3089462,46568868.6300,3,1.743800,1,-0.924700,-27.626396,2.208084,1.310739,-17.090546,0
2026-02-05,sh.603209,15.6800,15.7900,15.5500,15.5700,15.6800,3552300,55577818.6700,3,1.104900,1,-0.701500,19.012106,1.522435,3.295107,51.108606,0
2026-02-05,sh.603210,19.5800,19.6700,19.5000,19.5400,19.6900,1245329,24366761.6600,3,1.651800,1,-0.761800,32.920104,3.641609,3.285789,202.873988,0
2026-02-05,sh.603211,24.2000,24.8000,23.8500,24.1800,24.2600,11281931,273409616.5500,3,4.150700,1,-0.329800,104.516503,5.350528,5.179507,-106.085088,0
2026-02-05,sh.603212,17.3000,17.8900,16.5200,16.9500,18.3600,57155194,982703856.8700,3,13.064300,1,-7.679700,-24.202668,2.901794,2.710202,-84.476993,0
2026-02-05,sh.603213,13.7000,13.7400,13.6100,13.6100,13.7000,1509700,20625774.0000,3,0.341600,1,-0.656900,65.089240,3.237717,2.103460,398.949989,0
2026-02-05,sh.603214,18.3500,18.8000,18.2000,18.5400,18.2600,8846800,164518658.6000,3,6.385700,1,1.533400,23.170913,2.232684,0.689708,74.454884,0
2026-02-05,sh.603215,20.1200,20.3900,20.1200,20.2000,20.3100,1178100,23845195.0000,3,0.629200,1,-0.541600,34.491943,3.125256,1.626064,-31.702993,0
2026-02-05,sh.603216,44.1000,45.1000,43.5000,43.6600,44.8100,3890700,171747416.0000,3,1.747100,1,-2.566400,126.851790,5.427003,8.891475,73.014880,0
2026-02-05,sh.603217,25.7400,26.3500,25.5000,25.6300,25.7200,1762600,45698607.0000,3,0.847000,1,-0.349900,26.324760,1.587483,2.473514,-20.350957,0
2026-02-05,sh.603218,13.8700,13.8900,13.4700,13.5500,13.8300,10694675,145521652.5600,3,1.040300,1,-2.024600,25.309620,1.365714,2.192905,12.998289,0
2026-02-05,sh.603219,19.9000,20.1100,18.3000,18.3000,19.4000,24421880,471647432.4200,3,4.350200,1,-5.670100,66.939405,6.381507,3.277134,98.731390,0
2026-02-05,sh.603220,25.0000,25.4700,24.8300,25.1700,25.3500,14925782,375164287.6300,3,3.437100,1,-0.710100,128.075969,5.490368,3.530715,2512.509429,0
2026-02-05,sh.603221,13.1700,13.4200,13.1600,13.2100,13.2400,3262700,43381628.0000,3,1.346700,1,-0.226600,48.989111,2.010433,2.697612,220.422520,0
2026-02-05,sh.603222,8.8400,8.9600,8.7300,8.7500,8.8500,14076629,124190802.0300,3,2.680800,1,-1.129900,-27.799025,3.284358,7.203986,56.793688,0
2026-02-05,sh.603223,9.7600,9.8400,9.6800,9.7000,9.7900,4435346,43155649.7600,3,0.621000,1,-0.919300,29.815883,1.760553,5.237549,-6.791985,0
2026-02-05,sh.603225,20.0600,20.4900,19.8300,20.0200,20.2600,17660263,354561180.6700,3,1.162500,1,-1.184600,24.995572,1.746105,0.440572,64.739833,0
2026-02-05,sh.603226,29.0000,29.9200,28.5000,28.9200,29.0300,3434000,100139182.0000,3,0.966000,1,-0.378900,-216.251048,11.323020,31.185040,478.727577,0
2026-02-05,sh.603227,8.7000,8.7100,8.5800,8.6000,8.7000,10006598,86355949.5800,3,0.933700,1,-1.149400,20.027741,1.812336,1.610294,-13.025968,0
2026-02-05,sh.603228,61.0200,62.1200,60.0900,61.0000,61.7400,16964126,1034084114.4400,3,1.738600,1,-1.198600,49.536052,4.706623,4.096674,196.733696,0
2026-02-05,sh.603229,9.8500,9.9500,9.8000,9.8200,9.8600,5352782,52797237.4600,3,0.644700,1,-0.405700,44.111877,3.473572,10.855097,93.552538,0
2026-02-05,sh.603230,12.8000,12.9900,12.7800,12.9000,12.8500,3888000,50157529.0000,3,1.099800,1,0.389100,18.680163,1.631358,2.671382,1501.178873,0
2026-02-05,sh.603231,19.4800,20.3000,19.3700,20.0000,19.4500,5951616,118856521.4800,3,5.600700,1,2.827800,21.733489,1.949993,2.334064,-154.208046,0
2026-02-05,sh.603232,23.5100,25.4700,23.3800,25.0800,23.9700,40090182,990325084.2600,3,17.332500,1,4.630800,622.255285,4.362254,13.591978,-50.665677,0
2026-02-05,sh.603233,19.9000,20.2200,19.7000,19.9000,19.8800,5547858,110836234.9500,3,0.487100,1,0.100600,19.921338,3.219310,0.844573,32.162671,0
2026-02-05,sh.603235,26.9400,27.0000,26.8200,26.9200,26.9000,530903,14303655.8500,3,0.121300,1,0.074300,19.099184,2.462788,5.294420,-45.799272,0
2026-02-05,sh.603236,87.4000,88.0000,86.8600,87.1500,88.0300,3843850,335656585.0200,3,1.469000,1,-0.999700,25.992482,5.546333,1.080037,-28.909462,0
2026-02-05,sh.603237,17.5100,17.7500,17.4200,17.6600,17.5100,1900505,33534150.6100,3,0.969600,1,0.856700,32.645748,1.971758,1.590194,-7.744126,0
2026-02-05,sh.603238,18.8600,18.8600,18.3200,18.5600,18.8000,2720925,50603454.2000,3,1.532800,1,-1.276600,27.047457,2.282959,1.220162,166.360384,0
2026-02-05,sh.603239,24.7600,25.2400,24.5600,25.0400,25.0500,6696700,166985705.0000,3,2.473700,1,-0.039900,34.905661,5.404005,4.816287,140.443806,0
2026-02-05,sh.603248,22.7000,22.7300,22.5000,22.5100,22.7800,3128060,70588377.2800,3,4.513200,1,-1.185300,51.925918,7.707636,8.606626,108.475652,0
2026-02-05,sh.603255,34.0700,34.2600,33.1200,33.2300,34.2600,1836700,61553933.0000,3,3.027100,1,-3.006400,-324.139900,2.815913,5.263695,38.213805,0
2026-02-05,sh.603256,54.3800,59.0700,54.3800,55.6400,56.5800,23459690,1323306933.1000,3,2.666700,1,-1.661400,318.087090,30.833587,45.818790,-567.376439,0
2026-02-05,sh.603257,57.1200,57.4800,56.3200,56.5200,57.6800,1220041,69264985.2400,3,4.899800,1,-2.011100,40.848020,2.775203,2.932970,9.111359,0
2026-02-05,sh.603258,18.5300,18.9000,18.4700,18.7200,18.6500,2817600,52908074.0000,3,1.167500,1,0.375300,-61.146235,2.102526,10.606483,29.306538,0
2026-02-05,sh.603259,96.1000,98.4700,96.0000,97.1100,95.6100,39399820,3831110679.1300,3,1.593000,1,1.568900,19.326009,4.084008,6.526527,17.881160,0
2026-02-05,sh.603260,49.7000,49.8900,48.2700,48.5700,49.9300,7290329,356612494.6800,3,0.616700,1,-2.723800,-1621.802495,1.793821,2.667310,-295.641020,0
2026-02-05,sh.603261,30.3000,30.3900,29.4500,29.5100,30.3000,700600,21013764.0000,3,0.903900,1,-2.607300,-21.912269,3.386180,8.027753,-23.785355,1
2026-02-05,sh.603262,28.0200,28.2900,27.9500,27.9700,28.0800,1175630,33042432.8300,3,2.938500,1,-0.391700,72.494410,7.295745,10.574626,106.672182,0
2026-02-05,sh.603266,21.6500,21.6500,21.1500,21.1700,21.6600,2370500,50557924.0000,3,1.191900,1,-2.262200,38.169146,2.681218,3.151954,376.485177,0
2026-02-05,sh.603267,54.4000,56.8900,54.2100,56.1500,54.9300,8165367,452059175.2700,3,3.533600,1,2.221000,52.165786,2.952809,7.407100,-63.464248,0
2026-02-05,sh.603268,83.7000,84.7000,82.6000,83.7600,83.6000,1074500,89995507.0000,3,0.865400,1,0.191400,72.565628,10.078346,9.514100,23.423984,1
2026-02-05,sh.603269,12.3300,12.5500,12.3200,12.4900,12.7000,7932800,98783924.6000,3,2.569300,1,-1.653500,36.314777,4.048127,2.246659,15.241248,0
2026-02-05,sh.603270,27.2800,27.2800,26.6000,26.6900,27.2800,2588607,69476414.2100,3,3.660500,1,-2.162800,46.922836,2.602424,3.241919,-51.187505,0
2026-02-05,sh.603271,48.1800,53.0900,48.1800,52.4500,49.0800,8222430,427015340.0100,3,20.890300,1,6.866300,26.290913,3.662563,1.111647,39.727482,0
2026-02-05,sh.603272,23.0200,23.4000,22.6100,22.6900,22.9000,3040900,69735771.0000,3,2.934500,1,-0.917000,112.441154,4.212972,10.204265,-37.357554,0
2026-02-05,sh.603273,19.5300,19.5700,19.0000,19.3000,19.3800,4938409,95102468.2700,3,8.809400,1,-0.412800,128.437819,4.699495,7.213654,-42.728175,0
2026-02-05,sh.603275,47.2100,47.4900,46.5000,46.8300,47.6500,1155500,54185458.1800,3,2.781900,1,-1.720900,35.930062,2.380913,9.783510,-24.611493,0
2026-02-05,sh.603276,18.2100,18.3800,18.0100,18.2300,18.1100,2203030,40128251.1000,3,2.912400,1,0.662600,92.790516,2.171766,4.904063,28.358562,0
2026-02-05,sh.603277,16.3200,16.5800,16.2600,16.4000,16.3100,1474350,24227023.0500,3,0.241800,1,0.551800,19.036169,3.536644,3.593527,-14.152263,0
2026-02-05,sh.603278,12.5900,12.7100,12.4000,12.6500,12.6800,9919440,124918534.8000,3,2.902500,1,-0.236600,-110.233887,2.154673,0.858577,-168.442890,0
2026-02-05,sh.603279,18.8900,19.1800,18.3000,18.3900,18.8700,7602120,140995987.0100,3,1.319000,1,-2.543700,17.133874,2.245421,1.883968,-52.725508,0
2026-02-05,sh.603280,38.9800,39.3600,38.5000,39.0500,39.0500,1441000,56245348.0000,3,5.157200,1,0.000000,50.671094,3.117502,4.242003,103.686953,0
2026-02-05,sh.603281,32.0000,32.0000,31.3200,31.3200,31.8300,1649320,52152604.4000,3,0.441800,1,-1.602300,25.026648,2.488392,6.036202,105.766210,0
2026-02-05,sh.603282,21.2900,21.4800,21.1000,21.1300,21.2900,1288200,27381911.0000,3,2.007000,1,-0.751500,23.140936,2.139130,2.750995,-57.627270,0
2026-02-05,sh.603283,48.1000,48.3100,46.9100,47.3100,48.8300,9087745,431304804.4500,3,3.351300,1,-3.112800,26.721602,3.886012,3.779857,-180.449889,0
2026-02-05,sh.603285,37.5900,37.8000,35.4500,37.5900,36.8500,7652286,281051214.9200,3,12.283600,1,2.008100,44.664989,3.587079,9.641849,21.330398,0
2026-02-05,sh.603286,67.6900,69.2000,66.9600,68.6100,68.1000,2892100,196952823.0000,3,2.505800,1,0.748900,-483.859285,9.572331,7.502282,-33.636854,0
2026-02-05,sh.603288,36.2100,38.1800,36.0800,37.9600,36.2800,59645750,2241775481.6700,3,1.072600,1,4.630700,32.421740,5.616127,7.896861,97.319596,0
2026-02-05,sh.603289,11.1800,11.2300,11.0600,11.1100,11.1600,2867780,31965795.8000,3,0.977500,1,-0.448000,31.163395,2.237834,2.825135,-29.362011,0
2026-02-05,sh.603290,102.3500,106.8800,100.2900,105.7600,103.2000,6745773,697411072.4000,3,2.816900,1,2.480600,54.327295,3.662489,6.386480,1060.246309,0
2026-02-05,sh.603291,10.7700,11.6300,10.4400,11.4400,11.4400,22665141,248084289.7600,3,17.442400,1,0.000000,59.502940,2.731931,4.141173,144.959033,0
2026-02-05,sh.603296,82.0300,82.6600,81.8600,82.1700,82.8500,5265078,432760476.3800,3,0.921800,1,-0.820800,20.996716,3.356019,0.512828,-107.394326,0
2026-02-05,sh.603297,108.7500,110.6800,107.5000,109.1100,108.7500,1194602,130226342.8000,3,1.078900,1,0.331000,55.178568,6.056802,13.227120,-21.632043,0
2026-02-05,sh.603298,28.8200,28.8200,28.0200,28.2900,28.7800,5109005,144644267.6600,3,0.390100,1,-1.702600,16.852481,3.253955,2.104996,118.091839,0
2026-02-05,sh.603299,11.2200,11.2800,10.9700,11.0000,11.2200,8791224,97599178.5800,3,1.130200,1,-1.960800,16.425308,1.396937,1.847310,-7.709362,0
2026-02-05,sh.603300,7.1600,7.2200,7.1100,7.1400,7.2000,41813110,299038429.6700,3,2.093900,1,-0.833300,22.012673,2.182796,2.419385,37.018181,0
2026-02-05,sh.603301,70.5000,70.5000,69.3100,69.9500,70.3900,932500,65137626.0000,3,0.350800,1,-0.625100,66.199417,3.260614,4.301699,282.397871,0
2026-02-05,sh.603303,14.5100,14.5400,14.3400,14.5000,14.5000,1495800,21667546.0000,3,0.313600,1,0.000000,24.162849,2.220526,1.562533,20.564975,0
2026-02-05,sh.603305,18.3600,18.3600,17.6800,17.7800,18.4800,32932209,589074426.2600,3,2.849500,1,-3.787900,52.269181,2.995782,4.712678,-9.823579,0
2026-02-05,sh.603306,81.3100,81.9000,76.7500,78.8300,81.6000,13269403,1042395907.9500,3,4.027200,1,-3.394600,102.343467,8.372729,10.569605,-63.046992,0
2026-02-05,sh.603307,41.8500,42.1900,41.5800,42.1100,41.6800,593000,24926802.0000,3,3.488200,1,1.031700,23.758189,2.053747,3.280377,-7.621326,0
2026-02-05,sh.603308,54.0500,54.7000,50.9800,52.6200,54.7200,17118266,895322015.8300,3,2.521000,1,-3.837700,101.081812,7.280250,13.116652,23.668241,0
2026-02-05,sh.603309,14.3800,14.6700,14.2900,14.5700,14.3900,5216420,75831892.8000,3,1.787200,1,1.250900,17.406490,2.197386,2.592904,142.263939,0
2026-02-05,sh.603310,17.2900,17.3400,17.1100,17.1300,17.3000,2482900,42736204.0000,3,1.345300,1,-0.982700,33.180724,1.491548,5.979414,-7.687176,0
2026-02-05,sh.603311,15.6900,16.2600,15.6700,15.9500,15.7300,5265600,83952334.0000,3,2.232300,1,1.398600,41.469991,2.737529,4.415679,-49.415869,0
2026-02-05,sh.603312,46.6100,46.7300,45.6100,45.7200,47.0000,1537622,70711348.9400,3,3.019700,1,-2.723400,25.156341,4.254289,2.572814,143.810859,0
2026-02-05,sh.603313,9.4300,9.6000,9.3300,9.4400,9.4300,8138656,77161065.7000,3,1.426400,1,0.106000,33.154006,1.460982,0.593243,52.870031,0
2026-02-05,sh.603315,15.8500,15.8800,14.9100,14.9300,15.7900,12906700,196131009.0000,3,4.028700,1,-5.446500,101.001251,2.815638,4.050363,151.305632,0
2026-02-05,sh.603316,13.8400,14.1100,13.6500,13.8000,13.9700,6330680,87766933.0000,3,2.395600,1,-1.216900,-40.514947,5.684864,7.065949,-13991.021728,0
2026-02-05,sh.603317,13.5200,14.8700,13.4600,14.5100,13.5200,41710013,606517773.0800,3,3.917500,1,7.322500,26.435347,3.518896,4.385067,-185.060635,0
2026-02-05,sh.603318,7.1200,7.1400,7.0300,7.0300,7.1100,7232000,51176656.0000,3,1.575400,1,-1.125200,-480.056965,2.272091,1.280074,-125.696418,0
2026-02-05,sh.603319,36.6000,37.9800,36.5500,37.5300,36.2700,15517829,580330353.9900,3,4.575500,1,3.473900,84.608482,5.130500,6.003456,164.399106,0
2026-02-05,sh.603320,21.7800,22.8800,21.5100,22.6000,21.8000,6328838,141144890.6600,3,4.243400,1,3.669700,44.936844,2.894361,3.307624,394.383686,0
2026-02-05,sh.603321,7.9300,8.0100,7.8700,7.8900,7.9100,5509758,43699435.3400,3,1.599000,1,-0.252800,58.882897,1.911062,3.747913,-12.936836,0
2026-02-05,sh.603322,36.1200,36.4000,35.8600,35.9900,36.4300,3265400,117825865.0000,3,2.072100,1,-1.207800,-207.635824,19.685435,2.304067,207.845372,0
2026-02-05,sh.603323,4.9900,5.1100,4.9900,5.1000,4.9900,56669039,286683026.8900,3,2.807400,1,2.204400,5.038943,0.550874,2.456350,11.939946,0
2026-02-05,sh.603324,26.4000,26.5300,25.9300,26.0600,26.6700,1431360,37467261.8000,3,0.969200,1,-2.287200,65.083535,2.289275,2.987420,-761.949675,0
2026-02-05,sh.603325,78.8800,79.2400,78.0500,78.3200,79.1400,621100,48714692.2800,3,1.817000,1,-1.036100,13.937142,2.320445,4.096143,-17.708622,0
2026-02-05,sh.603326,10.1800,10.3300,10.0300,10.2000,10.1500,4254700,43453899.4000,3,1.333000,1,0.492600,18.228891,2.839795,2.237626,-60.889417,0
2026-02-05,sh.603327,10.2000,10.2500,10.0700,10.1100,10.3900,17299405,175482703.8500,3,1.654700,1,-2.694900,106.816780,5.283892,4.107736,393.059863,0
2026-02-05,sh.603328,11.1500,11.2800,10.9600,11.0300,11.2500,15706900,173882615.0000,3,1.573100,1,-1.955600,25.167613,2.615850,2.795391,41.425366,0
2026-02-05,sh.603329,11.7000,11.7900,11.6000,11.6100,11.7000,2022610,23601565.2000,3,0.980000,1,-0.769200,80.906808,2.617866,0.637163,-12.696757,0
2026-02-05,sh.603330,7.5600,7.6000,7.4200,7.4300,7.6000,6004600,44919455.0000,3,1.476400,1,-2.236800,-16.527483,2.106237,3.194698,-28.569810,0
2026-02-05,sh.603331,16.5000,16.6400,14.9800,16.1400,16.6300,28297203,454558835.3000,3,13.996300,1,-2.946500,45.742920,2.459741,2.135274,57.603738,0
2026-02-05,sh.603332,13.8100,13.9500,13.6800,13.7000,13.8600,3405376,46931412.8000,3,1.574000,1,-1.154400,54.678019,2.322689,1.893992,346.944054,0
2026-02-05,sh.603333,8.1000,8.1000,7.9400,7.9800,8.1000,6133200,49116392.0000,3,0.986800,1,-1.481500,-174.986952,2.403490,3.347147,712.517318,0
2026-02-05,sh.603334,56.4900,59.0800,54.5600,59.0800,53.7100,8046167,467596998.8800,3,25.910600,1,9.998100,54.895878,9.689432,3.014524,-14920.368199,0
2026-02-05,sh.603335,6.0900,6.1900,6.0300,6.1100,6.0900,8694000,53224812.0000,3,2.030600,1,0.328400,-22.910668,12.090358,2.747020,-92.435175,0
2026-02-05,sh.603336,9.1900,9.7000,9.1500,9.6200,9.2300,24153053,230849480.9500,3,3.967800,1,4.225400,605.778761,4.099383,5.540289,19.204837,0
2026-02-05,sh.603337,43.8300,45.3600,43.3900,44.8500,44.0000,2547426,113146109.7200,3,0.537700,1,1.931800,24.431287,4.355161,3.362773,64.446943,0
2026-02-05,sh.603338,57.9100,58.0900,56.9000,57.4300,57.5200,2689730,154424611.0200,3,0.531200,1,-0.156500,16.495249,2.616524,3.486795,-97.634462,0
2026-02-05,sh.603339,13.7000,13.8000,13.6100,13.7400,13.8000,2655980,36401038.8000,3,0.858300,1,-0.434800,27.239388,1.632433,2.558580,-39.181949,0
2026-02-05,sh.603341,44.8100,45.2200,44.2300,44.5300,45.0800,5863579,261530728.8000,3,2.202600,1,-1.220100,40.292441,4.054031,0.543800,16.401099,0
2026-02-05,sh.603344,30.2600,30.7800,30.2300,30.5000,30.5400,1749000,53317722.0000,3,3.237000,1,-0.131000,30.588529,2.823687,2.304093,75.693453,0
2026-02-05,sh.603345,89.3600,91.9000,88.7100,90.3900,89.3400,5733396,519488798.6200,3,1.954800,1,1.175300,21.720618,1.991814,1.953578,12.384906,0
2026-02-05,sh.603348,20.3300,20.4400,20.2200,20.2300,20.3700,1377033,27978040.9200,3,0.437900,1,-0.687300,314.195614,1.473147,1.081286,-19.799523,0
2026-02-05,sh.603350,37.8800,38.0600,37.5300,37.5500,37.9200,763292,28806624.7600,3,1.734800,1,-0.975700,36.137078,3.324849,2.261273,-8.068094,0
2026-02-05,sh.603351,27.5700,27.8100,27.4200,27.5800,27.5000,459300,12679920.0000,3,0.339100,1,0.290900,25.309387,2.123468,2.841415,18.915226,0
2026-02-05,sh.603352,44.1800,44.8700,44.0300,44.7600,44.2800,3857076,171959287.7600,3,8.682700,1,1.084000,43.528523,5.812163,2.752288,71.780627,0
2026-02-05,sh.603353,36.8200,37.2000,35.7100,35.8300,37.0000,5159220,186295234.5000,3,3.027400,1,-3.162200,775.461027,3.734575,2.192818,28.299749,0
2026-02-05,sh.603355,34.0500,34.1200,33.4000,33.7800,34.1000,2343040,79154063.0000,3,0.408600,1,-0.938400,19.910723,3.545243,1.970143,24.548640,0
2026-02-05,sh.603356,18.5200,18.5200,17.7300,17.8900,18.3000,2859500,51335144.0000,3,2.144500,1,-2.240400,-13.378335,6.221390,2.508066,56.648782,0
2026-02-05,sh.603357,8.4200,8.4400,8.3800,8.4200,8.4300,4129902,34730629.6000,3,0.743300,1,-0.118600,10.718889,1.227783,1.521905,85.494377,0
2026-02-05,sh.603358,50.6600,51.7700,50.1900,51.5200,50.2800,10203989,520321504.5900,3,2.271400,1,2.466200,57.878058,6.314278,4.670296,-364.461377,0
2026-02-05,sh.603359,6.7300,6.8900,6.7200,6.8000,6.7500,12131200,82805998.0000,3,2.719400,1,0.740700,-4.504302,1.146778,11.375745,78.834636,0
2026-02-05,sh.603360,30.1800,31.4900,30.0000,31.0100,30.1800,12390119,382137811.8700,3,1.754400,1,2.750200,101.374350,14.539519,14.879524,96.023045,0
2026-02-05,sh.603363,4.1400,4.2600,4.1300,4.1800,4.1600,45461950,190818233.8000,3,2.135000,1,0.480800,6.003739,3.255710,1.331309,632.651699,0
2026-02-05,sh.603365,20.3800,21.6000,20.2600,21.4500,20.3900,3813300,80997888.0000,3,1.467800,1,5.198600,14.467638,1.872962,1.255136,50.914138,0
2026-02-05,sh.603366,9.8300,9.8800,9.7000,9.7100,9.8300,17493800,170610163.0000,3,2.151600,1,-1.220800,43.430651,1.900126,1.716547,-41.618737,0
2026-02-05,sh.603367,17.3000,17.4300,17.2200,17.2600,17.3100,6859500,118843058.0000,3,1.515100,1,-0.288900,15.857438,1.270080,2.193184,94.113993,0
2026-02-05,sh.603368,18.1300,18.2100,18.0700,18.1500,18.1600,3580620,64944083.8000,3,0.901400,1,-0.055100,9.187706,0.939695,0.344164,-31.453245,0
2026-02-05,sh.603369,34.1700,34.8800,34.0200,34.4000,34.2400,13188530,455332245.4900,3,1.057800,1,0.467300,14.917251,2.598111,4.090233,-52.919756,0
2026-02-05,sh.603370,50.0300,50.0300,49.1100,49.2700,50.1100,1224883,60562711.9200,3,3.572800,1,-1.676300,48.536166,4.524036,5.392381,11.535533,0
2026-02-05,sh.603373,40.9000,40.9900,40.4700,40.8700,40.8600,988000,40297690.0000,3,2.174800,1,0.024500,33.959971,2.431389,1.602548,122.364663,0
2026-02-05,sh.603375,37.7900,38.1500,37.5600,37.6400,37.9900,1196200,45240797.8700,3,1.875500,1,-0.921300,163.751123,2.396983,7.480541,73.134488,0
2026-02-05,sh.603376,37.9300,38.9900,37.8800,38.2600,38.0800,2084188,80172683.6600,3,6.715000,1,0.472700,54.133713,12.149534,5.090743,2089.470893,0
2026-02-05,sh.603377,3.6000,3.7400,3.5900,3.6900,3.6000,7287028,26680049.0400,3,1.019300,1,2.500000,-2.944233,3.257991,4.078870,29.522437,1
2026-02-05,sh.603378,6.9600,6.9800,6.8600,6.9100,6.8600,8122392,56108880.1200,3,1.895100,1,0.728900,-4.760790,2.967391,4.084129,-237.962924,0
2026-02-05,sh.603379,68.0600,69.0800,67.4400,67.8500,68.0700,6272740,428026350.1100,3,1.027500,1,-0.323200,22.902004,5.440564,7.629344,85.695320,0
2026-02-05,sh.603380,37.4100,37.7000,36.9500,37.0100,37.4500,1202600,44711081.0000,3,0.749600,1,-1.174900,26.826972,3.880388,2.546069,39.287621,0
2026-02-05,sh.603381,25.0000,25.0300,23.7500,24.0500,25.5200,21490228,522215290.0800,3,15.119300,1,-5.760200,62.091223,1.595388,0.496261,9.278266,0
2026-02-05,sh.603382,31.3400,31.3400,30.8700,30.8800,31.3500,985392,30630376.9300,3,2.718300,1,-1.499200,40.622113,3.228561,1.193320,26.604800,0
2026-02-05,sh.603383,36.2500,36.4500,36.0600,36.3000,36.3300,2360014,85583792.8000,3,1.149100,1,-0.082600,38.029971,5.105385,11.874205,-25.830758,0
2026-02-05,sh.603385,7.3500,7.4300,7.3000,7.3500,7.3200,4925560,36375033.5000,3,1.293900,1,0.409800,46.073639,0.745364,0.875277,-7.840904,0
2026-02-05,sh.603386,14.5100,14.6800,14.2200,14.3300,14.6300,7455160,107200149.0000,3,2.284600,1,-2.050600,-39.779983,3.434969,1.861901,54.614665,0
2026-02-05,sh.603387,8.6300,8.6800,8.5700,8.5900,8.5900,5333243,46007728.0300,3,1.051600,1,0.000000,20.868070,1.618869,4.178192,-22.793399,0
2026-02-05,sh.603389,45.0200,46.5900,44.6900,45.4800,45.0200,1314340,59984848.0000,3,0.500200,1,1.021800,-125.793251,51.088041,57.234757,-4216.489520,1
2026-02-05,sh.603390,12.8300,13.0100,12.7200,12.8000,12.8300,3397400,43648850.0000,3,0.969300,1,-0.233800,70.562692,2.785608,4.840517,103.961045,0
2026-02-05,sh.603391,68.1000,69.5500,67.0400,68.0000,68.1000,1536255,105368934.9500,3,6.752800,1,-0.146800,30.195661,2.957291,6.240812,-16.100491,0
2026-02-05,sh.603392,41.9100,42.3000,41.7700,42.1800,41.9600,2696966,113484355.0700,3,0.213300,1,0.524300,-159.755535,4.411456,29.700520,-96.522769,0
2026-02-05,sh.603393,29.3300,29.5300,28.8400,28.8900,29.5100,5666987,164858009.6600,3,1.339000,1,-2.101000,10.946212,1.362656,3.237597,-64.321347,0
2026-02-05,sh.603395,31.3500,31.4900,30.7700,30.7800,31.5500,3529190,109664952.3000,3,5.429500,1,-2.440600,294.686369,5.720993,2.424696,37.208422,0
2026-02-05,sh.603396,48.2200,48.6400,48.1500,48.1500,53.5000,8138600,392087719.6000,3,5.875100,1,-10.000000,145.175442,2.576092,2.576501,21.944429,0
2026-02-05,sh.603398,9.3000,9.8900,9.3000,9.6900,9.4800,11115554,106988657.7000,3,2.563300,1,2.215200,-3.515257,6.540255,16.582876,-17.235696,1
2026-02-05,sh.603399,10.4900,10.5300,10.0500,10.1300,10.5900,14601700,149577214.9500,3,2.850300,1,-4.343700,-27.523888,3.129118,1.019809,-26.751108,0
2026-02-05,sh.603400,56.8300,57.8500,56.6600,57.4600,57.3300,643101,36751143.0700,3,3.215500,1,0.226800,35.412345,4.563462,4.046250,19.931574,0
2026-02-05,sh.603402,152.0000,168.7000,151.3000,166.5000,153.3600,4457264,724817294.9600,3,23.054800,1,8.568100,34.274096,9.475343,12.183474,47.196597,0
2026-02-05,sh.603406,39.1100,39.3700,38.9500,38.9500,39.2300,734301,28700129.0200,3,2.066100,1,-0.713700,34.397365,3.343694,4.303615,-90.140904,0
2026-02-05,sh.603408,13.1700,13.5200,13.1300,13.3800,13.1800,3390600,45341446.0000,3,0.757600,1,1.517500,13.803450,1.744719,1.208943,78.534676,0
2026-02-05,sh.603409,39.5100,39.5300,36.7000,38.0000,39.9400,5582699,211868145.2400,3,17.718500,1,-4.857300,30.126457,3.210517,3.912578,27.312727,0
2026-02-05,sh.603416,55.4900,55.6900,54.5300,54.7800,55.8300,1841720,101264892.2000,3,1.322600,1,-1.880700,36.715517,3.266888,4.579391,-456.486203,0
2026-02-05,sh.603418,56.6000,56.8800,56.2900,56.6500,56.5800,760156,43085199.8000,3,1.880500,1,0.123700,21.693291,2.478761,2.329185,5.120781,0
2026-02-05,sh.603421,7.8300,7.9000,7.6400,7.6600,7.9000,14145820,109433258.2000,3,2.169000,1,-3.038000,-9.079550,1.783701,2.632008,-32.847642,0
2026-02-05,sh.603429,10.1000,10.8900,9.9500,10.8900,9.9000,25379947,269870793.4800,3,4.839000,1,10.000000,-233.144435,4.628810,31.804447,-1615.862572,0
2026-02-05,sh.603439,12.0100,12.2700,11.9500,12.1200,11.9800,4668698,56526618.0200,3,1.156100,1,1.168600,30.844864,3.347267,2.855352,-18.247802,0
2026-02-05,sh.603444,430.8000,437.0000,429.2100,432.8000,435.1600,970248,419780202.9400,3,1.346800,1,-0.542300,20.764742,5.794426,5.813601,18.062553,0
2026-02-05,sh.603456,17.9500,18.0800,17.8500,17.9200,17.9500,9513515,170800556.7000,3,1.069600,1,-0.167100,22.049357,1.820508,2.975996,230.740375,0
2026-02-05,sh.603458,10.7400,10.8000,10.5500,10.7400,10.8400,8287506,88485605.4600,3,2.707200,1,-0.922500,-9.532312,1.151682,2.241118,-55.935742,0
2026-02-05,sh.603466,9.0000,9.1800,8.9500,9.0500,9.0500,15046760,136736789.5300,3,2.529800,1,0.000000,156.575308,2.555077,3.077633,-28.246451,0
2026-02-05,sh.603477,17.4700,17.9400,17.4300,17.7400,17.6100,8825561,156807067.9000,3,1.730300,1,0.738200,24.704806,3.039861,1.165752,242.298054,0
2026-02-05,sh.603486,71.8800,72.7600,71.3200,71.6900,71.5600,6418781,461684146.8200,3,1.119500,1,0.181700,25.794076,4.828575,2.162343,23.118091,0
2026-02-05,sh.603488,9.7800,9.8700,9.5600,9.6800,9.8400,9064778,87896028.9600,3,3.104500,1,-1.626000,-91.921046,3.132632,6.160708,-83.607575,0
2026-02-05,sh.603489,30.1900,30.2500,29.8300,29.9000,30.0500,1443172,43269238.6000,3,0.615100,1,-0.499200,88.253102,2.604440,5.089124,-23.080692,0
2026-02-05,sh.603496,28.2700,28.5800,28.0200,28.0600,28.6000,8259690,233305982.8100,3,2.579500,1,-1.888100,-723.718277,6.446721,9.215240,91.200777,0
2026-02-05,sh.603499,22.6200,23.0900,22.2400,22.7300,22.6100,3423704,77491134.4800,3,1.131400,1,0.530700,53.800375,7.866235,6.609232,-697.274092,0
2026-02-05,sh.603500,13.6000,13.6500,13.3900,13.4800,13.6400,4679800,63255787.0000,3,1.410300,1,-1.173000,30.638875,4.422350,5.904793,-355.759936,0
2026-02-05,sh.603501,116.4800,117.7900,116.2100,117.6300,117.2900,10251037,1201271834.1300,3,0.847200,1,0.289900,35.525460,5.376592,5.164169,50.243060,0
2026-02-05,sh.603505,19.2500,19.4700,18.8200,19.0300,19.4400,9828715,187404384.5200,3,1.167800,1,-2.109100,66.105179,8.882685,4.351735,876.302955,0
2026-02-05,sh.603506,14.4700,14.5500,14.2000,14.2400,14.4700,2609640,37541729.0000,3,1.389700,1,-1.589500,23.041655,2.143182,1.455703,-71.204731,0
2026-02-05,sh.603507,30.1000,31.7500,30.1000,31.4100,30.5000,13011607,406125577.7900,3,7.158200,1,2.983600,101.780194,2.390400,1.479558,-57.432309,0
2026-02-05,sh.603508,26.0000,26.6500,25.9500,26.3100,26.1300,4136124,109049609.4000,3,1.084800,1,0.688900,16.254322,2.608507,6.419314,204.841741,0
2026-02-05,sh.603511,15.4000,15.5300,15.3500,15.4100,15.4500,2205323,34080018.7400,3,0.548700,1,-0.258900,50.523874,1.430109,1.997848,-486.923214,0
2026-02-05,sh.603515,19.2600,19.9500,19.1700,19.7800,19.2400,3567659,70291727.3400,3,0.484500,1,2.806700,17.139612,2.209490,2.121142,2187.695726,0
2026-02-05,sh.603516,170.6000,173.6000,168.6000,170.7000,173.0600,4434853,759807638.1200,3,2.181800,1,-1.363700,6869.485481,24.924400,95.844027,-215.634238,0
2026-02-05,sh.603517,12.6700,12.8200,12.6000,12.7000,12.6700,4932680,62766394.2000,3,0.814000,1,0.236800,111.651515,1.205774,1.398713,-22.009238,1
2026-02-05,sh.603518,9.8400,10.1500,9.8300,10.1100,9.8700,12261180,123014946.0000,3,3.563500,1,2.431600,13.494027,0.960303,0.810728,-164.406692,0
2026-02-05,sh.603519,13.4300,13.5500,13.3400,13.5000,13.4100,2381004,32099429.5600,3,0.894000,1,0.671100,21.542472,3.023037,2.098856,25.889727,0
2026-02-05,sh.603520,10.4100,10.8100,10.3600,10.5300,10.3800,10567228,112024215.1600,3,2.410400,1,1.445100,-157.827668,1.775253,1.930987,-17.173937,0
2026-02-05,sh.603527,10.7900,10.7900,10.5100,10.5500,10.8300,5868905,62373022.7500,3,1.851600,1,-2.585400,24.639196,1.620684,0.321416,16.675317,0
2026-02-05,sh.603528,9.6200,9.6900,9.5200,9.5300,9.6600,7760300,74497917.0000,3,1.099300,1,-1.345800,-121.257538,3.539390,16.330854,-87.796360,0
2026-02-05,sh.603529,29.3500,30.6200,29.1900,30.2000,29.3500,11214056,337663879.4000,3,1.323100,1,2.896100,11.208422,2.757947,1.040125,-38.466201,0
2026-02-05,sh.603530,47.3000,47.3000,45.2900,46.6300,47.4900,4800705,222598457.6100,3,1.123100,1,-1.810900,54.088932,12.330612,12.481945,4077.256439,0
2026-02-05,sh.603533,23.3500,24.3400,23.3000,23.7800,23.6200,18279100,435591892.0000,3,4.164800,1,0.677400,-79.954067,4.514621,3.332424,-19.518020,0
2026-02-05,sh.603535,9.9800,10.0800,9.9700,9.9900,9.9600,3211826,32161884.5500,3,0.628600,1,0.301200,27.240041,1.938481,3.888596,-56.039537,0
2026-02-05,sh.603536,11.1100,11.6900,11.0900,11.4800,11.1600,16379480,188222931.8000,3,6.809700,1,2.867400,-100.970752,6.734223,1.649824,-59.050399,0
2026-02-05,sh.603538,20.8000,21.4100,20.8000,21.0200,20.8700,5384772,113459025.9500,3,2.490700,1,0.718700,46.618237,2.063754,3.010352,235.892707,0
2026-02-05,sh.603551,11.3700,11.7600,11.3300,11.6900,11.3700,7764524,90266840.3200,3,2.044800,1,2.814400,15.232117,3.275267,2.464127,33.732418,0
2026-02-05,sh.603556,38.0000,38.0300,36.7000,37.0600,38.2300,5734745,213134380.2200,3,1.179300,1,-3.060400,19.113778,2.443624,3.853610,-350.909073,0
2026-02-05,sh.603557,3.0300,3.1600,2.9700,3.1600,3.0100,21404629,66118895.9600,3,3.433300,1,4.983400,-13.839551,25.155905,8.018761,-174.043008,1
2026-02-05,sh.603558,11.8500,12.0900,11.7800,12.0500,11.8700,4864300,58291888.5000,3,1.419700,1,1.516400,11.148770,1.722541,1.627854,26.942078,0
2026-02-05,sh.603559,6.7100,6.8400,6.5500,6.5500,6.7400,6263600,41857834.0000,3,1.560900,1,-2.819000,-9.338837,2.761893,6.276427,120.582340,1
2026-02-05,sh.603565,10.2400,10.3500,10.2100,10.3200,10.2000,17514250,180266841.9800,3,0.834000,1,1.176500,10.141187,2.193736,2.023121,11.825600,0
2026-02-05,sh.603566,14.0900,14.2400,14.0300,14.0600,14.0900,3950887,55833454.7900,3,1.141700,1,-0.212900,33.866874,1.887313,4.407948,224.624701,0
2026-02-05,sh.603567,8.5300,8.6300,8.4200,8.4500,8.6300,17944716,152441728.9800,3,1.909900,1,-2.085700,-23.905747,1.090987,4.982373,-10.738638,0
2026-02-05,sh.603568,26.9300,26.9300,26.2800,26.6100,26.7600,6524470,173472050.8900,3,0.382200,1,-0.560500,16.681487,3.133592,6.495806,113.133855,0
2026-02-05,sh.603569,7.4500,7.5000,7.4100,7.4300,7.4400,4264300,31786474.0000,3,0.706600,1,-0.134400,67.042672,1.494520,0.923538,11.982546,0
2026-02-05,sh.603577,11.2800,11.3900,10.8300,10.8300,11.3700,10874200,119738219.0000,3,3.206400,1,-4.749300,27.804616,1.892749,0.857162,62.998538,0
2026-02-05,sh.603578,15.1500,15.5200,15.0000,15.2500,15.2400,7967847,121672029.8500,3,4.417800,1,0.065600,-20.928697,2.804883,1.892268,16.145698,0
2026-02-05,sh.603579,24.7900,24.8500,24.5700,24.7100,24.7100,2700440,66680126.0000,3,1.343200,1,0.000000,31.000511,1.807873,3.142909,-12.958735,0
2026-02-05,sh.603580,13.9000,14.2000,13.4800,13.9300,14.1200,4113892,56956642.4000,3,3.148200,1,-1.345600,-1311.589107,4.323872,7.900988,104.487174,1
2026-02-05,sh.603583,36.7100,36.9200,36.2400,36.3100,36.8700,3527558,128733111.4100,3,0.922800,1,-1.518900,37.974857,3.005469,3.400495,-33.561080,0
2026-02-05,sh.603585,20.3000,20.8000,20.0700,20.0800,20.3800,3519031,71443181.3000,3,1.925700,1,-1.472000,31.330324,1.477825,1.376123,-39.755679,0
2026-02-05,sh.603586,19.1200,19.2700,18.9800,18.9800,19.2100,1471900,28139736.0000,3,0.750800,1,-1.197300,23.646379,1.603969,1.969001,22.324484,0
2026-02-05,sh.603587,12.9500,13.2400,12.9400,13.2100,13.0100,4144540,54569133.2000,3,0.874200,1,1.537300,24.038712,1.737086,2.912050,-15.763213,0
2026-02-05,sh.603588,10.0900,10.2300,9.9000,9.9500,10.1500,33673388,337717664.2400,3,2.210700,1,-1.970400,26.732163,1.582366,1.147469,605.399910,0
2026-02-05,sh.603589,29.7800,30.2300,29.7100,29.8600,29.9200,8139096,244152995.3200,3,1.360800,1,-0.200500,16.435630,1.705278,3.700123,-31.046119,0
2026-02-05,sh.603590,42.0000,42.0700,41.0100,41.4500,41.6100,2157781,89839663.9900,3,1.363800,1,-0.384500,115.386125,2.061646,7.564476,63831.130875,0
2026-02-05,sh.603595,16.7600,16.8600,16.6900,16.7600,16.8200,1730200,29014599.0000,3,0.744400,1,-0.356700,98.577489,2.520113,1.945631,-35.375496,1
2026-02-05,sh.603596,50.3400,50.7000,49.7400,50.0000,50.4800,8364620,419360991.2600,3,1.379100,1,-0.950900,22.933734,4.144822,2.588470,74.896093,0
2026-02-05,sh.603598,24.7800,26.8000,24.7800,25.6100,27.0000,39936300,1031078170.0000,3,14.831700,1,-5.148100,-400.174396,33.121904,0.829970,-79.086662,0
2026-02-05,sh.603599,15.2000,15.6700,14.8400,15.1100,15.5300,43048860,654068295.0000,3,4.729200,1,-2.704400,18.971539,1.379667,3.604456,-2.407722,0
2026-02-05,sh.603600,11.8200,11.9800,11.7400,11.8500,11.8200,2727900,32451068.0000,3,0.909200,1,0.253800,14.895954,1.710201,0.808631,7.296516,0
2026-02-05,sh.603601,11.9600,12.4300,11.2500,11.8000,12.4000,161233068,1915131261.3100,3,14.114300,1,-4.838700,166.146109,6.135375,9.876130,130.005583,0
2026-02-05,sh.603602,14.0200,15.3600,13.9400,14.5100,14.0700,14581057,213626986.6400,3,6.310600,1,3.127200,118.620278,3.152593,2.044597,68.819353,0
2026-02-05,sh.603605,71.8500,76.4500,71.7000,76.1500,71.6500,22477336,1693326152.7500,3,5.676400,1,6.280500,19.102840,5.367641,2.763777,35.958995,0
2026-02-05,sh.603606,56.0000,56.0000,54.7000,55.7000,56.3000,7775052,430943273.8100,3,1.130600,1,-1.065700,38.692190,4.996266,3.872394,-359.105980,0
2026-02-05,sh.603607,23.3000,23.6400,23.1000,23.1500,23.2200,3240620,75568030.4000,3,1.815300,1,-0.301500,38.271015,4.089442,4.452600,-132.203130,0
2026-02-05,sh.603608,10.2800,10.5400,10.2100,10.3600,10.3600,13092377,135864286.5300,3,3.119300,1,0.000000,-66.612470,4.112060,4.174472,-157.281506,0
2026-02-05,sh.603609,7.4200,7.4600,7.3600,7.4100,7.4200,4540918,33665521.5800,3,0.499900,1,-0.134800,36.888896,1.039173,0.183855,-68.236012,0
2026-02-05,sh.603610,17.9300,18.1200,17.8100,17.9400,17.9200,3112275,56015818.6100,3,0.881700,1,0.111600,41.689018,2.007078,2.139496,-29.112531,0
2026-02-05,sh.603611,23.8000,23.9000,23.4300,23.4400,23.9100,2589600,61167340.0000,3,1.005300,1,-1.965700,12.188893,1.922767,0.880028,84.775546,0
2026-02-05,sh.603612,30.7700,31.8700,30.3000,30.6600,30.5800,39877181,1234493591.7000,3,8.005800,1,0.261600,21.522861,2.721832,0.920394,-12.359648,0
2026-02-05,sh.603613,26.4800,26.7300,26.4200,26.6200,26.6100,6357585,169082320.4700,3,0.882300,1,0.037600,13.362286,2.160956,0.367991,26.886796,0
2026-02-05,sh.603615,23.9500,23.9500,23.1300,23.2000,23.8100,2600500,61001948.0000,3,1.075400,1,-2.561900,-333.081281,4.902689,5.429705,66.781441,0
2026-02-05,sh.603616,7.5400,7.5400,7.5400,7.5400,6.8500,2616605,19729201.7000,3,0.680900,1,10.073000,-16.369128,11.754393,3.153080,442.199432,0
2026-02-05,sh.603617,7.7800,7.8300,7.6800,7.6900,7.8100,6416000,49679207.0000,3,1.672400,1,-1.536500,62.043465,1.997149,2.749634,-12.585913,0
2026-02-05,sh.603618,11.7800,13.2200,11.4100,12.4600,12.0200,203479475,2566488100.4700,3,29.431100,1,3.660600,-42.529897,3.176269,0.926758,103.139343,0
2026-02-05,sh.603619,32.0000,32.8900,30.5600,30.8700,32.4100,32308297,1010934558.2600,3,6.988000,1,-4.751600,27.946194,3.282025,3.508191,72.572178,0
2026-02-05,sh.603626,22.1600,22.2400,21.4300,22.0300,22.5000,22057824,481295969.6600,3,3.975200,1,-2.088900,-34.179882,5.730593,3.804278,-532.019808,0
2026-02-05,sh.603628,14.5800,14.5900,14.1500,14.1800,14.6900,12443100,177843925.9600,3,4.571800,1,-3.471700,42.296718,2.885872,1.702040,22.763735,0
2026-02-05,sh.603629,38.4400,43.8800,37.4100,43.1600,40.0000,52792444,2180913594.0500,3,20.553600,1,7.900000,60.279507,6.062065,3.517620,103.199241,0
2026-02-05,sh.603630,19.3800,21.3300,19.2900,21.3300,19.3900,6251470,129140439.1000,3,2.775900,1,10.005200,-6758.805274,2.514511,5.677394,-30.649534,0
2026-02-05,sh.603633,9.1500,9.4700,9.0900,9.2100,9.2100,8073611,75162739.4600,3,1.891600,1,0.000000,243.934156,2.027091,2.520176,-56.559033,0
2026-02-05,sh.603636,11.2000,11.4000,11.1600,11.2800,11.2400,9317149,105013958.4600,3,1.605400,1,0.355900,-26.309719,2.911904,6.694104,-174.337341,0
2026-02-05,sh.603637,12.4100,12.4500,12.2400,12.3500,12.4000,4669501,57629697.3600,3,1.956300,1,-0.403200,31.784858,2.858315,6.078889,18.452088,0
2026-02-05,sh.603638,22.9100,22.9100,22.2600,22.4500,23.0000,7121240,159966777.2000,3,0.856900,1,-2.391300,49.155110,5.295645,6.095383,-78.875115,0
2026-02-05,sh.603639,14.1000,14.1400,13.9200,13.9300,14.1900,2158700,30226370.0000,3,0.635100,1,-1.832300,25.181588,1.407256,1.192472,31.492374,0
2026-02-05,sh.603648,10.7000,10.8000,10.6500,10.7200,10.7000,1927000,20699647.3300,3,0.531700,1,0.186900,35.414342,2.122682,2.807046,84.535030,0
2026-02-05,sh.603650,55.3000,55.6000,53.8000,54.7700,55.7200,11000127,601675737.9100,3,1.790200,1,-1.705000,58.965714,9.830758,10.016848,179.868907,0
2026-02-05,sh.603655,40.1700,44.4100,39.7800,44.4100,40.3700,4083600,174774451.0000,3,3.852500,1,10.007400,114.210666,8.483129,17.927323,-143.332544,0
2026-02-05,sh.603656,24.5000,24.8900,24.4600,24.5900,24.7200,2616200,64635520.0000,3,1.430000,1,-0.525900,147.132725,3.408957,7.759338,25.071540,0
2026-02-05,sh.603657,28.1800,28.7600,28.1500,28.3800,28.3800,1313100,37391715.0000,3,0.971300,1,0.000000,265.865189,4.069108,1.532293,27.966813,0
2026-02-05,sh.603658,36.6800,36.9300,36.5900,36.7600,36.6800,2608666,95906109.0000,3,0.456500,1,0.218100,19.134376,2.401596,4.979602,77.216374,0
2026-02-05,sh.603659,27.8800,28.3000,27.3000,27.5800,28.1800,18960567,524054962.8200,3,0.887500,1,-2.129200,35.667786,2.984034,4.080905,160.367286,0
2026-02-05,sh.603660,9.8500,10.0700,9.8000,9.9100,9.9000,11944542,118846208.6600,3,2.090100,1,0.101000,-28.739474,6.889019,4.283108,-37.548138,0
2026-02-05,sh.603661,34.8200,35.3400,34.5300,34.8600,34.6500,1061130,37152765.2000,3,0.763000,1,0.606100,17.574162,1.278757,0.414156,-1129.771445,0
2026-02-05,sh.603662,66.4200,66.5000,64.5000,64.7200,66.7200,4482190,292080337.5000,3,1.596100,1,-2.997600,56.102126,6.600349,12.466258,150.795399,0
2026-02-05,sh.603663,39.6600,40.5800,38.8600,39.0300,39.8400,8957925,353513589.8100,3,2.118600,1,-2.033100,215.125244,12.495259,15.555888,592.897070,0
2026-02-05,sh.603665,37.2200,38.1000,36.6500,37.8000,36.9800,3768500,140763942.0400,3,2.352800,1,2.217400,-21.099947,8.554663,3.829529,348.767017,0
2026-02-05,sh.603666,30.9900,31.1200,30.6300,30.8900,31.1300,2637400,81354753.0000,3,1.283200,1,-0.771000,-35.229703,2.998896,11.754868,52.778448,0
2026-02-05,sh.603667,79.0300,81.4900,76.7000,77.8600,81.9300,35071293,2760046226.2900,3,9.577000,1,-4.967700,311.204091,9.559367,8.258458,-13305.912973,0
2026-02-05,sh.603668,15.8000,15.9500,15.4100,15.8100,15.8000,11436270,179309413.3000,3,2.261400,1,0.063300,291.851365,3.446441,1.364677,138.003673,0
2026-02-05,sh.603669,4.6200,4.6800,4.6100,4.6200,4.6300,6712800,31146589.0000,3,0.930700,1,-0.216000,-28.148700,4.937815,7.738219,64.598178,0
2026-02-05,sh.603676,11.2600,11.3800,11.2200,11.2800,11.2500,2479800,28052765.0000,3,0.569900,1,0.266700,22.102931,3.215684,4.201529,85.688466,0
2026-02-05,sh.603677,18.1000,18.3400,18.0100,18.1600,18.1000,1372000,24978857.5000,3,0.712400,1,0.331500,51.137350,3.005801,1.684247,-347.581552,0
2026-02-05,sh.603678,38.4100,38.9300,37.4200,38.1500,38.7400,15021779,571158481.2300,3,3.158700,1,-1.523000,62.805753,2.958401,5.418726,-766.650026,0
2026-02-05,sh.603679,15.8900,15.9900,15.5900,15.7000,15.9300,5063860,79783739.0000,3,3.026000,1,-1.443800,-28.417513,3.495884,5.801489,38.444682,0
2026-02-05,sh.603680,14.7300,14.7700,14.5600,14.6300,14.7900,2821925,41306835.7500,3,0.360100,1,-1.081800,22.722734,2.047928,2.304515,58.199117,0
2026-02-05,sh.603681,19.5100,19.9000,19.4300,19.4600,19.6000,4044300,79271367.0000,3,2.116000,1,-0.714300,25.153049,1.429111,0.556559,136.341794,0
2026-02-05,sh.603682,7.0600,7.1600,7.0300,7.0700,7.1000,10274600,72786465.0000,3,2.174500,1,-0.422500,53.061937,3.516977,3.471219,-29.629843,0
2026-02-05,sh.603683,26.2700,26.2900,25.1300,25.1600,26.2700,6833033,173782102.2800,3,2.378300,1,-4.225400,113.961618,4.558164,3.591388,83.756868,0
2026-02-05,sh.603685,22.9900,24.4800,22.8000,24.2300,23.1600,6742084,159895221.2700,3,3.346500,1,4.620000,257.219592,4.870116,5.020593,-5094.379754,0
2026-02-05,sh.603686,24.2500,25.5700,24.2000,25.3100,24.2400,45608384,1147919586.2700,3,10.978600,1,4.414200,73.360343,3.099373,2.168970,-34.327470,0
2026-02-05,sh.603687,10.9500,11.0300,10.6700,10.7000,11.0400,11847130,127748452.6700,3,2.153900,1,-3.079700,51.416822,1.805800,2.664172,-23.588651,0
2026-02-05,sh.603688,41.8800,41.8800,40.4000,40.5400,42.2000,14359940,586614412.9900,3,2.651000,1,-3.933600,140.935006,3.786832,22.723521,-30.498473,0
2026-02-05,sh.603689,8.4500,8.4600,8.3600,8.4200,8.4500,3217680,27065779.8000,3,0.617400,1,-0.355000,14.198363,1.331650,0.826221,-17.404109,0
2026-02-05,sh.603690,27.5000,27.6300,27.2200,27.4700,27.7000,9916777,271989959.4400,3,2.589500,1,-0.830300,-124.397636,2.092402,3.157285,325.656644,0
2026-02-05,sh.603693,12.7200,12.7400,12.3700,12.3700,12.7200,4930060,61527217.8000,3,0.553000,1,-2.751600,28.773860,1.584371,5.335518,1359.532857,0
2026-02-05,sh.603696,19.4200,21.3600,19.2900,21.3600,19.4200,21956044,456413068.8400,3,9.335100,1,9.989700,124.843868,8.657393,8.101461,206.261911,0
2026-02-05,sh.603697,13.7900,14.1900,13.6000,13.8900,13.7800,22061800,306919794.2000,3,5.158300,1,0.798300,28.305836,3.375457,3.856264,194.034824,0
2026-02-05,sh.603698,37.0300,39.6300,36.8100,37.9400,37.8400,38369984,1470694081.5200,3,7.158700,1,0.264300,103.687680,5.890956,4.299668,-290.680780,0
2026-02-05,sh.603699,58.9900,59.4800,57.1000,57.4500,58.3700,2999565,173444500.4900,3,0.395600,1,-1.576200,30.897971,10.664852,6.030684,28.680529,0
2026-02-05,sh.603700,14.3400,14.3500,14.1000,14.1600,14.1600,2845200,40450334.0000,3,1.422900,1,0.000000,30.576422,1.737886,1.676251,124.991638,0
2026-02-05,sh.603701,20.3400,20.5400,20.1100,20.2500,20.4500,1433500,29065447.0000,3,0.548500,1,-0.978000,124.581731,6.593297,6.055202,-160.680467,0
2026-02-05,sh.603703,14.7100,14.9800,14.5700,14.6500,14.8700,9223040,136089502.4000,3,2.222500,1,-1.479500,-166.144222,7.348095,6.747730,-71.128153,0
2026-02-05,sh.603706,21.2500,21.2900,20.9000,20.9000,21.1400,975279,20545544.8900,3,0.515000,1,-1.135300,18.496833,2.384895,2.669171,-57.734431,0
2026-02-05,sh.603707,9.6100,9.8600,9.5700,9.7600,9.6000,22094657,215213724.9000,3,1.367600,1,1.666700,24.265817,2.351621,4.192304,22.885214,0
2026-02-05,sh.603708,13.0200,13.6500,12.9400,13.5300,13.0600,26832485,360293520.9700,3,4.203500,1,3.598800,57.702964,3.663846,0.487494,47.040378,0
2026-02-05,sh.603709,18.7000,19.1000,18.5600,18.6900,18.6700,3645428,68723669.9600,3,2.913800,1,0.107100,-38.211941,4.545415,1.471839,71.005901,0
2026-02-05,sh.603711,13.4700,13.6900,13.4100,13.5400,13.4700,3945872,53499369.1400,3,0.955700,1,0.519700,38.223890,1.692671,1.843148,-11.814242,0
2026-02-05,sh.603712,19.6500,19.9800,19.5600,19.6500,19.7800,10330675,203512972.0000,3,1.338200,1,-0.657200,-35.474793,3.634372,8.734750,51.191833,0
2026-02-05,sh.603713,63.2000,65.3100,62.4500,63.9800,63.1000,2462800,157162501.0000,3,1.557500,1,1.394600,16.870059,2.176731,0.764383,52.212637,0
2026-02-05,sh.603716,22.5000,22.9000,22.1800,22.6000,22.4900,9611101,216281583.7100,3,4.572400,1,0.489100,-19.755994,4.487889,3.807176,-41.672008,0
2026-02-05,sh.603717,7.8200,7.9500,7.7500,7.8100,7.8200,6973000,54622097.0000,3,2.403300,1,-0.127900,-19.643845,4.377001,3.179807,-62.119010,0
2026-02-05,sh.603718,5.2600,5.4100,5.2000,5.2200,5.3600,47404210,250607525.6200,3,7.304400,1,-2.611900,19.861156,2.218491,13.813232,14.638996,0
2026-02-05,sh.603719,11.9700,12.2800,11.9000,12.1000,11.9900,8094477,98553501.0900,3,2.018600,1,0.917400,-25.834459,2.400931,0.833812,-25.625638,0
2026-02-05,sh.603721,20.5900,21.0300,20.5800,20.7900,20.5800,1484600,30990646.0000,3,1.142000,1,1.020400,-160.031784,5.875788,10.994155,-49.829340,1
2026-02-05,sh.603722,38.6000,38.7500,38.2000,38.3100,38.6000,683100,26239038.0000,3,0.713800,1,-0.751300,-127.952161,3.919750,8.526697,-42.302250,0
2026-02-05,sh.603725,10.2700,10.5200,10.1800,10.3000,10.2700,5576696,57644968.4000,3,1.945400,1,0.292100,26.554829,3.795168,0.988512,33.018994,0
2026-02-05,sh.603726,25.0800,25.2000,24.7600,24.9600,25.1400,2597312,64902421.1200,3,1.406200,1,-0.716000,21.546264,3.297469,2.361559,46.954825,0
2026-02-05,sh.603727,16.1500,16.3300,15.9500,15.9900,16.3100,3152400,50689987.0000,3,1.119000,1,-1.962000,153.029638,1.417956,2.043373,-8.803894,0
2026-02-05,sh.603728,69.9600,69.9600,67.6000,67.6400,70.4900,5703065,389260335.6700,3,1.361500,1,-4.043100,352.079055,9.557677,10.776210,-1368.096421,0
2026-02-05,sh.603729,17.8500,17.8500,17.8500,17.8500,17.8500,,,3,,0,,-28.068881,5.452898,4.003799,219.003517,0
2026-02-05,sh.603730,10.1100,10.2000,9.9200,10.0000,10.1600,15150672,151502490.0500,3,0.705100,1,-1.574800,34.440542,4.708022,3.374090,125.913595,0
2026-02-05,sh.603733,24.4800,24.6500,24.1500,24.5500,24.5500,3128012,76438088.5500,3,0.442000,1,0.000000,18.008111,2.097072,1.438982,44.227875,0
2026-02-05,sh.603737,56.5000,58.1100,55.5000,56.8000,56.1000,7190322,409327870.5500,3,0.974500,1,1.247800,62.999577,12.903005,3.393090,-101.702818,0
2026-02-05,sh.603738,16.0800,16.2500,15.8400,15.8600,16.2300,8367154,133778963.2000,3,2.168300,1,-2.279700,160.277419,3.473396,6.643625,562.661261,0
2026-02-05,sh.603739,15.4900,15.8200,15.4600,15.5200,15.6300,6302160,98522940.6000,3,2.490700,1,-0.703800,46.990968,2.213612,2.823285,-59.720499,0
2026-02-05,sh.603755,34.5800,36.3000,34.2300,35.9700,34.5800,2159000,76666917.0000,3,2.189400,1,4.019700,48.102766,4.734786,7.858323,125.030017,0
2026-02-05,sh.603757,40.0700,40.7300,39.5300,39.6600,40.5300,3074374,122487791.4000,3,1.648000,1,-2.146600,36.684727,3.513088,3.595904,35.923976,0
2026-02-05,sh.603758,14.9000,15.0000,14.7900,14.8700,14.9600,2827909,42076549.8300,3,0.644500,1,-0.601600,37.034297,2.574622,4.665845,57.770373,0
2026-02-05,sh.603759,11.5200,11.7700,11.5000,11.5000,12.7800,20122917,232776790.7300,3,4.357900,1,-10.015600,20.100226,1.864913,2.114905,8.306990,0
2026-02-05,sh.603766,15.4100,15.6900,15.2700,15.5800,15.3900,15350752,238831368.2200,3,0.747500,1,1.234600,17.780633,3.220508,1.669772,16.221950,0
2026-02-05,sh.603767,21.5200,21.5600,21.3100,21.3300,21.5100,2633500,56437514.0000,3,0.853300,1,-0.836800,782.780734,4.735053,7.389142,336.280932,0
2026-02-05,sh.603768,12.0700,12.1100,11.9700,11.9700,12.0400,1751500,21103047.0000,3,0.736100,1,-0.581400,-40.407996,1.212125,0.810802,-27.088283,0
2026-02-05,sh.603773,38.5000,39.6000,38.2100,38.7800,40.3800,12744315,494830268.9300,3,5.674700,1,-3.962400,-62.282574,7.471775,3.515608,-94.611420,0
2026-02-05,sh.603776,18.0100,18.0200,17.7700,17.8500,18.0600,2643093,47330893.0100,3,0.941400,1,-1.162800,-46.504084,1.405898,12.504127,16.805867,0
2026-02-05,sh.603777,13.6200,14.2000,13.5800,13.9000,13.7000,14766912,205808970.9400,3,4.415600,1,1.459900,-29.423859,2.932281,1.255838,-35.818014,0
2026-02-05,sh.603778,16.6600,17.5000,14.5600,16.8000,16.1800,152485316,2499043895.5500,3,23.719900,1,3.831900,-105.869932,15.163874,7.464598,174.662181,0
2026-02-05,sh.603779,6.8700,6.9900,6.8400,6.8900,6.8600,7591108,52581694.7100,3,2.285900,1,0.437300,-408.218823,4.182702,5.834479,-101.556951,0
2026-02-05,sh.603786,69.8800,71.7000,68.9100,71.2800,69.8800,2662027,187486870.4500,3,0.659200,1,2.003400,33.761166,5.285025,4.313052,-477.992693,0
2026-02-05,sh.603787,13.2400,13.4700,13.1600,13.2900,13.2300,2932400,39112961.0000,3,1.274200,1,0.453500,52.362651,1.923619,0.718935,-42.096094,0
2026-02-05,sh.603788,16.4200,16.4800,16.3000,16.3700,16.4200,1745600,28626021.0000,3,0.782600,1,-0.304500,18.833186,1.767268,2.389355,-25.275112,0
2026-02-05,sh.603789,5.5900,5.6800,5.5700,5.5900,5.6100,2891300,16235588.7000,3,1.112000,1,-0.356500,-9.182999,8.578703,3.929318,-401.238281,1
2026-02-05,sh.603790,20.8800,21.2500,20.6000,20.9400,21.0000,1658760,34635566.6000,3,0.866800,1,-0.285700,69.927883,3.179375,4.797772,91.944806,0
2026-02-05,sh.603797,5.0900,5.1100,5.0300,5.0600,5.0900,5277460,26705378.8000,3,0.915300,1,-0.589400,23.032307,0.887481,2.953208,-11.788003,0
2026-02-05,sh.603798,16.0200,16.0900,15.7000,15.7700,16.1100,3384060,53570252.1000,3,1.319600,1,-2.110500,77.945128,3.499770,4.146969,-110.224771,0
2026-02-05,sh.603799,71.7000,72.8700,69.8000,70.9000,72.7200,36216952,2567438574.4700,3,1.922300,1,-2.502800,25.132944,2.819322,1.807545,159.336669,0
2026-02-05,sh.603800,39.2800,39.6800,38.1600,38.6800,39.5100,3737500,144743755.0000,3,1.796900,1,-2.100700,85.324197,9.336490,6.741989,-93.290447,0
2026-02-05,sh.603801,9.8700,9.8700,9.7400,9.7500,9.8000,4048218,39647492.4000,3,0.932000,1,-0.510200,14.483182,1.276454,0.909472,-315.323493,0
2026-02-05,sh.603803,10.1100,10.2000,10.0500,10.0700,10.1100,7439400,75260600.0000,3,1.750900,1,-0.395600,-40.930314,2.724271,3.571061,-24.662504,0
2026-02-05,sh.603806,19.1600,19.2100,18.2800,18.6000,20.0000,83110824,1554767087.6800,3,3.185900,1,-7.000000,65.826075,3.052385,3.078628,-21.506412,0
2026-02-05,sh.603808,10.6200,11.1000,10.5400,10.7700,10.7000,9755295,105706338.1500,3,2.643000,1,0.654200,-18.272601,1.526757,1.369758,9.086773,0
2026-02-05,sh.603809,12.8700,12.9600,12.8000,12.9000,12.9000,10693249,137632592.3200,3,1.161900,1,0.000000,34.510556,3.250341,4.625577,3064.881504,0
2026-02-05,sh.603810,16.5500,16.7000,16.4000,16.4300,16.4400,2008600,33264800.0000,3,1.214800,1,-0.060800,95.327599,1.770353,2.345773,-15.385127,0
2026-02-05,sh.603811,11.4700,11.6700,11.4600,11.5800,11.5300,3348640,38783514.8000,3,1.023100,1,0.433700,16.744740,2.866966,4.792498,-595.022066,0
2026-02-05,sh.603813,38.4700,40.6100,38.4700,40.3600,38.6800,1078500,43370847.0000,3,1.027000,1,4.343300,-65.111350,7.770023,10.830234,-75.590947,1
2026-02-05,sh.603815,6.9300,7.0200,6.8900,6.9400,6.9500,15758800,109495676.0000,3,2.546200,1,-0.143900,25.749657,1.776869,0.988399,-67.641786,0
2026-02-05,sh.603816,35.4800,35.7000,34.3100,34.7200,35.2300,7093842,246937312.6100,3,0.873400,1,-1.447600,17.865356,2.761709,1.448465,59.566152,0
2026-02-05,sh.603817,7.0600,7.1800,7.0400,7.0500,7.0600,17005800,120820094.0000,3,2.983000,1,-0.141600,18.837891,1.262878,2.991183,-1178367.233686,0
2026-02-05,sh.603818,3.8600,3.9400,3.8500,3.8900,3.8600,13243600,51687864.0000,3,1.929000,1,0.777200,-31.651462,1.227179,0.769836,-13.660327,0
2026-02-05,sh.603819,12.5500,12.6300,12.4000,12.4000,12.5300,3865846,48400595.6800,3,1.775500,1,-1.037500,102.555623,3.364172,1.833641,-56.264437,0
2026-02-05,sh.603822,105.5000,107.5900,104.5000,105.5100,106.9800,701945,74204685.6500,3,0.913700,1,-1.374100,-32.111188,18.145511,2.501757,38.346127,1
2026-02-05,sh.603823,17.0100,17.3900,16.7900,16.8000,17.1400,7424480,126369450.8800,3,1.806300,1,-1.983700,41.721752,2.878698,3.109394,-134.065165,0
2026-02-05,sh.603825,9.4400,9.5000,9.4000,9.4800,9.4400,1756140,16613992.0000,3,0.693200,1,0.423700,-4.078270,14.607645,2.009243,29.528842,1
2026-02-05,sh.603826,18.1900,19.4600,18.0100,19.4600,17.6900,15641889,298653593.3800,3,2.387300,1,10.005700,355.870975,6.535875,12.352377,3487.191913,0
2026-02-05,sh.603828,6.8900,6.9900,6.6800,6.8700,6.8400,3287805,22356853.5600,3,0.551700,1,0.438600,-38.191467,6.354362,2.111939,97.805071,1
2026-02-05,sh.603829,23.7900,23.9500,23.4100,23.4700,23.8600,2856340,67471441.0000,3,1.533500,1,-1.634500,38.470222,3.982464,1.918978,18.418411,0
2026-02-05,sh.603833,61.5500,62.2500,60.3300,61.2500,61.4200,2315933,141570483.9700,3,0.380200,1,-0.276800,15.541107,1.969534,2.043312,-28.270130,0
2026-02-05,sh.603836,14.3300,14.6400,14.2400,14.4900,14.3200,2878100,41665425.0000,3,1.402300,1,1.187200,87.641093,1.679323,0.323422,10.899485,0
2026-02-05,sh.603838,7.4700,7.5700,7.4000,7.4100,7.4700,1440300,10735821.0000,3,0.450100,1,-0.803200,-46.255195,2.533837,6.773858,-15.310456,1
2026-02-05,sh.603839,8.0700,8.2300,8.0300,8.1300,8.0800,4774640,38939523.0000,3,1.227300,1,0.618800,-30.509656,1.745608,1.433316,-81.570003,0
2026-02-05,sh.603843,5.6000,6.0600,5.6000,6.0600,5.7700,36756585,215306872.0000,3,5.253800,1,5.026000,-8.518826,15.153399,3.564052,-36.813471,1
2026-02-05,sh.603848,20.3000,21.3800,19.9500,20.4600,20.5000,17236329,355599916.9600,3,4.283300,1,-0.195100,40.906428,3.287621,5.321430,-796.616492,0
2026-02-05,sh.603855,19.4000,19.5600,19.3200,19.4500,19.4500,1457300,28357910.0000,3,0.434300,1,0.000000,14.905219,3.137166,1.714604,-32.945956,0
2026-02-05,sh.603856,13.9100,14.0200,13.6600,13.7100,13.9900,3751200,51752640.0000,3,1.329900,1,-2.001400,22.132333,1.430067,1.914157,-305.510393,0
2026-02-05,sh.603858,17.6500,17.7500,17.4800,17.5000,17.6500,6299909,110751229.7300,3,0.597400,1,-0.849900,11100.194844,1.745481,1.683850,-202.644359,0
2026-02-05,sh.603859,46.2000,46.8000,45.4100,45.6100,47.1600,7756830,355612719.3000,3,3.170000,1,-3.286700,46.660838,3.658651,7.144314,-115.373523,0
2026-02-05,sh.603860,32.9000,33.0600,32.6500,32.7200,32.8800,1016540,33354082.8000,3,1.524500,1,-0.486600,49.758670,2.729570,8.674387,42.782913,0
2026-02-05,sh.603861,16.7600,17.5100,16.1500,16.3300,17.8300,49725580,826704525.5500,3,9.407300,1,-8.412800,40.013996,2.215599,1.800051,-35.513388,0
2026-02-05,sh.603863,20.1900,20.4900,20.0100,20.0700,20.3900,5794500,117074777.0000,3,2.831400,1,-1.569400,-18.865729,11.280029,7.965193,-168.372002,0
2026-02-05,sh.603866,5.5400,5.6200,5.5100,5.5400,5.5400,23711220,131947594.0400,3,1.482200,1,0.000000,23.013012,1.696942,1.614768,-384.253139,0
2026-02-05,sh.603867,29.9000,30.3900,29.5000,29.9900,29.9800,6148012,183591872.0000,3,2.850400,1,0.033400,28.149763,2.669631,2.193445,172.141215,0
2026-02-05,sh.603868,38.4800,39.1800,38.4000,39.0000,38.5300,1588872,61811493.6800,3,0.364800,1,1.219800,37.720556,5.192554,4.393993,-290.911777,0
2026-02-05,sh.603869,9.9200,9.9800,9.7900,9.8500,9.9800,1225540,12107277.4000,3,0.248000,1,-1.302600,128.127999,1.300042,7.283696,-28.895641,1
2026-02-05,sh.603871,13.9000,13.9600,13.6600,13.8900,13.9000,6876236,95066333.9500,3,0.502600,1,-0.071900,17.896733,3.292268,2.164268,20.325441,0
2026-02-05,sh.603876,16.8100,16.9600,16.0700,16.1500,16.9900,26398531,431454179.2900,3,2.840800,1,-4.944100,39.155300,2.052505,0.577004,-40.580173,0
2026-02-05,sh.603877,15.7000,16.1000,15.7000,15.9400,15.7900,2253600,35893856.3800,3,0.480200,1,0.950000,41.972798,1.754940,1.159183,-110.014708,0
2026-02-05,sh.603878,9.2200,9.2300,8.8900,8.9200,9.1200,18710400,168548169.0700,3,3.334400,1,-2.193000,119.492586,1.915427,2.195546,282.036440,0
2026-02-05,sh.603879,6.3100,6.4900,6.2200,6.3300,6.3300,10429562,66223639.8400,3,2.902400,1,0.000000,-16.137106,8.871020,6.721156,496.950730,0
2026-02-05,sh.603880,6.5700,6.6400,6.5300,6.5600,6.5600,5501182,36179128.1400,3,1.903200,1,0.000000,-9.373530,7.454499,3.187504,-38.157072,0
2026-02-05,sh.603881,34.8200,36.2800,34.5000,35.6000,36.1200,46160158,1626945346.0300,3,6.425600,1,-1.439600,174.024799,7.746553,14.376747,28.715528,0
2026-02-05,sh.603882,31.2400,31.4800,30.9300,31.3000,31.2800,6019472,187994685.5200,3,1.308200,1,0.063900,-26.140714,2.123471,2.373605,29.211156,0
2026-02-05,sh.603883,15.2300,15.3800,15.2100,15.2800,15.2900,7444131,113920179.4500,3,0.980900,1,-0.065400,27.770295,1.704458,0.522431,70.243690,0
2026-02-05,sh.603885,15.3400,15.7700,15.2500,15.4000,15.3900,14240549,220685103.5800,3,0.652000,1,0.065000,45.899909,3.421874,1.523007,26.168361,0
2026-02-05,sh.603886,13.6500,14.0600,13.5500,13.8500,13.6300,6260600,86722045.0000,3,2.608600,1,1.614100,26.292168,2.141953,1.696252,-9.326693,0
2026-02-05,sh.603887,15.0000,15.8800,15.0000,15.3300,15.4000,24086823,371239650.4800,3,4.046300,1,-0.454500,-37.533648,2.585010,3.681301,34.057483,0
2026-02-05,sh.603888,23.9000,24.5600,23.8800,24.2500,24.2900,23351744,565362408.0200,3,3.460900,1,-0.164700,58.116141,4.447241,7.313829,-61.147229,0
2026-02-05,sh.603889,9.0600,9.2500,8.9800,9.0000,9.0600,6439400,58557632.0000,3,0.888500,1,-0.662300,15.086948,1.827272,1.351218,31.288415,0
2026-02-05,sh.603890,14.9300,14.9700,14.6800,14.7100,14.9900,9478426,140004514.9800,3,2.078900,1,-1.867900,22.254070,2.217307,1.612290,-596.323812,0
2026-02-05,sh.603893,180.0000,181.5000,178.3100,180.5100,182.5200,3749258,674891411.9400,3,0.890900,1,-1.101200,74.298410,17.927495,18.451805,125.835968,0
2026-02-05,sh.603895,33.7200,34.8400,33.2100,33.5600,33.8900,2064100,70094638.0000,3,1.909800,1,-0.973700,-24.470963,18.719972,8.118889,-82.987277,0
2026-02-05,sh.603896,20.6600,20.9400,20.5500,20.8600,20.6500,2548930,53048163.5000,3,1.285800,1,1.016900,30.338046,1.844514,6.434749,-7.363684,0
2026-02-05,sh.603897,26.5000,26.5400,25.9800,26.0300,26.5000,2528223,66081491.1500,3,1.224700,1,-1.773600,20.497622,2.234554,0.415887,-105.353533,0
2026-02-05,sh.603898,16.0200,16.1900,15.8300,16.0800,16.0800,4635200,74148534.0000,3,1.488800,1,0.000000,239.419264,1.590596,2.892585,109.164791,0
2026-02-05,sh.603899,27.0500,28.0800,27.0000,27.7200,26.9500,9615379,266617394.1800,3,1.044000,1,2.857100,19.303447,2.860294,1.044494,-19.530774,0
2026-02-05,sh.603900,8.4500,8.8800,8.4500,8.6700,8.5700,22357040,193995456.4000,3,6.542000,1,1.166900,-43.187467,1.501737,1.931646,-69.640728,0
2026-02-05,sh.603901,14.6500,14.6500,14.2100,14.2500,14.6000,6644679,95189859.1100,3,1.362700,1,-2.397300,117.266006,3.047981,1.848551,20.672394,0
2026-02-05,sh.603903,12.2500,12.3800,12.1800,12.2000,12.3300,3094600,37946363.0000,3,1.212100,1,-1.054300,-46.481324,1.992384,2.906048,-15.194999,0
2026-02-05,sh.603906,18.0800,18.1100,17.7800,17.7800,18.1600,10690688,191059701.2500,3,1.891900,1,-2.092500,-27.482692,4.071453,1.554109,8.012053,0
2026-02-05,sh.603908,25.0600,25.4800,24.9600,25.2700,25.1100,1175573,29757745.7400,3,1.262300,1,0.637200,84.099320,4.382669,2.257084,19.168283,0
2026-02-05,sh.603909,11.6200,11.8200,11.4900,11.6500,11.5800,4452264,52174577.6400,3,1.708000,1,0.604500,27.850774,2.702264,0.427367,8.095534,0
2026-02-05,sh.603912,8.8400,8.8800,8.7400,8.7500,8.9100,10081684,88737848.6800,3,1.860600,1,-1.795700,-236.069431,2.706721,5.681652,23.744149,0
2026-02-05,sh.603915,17.2800,17.2800,16.8600,16.9000,17.3200,6042190,102629060.1000,3,0.920200,1,-2.424900,41.052180,3.009221,4.188804,-142.005679,0
2026-02-05,sh.603916,12.2900,12.3300,11.8100,11.8300,12.4000,19849341,238343414.3400,3,4.722400,1,-4.596800,45.272734,1.196622,1.379068,23.240460,0
2026-02-05,sh.603917,14.8900,15.0000,14.6800,14.6900,14.8900,4483300,66445336.0000,3,2.199400,1,-1.343200,295.767247,1.782971,4.522684,30.402245,0
2026-02-05,sh.603918,16.1400,16.4400,16.0600,16.2800,16.3100,10337800,168086173.0000,3,2.831400,1,-0.183900,-123.050032,5.930932,7.740828,-28.031177,0
2026-02-05,sh.603919,23.5100,26.0800,23.5100,23.8700,24.0200,32499001,803837148.4700,3,6.406800,1,-0.624500,31.958110,3.561846,4.037870,149.782786,0
2026-02-05,sh.603920,70.0000,70.5300,65.1100,67.4800,70.6800,41039810,2756284453.9600,3,5.695300,1,-4.527400,59.517666,7.284149,8.963689,-244.085594,0
2026-02-05,sh.603922,20.1100,20.9800,20.0000,20.7300,20.1100,7840703,161712687.9900,3,4.375400,1,3.083000,188.172548,3.573801,5.317964,-16.754058,0
2026-02-05,sh.603926,26.1300,28.2000,25.9200,25.9900,26.9000,12450413,337498043.9200,3,5.393600,1,-3.382900,59.966282,3.531650,2.530912,33.070116,0
2026-02-05,sh.603927,19.1700,19.3000,19.1100,19.1400,19.3500,8938435,171565693.5100,3,1.075600,1,-1.085300,66.643662,5.062266,2.284857,95.205752,0
2026-02-05,sh.603928,15.6500,15.8000,15.4700,15.4900,15.7500,3485080,54376537.6000,3,1.329800,1,-1.650800,52.051558,2.619143,2.581478,-466.991186,0
2026-02-05,sh.603929,140.5200,143.4900,137.3000,140.1400,144.9400,3919218,549126133.8400,3,1.836900,1,-3.311700,46.767356,16.018985,7.343595,34.863823,0
2026-02-05,sh.603931,31.5500,31.9000,31.1100,31.5600,31.8400,2176870,68562595.0000,3,1.090800,1,-0.879400,49.356196,3.903643,10.064057,-76.462898,0
2026-02-05,sh.603933,22.8500,23.2900,22.7500,23.1100,22.9800,4223405,97249686.5500,3,2.034900,1,0.565700,280.483590,3.634323,2.257414,82.378376,0
2026-02-05,sh.603936,11.9600,12.2000,11.7900,11.9000,12.0800,17752944,211842639.7300,3,2.816100,1,-1.490100,-30.395545,1.715203,2.130945,-1616.089644,0
2026-02-05,sh.603937,12.7900,12.9500,12.6500,12.8400,12.7900,3863400,49607487.0000,3,1.849500,1,0.390900,-58.782977,1.738778,1.463389,112.579871,0
2026-02-05,sh.603938,25.1200,25.2000,24.4400,24.8100,25.2600,6725832,166668269.2600,3,1.757800,1,-1.781500,122.675387,3.820878,4.809104,-67.876823,0
2026-02-05,sh.603939,24.9600,25.8000,24.7600,25.3700,24.7600,24332846,618474237.8300,3,2.007000,1,2.463700,18.725063,2.807429,1.274739,-510.632955,0
2026-02-05,sh.603948,29.1000,29.1500,27.8500,28.0300,29.1300,3775298,106901506.2600,3,2.323400,1,-3.776200,20.847676,2.169670,2.089020,-32.086991,0
2026-02-05,sh.603949,19.4000,19.8700,19.2200,19.5300,19.4000,5850300,114430422.0000,3,2.783100,1,0.670100,53.537481,3.887907,10.087060,179.392205,0
2026-02-05,sh.603950,32.6700,32.7800,31.6800,31.7100,32.7800,3845800,123070104.0000,3,1.188400,1,-3.264200,29.423400,3.548701,4.473692,-104.100774,0
2026-02-05,sh.603955,29.2100,29.6000,28.7800,28.8700,29.0700,985600,28700679.0000,3,0.726200,1,-0.688000,-169.730017,2.565503,20.131326,-37.166801,0
2026-02-05,sh.603956,7.0200,7.0300,6.8800,6.8900,7.0200,13127800,91108698.0000,3,2.303500,1,-1.851900,-30.323579,1.985597,3.640812,-67.979313,0
2026-02-05,sh.603958,18.9100,20.4800,18.8000,20.1900,19.1200,17968329,358482720.8900,3,8.191300,1,5.596200,-60.300207,6.432515,3.377743,53.164882,0
2026-02-05,sh.603959,5.8500,5.8700,5.7900,5.8300,5.8600,5861500,34150793.0000,3,1.195500,1,-0.511900,-8.246771,120.335315,2.707071,99.366130,0
2026-02-05,sh.603960,22.0000,22.4200,21.8000,22.1700,21.9700,9354292,207724930.5200,3,3.567600,1,0.910300,131.961781,5.198189,10.967947,150.371064,0
2026-02-05,sh.603966,12.9000,13.2000,12.7700,12.8200,13.0300,11842807,153128454.1500,3,2.977700,1,-1.611700,23.793486,2.532905,1.987108,-114.961242,0
2026-02-05,sh.603967,12.8300,13.0300,12.7500,12.8600,12.8300,2890800,37342252.5000,3,0.833900,1,0.233800,17.225444,1.905850,0.479769,152.924410,0
2026-02-05,sh.603968,12.1900,13.0900,12.1900,12.5400,12.1900,13476500,170367904.7800,3,6.590600,1,2.871200,-74.999898,1.419854,0.933871,-19.410032,0
2026-02-05,sh.603969,10.0200,10.0200,9.7600,9.7800,10.0200,11170938,110085304.0900,3,1.323900,1,-2.395200,24.586855,3.143068,2.545153,118.125670,0
2026-02-05,sh.603970,13.6500,13.8100,13.5000,13.5100,13.6400,4378100,59650789.0000,3,1.628800,1,-0.953100,20.230361,2.345106,0.329214,-40.341500,0
2026-02-05,sh.603976,20.7400,21.0000,20.7000,20.9100,20.7400,1173820,24520590.2000,3,0.776300,1,0.819700,179.157368,2.683291,4.870025,-16.589278,0
2026-02-05,sh.603977,14.4800,14.6900,14.3100,14.4000,14.5600,7972500,115300470.4400,3,1.283300,1,-1.098900,58.772956,2.672481,3.972289,-79.578875,0
2026-02-05,sh.603978,25.1900,25.7100,24.6800,25.0200,25.4600,5732900,143529043.0000,3,2.715800,1,-1.728200,-20.725667,3.491643,1.739554,70.068878,0
2026-02-05,sh.603979,73.0400,74.8800,70.8000,71.3700,75.3300,13101383,943906555.5500,3,2.100300,1,-5.256900,19.841873,4.265289,3.449849,18.741068,0
2026-02-05,sh.603980,6.5500,6.5500,6.5500,6.5500,6.5500,,,3,,0,,78.382895,1.141672,2.887033,-28.777144,0
2026-02-05,sh.603982,8.6300,8.6900,8.5400,8.5700,8.6000,5950200,51262987.0000,3,1.752400,1,-0.348800,-8.535081,1.454028,1.174590,15.921531,0
2026-02-05,sh.603983,31.5000,33.6800,31.4500,33.0000,31.4400,7445950,244469134.0000,3,1.856800,1,4.961800,38.166497,3.981675,3.815946,-104.832925,0
2026-02-05,sh.603985,15.5500,15.6100,15.1500,15.1800,15.6300,7773200,118995974.4200,3,1.763200,1,-2.879100,-22368.080168,2.077942,1.767182,1235.651052,0
2026-02-05,sh.603986,269.9400,279.5200,268.2100,277.7400,282.3300,22905352,6300761896.4100,3,3.429700,1,-1.625800,142.960431,10.636154,22.665637,503.581034,0
2026-02-05,sh.603987,9.3100,9.3600,9.2400,9.3000,9.3100,5125768,47670263.7600,3,1.173500,1,-0.107400,16.660028,1.522619,1.783555,44.003974,0
2026-02-05,sh.603988,30.2300,30.2300,29.2000,29.2500,30.5400,7611374,225302029.0600,3,3.236100,1,-4.224000,161.842191,10.249673,9.620681,-296.907086,0
2026-02-05,sh.603989,18.0700,18.3700,17.7200,18.1000,18.1500,4693740,84501085.7000,3,1.177000,1,-0.275500,32.632606,1.877857,1.855500,-70.650939,0
2026-02-05,sh.603990,14.8200,14.9300,14.7800,14.8000,14.9300,4890722,72507367.0000,3,1.596800,1,-0.870700,-58.127034,5.436447,13.875927,47.460295,0
2026-02-05,sh.603991,84.8200,85.6600,83.5000,85.1600,84.8700,1286800,109146513.0000,3,1.726400,1,0.341700,-289.189228,65.620559,40.395637,-447.171790,0
2026-02-05,sh.603992,40.6300,41.6500,40.1700,41.3000,40.6100,2237400,91562820.0000,3,0.523000,1,1.699100,62.132883,5.443661,6.603451,-305.905321,0
2026-02-05,sh.603993,23.0400,23.3800,21.6200,22.1700,23.6700,330634854,7365350386.2000,3,1.893600,1,-6.337100,24.275415,6.105425,2.327805,133.632425,0
2026-02-05,sh.603995,18.9300,19.0100,18.6000,18.7000,19.0000,3807500,71483667.0000,3,1.041400,1,-1.578900,10.186335,1.195927,0.160940,43.230207,0
2026-02-05,sh.603997,14.6100,14.9400,14.4700,14.7500,14.6100,9567188,141279456.6900,3,0.752000,1,0.958200,86.781889,3.644086,0.873626,149.291686,0
2026-02-05,sh.603998,11.8200,12.5700,11.8200,12.2600,11.8700,22582100,279160565.0000,3,5.143000,1,3.285600,18.225620,3.219547,3.198829,-569.730128,0
2026-02-05,sh.603999,7.8200,8.2500,7.8200,8.0300,7.8900,26219555,211457506.6500,3,4.552000,1,1.774400,65.837506,2.260916,5.422430,-167.345664,0
2026-02-05,sh.605001,8.2800,8.2800,8.1200,8.1400,8.2600,5138380,42102863.4000,3,1.307900,1,-1.452800,29.973921,1.191003,1.609657,143.951446,0
2026-02-05,sh.605003,32.5000,34.7900,32.3200,33.5900,32.7500,2604325,87782308.0000,3,2.367600,1,2.564900,56.684973,2.569283,6.857213,-109.945627,0
2026-02-05,sh.605005,19.1000,19.1500,18.8600,18.9800,19.1000,1885400,35832017.0000,3,0.470200,1,-0.628300,34.296392,3.730182,4.117486,-113.825959,0
2026-02-05,sh.605006,8.2800,8.6900,8.1800,8.4000,8.3200,45550795,383479324.0200,3,7.591600,1,0.961500,438.075854,2.008875,2.198759,-21.133731,0
2026-02-05,sh.605007,13.8700,14.1000,13.8500,13.9000,13.9800,5005295,69769163.2700,3,1.246500,1,-0.572200,30.641538,1.924308,0.764760,38.480365,0
2026-02-05,sh.605008,13.4700,13.5800,13.3500,13.4200,13.4700,2199100,29567910.0000,3,0.340400,1,-0.371200,1125.444278,4.306108,2.131941,-49.737614,0
2026-02-05,sh.605009,30.9000,32.0200,30.8700,31.7200,30.9000,3292674,104290978.8600,3,1.531200,1,2.653700,23.014116,2.014828,1.891505,-6.946167,0
2026-02-05,sh.605011,20.6600,20.7500,20.4300,20.5100,20.6400,2423799,49742405.4000,3,0.605800,1,-0.629800,43.634680,3.400979,2.524361,34.664241,0
2026-02-05,sh.605016,25.3300,27.1700,25.1500,26.3500,25.3300,14231954,374336094.0500,3,3.388500,1,4.026800,30.256514,5.894305,8.025304,31.930445,0
2026-02-05,sh.605018,11.2500,11.3400,11.1700,11.1900,11.2700,1978200,22211580.0000,3,0.420800,1,-0.709800,62.151249,1.934134,2.565898,26.263634,0
2026-02-05,sh.605020,27.9800,28.1000,27.0500,27.1000,27.7200,10482157,288300531.9900,3,2.084200,1,-2.236700,24.112030,2.450465,2.761739,138.268448,0
2026-02-05,sh.605028,26.7000,26.9300,26.3500,26.4800,26.7100,1071400,28517960.0000,3,0.669600,1,-0.861100,25.772008,3.105168,12.997191,95.020550,0
2026-02-05,sh.605033,20.9400,21.3000,20.8200,21.2300,20.9400,2124567,44849877.0700,3,1.571400,1,1.384900,96.386110,2.501702,3.293007,-125.492690,0
2026-02-05,sh.605050,13.4000,13.4200,13.1400,13.1800,13.3600,4330300,57325347.0000,3,0.878700,1,-1.347300,18.148386,1.491598,0.556579,-129.708639,0
2026-02-05,sh.605055,9.3900,9.5300,9.3200,9.4600,9.4000,4031700,38069246.0000,3,0.916300,1,0.638300,-153.501816,3.986124,2.707223,-232.964482,0
2026-02-05,sh.605056,22.3300,22.4500,20.8500,21.4000,22.3300,11146600,238978079.0000,3,2.763200,1,-4.164800,34.520858,5.229884,2.036594,-141.444007,0
2026-02-05,sh.605058,30.4800,30.6600,30.1300,30.1300,30.5300,1207455,36621972.3500,3,0.844800,1,-1.310200,29.101449,2.469543,3.175631,17.782810,0
2026-02-05,sh.605060,45.7600,47.6000,44.3400,45.3200,45.7600,6156595,281413397.3000,3,2.576600,1,-0.961500,49.787007,4.508006,9.260870,45.257652,0
2026-02-05,sh.605066,8.4600,8.4900,8.1800,8.2000,8.5200,20665900,170993329.5000,3,4.113200,1,-3.755900,33.729905,2.318342,1.433363,29.204020,0
2026-02-05,sh.605068,26.9300,27.3900,26.8000,27.2800,27.1500,1636400,44530861.0000,3,1.008900,1,0.478800,-19.775732,2.942056,3.061027,-66.957031,0
2026-02-05,sh.605069,12.9000,13.6000,12.7200,13.5700,12.9000,14789790,195059178.8000,3,17.573200,1,5.193800,-14.876286,3.374305,8.851922,-103.452609,0
2026-02-05,sh.605077,16.1000,16.3000,16.0100,16.1400,16.1100,3004652,48657693.8600,3,1.003500,1,0.186200,19.568681,1.624895,1.335796,-55.178629,0
2026-02-05,sh.605080,26.4800,27.1400,26.3000,26.5800,26.4700,4604920,123169254.0000,3,3.281000,1,0.415600,18.372959,1.710315,3.653141,23.612821,0
2026-02-05,sh.605081,10.4000,10.6400,9.9800,10.0100,10.4000,4109845,42219880.7300,3,3.629100,1,-3.750000,-2.975576,1.270698,12.631371,-11.388004,1
2026-02-05,sh.605086,38.0100,39.1000,38.0100,38.6400,38.5000,1632300,62940293.0000,3,0.910900,1,0.363600,62.017974,5.416634,23.445278,685.067365,0
2026-02-05,sh.605088,38.2500,40.4800,38.2400,39.6500,38.3700,9870800,390673051.0000,3,4.942400,1,3.335900,26.598488,2.798156,1.889927,-224.951998,0
2026-02-05,sh.605089,29.1400,29.5500,28.9000,29.2000,29.1400,1767882,51781187.0600,3,1.281100,1,0.205900,55.427844,3.284646,5.821482,-15.249381,0
2026-02-05,sh.605090,45.5800,47.2100,45.1900,45.9800,46.1100,10992596,505528103.1300,3,1.564500,1,-0.281900,23.286661,3.084982,1.570873,120.623571,0
2026-02-05,sh.605098,45.4300,46.6800,45.1300,46.1000,45.7400,905420,41811279.6000,3,0.759300,1,0.787100,19.036340,5.697284,6.990865,64.218674,0
2026-02-05,sh.605099,40.7700,41.9600,40.4000,41.0500,40.7900,2354288,97246040.4000,3,0.586500,1,0.637400,26.110456,5.499544,5.217680,289.659459,0
2026-02-05,sh.605100,45.0500,45.3100,43.6000,44.0900,45.0500,1922100,84831968.0000,3,1.131100,1,-2.131000,222.144355,4.214694,10.088540,-138.697885,0
2026-02-05,sh.605108,20.3000,20.7000,20.2300,20.5600,20.3000,6964160,143203694.4000,3,2.678500,1,1.280800,114.013419,2.393031,2.091485,38.643800,0
2026-02-05,sh.605111,42.8600,46.5500,41.4700,45.7200,43.2000,40361854,1770145770.9600,3,9.718000,1,5.833300,43.464235,4.455330,10.219548,75.964141,0
2026-02-05,sh.605116,27.5600,27.7500,27.1200,27.4200,27.4200,3087700,84605669.0000,3,0.760200,1,0.000000,26.234524,4.415814,6.856104,-45.673606,0
2026-02-05,sh.605117,89.5000,89.6900,85.7000,86.5400,90.3500,8682527,754692061.8300,3,0.955300,1,-4.216900,25.639717,8.427611,6.534489,46.198173,0
2026-02-05,sh.605118,41.9200,42.9800,41.0500,42.8100,41.9200,4309794,181517386.1400,3,1.058600,1,2.123100,63.900927,11.862437,22.500011,-136.140319,0
2026-02-05,sh.605122,14.0000,14.0600,13.8000,13.8700,13.8500,2318600,32297755.0000,3,1.345300,1,0.144400,-11.342672,1.191419,2.053282,-116.620907,0
2026-02-05,sh.605123,122.0000,130.9000,121.4300,126.2200,124.9000,10098147,1282544515.9100,3,8.333800,1,1.056800,60.112438,3.310606,4.482113,17.372180,0
2026-02-05,sh.605128,38.5500,38.9500,38.1000,38.9000,38.6600,1286837,49829746.5900,3,0.609500,1,0.620800,52.944871,3.945820,3.442341,28.168881,0
2026-02-05,sh.605133,31.4000,31.5800,31.0400,31.1900,31.3400,4662070,145702698.1000,3,1.652500,1,-0.478600,47.614365,2.341380,3.275651,118.969443,0
2026-02-05,sh.605136,11.6900,12.2900,11.6700,12.1900,11.8000,27089300,328534018.0000,3,6.764600,1,3.305100,-147.497216,1.994742,2.909242,-27.334129,0
2026-02-05,sh.605138,7.5400,7.6200,7.4700,7.5400,7.5400,3134400,23685071.0000,3,0.564200,1,0.000000,91.590391,1.738158,1.204447,20.422025,0
2026-02-05,sh.605151,20.1900,21.2800,20.1900,20.5200,22.4300,12124249,251861992.8200,3,9.010700,1,-8.515400,-189.681598,2.026120,1.480013,163.874754,0
2026-02-05,sh.605155,20.5100,21.2300,20.5100,20.8600,20.6600,4602460,96471024.2400,3,2.463500,1,0.968100,32.372954,3.012113,4.541980,-23.041195,0
2026-02-05,sh.605158,8.4400,9.1200,8.3500,8.8100,8.4400,19867465,173848839.9100,3,3.884800,1,4.383900,27.523986,1.823186,0.669058,-3.161238,0
2026-02-05,sh.605162,9.2500,9.2800,9.1200,9.1200,9.2600,3118600,28647673.0000,3,0.778500,1,-1.511900,24.553625,2.871840,4.860098,-33.726836,0
2026-02-05,sh.605166,10.8000,11.1200,10.7500,10.9000,10.8000,7206900,78875716.0000,3,2.289800,1,0.925900,16.630966,1.760532,0.553155,-7.707903,0
2026-02-05,sh.605167,18.9900,18.9900,17.5200,17.8500,19.1400,10015800,180861864.0000,3,2.230300,1,-6.739800,36.741442,4.056679,2.778221,33.188055,0
2026-02-05,sh.605168,41.5800,42.3800,40.6300,40.9000,41.6400,5507499,227197801.9800,3,2.612500,1,-1.777100,100.142827,3.219527,2.334958,60.905546,0
2026-02-05,sh.605169,13.5100,13.5100,13.2600,13.2700,13.5000,2142468,28585393.9200,3,0.757400,1,-1.703700,37.306847,1.922045,1.218639,220.941804,0
2026-02-05,sh.605177,21.7200,21.9400,21.4000,21.4900,21.6400,2053247,44472522.5000,3,1.823700,1,-0.693200,-11.297090,1.450358,2.964871,-42.523878,0
2026-02-05,sh.605178,67.2100,71.0000,66.6000,68.0900,67.7800,2867100,197880678.0000,3,2.893700,1,0.457400,-27.866984,5.519617,19.188168,99.193305,0
2026-02-05,sh.605179,20.5400,21.0600,20.5300,20.7300,20.6700,5187198,107897993.5200,3,1.293600,1,0.290300,216.222555,7.378813,2.928251,49.219302,0
2026-02-05,sh.605180,15.7300,16.1500,15.6100,16.0000,15.7200,2947073,46988215.1000,3,1.743800,1,1.781200,101.195192,2.365413,7.703535,-9.707687,0
2026-02-05,sh.605183,21.3500,21.3500,20.9600,21.0400,21.3600,2515840,53106293.4000,3,0.610000,1,-1.498100,15.654529,2.414099,3.947858,37.173840,0
2026-02-05,sh.605186,22.1000,22.3600,21.7400,21.7400,22.0300,3335200,73593721.0000,3,2.452400,1,-1.316400,331.414863,2.737378,7.511693,-129.135290,0
2026-02-05,sh.605188,20.0900,22.3000,20.0400,21.7700,20.2700,25217124,532956222.2500,3,5.019700,1,7.400100,1830.944084,9.268203,3.942251,-2543.902302,0
2026-02-05,sh.605189,15.3300,15.4700,15.2500,15.3000,15.3900,1898190,29070838.8000,3,0.978100,1,-0.584800,64.940482,1.679427,0.909830,12.673641,0
2026-02-05,sh.605196,43.0000,43.0000,40.4800,40.9100,42.1300,8110200,334505007.0000,3,1.606100,1,-2.895800,69.957348,6.333236,2.997508,-95.459685,0
2026-02-05,sh.605198,42.8000,43.3000,42.0300,42.7800,42.9000,1795100,76933904.0000,3,0.663500,1,-0.279700,41.256261,5.230884,8.341076,-1659.086864,0
2026-02-05,sh.605199,6.7700,6.8500,6.7300,6.7400,6.8000,3368200,22857266.0000,3,0.841800,1,-0.882400,-16.040305,3.912303,2.535288,-64.144094,1
2026-02-05,sh.605208,13.3800,13.4000,12.9800,12.9900,13.4300,6365951,83441007.0000,3,1.929400,1,-3.276200,82.838471,1.972282,0.763943,42.360798,0
2026-02-05,sh.605218,19.7200,19.8600,19.5600,19.7100,19.7200,1293271,25517856.8600,3,0.607600,1,-0.050700,85.791408,3.176386,1.909198,-59.802252,0
2026-02-05,sh.605222,21.4700,21.4900,20.3100,20.3400,21.4500,5885400,121132533.0000,3,1.425400,1,-5.174800,56.464531,1.800684,0.372358,415.784953,0
2026-02-05,sh.605228,13.3500,13.5500,13.1400,13.2100,13.4200,9854442,131173536.5600,3,2.294700,1,-1.564800,88.225855,3.507047,3.313049,96.166065,0
2026-02-05,sh.605255,146.6900,146.6900,137.0000,138.2000,143.9200,2280214,318874163.5500,3,1.700600,1,-3.974400,569.600514,22.963545,56.113831,241.221539,0
2026-02-05,sh.605258,33.3100,33.6900,33.1100,33.1900,33.3100,1519000,50772477.0000,3,1.726100,1,-0.360300,42.089425,2.446499,3.030105,119.656118,0
2026-02-05,sh.605259,22.0300,22.1800,21.8300,21.9400,22.1200,1144220,25158315.8000,3,0.663400,1,-0.813700,15.281268,2.108937,1.480264,-38.399404,0
2026-02-05,sh.605266,20.4200,20.8000,20.3000,20.5000,20.4100,2342626,48190182.7000,3,1.515800,1,0.441000,24.770061,1.206410,0.348279,80.129636,0
2026-02-05,sh.605268,11.1400,11.2500,11.0600,11.2200,11.1400,3341400,37402539.0000,3,0.763400,1,0.718100,28.256908,2.984472,1.489746,-64.935885,0
2026-02-05,sh.605277,24.3800,24.6900,24.2800,24.4700,24.7100,6341840,154999112.2600,3,1.993400,1,-0.971300,37.677917,4.903100,2.019910,2874.354916,0
2026-02-05,sh.605286,38.0300,38.0600,37.2800,37.3800,38.0300,737800,27733527.0000,3,0.439200,1,-1.709200,28.641169,2.957645,2.844028,69.065923,0
2026-02-05,sh.605287,49.5000,52.6000,47.0000,48.3400,50.1600,9022180,447528568.4000,3,6.444400,1,-3.628400,-21.404800,4.358037,2.165785,138.176796,0
2026-02-05,sh.605288,136.3000,143.8000,133.6600,135.0000,136.5900,1813320,250191260.4000,3,2.583100,1,-1.164100,215.224573,4.298623,6.971639,271.529933,0
2026-02-05,sh.605289,73.6600,75.0000,68.2500,69.5000,74.6000,4757500,337982399.0000,3,4.391400,1,-6.836500,-256.446868,5.917927,7.802893,28.873223,0
2026-02-05,sh.605296,28.3600,28.7000,28.1200,28.2500,28.2800,1909440,54189806.1800,3,0.368600,1,-0.106100,22.188007,2.838987,2.730171,-63.752738,0
2026-02-05,sh.605298,40.5500,41.9600,40.5000,41.6100,40.9600,1114150,46180230.0000,3,0.598200,1,1.586900,101.527719,7.489381,13.802362,-178.411473,0
2026-02-05,sh.605299,11.6200,12.4300,11.5800,12.1100,11.6800,19426400,234901445.0000,3,4.747100,1,3.681500,66.018012,4.039600,3.258356,1086.579459,0
2026-02-05,sh.605300,11.6600,11.9200,11.6400,11.8000,11.6900,4835107,57157460.3200,3,1.064100,1,0.941000,196.530712,1.872492,2.234987,193.669795,0
2026-02-05,sh.605303,17.7400,18.4800,17.5800,17.8300,17.7900,3298200,59682549.0000,3,2.045600,1,0.224800,-12.315805,3.128338,5.143904,-76.854957,0
2026-02-05,sh.605305,40.6700,40.8600,39.1100,39.3900,40.4000,6465070,256137158.3400,3,3.042100,1,-2.500000,16.256018,2.935602,4.876262,39.844668,0
2026-02-05,sh.605318,62.3000,64.1800,62.3000,63.5800,62.8500,1427100,90696742.0000,3,1.135100,1,1.161500,-439.834786,12.368733,13.779394,761.629704,0
2026-02-05,sh.605319,23.5000,24.0500,23.1800,23.7000,23.7000,4836543,114380556.1800,3,1.606300,1,0.000000,18.606420,3.197359,2.966859,62.588452,0
2026-02-05,sh.605333,29.2300,29.4800,29.0200,29.1700,29.3000,1468400,42826828.0000,3,0.336200,1,-0.443700,20.611148,3.963042,1.646744,15.481915,0
2026-02-05,sh.605336,15.0900,15.4900,15.0100,15.0800,15.1100,3492419,53227678.3000,3,1.904100,1,-0.198500,144.275073,1.479432,9.036812,30.255784,0
2026-02-05,sh.605337,12.9600,13.2900,12.9500,13.0200,13.0900,12238154,160599070.8000,3,3.137200,1,-0.534800,23.681097,3.237420,3.834562,-40.822273,0
2026-02-05,sh.605338,28.4800,29.7700,28.3000,29.0300,28.6300,5589890,162927014.5000,3,2.333300,1,1.397100,25.474902,3.069593,3.740954,-8.482599,0
2026-02-05,sh.605339,18.6000,18.9700,18.4000,18.8300,18.6000,2399400,45148694.0000,3,0.565500,1,1.236600,99.956007,2.344524,2.558628,-10.892013,0
2026-02-05,sh.605358,39.6500,39.9500,38.0600,39.1800,40.4900,26756120,1039319281.4600,3,3.985300,1,-3.235400,-82.362483,3.753939,7.612827,131.027168,0
2026-02-05,sh.605365,20.5800,20.9700,20.3800,20.6200,20.6300,5101203,105693589.2900,3,1.016100,1,-0.048500,38.871809,2.776516,1.519381,73.746563,0
2026-02-05,sh.605366,7.2300,7.3800,7.1500,7.1600,7.2300,17589149,127188660.3900,3,2.705400,1,-0.968200,-52.140259,2.302460,3.186475,22.225294,0
2026-02-05,sh.605368,8.3400,8.3500,8.2200,8.2700,8.2900,4298286,35593422.1600,3,0.601500,1,-0.241300,18.824737,1.837185,1.400522,-15.916468,0
2026-02-05,sh.605369,19.5700,19.7000,19.4600,19.6900,19.5800,1173760,22995964.9200,3,0.532300,1,0.561800,42.480215,2.529848,3.861653,861.542470,0
2026-02-05,sh.605376,100.1000,102.5000,96.2300,98.8000,100.1000,13577860,1341358600.0800,3,5.190300,1,-1.298700,167.852338,15.690701,25.247087,1460.337320,0
2026-02-05,sh.605377,8.8800,9.0800,8.8100,8.8300,8.8700,7305309,64914890.1000,3,1.312300,1,-0.451000,18.424007,1.279993,1.470464,-3.911689,0
2026-02-05,sh.605378,21.6000,21.7600,21.5600,21.6000,21.7700,1222580,26419023.0000,3,0.467800,1,-0.780900,62.338315,4.517204,4.102128,-311.194451,0
2026-02-05,sh.605388,7.0200,7.1800,7.0200,7.1100,7.0600,7131000,50857176.0000,3,1.187500,1,0.708200,-52.770252,2.488528,3.101846,-79.589545,0
2026-02-05,sh.605389,78.7300,78.9200,76.8200,77.4700,78.5300,758760,58825233.0000,3,0.556800,1,-1.349800,98.316898,5.302479,11.691127,-81.309417,0
2026-02-05,sh.605398,29.3700,30.4300,29.3700,30.0900,29.7900,3154382,94422702.5400,3,1.938600,1,1.007000,731.575691,4.753966,9.357489,-292.007953,0
2026-02-05,sh.605399,15.1000,15.7000,14.7000,14.7400,14.9900,7721649,116454352.7800,3,2.478600,1,-1.667800,-120.166006,2.145007,4.258750,-34.817325,0
2026-02-05,sh.605488,40.2800,40.5400,38.9000,39.1400,40.8800,7506180,296392640.0000,3,2.717700,1,-4.256400,82.035260,7.146015,3.832533,480.136566,0
2026-02-05,sh.605499,268.7200,277.4900,267.5000,274.5100,268.6500,3992457,1097329994.8300,3,0.767800,1,2.181300,35.151833,17.499870,7.651030,-142.552246,0
2026-02-05,sh.605500,9.0500,9.1100,8.9800,9.0900,9.0300,3327574,30174233.7000,3,0.803000,1,0.664500,42.707008,1.474791,1.420983,-74.673330,0
2026-02-05,sh.605507,26.5400,27.3500,26.5400,26.9400,26.7600,3952902,106933082.4800,3,0.707400,1,0.672600,17.245720,1.820037,2.533363,-373.015586,0
2026-02-05,sh.605555,17.5400,17.6800,17.4100,17.4700,17.6600,3150150,55147211.5000,3,0.650800,1,-1.075900,31.180613,2.801765,1.923646,-16.645409,0
2026-02-05,sh.605566,31.0200,31.2000,30.1000,30.4000,30.8700,1437200,44145201.0000,3,1.077800,1,-1.522500,132.410006,2.028774,5.054024,48.439520,0
2026-02-05,sh.605567,11.9400,12.2100,11.8300,12.0300,11.9200,6451846,77739084.0800,3,3.225900,1,0.922800,60.678958,2.203823,0.917743,306.839095,0
2026-02-05,sh.605577,13.7700,14.4900,13.7200,14.2200,13.7200,8028400,113861798.0000,3,1.806400,1,3.644300,24.311055,1.589969,4.223679,-3.570378,0
2026-02-05,sh.605580,23.3500,23.5700,23.0700,23.4400,23.4000,3490580,81621570.0000,3,1.246600,1,0.170900,53.955782,6.802305,7.206762,-1905.023298,0
2026-02-05,sh.605588,55.4100,55.6500,54.6100,55.4000,55.9200,788400,43460883.0000,3,1.078500,1,-0.929900,-88.276181,3.964150,2.922615,-31.888536,0
2026-02-05,sh.605589,29.9900,30.0600,29.0800,29.1100,30.1300,14082268,414130709.2000,3,1.669300,1,-3.385300,23.537568,2.398983,2.252080,145.991585,0
2026-02-05,sh.605598,59.0000,61.5000,57.6200,59.2600,62.2500,6494500,387416319.4000,3,2.672400,1,-4.803200,230.619003,7.975553,9.779251,-228.941659,0
2026-02-05,sh.605599,24.1200,26.6600,24.1200,26.6600,25.2300,23389551,600558570.4600,3,3.007200,1,5.667900,25.544722,4.979784,0.817676,103.677713,0
2026-02-05,sh.688001,31.7900,32.1000,31.3800,31.4200,31.9500,3305335,104479126.8500,3,0.743600,1,-1.658800,-47.446966,4.030160,6.572841,-2900.112721,0
2026-02-05,sh.688002,115.2200,115.8500,110.5700,112.9700,117.2200,9578417,1079612106.3600,3,2.081200,1,-3.625700,65.619019,8.653728,9.900007,468.901093,0
2026-02-05,sh.688003,78.5700,79.0000,75.1600,76.6600,79.3600,3359540,257494201.6700,3,1.728900,1,-3.402200,120.924541,7.982494,8.587959,-415.090024,0
2026-02-05,sh.688004,23.8200,24.1800,23.6900,23.9000,23.6900,1630177,39052605.1300,3,2.035500,1,0.886400,-107.767644,3.243457,10.780650,533.911918,0
2026-02-05,sh.688005,30.2300,30.2300,28.9300,29.0400,30.2000,18562471,544734139.3400,3,2.597500,1,-3.841100,-860.328013,2.559981,1.627875,26.626298,0
2026-02-05,sh.688006,30.3700,30.8100,29.8000,30.0600,30.7100,5868709,177009131.4400,3,0.972200,1,-2.116600,53.997848,3.314108,5.986583,43.007792,0
2026-02-05,sh.688007,17.3000,17.5400,17.0800,17.1800,17.4300,4186728,72111677.0400,3,0.910900,1,-1.434300,-52.440465,3.065718,3.847665,-366.746486,0
2026-02-05,sh.688008,161.8800,170.6500,161.5000,168.1500,170.9000,32465215,5433114062.4700,3,2.831900,1,-1.609100,93.307330,15.724081,37.608623,73.247787,0
2026-02-05,sh.688009,5.6000,5.7100,5.5800,5.6300,5.6100,36329556,205078121.6600,3,0.421400,1,0.356500,17.431724,1.293939,1.777310,233.714189,0
2026-02-05,sh.688010,29.6100,29.6100,28.3800,28.8400,30.6400,5595227,162563207.4700,3,3.484800,1,-5.874700,-1239.461476,2.758736,7.244086,-209.821702,0
2026-02-05,sh.688011,67.4600,68.6600,65.7500,67.6800,68.8800,2371183,158801059.5600,3,2.379200,1,-1.742200,-118.504523,6.324856,46.596451,-3234.921583,0
2026-02-05,sh.688012,340.0000,361.1600,338.8800,356.8800,349.2100,11565632,4051348237.0100,3,1.847100,1,2.196400,116.756405,10.406904,19.229642,182.877667,0
2026-02-05,sh.688013,42.5900,42.7300,41.6500,41.9300,42.5900,958213,40266782.1200,3,1.180700,1,-1.549700,41.964496,5.675062,10.833216,56.628268,0
2026-02-05,sh.688015,24.7500,24.7500,24.3700,24.4300,24.7200,1189538,29161661.7000,3,0.630500,1,-1.173100,33.389847,1.776068,1.996892,-259.747349,0
2026-02-05,sh.688016,98.5000,99.8200,97.6900,99.2500,97.6300,2245666,222143114.3400,3,1.821900,1,1.659300,32.380050,3.091824,9.774950,-19.412740,0
2026-02-05,sh.688017,210.0000,211.8200,202.8000,205.1200,216.5100,8044167,1658421488.8800,3,4.387800,1,-5.260700,413.226430,10.725175,72.580593,884.310585,0
2026-02-05,sh.688018,159.1800,163.9800,158.8000,161.5300,160.0000,2277786,366302640.9400,3,1.461200,1,0.956300,58.065043,6.253869,10.978830,13.012473,0
2026-02-05,sh.688019,256.0000,264.5000,252.7700,260.1300,260.4200,2662745,686429449.7400,3,1.579700,1,-0.111400,58.511239,13.201556,18.779379,387.051070,0
2026-02-05,sh.688020,87.8000,89.9900,84.8000,85.1800,89.0000,1523799,131575196.3200,3,1.849900,1,-4.292100,-89.156133,5.073616,18.896436,106.862114,0
2026-02-05,sh.688021,23.2300,23.8800,22.9900,23.6000,23.4700,1754026,41194779.7000,3,2.295400,1,0.553900,-111.165564,2.102629,5.130956,221.426287,0
2026-02-05,sh.688022,15.6700,15.6700,15.3700,15.4200,15.6100,3205342,49655978.7100,3,1.822500,1,-1.217200,-3.636903,3.915045,4.812544,-11.385862,0
2026-02-05,sh.688023,55.3000,55.6700,54.2000,54.4000,55.7000,2444680,133939548.8000,3,2.395200,1,-2.333900,-81.604283,2.446033,2.640474,-22.774587,0
2026-02-05,sh.688025,176.0000,180.2000,169.2700,177.6800,182.7000,5073821,884304746.7700,3,5.338100,1,-2.747700,72.425393,7.657045,8.922624,140.998266,0
2026-02-05,sh.688026,18.3500,18.6500,18.2600,18.3300,18.4100,1798638,33180482.6800,3,1.281800,1,-0.434500,32.435013,2.323741,4.545548,-28.816016,0
2026-02-05,sh.688027,671.0000,687.0000,652.5800,669.0100,680.0000,2941256,1962445904.4700,3,3.659400,1,-1.616200,-21548.539292,21.415885,200.401471,53.332251,0
2026-02-05,sh.688028,89.8500,89.9700,83.6000,85.7700,91.2200,6237647,537201478.7100,3,4.132300,1,-5.974600,137.624841,6.600725,17.900100,-249.201525,0
2026-02-05,sh.688029,80.5000,81.8500,80.3400,81.0000,80.7200,1265837,102752307.9700,3,0.673900,1,0.346900,24.886680,3.736690,4.871298,18.915229,0
2026-02-05,sh.688030,17.5700,17.8300,17.5600,17.5800,17.8200,1969589,34829030.7600,3,1.092800,1,-1.346800,-23.740545,3.804813,3.136981,235.956086,0
2026-02-05,sh.688031,181.0100,186.5000,176.3900,183.5200,184.5000,4815054,873147313.2200,3,5.123900,1,-0.531200,-84.283590,24.854066,57.438846,431.913676,0
2026-02-05,sh.688032,113.9900,113.9900,108.0600,108.4400,113.2500,2027689,222747393.3100,3,1.634300,1,-4.247200,340.701738,2.306786,6.560767,-13.542248,0
2026-02-05,sh.688033,8.3400,8.3400,7.9800,8.0100,8.3500,19089118,153816450.6100,3,3.395400,1,-4.071900,-3.520506,1.365684,6.542391,-10.619104,0
2026-02-05,sh.688035,50.7200,51.3900,49.7800,50.1100,51.6000,2570620,129396228.9600,3,1.807200,1,-2.887600,66.780960,3.079019,4.840293,-38.532902,0
2026-02-05,sh.688036,58.3000,61.9800,58.0000,61.3300,58.3000,19526672,1186423665.0300,3,1.696200,1,5.197300,18.611617,3.506672,1.053660,25.861120,0
2026-02-05,sh.688037,191.5000,210.9100,187.7500,207.0300,195.2900,9267822,1849267335.8300,3,4.596500,1,6.011600,490.377379,15.424145,25.464415,213.537952,0
2026-02-05,sh.688038,21.2800,22.7900,20.9700,21.9500,21.1900,5726282,126773806.8300,3,4.920600,1,3.586600,-95.543672,4.317875,11.320265,-85.988472,0
2026-02-05,sh.688039,52.1100,53.4000,52.1100,52.3400,53.1800,2066150,108743333.4500,3,1.868100,1,-1.579500,-106.438998,5.210973,16.671112,567.477493,0
2026-02-05,sh.688041,238.8400,242.8100,236.8200,238.1700,244.0000,15872981,3797184765.4800,3,0.682900,1,-2.389300,233.905122,25.281737,44.231864,-184.325508,0
2026-02-05,sh.688045,49.3300,50.9900,48.9000,49.8500,50.3100,2052469,101922022.0600,3,2.938900,1,-0.914300,8381.907028,2.517209,5.170764,57.471036,0
2026-02-05,sh.688046,17.3000,17.6900,17.2100,17.2900,17.3800,3028453,52715484.1200,3,0.738600,1,-0.517800,49.092921,3.220696,8.936475,-38.034834,0
2026-02-05,sh.688047,153.1000,155.8000,152.8000,154.2800,156.4000,4572993,705581996.3300,3,1.140400,1,-1.355500,-91.464007,24.206483,113.065922,-739.400797,0
2026-02-05,sh.688048,128.0000,130.8900,124.6800,126.2500,135.2000,10006500,1271119858.0600,3,5.676500,1,-6.619800,-1444.502743,7.405279,54.373007,-103.131483,0
2026-02-05,sh.688049,51.1100,51.6800,50.8600,51.2000,51.7900,4118535,210688433.8400,3,2.351200,1,-1.139200,47.879196,4.530957,9.884471,2531.796190,0
2026-02-05,sh.688050,60.0000,61.1600,60.0000,60.7300,60.2200,2378038,144403697.2100,3,1.229600,1,0.846900,32.538523,4.179098,7.940518,28.379184,0
2026-02-05,sh.688051,34.9100,36.2600,34.9100,35.3800,35.2000,870191,30928647.8700,3,1.125200,1,0.511400,-19.679287,4.192414,12.052696,-44.567804,0
2026-02-05,sh.688052,168.9100,181.8800,166.6000,181.0100,170.3200,4117180,717706577.9600,3,2.888700,1,6.276400,-216.986246,5.010340,9.945277,-31.548926,0
2026-02-05,sh.688053,44.1600,46.3800,44.1300,44.7700,44.4800,1701305,77010297.4100,3,1.701300,1,0.652000,-204.387489,2.782790,23.424957,16.512446,1
2026-02-05,sh.688055,3.7800,3.8000,3.7500,3.7700,3.7900,6854889,25862570.6600,3,0.205600,1,-0.527700,-62.194519,3.059159,4.691716,-11.376047,0
2026-02-05,sh.688056,36.8200,37.5100,36.8200,37.0700,37.0900,575914,21374286.6600,3,0.853800,1,-0.053900,68.321592,3.109359,6.285893,-32.438258,0
2026-02-05,sh.688057,12.8300,12.9400,12.7700,12.8800,12.8300,1577639,20300273.9700,3,0.571600,1,0.389700,34.090175,1.126946,10.559848,-70.283719,0
2026-02-05,sh.688058,31.8600,32.1000,31.4900,31.5600,31.9900,1239045,39383610.8000,3,1.633800,1,-1.344200,-24.809141,3.759916,10.928688,-31.952840,0
2026-02-05,sh.688059,97.5300,101.8600,97.0000,98.5500,97.9600,2534441,251425779.2500,3,2.708400,1,0.602300,58.881306,7.433759,10.424894,91.967917,0
2026-02-05,sh.688060,46.0600,46.7900,45.8800,46.1500,45.9300,520818,24115270.1800,3,0.865300,1,0.479000,-56.850160,3.084330,8.953013,189.656526,0
2026-02-05,sh.688061,35.8600,35.9100,35.2500,35.4600,35.9100,875105,31107580.6200,3,1.943800,1,-1.253100,-61.024652,1.711256,6.544276,7.650028,0
2026-02-05,sh.688062,36.0100,36.7900,35.8600,36.0600,36.1900,6107326,221572816.8300,3,2.991300,1,-0.359200,-15.208172,18.932570,23.072896,-90.619614,0
2026-02-05,sh.688063,63.7700,63.7700,60.4000,60.6200,64.3300,7726218,474569825.9900,3,3.148900,1,-5.767100,288.315131,1.626458,5.709254,-28.477569,0
2026-02-05,sh.688065,55.3200,55.5500,53.9100,54.4000,55.0200,3989953,217897987.8400,3,0.683900,1,-1.126900,66.006586,2.229702,11.934224,11.443968,0
2026-02-05,sh.688066,25.1600,25.4900,24.0400,24.1100,25.5000,21108018,518932876.5300,3,8.078800,1,-5.451000,-4.096979,15.027019,9.951469,-42.976548,0
2026-02-05,sh.688067,27.9800,28.1200,27.6600,27.7700,27.6500,1546001,43168924.0600,3,2.273500,1,0.434000,70.070548,3.642888,8.539949,51.704501,0
2026-02-05,sh.688068,137.0000,138.7100,135.4000,136.1700,136.9600,832985,113832886.8300,3,0.898500,1,-0.576800,-48.680298,4.304500,29.057774,264.018025,0
2026-02-05,sh.688069,24.1400,24.5500,24.0100,24.4100,24.3300,865404,21008231.6500,3,0.765800,1,0.328800,-40.147979,2.217600,6.251929,-160.510471,0
2026-02-05,sh.688070,59.3600,60.1100,58.0000,58.1800,59.9400,1715136,100861114.9100,3,1.958400,1,-2.936300,-2357.499494,8.461965,8.618082,-408.207051,0
2026-02-05,sh.688071,39.6700,40.3500,38.5900,38.8000,39.4300,4105539,161524378.2200,3,4.842000,1,-1.597800,-70.537532,3.107127,6.409301,-80.429832,0
2026-02-05,sh.688072,328.0000,333.0300,316.2800,329.6700,339.8000,6861387,2223412113.5900,3,2.430100,1,-2.981200,95.626673,15.266283,15.396050,103.263679,0
2026-02-05,sh.688073,62.6200,63.4900,61.1900,61.5800,62.8000,936357,58331979.4400,3,2.165800,1,-1.942700,36.505821,2.794845,4.407640,74.797533,0
2026-02-05,sh.688075,39.9800,40.0600,39.7200,39.8100,39.9700,376930,15028357.2400,3,0.296600,1,-0.400300,41.856194,0.979964,10.933610,6974.599558,0
2026-02-05,sh.688076,34.1800,36.0000,34.1800,35.1400,34.1800,3993609,140098825.2200,3,1.263600,1,2.808700,22.270685,3.571714,5.846137,38.790030,1
2026-02-05,sh.688077,33.0000,33.0000,31.4200,31.6600,33.2000,3480218,111573581.9700,3,3.040100,1,-4.638600,77.746338,3.337942,2.364947,28.442332,0
2026-02-05,sh.688078,28.8100,29.2000,28.5300,28.7300,28.6600,787683,22685390.5500,3,1.080600,1,0.244200,-72.681483,2.916787,8.869023,-189.087593,0
2026-02-05,sh.688079,12.9400,13.3500,12.8500,12.9200,13.0200,7218264,94456216.5600,3,1.786400,1,-0.768000,-44.582349,4.069329,8.929901,-93.433796,0
2026-02-05,sh.688080,57.6300,58.5200,57.5100,57.8400,58.2800,1566838,90815777.3700,3,2.127200,1,-0.755000,28.581169,3.794426,5.657374,37.681831,0
2026-02-05,sh.688081,37.6000,38.3800,37.0600,37.6400,37.6400,1887521,71349681.0100,3,1.831800,1,0.000000,-46.683402,9.914217,22.148998,155.543626,0
2026-02-05,sh.688082,178.0000,180.3000,175.8900,178.3600,181.9700,2915273,517861319.7400,3,0.668100,1,-1.983800,51.558441,6.449314,12.617637,17.323591,0
2026-02-05,sh.688083,66.2000,67.7600,65.8600,66.9900,66.7900,2706438,181195573.6600,3,1.595300,1,0.299400,920.406522,4.380566,12.439244,20824.559048,0
2026-02-05,sh.688084,84.6600,84.9600,82.5900,82.5900,84.3700,650313,54251717.6700,3,0.877200,1,-2.109800,-333.851958,3.984738,20.309357,315.535995,0
2026-02-05,sh.688085,20.8900,21.5800,20.5200,21.1800,21.0500,6637836,139643884.5000,3,2.115400,1,0.617600,108.859615,3.403552,13.785575,-73.777924,0
2026-02-05,sh.688087,30.8000,31.8300,30.8000,31.5000,31.1000,1391277,43674798.2400,3,0.747000,1,1.286200,18.030696,2.227807,1.866260,-13.218237,0
2026-02-05,sh.688088,48.0000,48.6900,47.7100,48.1400,48.5000,5415943,260578080.8400,3,1.350000,1,-0.742300,83.925315,7.252966,22.222652,117.468602,0
2026-02-05,sh.688089,19.0400,19.3400,18.9200,19.2500,18.9900,3104874,59727158.7300,3,1.844700,1,1.369100,19.095866,1.990400,5.431846,30.994086,0
2026-02-05,sh.688090,47.9000,52.0000,46.6300,51.8000,47.9200,6873053,337787629.7900,3,5.616600,1,8.096800,7384.253400,7.142063,7.856236,57.514015,0
2026-02-05,sh.688091,50.6700,51.0600,49.8500,49.9000,50.5800,2751225,138834350.0400,3,1.331000,1,-1.344400,160.832544,7.060332,32.530009,-17.692559,0
2026-02-05,sh.688092,30.6000,31.2800,30.2800,30.8200,30.8000,1676238,51760246.2100,3,2.027800,1,0.064900,47.005291,3.925251,5.571154,31.827033,0
2026-02-05,sh.688093,34.4900,34.5000,33.9100,34.0500,34.5900,1840720,62795400.8600,3,0.700900,1,-1.561100,23.835689,3.380412,8.893251,87.689931,0
2026-02-05,sh.688095,94.1400,96.4600,93.2100,94.1600,96.0900,2970659,281484278.1600,3,3.251600,1,-2.008500,-834.314168,3.399093,9.795219,21.155654,0
2026-02-05,sh.688096,9.1000,9.5300,9.1000,9.2400,9.1500,6535185,60879332.8300,3,2.768600,1,0.983600,-116.069609,2.427655,4.162084,-28.215784,0
2026-02-05,sh.688097,43.1500,43.5200,42.0000,43.1300,43.3000,5408528,231788832.3900,3,1.215400,1,-0.392600,40.391593,4.059878,3.612235,35.465204,0
2026-02-05,sh.688098,9.5200,9.5400,9.3300,9.3500,9.3700,2457798,23107409.4100,3,0.598500,1,-0.213400,-126.560973,2.723271,13.112824,-159.404781,0
2026-02-05,sh.688099,81.7900,83.0800,81.0600,81.8600,82.6200,7221131,591139946.9300,3,1.714600,1,-0.919900,37.235866,4.807225,5.423093,105.381384,0
2026-02-05,sh.688100,41.0800,41.2300,39.9300,40.2200,41.0800,2577680,103854993.5700,3,0.524300,1,-2.093500,28.980150,5.917335,6.782856,67.209784,0
2026-02-05,sh.688101,16.9300,16.9600,16.6800,16.7100,16.9500,2158739,36277616.4000,3,0.650200,1,-1.415900,13.861738,1.276246,3.685082,-126.416858,0
2026-02-05,sh.688102,38.9500,40.3000,38.7700,39.6100,39.4000,16930644,673104807.7500,3,2.307500,1,0.533000,213.633054,16.950185,19.954065,48.380164,0
2026-02-05,sh.688103,62.8000,62.8000,61.4400,61.9600,63.0800,959897,59487514.7800,3,1.007100,1,-1.775500,99.131644,5.258943,4.994945,-75.699015,0
2026-02-05,sh.688105,21.0700,21.2000,20.9300,20.9900,21.0700,1144465,24087256.2300,3,0.287700,1,-0.379700,-281.707606,2.172065,6.209835,77.987951,0
2026-02-05,sh.688106,21.9500,22.0200,21.3700,21.5900,22.0300,6674865,144225662.8800,3,1.384900,1,-1.997300,97.500843,3.518278,3.856137,436.511945,0
2026-02-05,sh.688107,28.1000,28.6100,27.9600,28.3000,28.6500,4291920,121269195.9400,3,1.070700,1,-1.221600,-47.576869,11.071224,21.656000,-82.425306,0
2026-02-05,sh.688108,23.1000,23.6800,22.5100,22.5800,22.7000,12961480,298000947.5900,3,3.101200,1,-0.528600,281.446012,10.477215,18.720925,71.086588,0
2026-02-05,sh.688109,125.9000,126.1100,123.3600,123.6300,126.3300,558712,69555818.2300,3,0.708600,1,-2.137300,146.073550,12.246039,21.289773,-112.608604,0
2026-02-05,sh.688110,123.5300,127.9900,123.0000,125.7500,126.0400,12966711,1633476788.9300,3,2.932000,1,-0.230100,-303.920231,17.878123,72.554315,-93.679763,0
2026-02-05,sh.688111,310.0000,314.9400,308.1400,309.4500,314.1500,5178455,1606474374.0800,3,1.118000,1,-1.496100,80.358566,11.817047,25.268084,3756.917368,0
2026-02-05,sh.688112,39.0000,39.2400,38.3600,38.8500,39.2500,828038,32081220.8800,3,0.518800,1,-1.019100,47.040756,3.941242,10.797364,94.535048,0
2026-02-05,sh.688113,44.4000,44.9200,43.8000,44.4600,44.2600,881958,39239609.2500,3,1.369600,1,0.451900,27.873605,2.901826,5.552825,-60.105907,0
2026-02-05,sh.688114,66.5600,68.0300,65.8000,66.7000,67.2100,3117291,207776088.3600,3,0.752400,1,-0.758800,-108.097184,3.595281,9.222485,-16.100571,0
2026-02-05,sh.688115,46.3900,46.3900,45.8000,46.1600,46.1200,628051,28943513.7700,3,0.942000,1,0.086700,1613.891987,2.457981,12.324908,-18.838173,0
2026-02-05,sh.688116,45.8000,46.5800,45.2100,45.7800,46.0500,5423099,248252338.7400,3,1.479600,1,-0.586300,63.636793,4.538657,11.911470,3123.074044,0
2026-02-05,sh.688117,39.1100,40.3500,39.1100,39.6800,38.9000,4095759,163223493.7300,3,2.602400,1,2.005100,52.004485,6.051956,9.783136,81.597937,0
2026-02-05,sh.688118,30.7400,31.2700,30.5100,30.7100,31.0700,3296186,101498876.5900,3,3.532300,1,-1.158700,91.818120,3.475758,7.696687,-26.068023,0
2026-02-05,sh.688119,6.3000,6.3600,6.1700,6.2000,6.3500,26247268,163931574.5900,3,2.333100,1,-2.362200,-229.096158,2.340248,3.397683,190.429939,0
2026-02-05,sh.688120,178.0000,183.9800,176.0000,181.1800,181.1000,3733579,671254192.8700,3,1.055700,1,0.044200,58.562322,8.896595,15.445334,-123.545968,0
2026-02-05,sh.688121,11.9200,12.0700,11.7600,11.7900,11.9500,3192665,37988354.8400,3,1.575300,1,-1.338900,22.913484,1.058351,1.112411,-19.605022,0
2026-02-05,sh.688122,83.0900,84.2000,81.6200,82.1800,83.8000,11979525,989192833.6100,3,1.844000,1,-1.933200,63.049510,7.720558,9.949216,-357.682111,0
2026-02-05,sh.688123,145.0000,155.0000,144.4400,152.3000,150.9900,7811274,1179052092.2800,3,4.935400,1,0.867600,60.449374,9.647247,20.221983,114.657827,0
2026-02-05,sh.688125,177.0000,177.0000,166.8000,173.6300,174.7700,591886,101759721.1700,3,0.724600,1,-0.652300,-120.496828,7.650004,21.362838,-56.205867,0
2026-02-05,sh.688126,20.8800,21.0400,20.6100,20.8000,21.1500,28204237,586526688.3400,3,1.032500,1,-1.654800,-64.527341,6.092883,19.363954,-286.285532,0
2026-02-05,sh.688127,48.0000,50.1900,47.4500,48.0700,48.9600,10543716,510180817.5000,3,2.597600,1,-1.817800,63.167811,9.641529,15.022635,-10792.385894,0
2026-02-05,sh.688128,29.7800,30.2400,29.3500,29.5100,30.1200,2170115,64246737.1200,3,0.536500,1,-2.025200,22.410944,3.500848,2.504644,55.092577,0
2026-02-05,sh.688129,23.7500,24.4700,23.4900,23.9000,23.6900,3250883,77818497.0700,3,2.698300,1,0.886400,32.574003,3.048934,4.620534,-92.137358,0
2026-02-05,sh.688130,23.5000,23.6800,23.2700,23.5000,23.6100,1117181,26219130.2700,3,1.853200,1,-0.465900,-83.673259,2.278879,17.615350,-7.037198,0
2026-02-05,sh.688131,71.4900,72.6600,70.4000,71.0800,70.4800,3661240,260809823.1200,3,1.726200,1,0.851300,51.123374,4.994834,5.562851,16.619794,0
2026-02-05,sh.688132,18.8200,19.1200,18.8000,18.8300,18.9600,1905565,36086602.1100,3,1.756400,1,-0.685700,-26.776524,2.078365,11.312989,-23.153088,0
2026-02-05,sh.688133,25.0800,25.5600,24.6200,24.6800,25.0800,3314766,82851485.0900,3,2.015800,1,-1.594900,282.754648,1.453717,1.557289,-28.968334,0
2026-02-05,sh.688135,32.8000,33.8700,32.2800,33.3500,33.7700,10042308,331512577.5900,3,4.935900,1,-1.243700,-139.424929,6.216916,11.875945,-39.154547,0
2026-02-05,sh.688136,30.6100,30.7600,30.2300,30.3400,30.6100,2291542,69764164.9900,3,1.138600,1,-0.882100,48.629110,3.562618,4.026980,32.745517,0
2026-02-05,sh.688137,43.2600,43.8100,43.0000,43.2800,43.6000,644324,27950012.2500,3,1.971900,1,-0.733900,-46.713818,1.459868,20.614763,23.282428,0
2026-02-05,sh.688138,29.3000,29.3000,28.5200,28.8000,29.4100,2667221,76801626.7100,3,0.847300,1,-2.074100,46.423229,3.317855,7.469214,28.094947,0
2026-02-05,sh.688139,32.7600,33.1000,32.5600,32.6600,32.7600,1960837,64267519.8400,3,0.619600,1,-0.305300,40.396218,2.384123,4.567678,-41.589351,0
2026-02-05,sh.688141,50.5200,51.9200,48.9700,50.1500,51.3800,9321782,468549494.1900,3,2.070000,1,-2.393900,-40.599469,13.028546,9.295333,-43.940243,0
2026-02-05,sh.688143,55.0000,58.5800,53.7500,54.5700,56.2500,7407823,412623609.3400,3,6.053400,1,-2.986700,134.056521,5.789969,16.872676,88.125530,0
2026-02-05,sh.688146,42.1000,42.4400,41.1300,42.3000,42.3800,3446391,144069823.0800,3,2.377300,1,-0.188800,71.470380,3.949871,10.478894,-340.699932,0
2026-02-05,sh.688147,73.8100,75.9900,70.0000,71.7300,77.6500,8024848,575834735.9200,3,1.740200,1,-7.624000,101.953668,11.447699,11.496665,31.084142,0
2026-02-05,sh.688148,8.5300,8.5300,8.2300,8.2700,8.5600,11756707,98047836.0800,3,2.304500,1,-3.387900,-9.837905,14.566046,1.886624,-81.794142,0
2026-02-05,sh.688150,27.9000,27.9100,26.9500,27.2000,28.1600,6617403,180620155.2800,3,1.644300,1,-3.409100,50.345105,6.068738,20.323185,131.290383,0
2026-02-05,sh.688151,21.7700,21.9000,21.5500,21.6000,21.7700,1959650,42557110.4700,3,0.568800,1,-0.780900,-11752.261531,1.776260,13.911817,8.561618,0
2026-02-05,sh.688152,39.1100,39.2800,38.8200,38.9600,39.3800,985628,38454778.4800,3,0.958500,1,-1.066500,321.888728,3.199499,13.559452,93.992424,0
2026-02-05,sh.688153,37.8300,38.0700,37.0800,37.7700,38.1600,4115012,154591530.4800,3,1.007100,1,-1.022000,956.369910,4.067392,7.487763,832.443815,0
2026-02-05,sh.688155,95.5500,100.8800,93.6500,97.5800,97.2400,3933093,382607584.6100,3,3.110700,1,0.349700,51.349144,5.826309,4.822840,-112.495896,0
2026-02-05,sh.688156,19.2800,19.5500,19.0500,19.1400,19.2800,1621617,31301396.8500,3,1.610100,1,-0.726100,-27.842674,2.355871,6.237417,-50.489717,0
2026-02-05,sh.688157,36.6800,37.2800,36.1000,36.6900,36.9700,1445757,52917450.8500,3,0.924200,1,-0.757400,142.347935,4.243953,7.433433,-60.564182,0
2026-02-05,sh.688158,33.8800,35.0000,33.8000,34.2800,34.6500,31348526,1078899717.3600,3,7.731300,1,-1.067800,-98.264136,6.500288,9.560819,-70.233836,0
2026-02-05,sh.688159,48.8200,49.2500,47.9100,47.9200,49.3700,2558063,123586558.5500,3,2.758600,1,-2.937000,50.367888,4.689282,1.259340,11.637067,0
2026-02-05,sh.688160,128.1000,129.1000,125.2100,125.6200,130.0000,1559715,197348314.8000,3,1.717100,1,-3.369200,186.917119,9.009898,17.293235,1025.965396,0
2026-02-05,sh.688161,29.9200,30.2000,29.7800,29.9600,29.9200,762922,22915363.0300,3,0.190700,1,0.133700,44.906715,2.942070,8.120896,-27.542653,0
2026-02-05,sh.688162,34.6000,34.6000,33.5000,33.6200,34.4900,1420584,48128172.7700,3,1.036200,1,-2.522500,49.333962,1.921469,1.110207,40.584965,0
2026-02-05,sh.688163,25.0700,26.2800,24.9000,26.1800,25.0400,2796248,72053754.5900,3,2.583900,1,4.552700,62.194969,2.518219,14.399052,-20.922172,0
2026-02-05,sh.688165,22.5700,22.5700,22.5700,22.5700,22.5700,,,3,,0,,-46.731102,7.852495,11.137595,-1136.228871,0
2026-02-05,sh.688166,47.0000,47.3200,45.9000,46.3100,47.0100,5301028,246040740.2600,3,1.252900,1,-1.489000,315.633166,8.209265,16.605376,183.305202,0
2026-02-05,sh.688167,295.1100,300.0000,270.1500,295.0000,311.0500,11268866,3204962443.2700,3,12.540500,1,-5.159900,-219.303250,12.061828,34.194844,-97.819073,0
2026-02-05,sh.688168,73.0200,73.1600,71.3700,71.4500,73.3200,739087,53381568.7700,3,0.957600,1,-2.550500,-32.963692,5.547884,5.870013,117.091847,0
2026-02-05,sh.688169,147.5300,153.3000,146.8400,151.8100,147.3200,6298076,952543821.8700,3,2.430700,1,3.047800,25.506967,2.858786,2.313198,-3405.871193,0
2026-02-05,sh.688170,40.6800,40.9500,38.9800,39.7800,40.9500,5215505,208016079.5500,3,5.046000,1,-2.857100,-136.973884,3.384861,5.479483,-89.468625,0
2026-02-05,sh.688171,52.2800,52.2800,50.6000,51.5900,52.3400,759010,39287090.4000,3,0.906000,1,-1.432900,403.003822,5.238911,40.422805,-18.428098,0
2026-02-05,sh.688172,40.0000,44.8800,39.6700,44.2200,41.0800,22512511,953103407.7200,3,2.891700,1,7.643600,-908.879476,3.379695,33.533565,33.690311,0
2026-02-05,sh.688173,15.5000,15.6700,15.2400,15.5100,15.7200,8126157,125452932.1500,3,1.990700,1,-1.335900,-37.326547,4.427479,6.976938,-19.698953,0
2026-02-05,sh.688175,35.3000,35.9800,34.5900,35.3200,35.2100,1952908,69383567.5900,3,1.510200,1,0.312400,-88.365751,2.624603,16.352713,-59.188795,0
2026-02-05,sh.688176,12.3000,12.3900,12.1500,12.1500,12.3800,5168231,63257337.8800,3,1.186200,1,-1.857800,-19.161492,3.978053,24.871850,110.261655,0
2026-02-05,sh.688177,23.5100,23.8200,23.3500,23.7400,23.6100,1504130,35511499.2500,3,0.363200,1,0.550600,-26.651655,20.303543,11.629026,-118.759720,0
2026-02-05,sh.688178,25.0300,25.3300,24.7700,25.1000,24.9000,714563,17933812.5700,3,0.840700,1,0.803200,-18.404940,2.141998,3.695203,39.206645,0
2026-02-05,sh.688179,16.3500,16.6700,16.1900,16.2400,16.5500,4593703,75096719.3800,3,1.381100,1,-1.873100,64.340104,5.321996,9.002848,52.834151,0
2026-02-05,sh.688180,35.4300,35.6800,35.0800,35.0900,35.4100,7615295,268791315.1500,3,0.993700,1,-0.903700,-37.928349,5.795630,14.509297,121.983947,0
2026-02-05,sh.688181,34.4000,35.0100,33.4300,33.6800,34.4000,3263320,110674662.1300,3,2.426600,1,-2.093000,74.815293,2.184799,5.431544,104.520186,0
2026-02-05,sh.688182,33.0000,33.7500,32.7100,32.9000,33.5700,4003485,132438172.9800,3,1.000900,1,-1.995800,140.017888,5.881949,20.796900,665.633258,0
2026-02-05,sh.688183,84.0000,84.7800,82.5000,82.6300,84.9500,8627634,717497214.2000,3,1.037200,1,-2.731000,54.544790,13.324904,8.245134,218.053854,0
2026-02-05,sh.688184,10.3000,10.4800,10.2000,10.4700,10.3000,1060200,10988782.9600,3,1.055100,1,1.650500,-3.397942,1.047468,3.160282,-27.463549,1
2026-02-05,sh.688185,67.0000,67.5600,66.4200,66.4500,67.0000,1761900,117933175.1900,3,1.540500,1,-0.820900,-115.578031,3.328911,16.891937,-68.694289,0
2026-02-05,sh.688186,22.3600,22.3600,21.8800,22.0100,22.4200,5191529,114513583.2900,3,1.850900,1,-1.828700,21.730878,1.290201,1.281191,3.132920,0
2026-02-05,sh.688187,57.4100,57.4100,55.7700,56.5000,57.6100,5317472,299749142.3300,3,0.612000,1,-1.926700,19.331516,1.866377,2.805729,-43.215647,0
2026-02-05,sh.688188,152.9500,154.8900,151.1100,153.3000,153.3000,1441061,220233158.5500,3,0.499100,1,0.000000,41.706547,7.359837,21.546576,-201.570329,0
2026-02-05,sh.688189,8.4200,8.5200,8.3600,8.4500,8.3800,4302075,36331113.8600,3,1.567800,1,0.835300,-6.295260,2.677490,24.323013,67.884107,0
2026-02-05,sh.688190,98.0000,100.7000,97.0100,98.9900,98.0700,1571097,155460231.9700,3,1.309200,1,0.938100,34.141117,4.431641,6.029736,-424.299750,0
2026-02-05,sh.688191,38.4100,38.4100,38.4100,38.4100,38.4100,,,3,,0,,147.027210,10.186046,8.492835,291.717067,0
2026-02-05,sh.688192,54.9900,55.3000,53.5100,53.8200,54.9900,1970294,106486551.0000,3,0.428600,1,-2.127700,-28.827890,17.360394,41.146089,28.290288,0
2026-02-05,sh.688193,52.1000,52.8900,51.5700,52.1800,51.8300,450435,23540769.4600,3,1.124100,1,0.675300,-382.262261,2.276726,12.605882,-24.151120,0
2026-02-05,sh.688195,241.0000,255.0000,227.1000,237.6500,247.0000,10844307,2588967683.7600,3,8.383700,1,-3.785400,395.678696,31.829731,57.092724,570.281678,0
2026-02-05,sh.688196,78.2400,79.6400,76.0700,76.6400,77.9800,1030240,80032714.0200,3,0.858500,1,-1.718400,57.301705,3.358243,3.313082,-14266.406838,0
2026-02-05,sh.688197,37.0000,37.0000,36.2700,36.4300,36.5100,610200,22287344.0400,3,0.953400,1,-0.219100,-42.052853,8.281053,625.068723,-70.338212,0
2026-02-05,sh.688198,104.4800,107.3000,104.1700,106.4600,104.4800,326523,34570936.5400,3,0.237000,1,1.895100,81.319616,11.771304,24.801643,-121.992390,0
2026-02-05,sh.688199,26.6400,26.7000,25.7400,26.1600,26.6700,3701606,96838691.3100,3,2.295900,1,-1.912300,-156.725910,1.642868,2.885763,69.537784,0
2026-02-05,sh.688200,277.0000,283.6900,269.0100,272.9000,293.4100,3688975,1012331796.4300,3,2.721800,1,-6.990200,72.845618,9.531043,30.231424,711.887767,0
2026-02-05,sh.688201,15.7000,15.8300,15.6000,15.6000,15.8600,4672798,73322205.4700,3,1.544600,1,-1.639300,312.248580,3.803527,9.540842,325.931191,0
2026-02-05,sh.688202,63.0000,65.5000,61.6800,65.3000,63.8400,5462325,347958504.6900,3,4.065700,1,2.287000,-37.839053,4.251807,8.130972,-1699.429109,0
2026-02-05,sh.688203,13.1400,13.3300,12.9800,12.9900,13.2000,2322619,30431975.0200,3,1.871300,1,-1.590900,378.456145,1.787511,3.261053,-30.676753,0
2026-02-05,sh.688205,188.0000,191.6000,170.8800,173.7600,196.0200,14278683,2545802349.2100,3,9.020900,1,-11.356000,427.916344,12.062959,30.803522,-40.050331,0
2026-02-05,sh.688206,36.3700,36.5300,35.4500,35.7600,36.8600,4358287,156394759.9200,3,1.001500,1,-2.984300,4886.541826,7.711885,34.235826,-17.140931,0
2026-02-05,sh.688207,16.1900,16.2400,15.9900,16.0300,16.2300,4261078,68556167.8600,3,1.645400,1,-1.232300,-20.621017,2.168163,27.528029,-14.585561,0
2026-02-05,sh.688208,34.6000,34.6200,34.1300,34.3000,34.7100,6495401,222888767.3300,3,0.969200,1,-1.181200,27.594069,6.815696,4.970731,-84.167028,0
2026-02-05,sh.688209,23.7300,24.4400,23.3500,24.0500,24.1400,8690393,206961092.9200,3,2.003400,1,-0.372800,69.706241,5.001423,6.621833,-64.320738,0
2026-02-05,sh.688210,57.0200,57.0200,54.0000,55.9600,57.3700,3721329,205815634.6700,3,2.299100,1,-2.457700,319.677491,6.918613,10.486640,-199.201939,0
2026-02-05,sh.688211,33.1100,33.4900,32.8000,32.9100,33.1100,481585,15947933.1600,3,0.365900,1,-0.604000,-17.153071,1.282430,2.278808,101.641221,0
2026-02-05,sh.688212,42.6500,43.1400,42.4100,42.7100,42.5900,1277629,54670183.3100,3,0.948700,1,0.281800,-79.459714,4.617872,8.563672,33.364203,0
2026-02-05,sh.688213,91.7000,97.5000,91.6600,96.5500,92.8500,9398070,890144548.0000,3,2.905000,1,3.984900,47.429339,7.873858,4.808607,61.323653,0
2026-02-05,sh.688215,72.9200,73.4600,71.2500,71.6000,73.4900,686549,49264066.5000,3,1.099800,1,-2.571800,247.435889,9.746028,10.826068,84.757674,0
2026-02-05,sh.688216,29.8200,31.2700,29.0400,31.2100,30.2500,5768727,173504422.3600,3,5.427600,1,3.173600,-28.297492,5.724951,4.754039,-2559.118308,0
2026-02-05,sh.688217,30.0200,30.8000,30.0200,30.5200,30.4500,550988,16808835.8900,3,0.986400,1,0.229900,-62.875858,1.886515,8.888960,-86.254513,0
2026-02-05,sh.688218,21.2600,21.6000,21.1400,21.3500,21.3600,1842191,39458167.8600,3,1.553300,1,-0.046800,618.918297,2.844216,3.653635,-92.175146,0
2026-02-05,sh.688219,12.1900,12.2500,12.0100,12.0200,12.2500,6072618,73367510.5300,3,1.104900,1,-1.877600,31.803590,2.223634,1.013539,16.089943,0
2026-02-05,sh.688220,79.8200,80.2800,78.3300,78.9000,80.9800,5335882,422213700.7700,3,1.445500,1,-2.568500,-54.286281,5.985478,8.856564,34.912521,0
2026-02-05,sh.688221,21.5400,22.5000,21.3200,22.1800,21.5500,13094994,287976043.4500,3,3.495900,1,2.923400,-49.531908,8.464576,58.838379,355.047287,0
2026-02-05,sh.688222,30.8000,31.0900,30.1700,30.2400,31.1100,10274800,313139731.0700,3,2.564300,1,-2.796500,106.184078,8.239285,24.305509,70.935638,0
2026-02-05,sh.688223,7.8000,8.3900,7.5600,7.8900,8.4000,620785355,4955183686.0000,3,6.204600,1,-6.071400,-15.674212,2.888807,1.149285,29.344162,0
2026-02-05,sh.688225,19.9600,20.2000,19.7200,19.8300,20.0000,3672097,73193407.1100,3,0.918000,1,-0.850000,-43.570510,4.465433,1.075219,-10.988967,0
2026-02-05,sh.688226,38.3800,38.7300,37.5800,37.8500,38.7900,2043914,77622159.4000,3,1.082700,1,-2.423300,-14217.005972,4.280379,2.144040,19.865761,0
2026-02-05,sh.688227,66.1000,68.2800,65.9600,67.6400,66.5200,1820183,122689338.4400,3,1.610000,1,1.683700,-152.250555,5.906115,14.025263,-133.919665,0
2026-02-05,sh.688228,170.0000,174.2400,168.0000,171.6500,173.9900,1752197,300201034.7500,3,2.593900,1,-1.344900,350.820465,8.700133,18.733965,92.309960,0
2026-02-05,sh.688229,70.2000,81.4000,69.4000,80.3500,74.0000,4665918,362304368.0100,3,10.508800,1,8.581100,-38.047739,8.524085,26.147486,-167.643496,0
2026-02-05,sh.688230,70.5700,73.0000,70.5700,72.7200,73.4300,1186083,85279702.8900,3,1.008600,1,-0.966900,80.561812,3.766525,21.726903,101.137859,0
2026-02-05,sh.688231,30.0100,31.1500,29.8100,30.9000,30.4000,5213070,159739936.9400,3,2.111800,1,1.644700,98.715696,2.738888,4.610317,138.492586,0
2026-02-05,sh.688232,28.2100,29.1400,28.2000,28.5000,28.4100,2700170,77474353.8100,3,0.838600,1,0.316800,82.277680,1.731519,4.727762,23.685934,0
2026-02-05,sh.688233,88.0000,91.8500,87.5100,90.2600,92.7000,5818899,522049538.5600,3,3.416700,1,-2.632100,181.197756,8.281049,37.990711,-32.950998,0
2026-02-05,sh.688234,89.3300,94.9700,88.0900,93.5800,91.0800,10522555,970754617.7400,3,2.448800,1,2.744800,1221.963191,6.129839,28.363146,19.355662,0
2026-02-05,sh.688235,277.0600,279.7900,273.1300,275.6000,277.6300,1980040,545405886.5300,3,1.720900,1,-0.731200,-2775.288432,14.474573,11.902752,308.250988,0
2026-02-05,sh.688236,23.0200,23.3900,22.8900,23.1300,23.0300,1268208,29372971.2700,3,0.439700,1,0.434200,34.741786,2.972456,8.420058,-179.943990,0
2026-02-05,sh.688237,47.6300,48.1500,47.1600,47.6100,47.5100,574973,27481063.2700,3,0.641100,1,0.210500,1033.440935,3.527997,10.528091,-140.025757,0
2026-02-05,sh.688238,7.0600,7.1200,6.9500,6.9700,7.0800,6488411,45559580.8800,3,1.012000,1,-1.553700,-15.378681,3.053683,18.491952,-42.803452,0
2026-02-05,sh.688239,67.0000,71.6500,66.5800,67.7000,68.2000,5533667,378048606.9200,3,2.902800,1,-0.733100,69.004260,6.554174,6.757035,-60.218643,0
2026-02-05,sh.688244,22.6300,22.7000,22.2400,22.3100,22.7700,1385325,31071198.0300,3,0.917700,1,-2.020200,-227.748305,3.477934,10.341337,-39.528974,0
2026-02-05,sh.688246,24.5300,24.7600,24.2400,24.5000,24.6200,2804810,68713345.2800,3,2.038600,1,-0.487400,-8.678198,2.439439,7.557092,-17.949847,0
2026-02-05,sh.688247,10.3200,10.4900,10.3100,10.3600,10.3700,2065966,21523147.1000,3,0.455700,1,-0.096400,47.637695,3.590723,9.774898,-96.765636,0
2026-02-05,sh.688248,51.7000,52.4800,50.0200,50.1200,51.8700,3160362,160180165.6800,3,0.559700,1,-3.373800,76.064181,8.847665,9.425427,231.372243,0
2026-02-05,sh.688249,34.6600,35.9100,33.8700,34.3700,35.5700,25275622,872581116.5900,3,2.127200,1,-3.373600,85.813889,3.225091,6.507116,-7.239331,0
2026-02-05,sh.688251,26.1600,26.3400,25.9200,26.0500,26.1400,1306359,34099458.4800,3,1.307600,1,-0.344300,145.287876,3.132868,3.069776,11.753018,0
2026-02-05,sh.688252,22.3100,22.6600,22.1400,22.4800,22.5800,5255721,117600013.6800,3,2.828600,1,-0.442900,33.064823,3.902799,3.969831,46.516824,0
2026-02-05,sh.688253,35.4700,35.5000,35.0500,35.2100,35.3800,571711,20150867.8400,3,0.417400,1,-0.480500,36.144738,2.373362,11.191679,-15.564737,0
2026-02-05,sh.688255,34.5500,34.9800,33.6600,33.9400,34.4800,1867590,64115708.1700,3,1.700000,1,-1.566100,253.171002,3.521214,6.112108,66.296107,0
2026-02-05,sh.688256,1050.0100,1072.9800,1037.0400,1058.3300,1068.0000,7942115,8357564075.6700,3,1.898400,1,-0.905400,237.788990,39.455073,79.741895,106.119876,0
2026-02-05,sh.688257,50.3900,50.7500,48.6600,49.3000,50.6100,3698297,183325837.0500,3,1.465200,1,-2.588400,58.888488,5.371329,5.418532,513.558179,0
2026-02-05,sh.688258,130.0000,134.0000,129.0000,132.1500,132.3000,4887452,642464533.5200,3,4.034500,1,-0.113400,279.126295,18.291355,46.683101,-240.601429,0
2026-02-05,sh.688259,42.7700,42.8700,42.2100,42.4300,43.0800,1558531,66338409.6600,3,1.395300,1,-1.508800,57.577293,3.008391,10.421062,295.120671,0
2026-02-05,sh.688260,29.1200,29.6700,29.0000,29.1800,29.3800,2222599,65137458.0500,3,1.852200,1,-0.680700,-18.422719,28.405381,6.408051,-2707.368575,0
2026-02-05,sh.688261,89.0000,91.8800,88.1800,89.7500,91.0000,3354442,300357730.9300,3,2.747400,1,-1.373600,189.194091,3.730132,8.552351,-557.372825,0
2026-02-05,sh.688262,35.9200,40.4400,35.3200,40.1000,36.0300,39433393,1509546806.5400,3,11.736100,1,11.296100,-74.595067,6.534362,37.091127,108.937379,0
2026-02-05,sh.688265,46.4600,46.6300,45.4200,45.7300,46.4700,680486,31293501.4500,3,0.872800,1,-1.592400,73.577858,2.094643,8.507136,70.114174,0
2026-02-05,sh.688266,90.3000,91.8000,88.6000,90.5000,90.3000,2211613,199552614.0300,3,0.835500,1,0.221500,-179.656347,20.849262,32.273775,-12.339265,0
2026-02-05,sh.688267,28.7100,28.9400,28.4400,28.5300,28.6400,2205210,63234993.8300,3,1.251500,1,-0.384100,24.529761,1.765955,6.175052,30.368738,0
2026-02-05,sh.688268,62.6600,62.8700,60.9200,61.6900,62.7900,2104215,129747166.8500,3,1.754700,1,-1.751900,43.268380,4.024394,5.361660,-82.927418,0
2026-02-05,sh.688269,44.8400,44.8400,42.7700,43.1100,44.8800,2519388,109278823.8000,3,1.927600,1,-3.943900,50.460329,5.476013,2.848488,-65.020103,0
2026-02-05,sh.688270,180.0000,194.9900,180.0000,189.0000,185.0000,16516512,3148452204.0400,3,7.716100,1,2.162200,374.497151,18.191458,95.564526,-76.228188,0
2026-02-05,sh.688271,130.0000,131.6600,128.8000,129.4100,129.9500,4303004,558780798.2500,3,0.522100,1,-0.415500,62.336635,5.125514,8.738761,-255.552227,0
2026-02-05,sh.688272,30.5000,30.7000,30.0700,30.4400,30.5000,1247085,37881445.6400,3,1.640900,1,-0.196700,-48.994757,5.091717,10.302131,-61.461257,0
2026-02-05,sh.688273,44.0000,44.5900,43.5200,44.1900,44.0000,1264379,55719543.9800,3,3.433300,1,0.431800,43.532961,3.230581,10.093196,-16.592753,0
2026-02-05,sh.688275,78.1900,80.8800,77.5100,78.4500,78.6000,4744012,376213773.4300,3,5.607800,1,-0.190800,-15.841175,1.893180,0.988800,-20.475089,0
2026-02-05,sh.688276,20.0700,20.2500,19.9900,20.0100,20.0700,1739882,34964232.1500,3,0.420600,1,-0.299000,-48.539599,2.091492,12.217138,-72.092458,0
2026-02-05,sh.688277,23.9600,25.2800,23.7000,24.6300,23.9900,21546085,531189238.9800,3,4.725100,1,2.667800,-70.630217,8.991310,40.959651,170.122645,0
2026-02-05,sh.688278,73.0000,73.0000,68.5200,69.7700,72.7300,4271156,297375072.1200,3,1.046400,1,-4.069800,30.310859,9.463915,8.521646,245.101903,0
2026-02-05,sh.688279,187.0500,190.9900,185.6000,189.4800,189.0700,726218,136980299.1600,3,0.776200,1,0.216900,105.987510,4.391215,30.071401,905.754033,0
2026-02-05,sh.688280,10.4000,10.5600,10.0600,10.1100,10.4500,28264788,288643112.3000,3,5.429900,1,-3.253600,177.828429,8.958900,2.727336,19.532545,0
2026-02-05,sh.688281,100.2900,101.0000,95.6800,96.0400,100.3000,2446321,237522143.5700,3,0.897500,1,-4.247300,75.341805,5.619665,21.761227,125.340064,0
2026-02-05,sh.688282,70.8400,76.6000,69.6700,73.7000,71.8200,1934845,142154415.8800,3,2.198700,1,2.617700,245.472050,5.072003,27.384340,-308.944482,0
2026-02-05,sh.688283,47.8100,49.8700,47.0900,49.0500,48.1500,1274139,62235797.5900,3,1.046100,1,1.869200,128.114003,6.180986,22.754333,37.554556,0
2026-02-05,sh.688285,9.7300,9.7500,9.5300,9.5500,9.7300,2993649,28845022.7000,3,0.795600,1,-1.849900,69.830236,2.145476,3.042547,-46.606937,0
2026-02-05,sh.688286,74.6000,76.2100,74.4200,75.5800,75.4200,1219638,92030254.5400,3,2.175600,1,0.212100,85.766341,3.957415,6.695981,45.759860,0
2026-02-05,sh.688287,5.2600,5.4900,5.2300,5.3600,5.4500,3107733,16718417.2400,3,0.838800,1,-1.651400,-13.497580,2.590115,21.945470,-63.952513,1
2026-02-05,sh.688288,26.7100,27.4700,26.3800,27.3300,26.5100,2093110,56624119.2400,3,2.097000,1,3.093200,40.076785,3.523206,4.172274,-37.038979,0
2026-02-05,sh.688289,19.9700,20.2400,19.9200,20.0000,19.9900,6274865,125944080.5800,3,1.083000,1,0.050000,42.682010,1.625038,6.940358,-19.655892,0
2026-02-05,sh.688290,54.0100,54.0500,52.1300,52.4600,54.0600,1275169,67347945.7500,3,1.247800,1,-2.959700,330.849873,4.240182,20.694291,-69.543462,0
2026-02-05,sh.688291,44.2400,45.6400,44.2400,44.8700,44.7600,1759336,79383502.2300,3,1.713600,1,0.245800,116.546588,4.841488,19.405210,40.592566,0
2026-02-05,sh.688292,28.3200,28.7000,27.7000,27.7500,28.5100,4543952,127346078.2500,3,4.506500,1,-2.665700,-440.983323,4.332129,11.744885,28.794872,0
2026-02-05,sh.688293,49.7200,52.5500,49.7200,52.4200,50.3400,1567789,81345907.7200,3,1.377400,1,4.131900,137.975747,2.839264,16.906313,-30.062452,0
2026-02-05,sh.688295,31.5000,32.1600,31.1200,31.4100,31.7400,4685510,147651717.7900,3,0.520600,1,-1.039700,-532.268381,6.027445,14.309432,-310.972049,0
2026-02-05,sh.688296,16.0000,16.2000,15.8300,16.0300,15.8300,1592497,25562043.0000,3,1.482900,1,1.263400,-38.873464,2.722168,4.600386,-126.701188,0
2026-02-05,sh.688297,49.0100,49.7800,48.4600,48.7600,49.0100,5390385,263998610.0500,3,0.798600,1,-0.510100,525.154586,5.748621,17.661692,-9.904205,0
2026-02-05,sh.688298,24.2900,24.4500,24.1200,24.2700,24.3300,1864271,45329946.1900,3,0.924700,1,-0.246600,-10.204058,0.769232,5.810175,-4.351286,0
2026-02-05,sh.688299,19.1200,19.8900,19.1200,19.5400,19.3500,7653778,150203010.6500,3,2.663200,1,0.981900,-105.376051,2.697044,4.917783,-118.273482,0
2026-02-05,sh.688300,60.5000,61.1600,59.2000,59.8500,61.6800,3959531,237386354.9900,3,1.639800,1,-2.966900,50.438924,8.847984,13.252672,-88.995439,0
2026-02-05,sh.688301,120.0000,125.2000,120.0000,121.6000,121.0900,3678389,450078292.1000,3,1.835500,1,0.421200,38.883054,4.414590,11.184426,13.070408,0
2026-02-05,sh.688302,45.5600,46.4400,45.3600,46.0100,45.8800,802270,36759718.0800,3,0.810200,1,0.283300,-31.511803,4.138100,192.965626,-93.870583,0
2026-02-05,sh.688303,25.3000,25.3600,23.5300,23.6500,25.7900,29655240,716737390.8100,3,1.382400,1,-8.297800,-18.845173,1.297911,10.913954,-21.748682,0
2026-02-05,sh.688305,59.3500,59.5600,58.6600,58.7500,59.7000,1545804,91153428.8600,3,1.169200,1,-1.591300,64.231989,4.158740,12.501920,-64.154151,0
2026-02-05,sh.688306,10.5400,10.6200,10.3600,10.3700,10.6400,7987513,83404310.2400,3,0.650300,1,-2.537600,4848.711730,7.041844,4.903990,-47.062039,0
2026-02-05,sh.688307,47.0000,47.6500,46.5000,46.8400,47.2100,1432584,67407308.3000,3,2.431300,1,-0.783700,75.059136,4.697983,7.005799,19.090487,0
2026-02-05,sh.688308,48.5900,49.4700,46.8000,47.0100,48.5900,6476725,308981686.2700,3,4.079000,1,-3.251700,401.402467,2.894931,5.945238,-50.111770,0
2026-02-05,sh.688309,31.8400,32.8400,30.8000,31.6500,31.9200,3056396,96574176.8000,3,3.849300,1,-0.845900,78.619777,3.352667,9.018635,27.533593,0
2026-02-05,sh.688310,16.7200,16.9700,16.5600,16.7500,16.7400,2206470,37096260.7800,3,1.327400,1,0.059700,-148.296558,3.455600,9.946327,104.517281,0
2026-02-05,sh.688311,44.5900,45.9000,44.3500,44.9100,45.0000,4117325,185794554.9400,3,2.451900,1,-0.200000,-39.362385,4.768605,25.089250,-163.129823,0
2026-02-05,sh.688312,44.3800,46.7800,43.7000,45.6000,46.6100,11824044,536055804.0600,3,8.111400,1,-2.166900,53.641493,4.496762,11.287474,80.459051,0
2026-02-05,sh.688313,82.0000,83.5200,79.0000,79.1500,84.6100,21551055,1734273966.7700,3,4.768100,1,-6.453100,108.922444,24.235712,18.772893,407.176337,0
2026-02-05,sh.688314,38.3900,39.1700,38.1900,38.6200,38.4000,1098408,42552287.1800,3,1.352100,1,0.572900,35.491167,4.558476,9.424167,-48.095856,0
2026-02-05,sh.688315,15.9200,15.9200,15.5100,15.5500,15.9200,3536483,55369251.3000,3,0.849700,1,-2.324100,36.937772,2.493581,2.978502,46.582578,0
2026-02-05,sh.688316,70.0000,75.4800,69.6800,72.9400,72.2800,3858971,283233935.5000,3,8.056600,1,0.913100,-42.099079,91.537065,15.645708,-71.852224,0
2026-02-05,sh.688317,21.5200,21.7800,21.4500,21.4800,21.6300,3034154,65489318.3600,3,1.579000,1,-0.693500,-28.697369,1.216158,31.387073,-14.524690,0
2026-02-05,sh.688318,132.0400,134.0000,131.2200,132.1900,133.5000,2150365,285074845.1200,3,0.839600,1,-0.981300,98.379615,9.139172,89.808612,4599.564723,0
2026-02-05,sh.688319,23.7200,24.2600,23.4500,24.0000,23.6200,3838424,91820477.7100,3,0.946800,1,1.608800,151.639843,10.144342,13.730889,-430.260930,0
2026-02-05,sh.688320,35.5000,35.5000,34.3400,34.5000,35.3700,1857051,64573300.6600,3,1.229700,1,-2.459700,-29.584401,4.167788,5.791007,-126.510823,0
2026-02-05,sh.688321,31.5800,31.5900,30.8700,31.1100,31.4500,6696673,208663023.4200,3,1.642100,1,-1.081100,1742.261318,8.280252,14.908357,123.546735,0
2026-02-05,sh.688322,90.4800,90.4800,88.2100,89.0600,90.9300,4155319,369876447.7800,3,1.303900,1,-2.056500,338.895869,12.001464,38.514730,1156.280913,0
2026-02-05,sh.688323,26.7100,27.0300,25.2800,25.4200,27.6800,11050026,285775616.0700,3,6.138900,1,-8.164700,-64.152810,6.043750,11.961406,72.678345,0
2026-02-05,sh.688325,99.0100,99.5000,97.1000,97.9900,99.8500,834039,81800224.1200,3,1.042500,1,-1.862800,104.494211,4.908740,18.514007,-282.830589,0
2026-02-05,sh.688326,147.0000,147.5200,137.3600,138.4500,147.5200,3299810,463493313.4700,3,2.956200,1,-6.148300,-77.172531,4.213018,2.571386,-23.485191,0
2026-02-05,sh.688327,15.1700,15.2900,14.9200,14.9900,15.4300,25127851,378550480.0600,3,3.015000,1,-2.851600,-31.348222,16.398495,29.576116,-2328.075410,0
2026-02-05,sh.688328,32.8000,33.6300,32.0800,32.4000,32.8200,2349339,76459195.5700,3,2.487200,1,-1.279700,-72.483923,3.692522,4.838570,-115.022541,0
2026-02-05,sh.688329,25.5000,25.7700,25.2200,25.3900,25.3000,1544095,39307458.4600,3,2.000100,1,0.355700,374.526897,2.523101,5.137848,30.498753,0
2026-02-05,sh.688330,45.4900,45.7600,43.8200,44.0900,45.8500,4200602,186483011.0600,3,3.000400,1,-3.838600,28.218044,1.593810,8.170197,-13.955459,0
2026-02-05,sh.688331,101.5100,103.3600,98.3000,100.2000,102.8000,5686122,568265581.8200,3,3.486400,1,-2.529200,-59.686123,24.378715,25.388331,139.523652,0
2026-02-05,sh.688332,134.9700,134.9700,131.6000,131.8300,136.0700,1354757,179596122.3100,3,1.123400,1,-3.116000,52.195826,3.882081,8.490204,241.651914,0
2026-02-05,sh.688333,103.9000,107.2500,103.8700,104.6600,106.2300,6437520,677398797.3700,3,2.346700,1,-1.477900,134.369238,5.821379,16.949967,-52.156106,0
2026-02-05,sh.688334,24.8900,24.8900,23.7100,23.7600,24.8200,7079714,170389376.6900,3,4.512100,1,-4.270700,28.565381,2.631800,8.513765,18.585203,0
2026-02-05,sh.688335,41.7900,42.3100,38.9100,39.4000,42.3000,6325991,254500774.0600,3,4.273300,1,-6.855800,-178.159228,5.094759,22.981523,384.740420,0
2026-02-05,sh.688336,58.3000,59.2400,58.2000,58.7500,59.1500,2720510,159981167.1600,3,0.441100,1,-0.676200,41.719881,6.156038,26.502442,-128.517025,0
2026-02-05,sh.688337,38.4600,38.8800,37.4400,37.7900,38.5400,1342498,50788321.7900,3,0.722100,1,-1.946000,100.597926,2.331624,8.739483,-95.556469,0
2026-02-05,sh.688338,31.8300,33.0300,31.0000,32.9100,32.1100,5470278,174939223.5800,3,5.153700,1,2.491400,40.085133,2.098241,13.248278,-12.349659,0
2026-02-05,sh.688339,32.9400,33.0000,31.9000,32.1000,33.3600,6566454,212069262.7600,3,3.353900,1,-3.777000,-15.146661,3.408683,50.276400,-63.596011,0
2026-02-05,sh.688343,79.7100,79.7700,77.0300,78.2700,81.4900,10805188,843841833.8000,3,4.083500,1,-3.951400,-62.317658,7.255170,20.320008,47.379893,0
2026-02-05,sh.688345,35.9800,36.1500,34.9800,35.0700,35.6200,751733,26543033.2600,3,0.751700,1,-1.544100,-138.133150,3.213222,1.341514,-142.498175,0
2026-02-05,sh.688347,130.8700,132.7900,128.0100,130.9900,133.7900,13640327,1770850017.0400,3,3.345300,1,-2.092800,4221.570852,5.114441,13.820309,-17.972000,0
2026-02-05,sh.688348,58.8300,59.8900,54.7900,54.9000,57.5800,6063309,345079598.0900,3,3.879800,1,-4.654400,150.345312,2.368781,7.264998,-17.939711,0
2026-02-05,sh.688349,27.7100,28.0100,27.4000,27.6700,28.0100,3465686,96006141.6900,3,0.291400,1,-1.213900,27.170246,2.556622,1.464297,-23549.343948,0
2026-02-05,sh.688350,31.0900,32.2800,30.3900,31.7900,31.7000,7295234,229238466.0900,3,5.530500,1,0.283900,555.045093,3.059073,2.825380,287.208652,0
2026-02-05,sh.688351,23.1600,23.6200,23.0600,23.4900,23.2800,3084377,72040350.8200,3,2.470300,1,0.902100,211.509593,6.171102,24.099320,53.995296,0
2026-02-05,sh.688352,14.1600,14.1700,13.9100,14.0300,14.2600,12413969,174233610.4200,3,3.392900,1,-1.612900,61.919853,2.773683,7.836896,-102.276803,0
2026-02-05,sh.688353,100.6100,101.7700,97.7700,98.5000,101.9900,3634161,360237147.7800,3,2.278500,1,-3.421900,-107.642785,4.757140,22.077828,123.632985,0
2026-02-05,sh.688355,20.3100,20.3900,20.1000,20.1300,20.3200,1124910,22754202.2400,3,0.907500,1,-0.935000,43.337743,2.342253,4.407296,-120.649446,0
2026-02-05,sh.688356,94.0000,94.8600,93.0000,94.5500,94.9700,531119,49932073.5900,3,0.875700,1,-0.442200,151.272358,4.418434,22.745455,-108.629362,0
2026-02-05,sh.688357,34.1200,34.2800,33.1300,33.2000,33.9700,1254891,42224299.9300,3,1.254100,1,-2.266700,38.203597,1.913633,4.135420,56.063350,0
2026-02-05,sh.688358,35.8300,36.2300,35.4800,35.6000,35.9400,947494,33887870.5600,3,0.846200,1,-0.946000,29.346848,2.850976,8.877919,58.539153,0
2026-02-05,sh.688359,77.4800,78.5800,74.3300,75.4900,77.4800,2649983,200465848.0300,3,2.695000,1,-2.568400,-300.833395,11.937365,13.925812,-433.306629,0
2026-02-05,sh.688360,19.6400,19.6400,19.2400,19.3100,19.6500,1908886,36962592.0100,3,0.756600,1,-1.730300,59.539765,3.464929,3.275266,51.197428,0
2026-02-05,sh.688361,184.0200,193.3700,180.3800,190.6200,187.5000,5366900,1005604557.7100,3,2.161500,1,1.664000,2601.067033,26.193658,37.717752,-407.353548,0
2026-02-05,sh.688362,42.8100,44.3000,41.9700,44.0300,43.8000,13715648,590050762.6300,3,3.341300,1,0.525100,207.620386,7.083069,4.275216,29.476415,0
2026-02-05,sh.688363,49.1900,52.6800,48.9900,50.9800,48.8000,13764347,706655702.2200,3,2.857600,1,4.467200,379.982856,3.478308,5.270170,102.900494,0
2026-02-05,sh.688365,25.7000,27.2000,25.4000,26.6000,26.6100,22228953,584804356.1500,3,5.220200,1,-0.037600,-274.010326,11.953519,21.362647,-194.720530,0
2026-02-05,sh.688366,46.4500,48.7000,46.4000,47.4400,46.4100,1817650,86867634.1600,3,0.936700,1,2.219300,28.468750,1.947705,4.337088,-72.178185,0
2026-02-05,sh.688367,37.9900,38.4000,36.3800,37.7500,38.4500,3994558,149484972.4300,3,4.558700,1,-1.820500,268.881539,5.612086,14.962943,-76.138619,0
2026-02-05,sh.688368,145.0000,153.2900,144.0000,151.7000,148.0500,2145825,320415200.5500,3,2.424600,1,2.465400,301.159616,11.455610,8.759378,-107.206856,0
2026-02-05,sh.688369,26.3400,26.9700,26.2100,26.4300,26.5800,3810788,101387490.1300,3,3.307500,1,-0.564300,-8.821052,3.599740,3.884368,-18.649807,0
2026-02-05,sh.688370,30.0900,30.3000,29.5100,30.1100,30.0900,1046591,31383523.6000,3,2.392300,1,0.066500,135.769725,1.562732,7.386302,25.515514,0
2026-02-05,sh.688371,20.1000,20.9800,19.9100,20.4100,20.1800,2428883,49666732.7500,3,0.724000,1,1.139700,146.107037,3.476963,13.687477,74.678481,0
2026-02-05,sh.688372,121.0100,122.6800,117.0000,119.6400,123.3400,5050063,600228149.7800,3,3.388100,1,-2.999800,66.381085,6.293717,12.566754,129.646975,0
2026-02-05,sh.688373,6.2600,6.3200,6.2100,6.2600,6.2600,4922545,30853625.6500,3,0.812800,1,0.000000,-11.978001,15.950008,30.052069,49.483262,0
2026-02-05,sh.688375,120.9800,125.1200,120.6700,121.0000,124.2600,4727799,577360366.7300,3,0.793200,1,-2.623500,169.547480,11.634004,30.740700,-86.581923,0
2026-02-05,sh.688376,62.9000,65.1700,62.6600,64.0500,64.5000,1998425,127480758.3000,3,1.477600,1,-0.697700,47.001042,4.487048,4.316142,172.850788,0
2026-02-05,sh.688377,39.8800,40.3600,39.5100,39.8900,40.0000,2061747,82338572.2500,3,1.059100,1,-0.275000,69.641927,4.172636,6.458821,242.817667,0
2026-02-05,sh.688378,38.1000,38.8600,37.4000,37.5100,38.8500,7364339,280443687.8800,3,3.056200,1,-3.449200,455.281056,5.614494,20.414504,98.307579,0
2026-02-05,sh.688379,51.0200,51.2600,49.6900,50.0800,51.6100,1495162,75133860.4400,3,1.659700,1,-2.964500,28.219611,3.976990,1.901721,139.866676,0
2026-02-05,sh.688380,49.0000,53.7700,48.3600,52.7800,51.3500,24358086,1253662892.0900,3,6.084000,1,2.784800,118.859311,6.937966,20.412081,130.983999,0
2026-02-05,sh.688381,23.7300,23.7900,23.3900,23.4100,23.8700,2832664,66682778.5600,3,1.478800,1,-1.927100,-64.606084,2.232190,10.110979,-37.317692,0
2026-02-05,sh.688382,22.8500,23.2600,22.3500,23.0300,22.8000,11149343,255694913.4200,3,1.927800,1,1.008800,-114.543179,7.997580,73.780233,-192.038537,0
2026-02-05,sh.688383,72.5000,72.5000,70.6000,71.5800,72.2200,781462,55734865.2500,3,0.765100,1,-0.886200,-344.920803,5.343999,9.644590,226.113754,0
2026-02-05,sh.688385,76.8500,77.7500,76.0000,77.1100,77.8800,7283269,559816319.9100,3,1.350300,1,-0.988700,133.537470,10.283089,16.157758,185.405166,0
2026-02-05,sh.688386,89.2200,93.3000,88.6900,91.3900,89.2900,1670640,152688023.3500,3,1.835900,1,2.351900,67.475034,10.274760,12.545837,193.319480,0
2026-02-05,sh.688387,16.5000,17.3600,16.3000,16.6700,16.6700,108917494,1843665185.6000,3,5.400600,1,0.000000,-208.129404,9.362515,9.330677,-94.109366,0
2026-02-05,sh.688388,42.2400,43.3000,41.5100,41.7100,42.7700,10726434,450931314.9300,3,2.516400,1,-2.478400,-329.477272,2.610780,2.038207,38.737469,0
2026-02-05,sh.688389,13.7000,13.9100,13.7000,13.7800,13.7800,2876434,39677598.0600,3,0.671300,1,0.000000,23.522424,2.809838,5.601448,-31.567500,0
2026-02-05,sh.688390,84.0000,84.3700,80.6900,81.0100,85.5000,7911890,648754196.5700,3,3.256000,1,-5.251500,1847.107549,7.247873,2.464112,-1303.783872,0
2026-02-05,sh.688391,32.5200,32.6600,32.1000,32.4500,32.5800,1026199,33217646.1000,3,0.890900,1,-0.399000,56.090035,2.010944,6.787368,-22.243968,0
2026-02-05,sh.688392,128.0000,133.5700,127.5500,131.9600,131.1100,2068644,270087110.0600,3,1.787400,1,0.648300,95.782381,8.484215,21.914249,-194.403304,0
2026-02-05,sh.688393,27.9900,28.1300,27.5700,27.7900,27.9300,1522055,42385856.4700,3,1.626700,1,-0.501300,-136.091636,2.121028,7.008128,-136.081712,0
2026-02-05,sh.688395,26.8400,26.9800,26.4400,26.5800,26.6200,679985,18155213.4400,3,0.785200,1,-0.150300,62.750599,2.954109,5.519466,33.219064,0
2026-02-05,sh.688396,58.6000,60.5000,57.5000,59.8400,59.2200,13088994,771522341.7200,3,0.986000,1,1.046900,100.727180,3.469881,7.413345,121.403429,0
2026-02-05,sh.688398,23.0200,23.2900,22.5500,23.0400,23.1800,2428587,55830219.4900,3,1.447200,1,-0.604000,103.194959,3.754973,3.867991,-49.261737,0
2026-02-05,sh.688399,70.7500,72.8200,70.0000,70.4500,71.4600,1227800,87456530.0900,3,1.463900,1,-1.413400,-227.569154,1.991097,17.428500,-7.417127,0
2026-02-05,sh.688400,43.5000,43.8900,42.2500,42.4600,44.4000,9951401,425837330.4700,3,2.158800,1,-4.369400,153.228111,4.847671,7.048002,214.055856,0
2026-02-05,sh.688401,51.2000,51.2000,49.6300,50.2400,51.5100,2732364,137116834.8500,3,1.413200,1,-2.465500,40.212700,6.397604,8.830885,140.813579,0
2026-02-05,sh.688403,18.9500,19.2400,18.4800,19.1000,19.3300,23795282,448259161.3300,3,2.738400,1,-1.189900,90.609635,4.820644,9.614068,-124.066342,0
2026-02-05,sh.688408,47.2500,47.2500,45.4500,46.6000,48.1200,8971752,414315822.1400,3,4.095500,1,-3.158800,31.349819,2.398950,1.212196,18.666317,0
2026-02-05,sh.688409,89.0800,93.2500,87.2600,91.6000,93.6600,7472094,675638532.3000,3,2.440200,1,-2.199400,556.508198,6.092800,8.118762,-56.946645,0
2026-02-05,sh.688410,17.0800,17.4700,17.0000,17.1300,17.1000,5271739,90461024.7900,3,1.649500,1,0.175400,48.265273,3.088609,7.462985,-24.659875,0
2026-02-05,sh.688411,224.3100,225.5700,219.1700,221.3400,227.0000,2505629,555819770.5200,3,1.890000,1,-2.493400,41.651953,8.896563,3.628871,30.452940,0
2026-02-05,sh.688416,101.0000,111.5000,101.0000,110.2100,106.0000,5241569,565352938.1000,3,8.025300,1,3.971700,-60.278803,7.209427,22.069057,-58.506227,0
2026-02-05,sh.688418,44.5800,47.2000,44.3700,45.5400,45.5100,13477336,624765944.6300,3,6.999200,1,0.065900,-241.208231,10.045214,9.923045,105.618588,0
2026-02-05,sh.688419,42.7700,44.5000,41.5000,43.4000,42.8100,3067376,131093057.6900,3,5.154400,1,1.378200,68.567034,4.855700,17.079761,-14.955351,0
2026-02-05,sh.688420,27.3800,27.5000,27.1100,27.2000,27.2200,734055,20027544.6300,3,1.758700,1,-0.073500,192.306648,1.675574,4.414921,-11.437883,0
2026-02-05,sh.688425,5.3300,5.3400,5.2300,5.2800,5.3500,24376944,128709265.5000,3,0.457100,1,-1.308400,18.995325,1.555305,2.850308,49.683063,0
2026-02-05,sh.688426,25.6300,25.9800,25.5000,25.7300,25.7500,1069231,27522195.0900,3,2.782500,1,-0.077700,-21.016951,2.081570,17.314909,-32.664680,0
2026-02-05,sh.688428,21.5700,22.1200,21.3200,21.8100,21.5100,9705223,212059640.5200,3,3.616500,1,1.394700,-167.598099,5.774324,26.969954,-67.850935,0
2026-02-05,sh.688429,17.8200,17.9000,16.6600,16.8000,18.5400,13948701,238180004.8100,3,11.640700,1,-9.385100,-17.229471,4.655457,7.009304,295.895844,0
2026-02-05,sh.688432,13.8800,13.8800,13.3500,13.5200,13.9400,9912946,133923260.7000,3,0.792800,1,-3.012900,86.981820,3.803308,17.437499,-181.983585,0
2026-02-05,sh.688433,89.4100,90.6000,83.5100,84.2300,89.0600,5565616,477907240.2100,3,2.753800,1,-5.423300,918.854114,17.636275,63.986599,-108.986425,0
2026-02-05,sh.688435,56.0000,56.7900,54.2000,54.7800,56.8500,2512952,138580100.4600,3,4.483600,1,-3.641200,-393.402230,4.162711,22.443300,175.147772,0
2026-02-05,sh.688439,60.5700,60.7800,59.8100,60.1300,60.7400,2382063,143409095.5700,3,1.191000,1,-1.004300,72.800098,2.412898,12.382103,-104.605265,0
2026-02-05,sh.688443,27.8000,28.2300,27.8000,27.9200,28.0600,1681319,47050166.6200,3,1.441000,1,-0.498900,-17.544686,5.726340,45.468097,-13.930615,0
2026-02-05,sh.688448,67.6800,69.5600,65.0000,66.7700,67.6600,2209637,148942285.7600,3,4.606100,1,-1.315400,119.437455,4.728912,10.373669,-56.728252,0
2026-02-05,sh.688449,49.7400,50.2900,48.8700,49.9000,50.8200,6527394,323721454.6600,3,2.226200,1,-1.810300,161.538223,12.477909,17.241247,30.060582,0
2026-02-05,sh.688450,30.3600,30.5000,30.0900,30.2500,30.1400,720099,21824657.1400,3,1.471700,1,0.365000,-25.122078,2.080732,9.052224,48.918695,0
2026-02-05,sh.688455,23.5000,23.8200,23.0200,23.0200,23.5400,1760017,41085494.3300,3,1.503900,1,-2.209000,-62.635027,4.460452,2.599902,-884.437524,0
2026-02-05,sh.688456,59.1500,61.0000,58.8100,59.4700,59.1500,4732634,282586295.5000,3,4.565500,1,0.541000,87.214899,4.940747,1.657393,64.282799,0
2026-02-05,sh.688458,41.8600,41.8600,40.7700,41.1000,42.0800,2034792,83973329.9800,3,2.391900,1,-2.328900,-191.021801,2.475341,8.522068,-94.469397,0
2026-02-05,sh.688459,10.0200,10.0600,9.9200,9.9800,10.0200,1675024,16699025.7200,3,0.954000,1,-0.399200,36.364939,1.408418,4.108466,4762.238171,0
2026-02-05,sh.688466,17.8000,18.1800,17.8000,17.9200,17.9400,1143157,20531155.3700,3,0.935800,1,-0.111500,35.458630,1.895408,3.540486,-20.967377,0
2026-02-05,sh.688468,7.8900,8.0000,7.8600,7.8600,7.9100,3397286,26884698.4500,3,0.847000,1,-0.632100,55.813461,2.238272,8.922972,23.513631,0
2026-02-05,sh.688469,7.2400,7.2600,7.1100,7.2100,7.3400,125702393,901940255.2800,3,2.837700,1,-1.771100,-81.560865,4.573437,8.185568,-23.064021,0
2026-02-05,sh.688472,16.2300,16.2300,15.2700,15.3700,16.6900,89820897,1405191664.9200,3,6.665000,1,-7.908900,43.698974,2.384540,1.294467,-75.244380,0
2026-02-05,sh.688475,30.2900,30.6300,30.2000,30.5200,30.4500,3065669,93310403.1700,3,0.389300,1,0.229900,42.421419,4.259046,4.072843,-147.594027,0
2026-02-05,sh.688478,37.2400,37.9700,36.9000,37.2000,37.8200,2785955,104362856.0300,3,2.694100,1,-1.639300,-432.815742,3.352612,17.678573,-181.261667,0
2026-02-05,sh.688479,22.3900,22.6400,22.2500,22.3600,22.4100,1350106,30280832.5400,3,2.166500,1,-0.223100,77.525510,1.743622,6.574115,55.237317,0
2026-02-05,sh.688480,80.8800,80.8800,75.3400,77.4100,81.0000,2469899,191002355.1300,3,2.591000,1,-4.432100,66.162741,6.743067,7.237158,112.738767,0
2026-02-05,sh.688484,41.6800,42.3000,41.0800,41.9100,42.1000,5951642,247616090.6100,3,2.016300,1,-0.451300,79.207019,4.388620,5.879370,-15.002395,0
2026-02-05,sh.688485,24.2900,24.2900,22.6800,22.9400,23.8800,3367953,77852009.4200,3,3.794500,1,-3.936300,192.816557,2.751374,11.296707,48.207756,0
2026-02-05,sh.688486,75.6800,75.7400,73.5000,74.0600,75.9900,1816778,135080350.0900,3,2.442400,1,-2.539800,56.446104,6.538943,18.930193,-34.417425,0
2026-02-05,sh.688488,16.6200,17.3400,16.4100,17.2300,16.7400,8414946,142326011.7000,3,1.999800,1,2.927100,-83.235642,7.412958,10.799601,795.672407,0
2026-02-05,sh.688489,41.8500,42.3500,41.8500,42.0400,42.1800,483528,20352474.6100,3,0.422900,1,-0.331900,-431.733971,2.649653,9.434837,-13.519513,0
2026-02-05,sh.688496,6.3200,6.4800,6.1700,6.2400,6.5800,8735892,54817007.9100,3,3.671400,1,-5.167200,-43.893338,2.866350,4.140554,147.060246,0
2026-02-05,sh.688498,780.0000,793.1100,738.0100,748.4900,803.3900,3820474,2896957077.6500,3,4.548200,1,-6.833500,641.328118,29.625539,140.692856,-323.518947,0
2026-02-05,sh.688499,60.7800,62.3100,59.7600,60.0000,61.2700,3965527,240101635.8800,3,2.350200,1,-2.072800,-21.234620,4.418335,3.918245,-20.433956,0
2026-02-05,sh.688500,59.9800,60.4300,59.0800,59.5700,60.1500,1039788,62049592.2400,3,1.418200,1,-0.964300,-126.904166,6.296016,9.186323,-59.252894,0
2026-02-05,sh.688501,26.2500,26.6400,25.5000,25.8100,26.2500,2054479,53277505.7300,3,1.653800,1,-1.676200,17.491392,3.000589,1.591434,74.395578,0
2026-02-05,sh.688502,361.2400,365.2400,349.0900,353.5200,366.8400,928461,328906393.5300,3,5.526600,1,-3.631000,329.077520,15.508438,29.597882,683.850151,0
2026-02-05,sh.688503,76.5000,76.6000,72.8100,74.8900,78.3600,10314434,771478506.9600,3,5.133600,1,-4.428300,76.828628,3.739866,1.362613,46.474841,0
2026-02-05,sh.688505,8.5800,8.6700,8.5500,8.6000,8.5800,3178044,27346432.3500,3,0.447300,1,0.233100,-142.242613,3.947508,12.526873,111.284019,0
2026-02-05,sh.688506,277.0000,287.6900,271.4900,282.8300,274.9400,2006419,565457024.7200,3,0.500400,1,2.869700,-136.996711,16.284317,52.457471,187.228411,0
2026-02-05,sh.688507,100.0100,101.1100,98.7300,99.0500,101.4500,1498487,149250217.1700,3,3.043500,1,-2.365700,244.188961,3.208049,21.962765,-27.796858,0
2026-02-05,sh.688508,67.2000,70.2600,65.8500,69.3500,68.0300,7452675,505741889.3000,3,5.675600,1,1.940300,42.968664,3.358402,8.025229,-60.569992,0
2026-02-05,sh.688509,5.0700,5.3400,5.0500,5.0500,5.0700,16832596,86810375.3200,3,4.374500,1,-0.394500,-24.624477,3.133826,6.250196,-46.608788,0
2026-02-05,sh.688510,38.6000,41.2000,38.6000,40.0400,40.1900,10149762,409339813.2200,3,3.910900,1,-0.373200,93.074295,8.747013,14.566368,121.473332,0
2026-02-05,sh.688511,28.4300,28.4300,26.5200,27.0000,28.2400,1998569,54551958.5000,3,1.943600,1,-4.390900,500.128747,3.264216,21.086292,20.451264,1
2026-02-05,sh.688512,11.5200,11.5900,11.4100,11.4900,11.6000,6430301,73893165.5000,3,1.981200,1,-0.948300,-20.437765,3.096666,7.573506,-73.229024,0
2026-02-05,sh.688513,68.3200,71.0000,67.0100,69.7000,68.0100,3579432,248647145.5200,3,2.027600,1,2.484900,50.976273,4.293224,9.258649,-553.196056,0
2026-02-05,sh.688515,111.6500,114.5000,111.0000,112.8500,112.4000,1410766,159523533.7500,3,2.831800,1,0.400400,-47.707115,6.012901,17.434805,-49.249573,0
2026-02-05,sh.688516,105.2300,113.5900,103.1700,108.9800,117.5400,27989331,3004092234.1100,3,8.892300,1,-7.282600,67.537290,9.460017,4.958257,-95.067893,0
2026-02-05,sh.688517,18.0800,18.2000,17.5600,17.6200,18.1600,4170346,73983175.4700,3,3.052700,1,-2.973600,28.638813,3.008973,3.373912,96.310838,0
2026-02-05,sh.688518,29.1000,30.2700,28.7300,29.4000,29.5000,7836760,230553175.4800,3,2.296000,1,-0.339000,56.100046,3.133679,3.138706,94.113676,0
2026-02-05,sh.688519,76.6500,81.0000,76.6500,78.1300,77.8300,4349728,341445989.2900,3,1.852800,1,0.385500,120.584511,6.590695,4.004538,-101.923465,0
2026-02-05,sh.688520,40.2700,40.2900,39.6100,39.7300,39.9000,1738875,69376012.2400,3,0.390500,1,-0.426100,-61.290965,-24.434713,9.373338,315.607027,0
2026-02-05,sh.688521,211.5000,218.3800,202.4400,204.5500,220.4000,16577357,3436036936.2200,3,3.152100,1,-7.191500,-194.982722,30.290943,36.759875,231.720239,0
2026-02-05,sh.688522,42.0000,42.8800,41.4100,41.7800,42.1000,3727249,156353346.7900,3,3.080100,1,-0.760100,102.287165,5.567204,27.336225,-11.608055,0
2026-02-05,sh.688523,60.7700,63.9500,60.1500,61.0000,62.7700,6497936,399966732.8000,3,6.732500,1,-2.819800,243.680603,14.744888,46.241813,250.778330,0
2026-02-05,sh.688525,161.8000,164.5800,160.3800,162.8000,168.5000,17103535,2776816744.9400,3,3.661400,1,-3.382800,-2085.298658,16.265305,9.223571,172.693873,0
2026-02-05,sh.688526,16.2500,16.5700,16.1200,16.3700,16.2500,3061131,50253905.5700,3,0.656700,1,0.738500,16.604646,1.829005,7.523083,-65.476460,0
2026-02-05,sh.688528,11.7100,11.9600,11.5900,11.7600,11.7000,1677317,19764382.0500,3,0.998400,1,0.512800,-21.196012,3.983703,7.105881,44.895957,0
2026-02-05,sh.688529,19.2000,19.4300,19.0800,19.1100,19.3800,1075813,20688006.5000,3,0.639700,1,-1.393200,-9.080996,1.813954,2.688055,12.702934,0
2026-02-05,sh.688530,25.3000,26.1500,24.3000,25.6000,25.5500,12486720,314911927.3200,3,18.422900,1,0.195700,-1953.748887,4.959923,8.050870,206.423535,0
2026-02-05,sh.688531,70.8600,71.3100,69.0500,70.2000,71.4400,2066078,144673758.7800,3,1.931600,1,-1.735700,71.280795,3.509993,12.049307,137.988688,0
2026-02-05,sh.688533,33.8000,33.9500,32.4900,32.7500,34.2600,3609273,119345012.3900,3,2.187600,1,-4.407500,29.933042,3.274239,1.852527,42.575916,0
2026-02-05,sh.688535,117.7000,119.6600,115.1300,118.2500,122.1500,3170478,372293877.2200,3,6.044100,1,-3.192800,450.600955,11.041159,30.583781,578.702653,0
2026-02-05,sh.688536,181.8000,188.9900,178.8800,188.6400,184.8100,4904149,902951115.1000,3,3.615300,1,2.072400,945.273995,4.486053,13.676126,-42.251622,0
2026-02-05,sh.688538,2.6200,2.6300,2.5900,2.6000,2.6200,61667539,160746048.2600,3,1.072100,1,-0.763400,-18.235726,4.143854,6.527213,-110.234400,0
2026-02-05,sh.688539,44.7700,47.4900,44.7700,45.9800,46.1000,4432250,204724749.5900,3,4.232500,1,-0.260300,136.954053,4.910772,23.024698,-73.472690,0
2026-02-05,sh.688543,64.7500,65.6800,63.5600,63.8400,65.0000,4702973,302155466.9100,3,4.055600,1,-1.784600,69.279801,5.805096,10.965610,-97.071387,0
2026-02-05,sh.688545,49.1900,51.1000,47.9400,50.5800,50.7700,6176313,304268912.2400,3,3.388900,1,-0.374200,94.741023,6.248486,13.380916,424.325734,0
2026-02-05,sh.688548,20.0400,20.3200,19.4300,20.2200,20.1600,18892917,375985748.6500,3,2.733300,1,0.297600,93.238400,4.509766,11.003730,-55.790436,0
2026-02-05,sh.688549,9.0300,9.1000,8.8800,8.9600,9.1200,19205183,171977788.6300,3,3.258900,1,-1.754400,2411.124517,4.341141,11.400599,-35.927565,0
2026-02-05,sh.688550,46.1000,46.2500,44.2500,44.9600,46.2700,4784847,215333781.8700,3,2.752400,1,-2.831200,22.509541,2.409255,4.689804,-76.399679,0
2026-02-05,sh.688551,39.5500,39.8800,38.0000,38.0100,39.7400,1415313,54584310.3900,3,1.683500,1,-4.353300,65.209521,2.450809,6.787116,-15.498678,0
2026-02-05,sh.688552,41.8000,45.6000,41.7400,43.5300,42.4800,8067559,356689001.3900,3,9.291500,1,2.471800,820.029182,5.661777,20.476673,-35.526393,0
2026-02-05,sh.688553,19.1800,19.4300,19.1000,19.2900,19.1900,3215206,61928125.5600,3,0.935900,1,0.521100,172.997728,2.190149,8.301676,48.034359,0
2026-02-05,sh.688556,14.9000,14.9700,13.9800,14.2000,15.6600,76229917,1093339238.5300,3,9.175800,1,-9.323100,-35.622095,3.023084,3.396390,-94.881133,0
2026-02-05,sh.688557,39.9400,40.1500,39.3600,39.4000,40.2900,1195767,47376329.7500,3,1.164600,1,-2.209000,28.435159,3.297370,2.687930,-127.925192,0
2026-02-05,sh.688558,32.0000,32.0100,31.4100,31.5300,32.0300,790096,25040601.2200,3,0.598600,1,-1.561000,27.984190,2.479479,3.441025,214.431829,0
2026-02-05,sh.688559,57.6000,58.5000,55.3000,55.8400,58.5900,8004860,450907059.8800,3,3.230900,1,-4.693600,-11.130140,5.856028,3.842048,10.012062,0
2026-02-05,sh.688560,21.3000,21.4000,19.6800,19.8700,21.8900,11169128,225161301.4300,3,5.548400,1,-9.228000,-31.514889,1.506418,6.249673,-10.954097,0
2026-02-05,sh.688561,35.0200,35.0200,34.4200,34.5600,35.0600,6296348,218133220.8300,3,0.922900,1,-1.426100,-28.744199,2.895751,5.266411,50.597603,0
2026-02-05,sh.688562,22.5200,22.8600,22.1500,22.1800,22.7600,6352536,142583192.1100,3,3.671600,1,-2.548300,-85.826268,5.428322,8.327122,-21.200464,0
2026-02-05,sh.688563,69.8200,74.5200,69.3100,73.2300,70.4000,7476047,544155796.3000,3,6.390400,1,4.019900,60.446928,3.130826,11.873542,-26.065435,0
2026-02-05,sh.688565,13.1200,13.3000,13.0000,13.1400,13.1400,2358152,31021913.8300,3,1.574900,1,0.000000,60.616992,3.998555,4.690748,121.951415,0
2026-02-05,sh.688566,28.0800,28.2200,27.8000,28.1800,28.0900,1795287,50364932.9800,3,0.900200,1,0.320400,23.254859,2.383167,5.867821,52.184304,0
2026-02-05,sh.688567,14.3500,14.4600,14.1100,14.2400,14.4800,9790728,139451561.0500,3,0.801100,1,-1.657500,-42.060521,1.808484,1.926593,-39.932440,0
2026-02-05,sh.688568,68.0100,69.6700,67.1000,67.5000,69.8900,16709089,1137850684.6300,3,2.067800,1,-3.419700,154.743998,14.105993,15.770842,300.869630,0
2026-02-05,sh.688569,21.1200,21.1500,20.7500,20.8100,21.1200,1590161,33279208.7700,3,0.754800,1,-1.467800,26.015827,1.529186,3.629441,14.929402,0
2026-02-05,sh.688570,19.1300,19.1600,18.9300,18.9300,19.1100,842045,16001331.9900,3,0.447400,1,-0.941900,59.356253,1.913987,4.746019,-12.173628,0
2026-02-05,sh.688571,7.9200,7.9500,7.8300,7.8600,7.8800,3178478,25051726.4900,3,0.749300,1,-0.253800,29.313417,2.071046,2.656821,15.455925,0
2026-02-05,sh.688573,23.2100,23.5400,22.8000,22.8000,23.1400,1739799,40154630.4000,3,3.269300,1,-1.469300,-15.449905,3.509276,4.232139,-103.418684,0
2026-02-05,sh.688575,14.5000,14.6500,14.4800,14.5300,14.5500,3006848,43791791.6400,3,0.526200,1,-0.137500,57.929366,3.071678,4.359346,102.009534,0
2026-02-05,sh.688576,77.9800,87.6600,77.3000,86.0000,78.0100,2000237,166899089.2400,3,9.178700,1,10.242300,51.373915,2.277252,10.874209,-4057.044101,0
2026-02-05,sh.688577,73.9900,73.9900,72.9000,73.2600,73.9900,920751,67439905.1300,3,0.827400,1,-0.986600,207.006367,8.168603,9.835482,-59.469730,0
2026-02-05,sh.688578,98.6100,99.7600,97.3400,98.0700,98.6100,2635461,258915157.1900,3,0.585700,1,-0.547600,22.258558,6.790709,9.276258,117.430257,0
2026-02-05,sh.688579,11.7600,11.9200,11.7100,11.7700,11.8100,3065848,36236793.4000,3,0.766400,1,-0.338700,73.014862,3.413806,8.533897,543.561317,0
2026-02-05,sh.688580,57.5000,58.2300,56.0000,56.3100,57.2100,2181114,124333246.0300,3,2.277400,1,-1.573200,42.817214,3.253051,12.430824,13.745304,0
2026-02-05,sh.688581,61.0800,61.5700,60.8800,61.4000,61.0900,501565,30772778.8400,3,1.206900,1,0.507400,18.248441,2.001883,7.448599,23.094350,0
2026-02-05,sh.688582,63.3300,65.1500,63.3300,64.2800,64.1800,4741405,305198515.3300,3,1.894900,1,0.155800,79.987664,10.645014,48.352112,-50.711067,0
2026-02-05,sh.688583,158.1800,162.9800,156.1800,158.3200,160.0900,3723246,591504663.7400,3,12.087100,1,-1.105600,117.115076,12.114463,37.907548,418.863783,0
2026-02-05,sh.688584,23.1100,23.1400,22.6800,22.8900,23.2400,3043247,69622526.3800,3,0.895600,1,-1.506000,103.830688,3.694855,11.997063,-25.198243,0
2026-02-05,sh.688585,140.6800,142.8800,137.2000,142.8800,142.6000,2750993,383661583.2700,3,0.682000,1,0.196400,684.617802,43.206596,34.387373,934.138771,0
2026-02-05,sh.688586,16.0000,16.7400,15.8100,16.5200,16.2700,28174391,461573828.3500,3,3.560300,1,1.536600,419.368392,5.298445,13.929323,-24.763405,0
2026-02-05,sh.688588,14.2500,14.3300,14.1900,14.2200,14.3300,2595494,37004569.8000,3,0.648900,1,-0.767600,58.511133,4.618224,5.320115,161.361529,0
2026-02-05,sh.688589,24.2500,24.8800,23.9900,24.4500,24.4100,3972564,96766683.3900,3,2.733500,1,0.163900,63.037675,3.713974,8.064104,-22.718399,0
2026-02-05,sh.688590,17.5200,17.7000,17.2500,17.2800,17.6900,6834179,119000091.2200,3,2.599600,1,-2.317700,638.085249,3.168517,2.215807,102.731428,0
2026-02-05,sh.688591,42.6800,42.8900,41.8500,42.3500,42.7300,4057359,171604771.8900,3,2.408800,1,-0.889300,58.991429,4.118223,9.965097,46.066110,0
2026-02-05,sh.688592,48.9100,51.3300,48.4200,50.0000,49.4000,3152186,157699625.3700,3,8.182900,1,1.214600,-83.885329,4.348526,8.817073,-411.841863,0
2026-02-05,sh.688593,25.1500,25.9600,24.6600,25.1600,25.6200,11645878,293835886.8700,3,3.609100,1,-1.795500,876.778651,7.459104,19.244797,251.814027,0
2026-02-05,sh.688595,37.5800,39.0900,36.7800,39.0600,37.8900,5774258,218072438.8600,3,4.007300,1,3.087900,-46.566521,7.824463,7.008520,193.534862,0
2026-02-05,sh.688596,33.0000,33.0600,32.1600,32.7800,33.1900,6579785,214502187.1600,3,2.237000,1,-1.235300,36.057203,2.694025,1.833033,882.573023,0
2026-02-05,sh.688597,9.6300,9.6300,9.2800,9.3200,9.6700,6452458,60480897.7400,3,1.920000,1,-3.619400,34.922099,3.740024,3.204060,-20.067722,0
2026-02-05,sh.688598,28.3800,28.3800,26.6200,26.7000,28.6200,9664302,262297849.2000,3,4.747300,1,-6.708600,-5.867203,1.115612,7.755944,137.475276,0
2026-02-05,sh.688599,21.2000,21.3700,20.3300,20.4600,22.0900,116730236,2421079817.8400,3,4.983000,1,-7.378900,-7.051193,2.249552,0.714239,-10.220033,0
2026-02-05,sh.688600,26.3000,27.5500,25.9100,27.0700,26.3600,2262482,61133748.6600,3,1.679500,1,2.693500,54.545844,4.798321,4.538862,-1114.149118,0
2026-02-05,sh.688601,52.5300,55.0900,52.5300,54.5000,53.7200,7614584,413193411.8200,3,5.695600,1,1.452000,134.625806,5.870952,9.754137,-63.159236,0
2026-02-05,sh.688602,8.5600,8.6000,8.3900,8.4200,8.6000,8556948,72442036.9300,3,3.296300,1,-2.093000,-121.019352,1.567230,5.853779,16.874034,0
2026-02-05,sh.688603,73.8800,75.9400,71.0000,72.9400,75.8500,3743212,271769729.0600,3,7.893500,1,-3.836500,117.349935,7.803660,20.602937,-164.434904,0
2026-02-05,sh.688605,65.5900,68.1800,64.7700,67.3500,66.5900,3108649,206204187.0700,3,2.869000,1,1.141300,67.911602,8.447832,11.032711,29.895497,0
2026-02-05,sh.688606,69.4000,69.5000,68.7600,68.7800,69.5900,204627,14137784.0800,3,0.258100,1,-1.164000,18.499880,1.397553,6.185035,-25.338799,0
2026-02-05,sh.688607,56.7000,57.9100,55.4700,56.8000,57.8000,2029385,115100661.9000,3,2.302700,1,-1.730100,924.520155,5.830458,15.232643,-38.046010,0
2026-02-05,sh.688608,205.9400,210.0000,205.1100,208.9900,207.9700,2258512,470682146.5700,3,1.338800,1,0.490500,52.388676,5.092783,9.468354,85.673701,0
2026-02-05,sh.688609,8.9100,9.0200,8.8800,8.9000,8.9800,6745570,60235917.1600,3,1.349100,1,-0.890900,-28.427365,5.007064,1.861716,-138.086679,0
2026-02-05,sh.688610,84.0000,84.0000,79.1000,80.3300,84.2500,1514736,121897722.8100,3,3.700600,1,-4.652800,97.087902,3.649534,13.683945,-21.140302,0
2026-02-05,sh.688611,60.3800,60.9800,59.0400,59.8600,60.3800,877198,52662044.3700,3,0.571900,1,-0.861200,222.826477,10.561944,22.062382,-146.653472,0
2026-02-05,sh.688612,30.5500,31.3600,30.2500,31.0000,30.6700,4380658,135478465.3800,3,1.734600,1,1.076000,24.545020,3.722045,1.965959,34.829593,0
2026-02-05,sh.688613,22.1900,22.7300,22.1200,22.1900,22.3400,2006835,44816693.5600,3,1.464800,1,-0.671400,-842.215674,2.118571,14.221275,-137.907356,0
2026-02-05,sh.688615,247.0000,253.4900,244.1000,245.2200,250.3000,2770098,684970852.7900,3,2.865500,1,-2.029600,77.125564,12.230289,20.286175,-44.330982,0
2026-02-05,sh.688616,13.5900,13.5900,13.3000,13.3300,13.4800,2367583,31697761.9300,3,1.319900,1,-1.112800,25.136483,2.814568,4.594208,31.217859,0
2026-02-05,sh.688617,231.1200,233.2000,227.0200,228.4000,231.1200,801252,183895177.4600,3,0.568100,1,-1.176900,41.924893,10.777243,13.374492,85.841600,0
2026-02-05,sh.688618,31.4700,31.6400,30.7600,30.8800,31.5200,1583919,49231986.4700,3,1.439300,1,-2.030500,98.865509,3.877472,9.086736,373.978513,0
2026-02-05,sh.688619,13.9400,14.2100,13.9400,14.0900,14.0500,1732048,24397874.3800,3,0.934000,1,0.284700,-13.581029,3.267535,14.938288,278.091906,0
2026-02-05,sh.688620,11.4900,11.6000,11.4200,11.4800,11.5600,4817136,55407767.2900,3,2.073500,1,-0.692000,-38.585940,3.339842,8.862451,-121.070640,0
2026-02-05,sh.688621,65.4200,66.3500,64.8600,65.5500,65.2300,1173591,76886103.8700,3,1.047800,1,0.490600,55.196967,6.316882,7.214933,-86.383632,0
2026-02-05,sh.688622,115.0000,121.5800,112.5100,119.7600,116.0800,2687360,318579203.5200,3,3.813700,1,3.170200,-140.564135,23.018636,68.287441,-277.394287,0
2026-02-05,sh.688623,101.5600,102.3000,100.6600,101.4500,102.1000,281820,28596359.8600,3,1.472200,1,-0.636600,86.065934,2.845671,17.246435,-127.242967,0
2026-02-05,sh.688625,68.4000,74.0000,68.3000,72.6000,68.2600,7564852,539184004.2800,3,4.017000,1,6.358000,48.805397,9.336093,14.039708,267.795940,0
2026-02-05,sh.688626,68.5000,68.8800,66.4000,66.9600,67.6100,2955050,199268630.3600,3,1.846900,1,-0.961400,145.741130,5.286159,13.843125,428.443708,0
2026-02-05,sh.688627,280.0000,297.2200,273.0100,294.0000,291.0000,5204392,1482671537.1400,3,7.193200,1,1.030900,393.450465,16.249826,27.919459,123.999888,0
2026-02-05,sh.688628,36.9700,36.9700,36.2600,36.3300,37.0300,736544,26889272.0500,3,0.659000,1,-1.890400,24.326263,3.182935,3.385077,1140.843475,0
2026-02-05,sh.688629,90.3300,91.4000,88.0000,88.3400,92.4000,9807778,873506410.4000,3,5.395300,1,-4.393900,160.343544,24.186542,20.342634,551.365492,0
2026-02-05,sh.688630,165.0000,168.4400,162.2600,166.8200,169.1800,4626496,764137761.1700,3,3.511800,1,-1.395000,107.502783,9.928723,18.791158,150.124880,0
2026-02-05,sh.688631,67.8100,69.1000,67.5000,67.7000,68.8200,1340425,91276367.6700,3,2.066300,1,-1.627400,173.962642,6.109108,7.830072,67.814531,0
2026-02-05,sh.688633,25.6100,25.7700,25.1900,25.2100,25.4900,888228,22604631.4800,3,0.617800,1,-1.098500,27.759477,2.255693,5.324606,-65.391899,0
2026-02-05,sh.688636,46.7400,49.2000,46.4200,48.0300,47.3600,6406398,308480174.4800,3,3.821800,1,1.414700,75.522699,7.130548,11.275002,-7828.561525,0
2026-02-05,sh.688638,40.2400,40.6900,39.5100,39.6000,39.7100,605107,24225635.6300,3,2.286800,1,-0.277000,-13.491672,2.595815,3.809745,6.552072,0
2026-02-05,sh.688639,36.2000,37.6300,36.1900,36.8800,36.4700,7706027,284215505.3600,3,3.081000,1,1.124200,49.262632,3.439106,3.256640,193.597439,0
2026-02-05,sh.688646,38.8600,39.8900,38.2200,39.2000,38.5900,1010668,39660119.1600,3,1.713400,1,1.580700,-95.171333,2.514965,5.093164,9.195170,1
2026-02-05,sh.688648,60.6000,62.1800,59.6900,60.8000,60.2000,1782633,108774694.1900,3,2.563900,1,0.996700,13.928829,3.707436,7.316170,188.384452,0
2026-02-05,sh.688651,46.2000,47.9600,46.2000,47.1700,46.8000,1184682,56134187.5500,3,3.650300,1,0.790600,-202.234237,3.832549,11.634772,-7.516724,0
2026-02-05,sh.688652,115.1100,122.4900,113.8700,119.9500,119.9200,5524212,651731147.4800,3,4.574900,1,0.025000,132.900156,9.236212,14.848505,-53.565720,0
2026-02-05,sh.688653,13.8100,13.8800,13.6200,13.7300,13.8300,5998546,82599592.6100,3,1.895800,1,-0.723100,-80.067842,4.053720,8.682544,-31.837031,0
2026-02-05,sh.688655,20.5500,20.6000,20.0800,20.3500,20.4500,2135372,43379677.9500,3,1.600800,1,-0.489000,-138.015808,4.042090,4.412599,-110.635598,0
2026-02-05,sh.688656,141.5600,147.1000,140.0000,143.8400,140.8900,638467,91853528.9000,3,1.005800,1,2.093800,250.642832,11.013677,23.564706,-306.925152,0
2026-02-05,sh.688657,57.1800,57.3000,56.2800,56.4000,57.0000,766354,43474072.3100,3,1.867100,1,-1.052600,52.890870,2.629189,11.497972,57.110438,0
2026-02-05,sh.688658,21.9100,22.8500,21.9000,22.0400,21.8500,12889520,287944377.4800,3,2.864300,1,0.869600,-42.387149,2.891839,3.892180,-19.846474,0
2026-02-05,sh.688659,10.6200,10.7500,10.5100,10.6100,10.6100,2312233,24619206.0100,3,1.445100,1,0.000000,-27.288345,3.163743,2.483152,-21.754738,0
2026-02-05,sh.688660,13.9500,14.1300,13.7700,13.8900,14.2400,12269744,170887122.0400,3,0.920200,1,-2.457900,-17.810471,4.217738,1.601324,49.910606,0
2026-02-05,sh.688661,82.8200,89.8900,82.5000,89.0400,86.0000,5504181,476830083.1800,3,3.623800,1,3.534900,349.748653,10.925819,15.464618,182.223189,0
2026-02-05,sh.688662,52.8000,53.4800,50.8300,51.6500,53.6700,3055361,158085475.4200,3,3.462600,1,-3.763700,114.262979,6.341711,8.520838,-267.162866,0
2026-02-05,sh.688663,56.0700,56.3600,53.6800,54.1600,56.0500,2823606,154481664.6800,3,1.995800,1,-3.372000,57.857598,5.606699,4.183880,32.547051,0
2026-02-05,sh.688665,50.8000,51.6600,50.8000,51.1200,51.2100,894133,45892898.9300,3,0.889200,1,-0.175700,32.445412,4.556006,4.874611,171.352727,0
2026-02-05,sh.688667,80.7500,82.5200,79.5900,80.9200,80.5500,1128391,91043041.2200,3,2.141300,1,0.459300,51.686274,2.480630,3.396921,-19.996121,0
2026-02-05,sh.688668,162.3800,172.8800,161.0000,163.0000,170.8700,5092941,836839598.6700,3,3.656900,1,-4.605800,108.843011,11.942729,15.289008,-1902.824985,0
2026-02-05,sh.688669,26.5700,26.5700,25.3800,25.4200,26.5000,1955654,50443149.4800,3,1.611800,1,-4.075500,-13.956827,2.357437,0.800860,-41.401715,0
2026-02-05,sh.688670,20.1200,20.6900,20.0100,20.0300,20.1200,2791716,56906621.2600,3,2.266000,1,-0.447300,-19.505630,2.071765,21.170848,692.282123,0
2026-02-05,sh.688671,25.0200,25.0200,24.2300,24.4000,24.6200,1123348,27568220.5400,3,2.397900,1,-0.893600,-28.377196,1.801124,5.461457,22.872165,0
2026-02-05,sh.688676,102.0000,102.5100,92.7000,93.0600,103.8000,22233125,2130435591.4400,3,4.835600,1,-10.346800,65.197384,9.073799,5.864027,-315.957894,0
2026-02-05,sh.688677,47.0300,50.4800,46.4300,50.0200,47.0400,3139764,154449525.0000,3,2.619200,1,6.335000,34.395641,4.550680,10.486675,47.044010,0
2026-02-05,sh.688678,22.2800,22.2800,21.3600,21.4900,22.3600,8859325,191699993.5700,3,3.204600,1,-3.890900,255.449693,3.200757,3.373983,220.123561,0
2026-02-05,sh.688679,47.3000,48.4800,46.3500,47.5100,47.8600,3310633,156527727.3800,3,2.514000,1,-0.731300,-3331.851903,5.572639,4.338438,57.385772,0
2026-02-05,sh.688680,68.4400,68.8500,64.4800,65.5600,73.0800,6926768,457402871.2900,3,8.243800,1,-10.290100,-10.642714,4.446193,3.910936,21.639396,0
2026-02-05,sh.688681,19.6300,19.7200,19.3800,19.4800,19.5500,1483612,29035376.9800,3,1.417400,1,-0.358100,40.506589,3.375491,4.159832,-48.307632,0
2026-02-05,sh.688682,49.3600,50.8900,48.9600,49.7200,49.6800,1698271,84822550.4000,3,1.667600,1,0.080500,455.215267,7.868651,17.112762,-36.528747,0
2026-02-05,sh.688683,35.6300,35.9800,34.7000,35.8000,35.4500,800784,28353249.6700,3,0.516000,1,0.987300,135.815930,5.624056,5.996441,387.747262,0
2026-02-05,sh.688685,50.0000,50.0000,48.8200,48.9000,50.0000,1729869,85169194.3600,3,1.178000,1,-2.200000,109.506467,8.691006,11.537824,36.222989,0
2026-02-05,sh.688686,120.4400,120.8800,117.4000,117.7000,120.4400,615284,72801923.7600,3,0.503400,1,-2.275000,76.949665,4.713669,12.085170,-62.345454,0
2026-02-05,sh.688687,21.9000,21.9300,21.7400,21.8600,21.8500,2355051,51471066.7700,3,1.377700,1,0.045800,27.314042,2.080373,3.259174,9.843231,0
2026-02-05,sh.688689,31.1300,31.7000,30.5300,31.3300,31.4200,2222667,68981632.6400,3,1.724300,1,-0.286400,55.148032,3.344298,3.975907,-291.979607,0
2026-02-05,sh.688690,28.6800,28.9600,28.2500,28.7300,28.8100,4292684,122889233.0200,3,1.063000,1,-0.277700,78.069166,6.188668,12.841255,-704.654004,0
2026-02-05,sh.688691,127.8000,133.3700,125.1000,127.6000,132.0400,4001801,512206027.8500,3,5.599700,1,-3.362600,-132.668843,12.207578,22.029188,-135.164661,0
2026-02-05,sh.688692,257.0000,270.5000,256.4700,267.3000,258.5100,1702349,448257975.9000,3,2.327600,1,3.400300,58.520444,8.649938,24.308541,257.924954,0
2026-02-05,sh.688693,40.4000,40.4000,39.0100,39.6800,39.7500,1313329,51933432.9200,3,3.375800,1,-0.176100,-27.030704,3.455848,13.128588,87.908198,0
2026-02-05,sh.688695,28.4200,28.8500,28.2800,28.4700,28.5200,717407,20497047.1600,3,1.399300,1,-0.175300,255.192183,3.104821,12.979976,-9.787181,0
2026-02-05,sh.688696,91.9500,98.1800,91.5000,95.6500,92.7500,2100207,201792576.9400,3,2.999400,1,3.126700,27.891503,2.318811,1.941213,-4.768672,0
2026-02-05,sh.688697,15.4100,15.5300,15.2000,15.2500,15.4600,2682580,41072664.6900,3,0.586600,1,-1.358300,22.952684,3.990438,2.584747,-103.366674,0
2026-02-05,sh.688698,88.8800,90.2000,87.5000,89.0300,89.2100,3486774,309627431.2800,3,1.629200,1,-0.201800,73.512039,8.230246,10.394808,637.917558,0
2026-02-05,sh.688699,59.0200,63.0900,59.0200,62.4800,61.5000,5146331,316632678.5500,3,4.675700,1,1.593500,-275.310071,5.676804,10.969224,101.775459,0
2026-02-05,sh.688700,41.3200,41.3200,39.2000,39.3200,41.7700,10117269,403211522.4200,3,3.390500,1,-5.865500,136.054085,6.534197,12.653519,373.676396,0
2026-02-05,sh.688701,10.6200,10.7700,10.4500,10.5100,10.6200,2334845,24756775.5000,3,1.738800,1,-1.035800,-15.346941,9.618214,11.045323,118.314805,0
2026-02-05,sh.688702,141.9100,144.5700,134.8000,137.8000,144.2800,4122412,572386132.0100,3,2.030800,1,-4.491300,3265.820724,23.781803,51.087243,2387.249471,0
2026-02-05,sh.688707,14.3000,14.3600,13.9300,13.9800,14.3900,5721878,80660335.5100,3,1.124700,1,-2.849200,-13.436648,1.740679,4.534223,-15.065970,0
2026-02-05,sh.688708,62.7500,63.2600,61.3100,61.7200,63.0000,1248939,77389429.9400,3,0.877800,1,-2.031700,55.405234,7.467616,25.000560,-42.343100,0
2026-02-05,sh.688709,46.9600,47.9300,46.6100,47.5000,47.2800,5688131,269680085.7800,3,2.610200,1,0.465300,312.448965,10.522127,43.289372,-114.900191,0
2026-02-05,sh.688710,60.9900,63.8700,60.5200,60.7500,62.5400,680962,42150775.9900,3,0.750800,1,-2.862200,41892.111225,3.664652,10.319646,-29.351484,0
2026-02-05,sh.688711,30.0000,30.4300,29.1500,30.0200,30.5300,8008128,237819980.1500,3,3.758000,1,-1.670500,-486.736044,6.151696,4.792464,-252.435233,0
2026-02-05,sh.688712,50.3100,55.8000,47.0000,49.6400,17.5200,28163779,1409495113.8700,3,75.883100,1,183.333300,314.691435,25.995555,42.592043,1788.107030,0
2026-02-05,sh.688716,38.8000,39.1200,37.7500,37.8800,38.8900,2602401,99407024.3400,3,3.721600,1,-2.597100,232.101803,3.897609,15.846834,-38.817066,0
2026-02-05,sh.688717,99.7700,101.0000,94.0000,95.1100,99.8000,4147043,399220881.0200,3,4.186900,1,-4.699400,78.659528,3.343455,4.119852,-23.389653,0
2026-02-05,sh.688718,14.5000,14.6900,14.3500,14.4300,14.4900,1236627,17903105.1200,3,0.711700,1,-0.414100,70.030150,3.220884,6.712197,49.191953,0
2026-02-05,sh.688719,48.0900,48.2800,46.2000,46.3100,48.6000,1894735,88883423.3500,3,2.111800,1,-4.711900,-798.265519,3.151259,5.551782,-21.062132,0
2026-02-05,sh.688720,70.0100,71.3800,69.0000,71.0500,71.3400,1857989,130690349.9200,3,3.295200,1,-0.406500,141.917407,6.197517,11.195464,383.990928,0
2026-02-05,sh.688721,46.7900,46.7900,45.6800,46.0000,47.0900,1045645,48124030.8100,3,1.955000,1,-2.314700,85.228811,5.090890,25.293025,-31.558584,0
2026-02-05,sh.688722,19.9800,20.5400,19.7600,20.1100,20.1700,4737226,95422837.3900,3,2.113800,1,-0.297500,31.878387,3.196453,4.804874,-32.082381,0
2026-02-05,sh.688726,68.0000,70.0400,63.5600,66.6600,73.9000,25306666,1695439945.8500,3,11.507000,1,-9.797000,36.451277,6.721398,4.701630,74.348499,0
2026-02-05,sh.688727,52.9000,54.2800,52.6800,53.9000,53.6600,3763329,201442117.2600,3,7.490200,1,0.447300,240.325420,15.265392,37.708030,149.606992,0
2026-02-05,sh.688728,15.5500,15.5600,15.1800,15.3300,15.4900,12152656,185909991.7500,3,0.486300,1,-1.032900,174.180525,5.097523,5.279184,818.019906,0
2026-02-05,sh.688729,24.9800,25.1000,24.5700,24.9100,25.2200,6003762,149041940.6900,3,2.792400,1,-1.229200,115.702812,8.374242,14.436978,120.873713,0
2026-02-05,sh.688733,30.9500,30.9600,29.5900,29.8600,31.2700,4845331,145857306.2300,3,2.425400,1,-4.509100,-359.766383,2.750655,10.565833,-55.344992,0
2026-02-05,sh.688737,27.8500,28.4500,27.3600,27.5300,28.0900,1810159,50093821.1300,3,1.514000,1,-1.993600,-84.246950,1.829704,1.937727,29.321131,0
2026-02-05,sh.688739,25.8000,26.0700,25.7100,25.8900,25.7900,2291406,59433681.8600,3,0.550200,1,0.387700,60.594395,1.148576,7.337424,-43.254994,0
2026-02-05,sh.688750,19.3800,19.5100,19.1100,19.1800,19.5000,4936708,95031977.0800,3,2.119500,1,-1.641000,107.808873,3.617986,14.419256,-519.892690,0
2026-02-05,sh.688755,40.7300,40.7300,40.2400,40.3100,40.5300,222599,9004385.1100,3,1.264800,1,-0.542800,49.533990,2.918435,4.973931,14.631949,0
2026-02-05,sh.688757,30.3100,31.4400,30.0700,30.7000,30.5000,2559346,78654095.6500,3,7.303100,1,0.655700,148.924945,13.719503,24.417777,563.180061,0
2026-02-05,sh.688758,18.8900,19.2500,18.7500,18.8700,18.8500,3005206,56932766.3900,3,1.007800,1,0.106100,63.435804,5.954941,19.678728,103.692267,0
2026-02-05,sh.688759,40.8000,45.3800,40.1700,44.8000,40.6900,9482677,406323457.8800,3,20.409500,1,10.100800,-366.382779,93.621841,0.000000,-86.078593,0
2026-02-05,sh.688765,72.8300,74.1100,72.7300,72.8100,73.1600,1071648,78653977.1200,3,2.615100,1,-0.478400,-161.867065,52.378617,1113.000361,-357.971504,0
2026-02-05,sh.688766,255.0000,278.5800,253.3300,272.2500,282.8900,5518365,1499908826.9600,3,3.727400,1,-3.761200,318.085788,17.735456,21.549608,-144.502389,0
2026-02-05,sh.688767,35.2700,36.4500,34.8000,36.0300,35.3800,2980845,107127140.9100,3,1.996100,1,1.837200,52.458206,2.300784,11.239915,-62.256906,0
2026-02-05,sh.688768,64.5100,66.0100,62.9900,65.4600,65.0100,1943784,125527500.2100,3,2.227500,1,0.692200,43.733870,5.475167,9.124620,36.396062,0
2026-02-05,sh.688772,19.2200,19.2200,18.9000,19.0000,19.2100,19837917,377265836.5400,3,1.752200,1,-1.093200,39.165475,3.016556,1.611981,-23.736158,0
2026-02-05,sh.688775,217.3700,219.5500,216.5000,218.0000,219.0000,815286,177677996.6700,3,2.485600,1,-0.456600,92.539904,15.270884,10.621078,167.363232,0
2026-02-05,sh.688776,112.0000,116.2000,111.1100,113.5000,115.0900,2660211,301845284.9100,3,2.454400,1,-1.381500,-339.486083,6.776106,36.604925,-20.263864,0
2026-02-05,sh.688777,87.0000,92.8000,85.6600,90.8800,89.4000,36861270,3295164266.3800,3,4.706400,1,1.655500,86.434377,7.048967,8.503696,-400.495653,0
2026-02-05,sh.688778,83.6000,85.1800,81.7000,82.6900,84.4600,3657938,303393656.4900,3,0.724800,1,-2.095700,55.282731,4.632422,2.083140,-758.945530,0
2026-02-05,sh.688779,9.8400,9.8600,9.5800,9.6700,9.9100,34617105,335386798.0100,3,1.794400,1,-2.421800,-52.518595,2.782846,2.735268,51.347512,0
2026-02-05,sh.688783,24.8700,25.1000,24.7500,24.9000,25.1800,5766978,143680794.8300,3,3.503300,1,-1.112000,-142.327759,12.446235,38.368999,-105.119151,0
2026-02-05,sh.688785,340.0200,380.0000,331.1100,365.0000,358.0000,2821643,990365466.1200,3,22.169400,1,1.955300,218.603692,31.969879,47.877272,3077.320969,0
2026-02-05,sh.688786,31.1100,31.1900,30.3200,30.4000,31.1100,1808565,55384296.1800,3,1.257700,1,-2.282200,57.987544,5.855061,10.221029,61.424290,0
2026-02-05,sh.688787,139.6000,139.8900,136.7000,138.0000,139.4300,1730434,239268890.0000,3,2.868500,1,-1.025600,709.884070,11.395142,25.864874,260.231783,0
2026-02-05,sh.688788,69.5700,70.5000,68.9000,69.7500,70.8000,1548611,107910667.7100,3,0.987200,1,-1.483100,-41.373193,5.645682,40.719091,-25.908045,0
2026-02-05,sh.688789,77.0900,78.0000,76.8000,77.5000,77.0900,790028,61263013.6700,3,0.438300,1,0.531800,28.385388,4.072773,6.475193,136.668143,0
2026-02-05,sh.688790,148.5800,149.2100,147.0000,147.3000,149.7800,480133,71015126.8400,3,3.982000,1,-1.655800,-126.866890,16.062306,8.362543,1002.153150,0
2026-02-05,sh.688793,22.8800,23.3600,22.6200,22.9700,22.8000,1449733,33452303.5900,3,1.686800,1,0.745600,-28.830624,7.136671,2.467439,20.609648,0
2026-02-05,sh.688795,538.0000,543.0000,530.0000,534.5800,543.8700,1277922,684341009.6700,3,4.349300,1,-1.708100,-173.075865,63.804057,265.940561,306.329338,0
2026-02-05,sh.688796,70.7200,73.5000,69.1200,72.8300,70.2500,2496622,180049576.8800,3,6.956800,1,3.672600,130.222098,33.356028,24.445184,1160.386696,0
2026-02-05,sh.688798,76.0000,76.3500,74.9000,75.4600,76.9000,2650108,200030114.9600,3,1.952300,1,-1.872600,49.878692,4.218939,6.412803,-45.590551,0
2026-02-05,sh.688799,48.4600,48.4600,46.5000,47.2800,48.0400,2511668,118263225.4700,3,1.912600,1,-1.582000,29.144990,3.116684,4.343434,77.139981,0
2026-02-05,sh.688800,81.7000,82.7400,79.6000,79.7000,82.2000,4942926,398182224.1200,3,2.403300,1,-3.041400,54.224226,7.148085,5.209731,80.454579,0
2026-02-05,sh.688802,500.0000,503.0000,490.5000,491.9600,505.0000,968814,479432817.1600,3,5.341100,1,-2.582200,-202.336251,20.620247,112.101743,75.390623,0
2026-02-05,sh.688805,45.0000,45.4500,44.3100,44.3600,45.0500,1569968,70189952.2400,3,4.981000,1,-1.531600,107.750592,14.749326,13.970334,-5730.896202,0
2026-02-05,sh.688807,192.0100,198.2100,190.5000,191.9200,195.2000,1190426,229634365.7900,3,7.917400,1,-1.680300,173.445411,18.902763,32.953921,214.085659,0
2026-02-05,sh.688809,326.0100,348.7800,323.8000,336.7000,337.2500,3260448,1096989525.9900,3,13.388300,1,-0.163100,124.000695,31.660267,48.558924,4266.031166,0
2026-02-05,sh.688819,34.1700,34.5700,33.8100,34.2500,34.3400,2611147,89120537.7800,3,0.268600,1,-0.262100,22.959360,1.975988,0.730841,-44.371567,0
2026-02-05,sh.688981,112.9900,114.5000,110.3900,111.8000,114.8400,44644765,4982588634.6700,3,2.232700,1,-2.647200,185.936199,5.916490,13.670971,-1057.996137,0
2026-02-05,sh.689009,50.1800,52.9900,49.9000,52.5400,50.1800,14171045,732921609.9800,3,2.550300,1,4.703100,19.932328,5.323865,1.748353,22.040157,0
2026-02-05,sz.000001,10.9800,11.1100,10.9600,11.0900,10.9700,117759109,1301134141.5800,3,0.606800,1,1.093900,4.991225,0.480408,1.584991,-4.905220,0
2026-02-05,sz.000002,4.8600,4.9200,4.8400,4.8800,4.9000,214093420,1043758918.1400,3,2.203400,1,-0.408200,-0.977681,0.331266,0.204524,-3.436984,0
2026-02-05,sz.000004,10.2800,10.2800,10.2800,10.2800,10.8200,393000,4040040.0000,3,0.311200,1,-4.990800,-11.082039,36.832268,18.442864,-188.727181,1
2026-02-05,sz.000006,8.9600,9.1300,8.9400,9.0000,9.0600,17148516,155042261.6400,3,1.270300,1,-0.662300,-11.551310,2.251335,3.530126,41.184256,0
2026-02-05,sz.000007,11.2200,11.3400,11.1400,11.1900,11.2000,4812801,54129483.1700,3,1.389200,1,-0.089300,68.417095,21.222413,8.559901,-107.321406,0
2026-02-05,sz.000008,3.0000,3.0000,2.9500,2.9500,3.0000,34603609,102702506.6400,3,1.273900,1,-1.666700,-17.702010,2.733812,3.764165,-97.150514,0
2026-02-05,sz.000009,9.4700,9.4700,9.3200,9.3800,9.5200,20534583,192627343.7900,3,0.797100,1,-1.470600,343.269307,2.400537,1.079747,-18.265176,0
2026-02-05,sz.000010,3.5800,3.8500,3.5600,3.7600,3.6000,65016000,244560453.0000,3,7.666700,1,4.444400,95.744556,13.240351,4.734313,152.777482,0
2026-02-05,sz.000011,9.1300,9.2200,9.1000,9.1300,9.1500,7278149,66612611.2700,3,1.382400,1,-0.218600,-5.009820,1.603324,1.737252,6.676324,0
2026-02-05,sz.000012,4.7500,4.7600,4.6600,4.6900,4.7700,29952570,140994518.2000,3,1.528700,1,-1.677100,-38.998808,1.086940,1.025567,-73.355943,0
2026-02-05,sz.000014,13.2400,13.5200,13.2000,13.3700,13.3400,5826200,78143239.0000,3,2.407100,1,0.224900,-51.649363,2.033625,60.326736,244.028121,0
2026-02-05,sz.000016,3.7400,3.7600,3.5100,3.5700,3.8300,133408911,485479380.4000,3,8.355800,1,-6.788500,-3.218372,6.792108,0.805374,-13.591608,0
2026-02-05,sz.000017,7.4600,7.6700,7.4500,7.5300,7.5300,15652069,118367807.8800,3,3.550700,1,0.000000,128.580621,13.865210,5.910114,198.314831,0
2026-02-05,sz.000019,7.1900,7.2900,7.1600,7.2000,7.2400,11832290,85435568.5000,3,2.842800,1,-0.552500,25.565992,1.663274,1.511059,227.903317,0
2026-02-05,sz.000020,15.3000,15.4600,15.1500,15.2100,15.3900,5450798,83472400.5800,3,3.008700,1,-1.169600,98.415644,10.135607,4.820966,523.524883,0
2026-02-05,sz.000021,27.3400,27.6800,26.9000,27.4000,28.3500,72623054,1979919637.5600,3,4.621500,1,-3.351000,42.026133,3.381606,2.823256,20.569129,0
2026-02-05,sz.000025,18.2700,18.5500,18.2300,18.3200,18.4600,8098614,148814109.4600,3,2.061900,1,-0.758400,51.904177,4.369305,4.609575,-279.653069,0
2026-02-05,sz.000026,15.6600,15.6900,15.4900,15.5400,15.6700,2761701,43007304.6000,3,0.757500,1,-0.829600,42.678606,1.867221,1.763439,97.860245,0
2026-02-05,sz.000027,6.7900,6.7900,6.6500,6.7000,6.7900,20209846,135466217.5400,3,0.424800,1,-1.325500,17.284260,0.973591,0.737173,-304.849370,0
2026-02-05,sz.000028,26.5100,26.6700,26.3700,26.4900,26.5700,3842086,101868857.9600,3,0.803700,1,-0.301100,27.605771,0.799970,0.201863,69.599242,0
2026-02-05,sz.000029,22.7600,23.4800,22.5200,23.0800,22.8400,12639700,292603107.9900,3,1.417500,1,1.050800,-637.746247,6.373673,21.272045,-79.598003,0
2026-02-05,sz.000030,5.4000,5.4400,5.3800,5.4000,5.4200,12071180,65337121.4000,3,0.722400,1,-0.369000,13.817998,1.139657,0.543043,11.966467,0
2026-02-05,sz.000031,3.7100,3.7800,3.6700,3.7300,3.7800,68976600,256925715.5600,3,1.609200,1,-1.322800,-5.469716,1.577737,0.444587,-3.929739,0
2026-02-05,sz.000032,20.1000,20.1600,19.6600,19.8600,20.3600,15839187,314940409.4400,3,1.391900,1,-2.455800,153.210687,3.942851,0.464227,-20.935805,0
2026-02-05,sz.000034,36.4900,36.4900,35.8600,35.9600,36.7300,13886016,501101216.4100,3,2.296100,1,-2.096400,49.159488,2.342724,0.187212,50.619043,0
2026-02-05,sz.000035,6.0800,6.1600,5.9700,6.0300,6.1200,27168951,163989690.9800,3,1.174600,1,-1.470600,62.643571,1.316981,2.696555,18.196074,0
2026-02-05,sz.000036,5.6600,5.7300,5.5300,5.5800,5.6800,53926704,302415499.0600,3,3.848700,1,-1.760600,202.204458,1.541223,18.777857,-10.934199,0
2026-02-05,sz.000037,9.6200,9.7200,9.3800,9.4000,9.4000,19476101,185370999.4800,3,5.746700,1,0.000000,119.048505,3.854098,16.147168,-15.703526,0
2026-02-05,sz.000039,11.6000,11.7500,11.0300,11.2900,11.4100,189968356,2153429170.8900,3,8.254400,1,-1.051700,22.466032,1.252829,0.367300,27.411060,0
2026-02-05,sz.000042,9.0100,9.1100,8.9200,8.9800,9.0000,8679504,78147250.5600,3,1.306900,1,-0.222200,-4.132906,1.811073,2.380168,1.586074,0
2026-02-05,sz.000045,12.4700,12.5800,12.4000,12.4400,12.5600,4677100,58301915.0000,3,1.023400,1,-0.955400,90.125905,2.117777,1.922098,-158.218628,0
2026-02-05,sz.000048,17.8800,18.2500,17.7400,18.0200,18.0200,11256500,203162908.9900,3,2.138600,1,0.000000,23.314610,2.261942,1.897572,-33.224156,0
2026-02-05,sz.000049,25.9900,25.9900,25.6300,25.7900,26.0700,3414357,88033365.8000,3,0.887900,1,-1.074000,23.761733,1.488949,0.450782,72.123487,0
2026-02-05,sz.000050,9.4100,9.4200,9.2100,9.3300,9.4500,29178699,271305994.4400,3,1.187200,1,-1.269800,195.721553,0.833762,0.634447,-14.100345,0
2026-02-05,sz.000055,3.9500,4.0300,3.9500,3.9600,3.9900,13372165,53358844.7000,3,1.978600,1,-0.751900,386.846312,0.698345,1.125914,-30.759620,0
2026-02-05,sz.000056,1.8900,2.0700,1.8800,2.0700,1.8800,160665262,326167203.9400,3,17.778100,1,10.106400,-0.867032,-1.173051,0.710234,-1572.494424,0
2026-02-05,sz.000058,9.1900,9.3300,9.1100,9.1600,9.2800,11682319,107630293.4200,3,1.186300,1,-1.293100,122.158165,5.413861,6.692724,-130.632553,0
2026-02-05,sz.000059,5.9100,5.9900,5.7800,5.8100,5.9300,27423490,160539218.5000,3,1.714600,1,-2.023600,-4.041909,0.921906,0.230095,-5.934523,0
2026-02-05,sz.000060,7.0000,7.0700,6.7400,6.8700,7.1300,198054337,1363420778.9300,3,4.459600,1,-3.646600,27.163062,1.912632,0.469514,27.107100,0
2026-02-05,sz.000061,9.2200,9.4300,9.1900,9.2600,9.3100,16257834,151084709.8200,3,0.958100,1,-0.537100,55.237074,2.187902,2.623191,11.763335,0
2026-02-05,sz.000062,24.5000,24.7000,24.1800,24.3900,24.8100,9701825,236433762.3700,3,0.928500,1,-1.692900,82.878653,3.709915,1.093358,-104.034889,0
2026-02-05,sz.000063,36.7300,36.9800,36.3200,36.5700,37.1200,64320470,2356087796.9700,3,1.597000,1,-1.481700,29.952512,2.333557,1.327531,-36.637982,0
2026-02-05,sz.000065,12.5300,12.7000,12.4100,12.4500,12.7500,17003008,212993654.9000,3,1.744000,1,-2.352900,18.618609,1.420574,0.972205,8.280711,0
2026-02-05,sz.000066,15.9000,16.0500,15.8100,15.8600,16.1100,62697158,998068971.9600,3,1.943700,1,-1.551800,-66.031569,4.612080,3.435416,-46.323522,0
2026-02-05,sz.000068,3.5600,3.5700,3.5100,3.5100,3.5600,10791748,38216016.4800,3,1.072000,1,-1.404500,-260.201460,5.811766,3.776704,78.614771,0
2026-02-05,sz.000069,2.7800,2.8100,2.7300,2.7700,2.7800,86128172,238253142.4400,3,1.248500,1,-0.359700,-2.085037,0.485231,0.528817,-2.815505,0
2026-02-05,sz.000070,14.3300,14.8700,13.1100,14.1600,13.5200,269647327,3813907494.5700,3,30.342500,1,4.733700,-31.952572,8.455513,3.144775,-49.936052,0
2026-02-05,sz.000078,3.7300,3.8000,3.6600,3.6900,3.7900,93473793,347359727.2400,3,3.559000,1,-2.638500,-7.997867,5.327768,0.355928,-47.478217,0
2026-02-05,sz.000088,4.5600,4.5700,4.5300,4.5300,4.5500,29911724,136076941.6000,3,0.945700,1,-0.439600,16.631536,1.298652,29.569243,-10.456714,0
2026-02-05,sz.000089,7.2700,7.3300,7.2600,7.3000,7.3100,15937700,116229371.3000,3,0.777200,1,-0.136800,25.622682,1.293646,2.927665,10.848978,0
2026-02-05,sz.000090,4.0000,4.0100,3.9600,3.9800,4.0100,26121524,104123898.2000,3,1.398000,1,-0.748100,23.819856,0.658708,0.336854,-29.311770,0
2026-02-05,sz.000096,11.1600,11.2700,11.0700,11.0800,11.2300,5993701,66828505.1000,3,1.173300,1,-1.335700,96.353461,2.093579,3.959189,-30.707413,0
2026-02-05,sz.000099,20.1800,20.2500,20.0300,20.0500,20.2900,7983490,160596922.7600,3,1.029100,1,-1.182800,44.064463,2.843939,6.766309,-23.308816,0
2026-02-05,sz.000100,4.8900,4.9900,4.8300,4.9700,4.9200,484537940,2379647365.6300,3,2.677500,1,1.016300,33.504278,1.696712,0.581128,-26.702705,0
2026-02-05,sz.000151,13.5000,13.7300,13.4400,13.6000,13.5200,5639300,76941776.0000,3,1.831300,1,0.591700,-24.013032,13.784276,4.033096,-46.986799,0
2026-02-05,sz.000153,6.6500,6.7000,6.6300,6.6400,6.6500,6863480,45745306.8000,3,1.495700,1,-0.150400,27.109581,1.468211,0.743794,120.724653,0
2026-02-05,sz.000155,12.8500,12.8600,12.2500,12.3300,12.9400,43075848,536970443.3800,3,2.333300,1,-4.714100,51.202777,2.206335,7.922975,20.473666,0
2026-02-05,sz.000156,8.5400,8.8700,8.5100,8.7400,8.6100,30011846,261918857.5000,3,1.765500,1,1.509900,30.481305,1.082986,1.713156,-11.847839,0
2026-02-05,sz.000157,9.3600,9.4100,9.2500,9.3700,9.4400,84304118,787101469.2400,3,1.192300,1,-0.741500,18.838185,1.389391,1.679585,-80.377162,0
2026-02-05,sz.000158,19.9200,20.0400,19.9000,19.9600,20.0700,14558763,290786694.6000,3,0.916800,1,-0.548100,-70.943250,6.115964,3.546692,-94.356895,0
2026-02-05,sz.000159,7.0500,7.0500,6.7700,6.7800,7.0300,21484400,147567008.0000,3,4.469700,1,-3.556200,97.570093,1.598966,2.253717,15.022037,0
2026-02-05,sz.000166,5.0800,5.1200,5.0500,5.1000,5.0800,96180739,489487329.1100,3,0.426800,1,0.393700,13.618912,1.148493,4.032043,-7.885659,0
2026-02-05,sz.000301,12.6000,12.9000,12.3900,12.5300,12.7000,23575965,297229571.8700,3,0.356700,1,-1.338600,-110.250710,2.478415,0.681605,19.334168,0
2026-02-05,sz.000333,79.8300,81.1600,79.6300,80.4500,79.8100,42919791,3456314702.7200,3,0.626700,1,0.801900,13.671527,2.772096,1.348353,45.868944,0
2026-02-05,sz.000338,25.1000,25.1700,24.3000,24.4300,25.1900,95564894,2354299137.0600,3,1.908600,1,-3.017100,17.918849,2.263375,0.949022,-68.800706,0
2026-02-05,sz.000400,31.0600,31.1900,29.3400,29.5000,31.3400,46270293,1381518376.5200,3,4.573500,1,-5.871100,26.742245,2.537070,1.772134,18.489919,0
2026-02-05,sz.000401,5.2200,5.3400,5.1800,5.3000,5.2600,40241847,212489705.7800,3,1.529300,1,0.760500,-21.545362,0.518273,0.556760,-9.270274,0
2026-02-05,sz.000402,2.9100,2.9600,2.8900,2.9200,2.9200,43987002,128550538.8300,3,1.471800,1,0.000000,-0.888915,0.370701,0.638223,-38.383359,0
2026-02-05,sz.000403,13.6200,13.7600,13.5800,13.6600,13.6400,8414847,115078641.9400,3,0.894500,1,0.146600,23.192477,1.617557,5.448927,-71.816257,0
2026-02-05,sz.000404,7.1100,7.1600,7.0700,7.1000,7.0700,11827150,84150388.5000,3,1.707400,1,0.424300,10.881146,1.162116,0.424951,5.541765,0
2026-02-05,sz.000407,5.0500,5.1400,5.0000,5.0400,5.1200,38926807,196907720.0200,3,4.444800,1,-1.562500,34.764315,1.456145,1.091591,-58.116770,0
2026-02-05,sz.000408,85.0300,85.6600,81.6000,82.5600,86.7700,18676595,1551724579.4500,3,1.189400,1,-4.851900,37.436820,8.579372,38.946571,91.933606,0
2026-02-05,sz.000409,11.7200,11.8000,11.6400,11.6700,11.7700,8835863,103597261.4200,3,1.506100,1,-0.849600,126.362583,5.028570,5.714734,-161.799154,0
2026-02-05,sz.000410,7.5500,7.5500,7.3200,7.3500,7.5700,22412384,165772431.5600,3,1.333300,1,-2.906200,253.420736,4.614700,12.852370,11.036490,0
2026-02-05,sz.000411,12.3300,12.3300,12.1600,12.2500,12.3600,6126578,75020465.9100,3,1.665800,1,-0.890000,14.038150,1.476138,0.206374,139.259125,0
2026-02-05,sz.000415,4.5900,4.8200,4.5600,4.7700,4.6100,133378242,626623800.7600,3,2.473200,1,3.470700,-14.329853,1.022236,0.550085,-67.995765,0
2026-02-05,sz.000417,8.4700,8.7900,8.3000,8.6500,8.4700,50549057,432773501.6800,3,6.488700,1,2.125100,43.782340,1.433733,0.991297,179.822195,0
2026-02-05,sz.000419,6.6500,6.7300,6.6000,6.7200,6.6600,12816999,85684197.3200,3,2.357900,1,0.900900,28.429280,1.044455,1.684593,50.011926,0
2026-02-05,sz.000420,4.6800,4.7200,4.5900,4.6200,4.7000,71737100,332641665.0000,3,2.918500,1,-1.702100,-6594.990137,2.568327,2.225557,-313.844234,0
2026-02-05,sz.000421,7.1200,7.1400,7.0400,7.0700,7.1200,9052400,64088107.1600,3,1.576300,1,-0.702200,23.043178,1.445347,0.456316,44.269138,0
2026-02-05,sz.000422,15.5600,15.8300,15.0600,15.1400,15.6800,37532341,575081102.6300,3,3.548100,1,-3.443900,41.420842,2.793271,1.009599,209.410914,0
2026-02-05,sz.000423,54.9800,55.7600,54.5200,55.3000,54.9800,13395422,739381258.7600,3,2.083200,1,0.582000,21.217902,3.579840,5.817034,-34.476900,0
2026-02-05,sz.000425,11.6500,11.7400,11.5700,11.6500,11.6600,97961390,1141841638.6800,3,1.087300,1,-0.085800,20.742835,2.287054,1.372133,101.860472,0
2026-02-05,sz.000426,51.8300,53.8400,48.3700,50.0200,53.4000,146696916,7401186923.3000,3,8.263700,1,-6.329600,55.716556,9.697940,17.506564,64.003044,0
2026-02-05,sz.000428,3.8400,4.0000,3.8000,3.9500,3.8500,44314925,174686505.5000,3,4.349200,1,2.597400,-17.817714,2.887637,7.358828,222.391926,0
2026-02-05,sz.000429,12.2300,12.3600,12.2000,12.2500,12.2300,6386050,78400625.4200,3,0.490000,1,0.163500,14.224205,2.361496,5.731402,28.747988,0
2026-02-05,sz.000430,7.3000,7.3400,7.2800,7.3200,7.3000,3492600,25540524.0000,3,0.942500,1,0.274000,-10.979872,22.133622,12.940078,546.162786,1
2026-02-05,sz.000488,2.1100,2.1300,2.1000,2.1100,2.1200,11746950,24832295.0000,3,0.698600,1,-0.471700,-0.488372,1.941410,0.992624,-31.245525,1
2026-02-05,sz.000498,6.3000,6.3200,6.2500,6.2800,6.3000,10340300,65012480.3100,3,0.713400,1,-0.317500,4.286001,0.614492,0.139238,2.838238,0
2026-02-05,sz.000501,10.2500,10.4400,10.2000,10.3700,10.3100,14110600,145770187.4500,3,1.836800,1,0.582000,36.298612,0.728064,1.305612,-24.008123,0
2026-02-05,sz.000503,9.3700,9.4700,9.3400,9.3600,9.4200,9829120,92365289.4000,3,1.003800,1,-0.636900,-77.769840,7.234120,28.019495,-17.829339,0
2026-02-05,sz.000504,8.9700,8.9700,8.8500,8.8900,8.9700,1809500,16092174.0000,3,0.549800,1,-0.891900,-472.987264,12.107190,23.383473,-56.326557,1
2026-02-05,sz.000505,7.1200,7.2400,7.0400,7.1200,7.1500,17055700,121970750.0000,3,2.697100,1,-0.419600,-97.244355,1.681382,0.634844,8.324495,0
2026-02-05,sz.000506,19.9900,20.6800,19.0900,19.7000,21.0500,106784622,2113679435.3600,3,11.498200,1,-6.413300,408.365597,28.581611,35.310466,78.665530,0
2026-02-05,sz.000507,5.4900,5.5100,5.4500,5.4600,5.4900,10511169,57545408.8100,3,1.164900,1,-0.546400,16.644978,0.917436,1.158341,-19.097835,0
2026-02-05,sz.000509,3.4400,3.4700,3.4100,3.4300,3.4400,13282200,45727681.0000,3,1.237700,1,-0.290700,-321.285373,29.619438,4.065670,-373.910214,0
2026-02-05,sz.000510,15.3100,15.4400,14.7800,14.9400,15.5900,57401629,865259469.1000,3,9.461800,1,-4.169300,-90.709059,7.849770,5.436497,-102.726290,0
2026-02-05,sz.000513,35.4700,35.6400,35.3500,35.6100,35.4900,5678971,201796522.7600,3,0.999900,1,0.338100,14.757962,2.264466,2.668972,-38.851749,0
2026-02-05,sz.000514,5.1800,5.2500,5.1500,5.1900,5.2000,22272968,116171882.6500,3,2.639700,1,-0.192300,47.083595,1.154743,15.017267,-38.401940,0
2026-02-05,sz.000516,4.9600,5.0000,4.9300,4.9500,4.9700,31176298,154680325.7800,3,1.414000,1,-0.402400,-33.015577,3.320531,2.635783,-60.097220,0
2026-02-05,sz.000517,2.0200,2.0700,1.9900,2.0500,2.0400,102233335,208074456.3700,3,4.102500,1,0.490200,-3.088657,1.134361,0.574860,-8.278507,0
2026-02-05,sz.000518,2.6300,2.6800,2.6200,2.6700,2.6400,9299760,24667327.1000,3,0.903300,1,1.136400,-25.435520,7.656805,8.040184,39.917599,1
2026-02-05,sz.000519,18.8900,19.0800,18.5600,18.6200,19.0300,25392646,475477284.9500,3,1.823500,1,-2.154500,-79.552120,2.538348,4.915862,-79.331147,0
2026-02-05,sz.000520,4.3400,4.4100,4.3400,4.3600,4.3600,12323000,53907547.0000,3,1.217600,1,0.000000,-37.963105,10.956217,6.482292,44.751276,0
2026-02-05,sz.000521,6.6000,6.6800,6.5900,6.6300,6.6200,11062755,73578362.3300,3,1.263500,1,0.151100,10.414953,1.099277,0.218727,13.280483,0
2026-02-05,sz.000523,3.8700,4.2900,3.8500,4.1400,3.9000,245765187,1036095156.5300,3,18.546100,1,6.153800,14.796958,4.017717,3.844719,-1064.216605,0
2026-02-05,sz.000524,12.9000,13.1500,12.8700,13.0400,12.9300,14664908,191007136.0600,3,2.189000,1,0.850700,108.594018,3.840516,1.962714,42.736577,0
2026-02-05,sz.000525,5.9000,6.1400,5.8900,6.0500,5.8900,47094535,284666300.5900,3,4.236000,1,2.716500,87.787014,3.018706,2.995275,-176.799999,0
2026-02-05,sz.000526,37.8000,38.4700,37.6600,38.3800,37.8500,1754310,67147115.7000,3,1.468500,1,1.400300,19.896241,4.689950,1.483861,89.241731,0
2026-02-05,sz.000528,11.6800,11.7700,11.5900,11.6800,11.6800,27591274,322123768.0500,3,1.357000,1,0.000000,16.243148,1.304225,0.721339,35.501056,0
2026-02-05,sz.000529,6.2500,6.3100,6.2300,6.2400,6.2500,9468587,59308358.4000,3,1.661500,1,-0.160000,35.084247,1.149364,1.700437,-14.390064,0
2026-02-05,sz.000530,6.9800,7.0200,6.8800,6.9000,7.0300,17035700,118077454.0000,3,2.839100,1,-1.849200,54.860625,1.828301,1.313466,256.493407,0
2026-02-05,sz.000531,6.3500,6.3800,6.2300,6.2500,6.3500,13686279,85921823.7300,3,1.504400,1,-1.574800,15.420039,0.934369,1.572677,-19.616333,0
2026-02-05,sz.000532,15.9500,16.1700,15.8500,16.0200,16.0300,7808174,124796573.0600,3,2.272800,1,-0.062400,24.671371,3.521298,10.322324,24.487964,0
2026-02-05,sz.000533,11.2000,11.5000,10.6100,10.7800,11.1500,194410587,2137160728.8600,3,28.385200,1,-3.318400,72.106847,7.855961,3.195088,572.798222,0
2026-02-05,sz.000534,31.1800,31.7000,28.8300,29.8600,31.0200,21167502,631540316.8100,3,4.233800,1,-3.739500,67.956437,9.706258,12.249117,675.603389,0
2026-02-05,sz.000536,4.7300,4.7700,4.7000,4.7100,4.6700,48033550,227129108.3600,3,1.738400,1,0.856500,-12.989606,22.779501,8.910192,382.859234,0
2026-02-05,sz.000537,8.7100,8.7200,8.5300,8.5400,8.7000,16227446,139310510.1000,3,0.785200,1,-1.839100,19.641452,0.882008,3.817388,14.724127,0
2026-02-05,sz.000538,56.4500,57.3600,56.3200,57.1300,56.3500,14349987,818244390.4100,3,0.809500,1,1.384200,19.603597,2.565472,2.500099,-19.013634,0
2026-02-05,sz.000539,4.8900,4.9000,4.7900,4.8300,4.8800,21656400,104477755.0000,3,0.847500,1,-1.024600,312.674925,1.082100,0.484328,187.797392,0
2026-02-05,sz.000541,6.3400,6.3700,6.3000,6.3100,6.3700,8920894,56445853.7400,3,0.725000,1,-0.941900,28.818512,1.444260,1.114756,-26.350031,0
2026-02-05,sz.000543,8.0700,8.0700,7.9000,7.9500,8.0800,28261622,225178796.1000,3,1.246700,1,-1.608900,7.550207,1.049032,0.614525,-48.188376,0
2026-02-05,sz.000544,8.6400,8.6500,8.5300,8.5800,8.6300,3480715,29891488.5500,3,0.357100,1,-0.579400,7.884093,0.921746,1.591304,14.304631,0
2026-02-05,sz.000545,2.9300,3.0100,2.8700,2.8800,2.9500,33624800,98286441.0000,3,3.412300,1,-2.372900,-6.729761,3.115903,1.625712,-32.544581,0
2026-02-05,sz.000546,5.7700,5.7900,5.6400,5.6700,5.8100,24050500,137128848.0000,3,3.452000,1,-2.409600,-24.699007,1.086437,0.490631,1053.594028,0
2026-02-05,sz.000547,31.0200,33.7700,30.6300,32.0000,32.5000,400680704,12929821762.1100,3,25.214000,1,-1.538500,-31.896318,10.880870,21.529833,-339.224012,0
2026-02-05,sz.000548,5.8800,5.9100,5.8000,5.8100,5.8500,10890792,63739451.0400,3,2.181800,1,-0.683800,63.057604,1.402556,5.854082,-21.789595,0
2026-02-05,sz.000550,17.8500,18.0300,17.8100,17.9500,17.9000,3559226,63765006.7000,3,0.686500,1,0.279300,13.042669,1.376471,0.395575,-35.550372,0
2026-02-05,sz.000551,15.3200,15.6400,15.1300,15.2900,15.4800,16741661,256842194.4700,3,3.466300,1,-1.227400,28.782747,2.634022,1.872287,52.058997,0
2026-02-05,sz.000552,2.5000,2.5100,2.4600,2.4800,2.5400,88024604,218374007.9600,3,2.362600,1,-2.362200,-143.127081,0.811993,1.675385,-21.688301,0
2026-02-05,sz.000553,6.0100,6.1000,5.9700,6.0000,6.0500,6992270,42126560.1600,3,0.321200,1,-0.826400,-9.395046,0.757525,0.471571,-25.448471,0
2026-02-05,sz.000554,7.9200,8.2200,7.8300,7.8500,8.0100,39769665,317378499.0900,3,10.966300,1,-1.997500,23.706156,3.258208,1.192997,-322.178417,0
2026-02-05,sz.000555,17.0200,17.5700,16.8800,17.4200,17.3000,33831144,585453554.4000,3,3.480900,1,0.693600,-33.140176,3.067402,1.416929,14.858747,0
2026-02-05,sz.000557,5.0100,5.0300,4.9800,5.0100,5.0100,9302380,46533857.0000,3,0.638100,1,0.000000,21.906424,1.147627,5.472216,-19.514515,0
2026-02-05,sz.000558,5.4800,5.5900,5.4500,5.5300,5.4700,63527715,352494478.1900,3,4.929700,1,1.096900,-208.882957,6.798053,14.101845,94.669174,0
2026-02-05,sz.000559,17.0200,17.0800,16.5500,16.6500,17.1900,84649735,1414395176.8400,3,2.553900,1,-3.141400,54.776468,5.872571,3.974378,27.633317,0
2026-02-05,sz.000560,3.5400,3.6000,3.5100,3.5500,3.6100,312082161,1110507107.1600,3,13.833800,1,-1.662000,77.965713,0.888089,0.700388,-37.366260,0
2026-02-05,sz.000561,11.5000,11.6500,11.3300,11.3700,11.6100,19164287,219135948.0100,3,2.675100,1,-2.067200,-45.650283,3.114506,10.108471,35.329920,0
2026-02-05,sz.000563,3.6300,3.6400,3.5800,3.6200,3.6300,66465426,240300606.4200,3,1.299700,1,-0.275500,12.868089,0.996547,6.321793,7.343662,0
2026-02-05,sz.000564,2.3500,2.4000,2.3400,2.3900,2.3400,331874409,790080016.5800,3,2.255300,1,2.136800,-31.559575,2.742201,35.849442,-28.931679,0
2026-02-05,sz.000565,8.3800,8.5100,8.2700,8.2700,8.4300,20528108,172193124.3000,3,4.734400,1,-1.898000,615.684992,2.876104,9.707083,103.131188,0
2026-02-05,sz.000566,6.3000,6.4200,6.2600,6.3000,6.3400,32123100,203487554.2600,3,2.477200,1,-0.630900,-5.551378,29.361503,9.899256,-2874.340300,0
2026-02-05,sz.000567,5.9000,5.9500,5.8500,5.8900,5.9200,11737986,69156391.0800,3,0.602000,1,-0.506800,-709.220741,2.134951,24.858141,43.430543,0
2026-02-05,sz.000568,125.4000,127.9100,125.0500,125.4600,126.3000,15871076,2005188173.5000,3,1.080200,1,-0.665100,14.607251,3.717204,6.151529,147.131401,0
2026-02-05,sz.000570,6.0000,6.0400,5.9400,5.9400,6.0100,10832895,64874682.5500,3,1.949400,1,-1.164700,252.195455,1.219668,1.663232,15.717255,0
2026-02-05,sz.000571,6.2600,6.3600,6.1300,6.1800,6.4400,19219823,119162286.8300,3,2.361200,1,-4.037300,-38.344677,36.547566,8.058394,-23.297955,0
2026-02-05,sz.000572,7.0000,7.1600,6.9500,7.0700,7.0700,63443453,449147485.7100,3,3.863200,1,0.000000,-43.013691,6.915410,5.775476,-10.170994,0
2026-02-05,sz.000573,4.3100,4.4100,4.2800,4.3200,4.3000,26171300,113812104.0000,3,4.134700,1,0.465100,42.256751,1.676102,6.342921,81.121897,0
2026-02-05,sz.000576,10.7000,10.9400,10.6000,10.6300,10.7700,8316260,89199222.1200,3,1.917000,1,-1.299900,59.462583,2.809258,9.683974,-39.879441,0
2026-02-05,sz.000581,21.1100,21.1600,20.7900,20.8500,21.1700,7268319,152009114.7100,3,0.915600,1,-1.511600,13.138350,1.004699,1.760643,66.337520,0
2026-02-05,sz.000582,9.8400,9.8700,9.7300,9.7700,9.8700,25631242,250862870.1700,3,1.249900,1,-1.013200,21.573631,1.249655,3.084566,86.035901,0
2026-02-05,sz.000586,14.6400,14.8300,14.2800,14.3000,14.7400,6942901,100395312.3300,3,3.589200,1,-2.985100,344.380762,8.168562,5.463641,113.266497,0
2026-02-05,sz.000589,5.1800,5.2100,5.1000,5.1200,5.1700,30644886,157501330.0900,3,1.993600,1,-0.967100,15.762789,0.893434,0.736751,-6.250295,0
2026-02-05,sz.000590,11.2900,11.5400,11.2900,11.5000,11.2900,5638442,64526420.9000,3,2.355500,1,1.860100,-24.624259,4.720259,7.828246,-1269.531052,0
2026-02-05,sz.000591,5.6900,5.6900,5.4200,5.4300,5.7300,175872639,967190893.1600,3,4.482500,1,-5.235600,20.105931,0.875206,3.970413,-628.237845,0
2026-02-05,sz.000592,10.8000,11.8300,10.7700,11.8300,10.7500,234941963,2721060182.9900,3,12.267900,1,10.046500,-211.300946,11.914860,16.220287,333.222359,0
2026-02-05,sz.000593,14.6800,14.6900,14.2000,14.3100,14.6900,13710868,197285884.5000,3,3.824700,1,-2.586800,3446.772202,5.869298,2.921643,-235.225447,0
2026-02-05,sz.000595,6.1000,6.1600,6.0300,6.0400,6.1400,10427902,63280230.0600,3,0.915800,1,-1.628700,-346.561831,13.515363,25.176654,-268.142713,1
2026-02-05,sz.000596,136.0900,140.2500,135.5000,138.0300,135.9000,6616608,916333174.9900,3,1.619300,1,1.567300,15.422377,2.865603,3.485373,-20.388536,0
2026-02-05,sz.000597,5.2400,5.2800,5.2200,5.2500,5.2600,8356996,43868116.1200,3,0.593000,1,-0.190100,20.001476,1.396834,1.094213,-36.747247,0
2026-02-05,sz.000598,7.2000,7.3100,7.1100,7.2400,7.2000,33154354,238585255.6000,3,1.112900,1,0.555600,10.122867,1.108940,2.302280,-51.793651,0
2026-02-05,sz.000599,7.8800,7.9500,7.2500,7.4200,7.8800,59007919,441923924.1700,3,7.224800,1,-5.837600,-13.915871,4.606709,1.345383,411.836763,0
2026-02-05,sz.000600,8.5100,8.5200,8.2800,8.3500,8.5400,23388824,196017720.2400,3,2.145700,1,-2.224800,9.196735,1.273650,0.658105,20.726387,0
2026-02-05,sz.000601,5.1700,5.1900,5.1200,5.1400,5.2000,14011100,72236827.0000,3,1.335000,1,-1.153800,104.372125,1.306351,1.158567,24.006323,0
2026-02-05,sz.000603,49.5500,51.7500,46.0000,48.3300,50.9900,66429760,3231006825.6600,3,9.963700,1,-5.216700,64.942566,10.134749,14.698437,291.545550,0
2026-02-05,sz.000605,7.2000,7.2700,7.1600,7.1700,7.2000,4290220,30883199.6000,3,1.216500,1,-0.416700,147.005420,1.186847,1.492789,-34.086305,0
2026-02-05,sz.000607,5.0800,5.4300,5.0800,5.2900,5.1700,99513469,524151459.0300,3,11.244000,1,2.321100,-69.412038,3.472977,4.564086,48.922925,0
2026-02-05,sz.000608,3.7900,3.9000,3.6100,3.7300,3.7500,34897768,130621304.4900,3,4.681600,1,-0.533300,-15.448680,1.255659,7.362725,-132.250617,1
2026-02-05,sz.000609,7.8400,7.8400,7.8400,7.8400,7.4700,1532700,12016368.0000,3,0.526600,1,4.953100,-7.965347,-275.483634,15.073396,-597.255710,1
2026-02-05,sz.000610,10.1100,10.3900,10.0000,10.1700,10.5300,27718697,283253508.4700,3,11.769900,1,-3.418800,-9.485304,15.400408,4.571433,-393.345372,0
2026-02-05,sz.000612,13.4900,13.5800,12.8500,13.0500,13.6600,46363976,609030599.8500,3,3.891500,1,-4.465600,16.095206,2.224328,2.336727,108.486720,0
2026-02-05,sz.000615,3.1300,3.2100,3.1200,3.1600,3.1300,10536130,33415336.2000,3,1.138700,1,0.958500,-14.451004,-22.305478,5.526480,-410.390281,1
2026-02-05,sz.000617,8.9700,8.9700,8.8700,8.9300,8.9600,41886834,373651344.6900,3,0.331300,1,-0.334800,26.212048,1.076533,3.184222,-1.128733,0
2026-02-05,sz.000619,6.6800,6.7000,6.6000,6.6000,6.6600,8935700,59442419.0000,3,2.482100,1,-0.900900,-24.718260,1.141750,0.601106,-2919.777015,0
2026-02-05,sz.000620,3.2400,3.2500,3.1600,3.2000,3.3000,192369286,614931682.8700,3,4.117700,1,-3.030300,-17.040710,4.201454,9.646793,85.252924,0
2026-02-05,sz.000623,18.9900,19.1200,18.7800,18.9400,19.0800,14467991,273741006.8700,3,1.214800,1,-0.733800,8.820971,0.740973,9.673893,-421.012242,0
2026-02-05,sz.000625,11.2000,11.3000,11.1600,11.2700,11.1300,75832959,852549490.4600,3,0.917300,1,1.257900,16.437111,1.448328,0.682456,-7.633077,0
2026-02-05,sz.000626,7.7100,7.8500,7.6800,7.6800,7.7500,5472200,42412896.0000,3,1.086400,1,-0.903200,-20.107561,1.637613,0.045800,-18.954049,0
2026-02-05,sz.000628,49.4100,50.3000,48.2200,48.3500,50.1500,4607402,224968382.9200,3,2.396700,1,-3.589200,470.630045,7.769664,2.842175,329.256258,0
2026-02-05,sz.000629,3.7600,3.7700,3.6300,3.6700,3.7800,148090063,546646932.4500,3,1.594000,1,-2.910100,-730.469354,2.777138,3.679508,-190.008046,0
2026-02-05,sz.000630,7.4300,7.5400,7.0900,7.1900,7.6600,739374541,5379284883.6100,3,6.635300,1,-6.135800,52.138428,2.669143,0.598412,-43.151327,0
2026-02-05,sz.000631,3.7000,3.9100,3.6700,3.8400,3.7500,71815931,274315810.3500,3,2.998200,1,2.400000,113.649004,1.567175,38.926442,4.786904,0
2026-02-05,sz.000632,5.1800,5.5000,5.1500,5.2700,5.1600,57309901,305972040.3600,3,12.312000,1,2.131800,-4.252286,2.786295,0.433660,-30.460443,0
2026-02-05,sz.000633,7.6000,7.8600,7.5800,7.6600,7.6700,15235410,117581988.0000,3,3.956200,1,-0.130400,187.793573,15.013317,8.231875,-699.183025,0
2026-02-05,sz.000635,10.1600,10.2600,9.9700,10.0200,10.2600,5162200,52185452.0000,3,1.703200,1,-2.339200,-8.025729,2.558912,2.256488,9.414848,0
2026-02-05,sz.000636,20.5000,22.7900,20.4400,22.7900,20.7200,99486250,2170653413.0700,3,8.598500,1,9.990300,87.793445,2.110144,4.815924,-124.591921,0
2026-02-05,sz.000637,4.7700,4.8400,4.6700,4.6800,4.7700,13771200,65458932.0000,3,3.777200,1,-1.886800,-38.862863,4.385141,0.758880,39.597322,0
2026-02-05,sz.000638,2.0000,2.0000,2.0000,2.0000,2.1000,1202100,2404200.0000,3,0.387600,1,-4.761900,-55.424051,4.464556,1.360983,-17.611028,1
2026-02-05,sz.000639,2.9000,3.0400,2.8900,2.9300,2.9100,58054023,171932449.1000,3,5.378200,1,0.687300,-6.276029,1.089052,0.677870,-26.862008,0
2026-02-05,sz.000650,5.9500,5.9800,5.9200,5.9500,5.9700,15408603,91674402.6000,3,1.157300,1,-0.335000,18.702757,1.311379,2.216680,13.672731,0
2026-02-05,sz.000651,38.7500,39.0000,38.6300,38.9200,38.8800,34611483,1343643648.8800,3,0.627600,1,0.102900,6.880437,1.509488,1.209297,-56.214397,0
2026-02-05,sz.000652,4.2400,4.4100,4.2300,4.2800,4.2600,33218277,143960097.8300,3,2.252900,1,0.469500,135.230215,1.103074,0.337007,15.590734,0
2026-02-05,sz.000655,10.2100,10.3000,9.9600,9.9900,10.3300,9632101,97168656.1500,3,1.617900,1,-3.291400,21.662739,1.694542,3.521838,-17.263283,0
2026-02-05,sz.000656,1.4600,1.4600,1.4300,1.4400,1.4600,127852368,184627672.9200,3,1.680000,1,-1.369900,-0.409276,-0.415160,1.310281,12.142790,1
2026-02-05,sz.000657,46.1100,47.3100,44.2800,45.4500,46.8800,65758379,2992487523.6300,3,4.525900,1,-3.050300,96.781349,10.489033,6.373341,87.709411,0
2026-02-05,sz.000659,4.5400,4.5900,4.4100,4.4200,4.5400,33247410,148704138.5000,3,2.585900,1,-2.643200,-38.531247,33.427794,5.705597,147.131897,0
2026-02-05,sz.000661,91.1000,91.7000,90.8400,91.1500,91.4100,3589625,327635308.5300,3,0.898300,1,-0.284400,38.771072,1.616167,2.885954,-11.440783,0
2026-02-05,sz.000663,7.8000,8.0900,7.7500,7.8700,7.8300,18802355,149894426.9000,3,6.138500,1,0.510900,-40.333363,2.645425,8.333306,44.349950,0
2026-02-05,sz.000665,5.4800,5.5800,5.4700,5.5600,5.5200,15877585,88066745.8700,3,1.396300,1,0.724600,-7.592843,1.575116,4.462134,43.265568,0
2026-02-05,sz.000668,14.3000,14.4700,13.7300,13.7800,14.2600,2933613,40933285.1800,3,1.997800,1,-3.366100,-5.607555,2.864624,7.234091,-14515.699441,1
2026-02-05,sz.000669,3.0500,3.0800,3.0000,3.0300,3.0700,6556220,19864990.2000,3,0.963600,1,-1.302900,-12.636418,-185.716708,1.629140,50.255834,1
2026-02-05,sz.000670,8.3900,8.4300,8.2600,8.3000,8.4800,33098043,275617585.2800,3,4.027200,1,-2.122600,-101.914998,252.563498,1.525187,265.406552,0
2026-02-05,sz.000672,15.1800,15.2500,14.7000,14.9400,15.2000,19863265,296886502.8000,3,2.049000,1,-1.710500,19.283887,1.632428,2.768499,-14.158857,0
2026-02-05,sz.000676,9.2900,9.6800,9.2500,9.5300,9.4300,57554579,548006371.8900,3,4.571300,1,1.060400,67.938580,2.810833,2.910165,-96.004735,0
2026-02-05,sz.000677,4.0900,4.1300,4.0200,4.0300,4.1100,25328800,103008072.5000,3,2.931600,1,-1.946500,472.184808,6.856453,3.277552,-361.624417,0
2026-02-05,sz.000678,13.7900,13.7900,13.4000,13.4000,13.8100,11175195,150908229.8900,3,2.431400,1,-2.968900,-143.989252,7.723941,4.001706,-427.151757,0
2026-02-05,sz.000679,7.1500,7.4000,7.1500,7.3300,7.2100,5447100,39842471.0000,3,1.528400,1,1.664400,-27.970876,13.234072,5.160747,-87.737872,0
2026-02-05,sz.000680,12.8200,13.3200,12.7200,12.9900,12.8300,31769648,414951355.7100,3,2.416500,1,1.247100,16.027804,3.339300,1.347636,-24.542460,0
2026-02-05,sz.000681,26.1300,26.7700,25.9700,26.2400,26.8000,46490108,1223549825.1300,3,6.874600,1,-2.089600,164.476663,5.070213,22.611207,137.303429,0
2026-02-05,sz.000682,13.6000,13.6300,12.8700,12.9200,13.6800,30799150,402798047.9300,3,2.297500,1,-5.555600,22.860446,3.148740,2.144194,75.011145,0
2026-02-05,sz.000683,8.2400,8.3900,8.0100,8.1000,8.2800,36954895,301775712.6800,3,1.103500,1,-2.173900,28.173244,2.071126,2.607087,35.322137,0
2026-02-05,sz.000685,12.5900,12.6200,12.2000,12.2800,12.6400,22477822,277363192.7200,3,1.792500,1,-2.848100,13.082976,1.007662,3.329833,203.471157,0
2026-02-05,sz.000686,9.0800,9.1500,9.0000,9.1000,9.1100,34975241,317272778.8600,3,1.494400,1,-0.109800,14.521644,1.068344,2.807944,3.032205,0
2026-02-05,sz.000688,27.6300,27.6300,25.5600,26.0900,27.7500,19760915,520679610.4600,3,1.667500,1,-5.982000,108.168675,9.265803,13.699144,34.110654,0
2026-02-05,sz.000690,4.4000,4.4100,4.3300,4.3600,4.4000,31627100,137942766.0000,3,1.454500,1,-0.909100,10.154118,0.755746,1.109356,28.476229,0
2026-02-05,sz.000691,8.6600,8.7900,8.5000,8.6600,8.7100,6139800,53062459.0000,3,1.899300,1,-0.574100,-34.379024,-40.829322,9.390561,-347.533850,1
2026-02-05,sz.000692,3.8200,3.8600,3.7700,3.8000,3.8100,12237300,46695272.0000,3,2.296600,1,-0.262500,-10.534314,-15.681132,0.967034,41.316423,0
2026-02-05,sz.000695,12.4700,12.7000,12.3800,12.5000,12.4900,7660000,96185388.0000,3,3.453400,1,0.080100,-36.495321,26.758654,5.784415,-359.177880,0
2026-02-05,sz.000697,8.8200,8.9000,8.7700,8.7900,8.8400,3999100,35334111.0000,3,0.612300,1,-0.565600,-53.566793,-369.703045,6.727734,43.946957,1
2026-02-05,sz.000698,3.8500,3.8600,3.8100,3.8100,3.8600,9406700,36024468.0000,3,1.197200,1,-1.295300,28.942682,2.113504,0.576376,6.972926,1
2026-02-05,sz.000700,14.7000,15.2300,14.4600,14.7400,14.7500,72915469,1080537414.8100,3,7.942700,1,-0.067800,29.269845,3.368413,1.934622,-89.574518,0
2026-02-05,sz.000701,6.2900,6.3900,6.2600,6.3300,6.3100,13729100,87125891.0000,3,2.056000,1,0.317000,-6.388580,-8.358252,0.116154,-6.741224,0
2026-02-05,sz.000702,7.0700,7.1600,6.9900,7.0600,7.0300,6282003,44533328.5100,3,2.356000,1,0.426700,-45.750995,6.951504,2.159744,-15.739948,0
2026-02-05,sz.000703,11.8000,12.1600,11.6300,11.9800,11.8300,34460098,410425646.4200,3,0.961700,1,1.268000,184.348519,1.852412,0.376827,-23.287481,0
2026-02-05,sz.000705,9.5500,9.6200,9.4700,9.4900,9.5500,4971800,47400349.0000,3,1.763300,1,-0.628300,67.149774,1.571688,1.188158,-129.424099,0
2026-02-05,sz.000707,6.5100,6.7000,6.4700,6.4900,6.5100,10390638,68131010.4800,3,2.238700,1,-0.307200,-44.649475,1.332718,1.580583,-13.293909,0
2026-02-05,sz.000708,15.3800,15.6200,15.1700,15.3000,15.4600,15358583,236057116.4300,3,0.304300,1,-1.034900,13.740934,1.859123,0.722337,27.433732,0
2026-02-05,sz.000709,2.5200,2.5300,2.4600,2.4900,2.5300,138897814,345797176.5300,3,1.343900,1,-1.581000,26.764273,0.498393,0.199821,-8.936754,0
2026-02-05,sz.000710,12.2100,12.3900,12.2000,12.2400,12.2800,6987700,85867234.0000,3,2.120500,1,-0.325700,-16.943932,2.671673,4.597639,43.704826,0
2026-02-05,sz.000711,2.5500,2.5800,2.5300,2.5800,2.4600,57236792,146707010.1600,3,2.504100,1,4.878000,-49.357162,12.720298,11.724216,-584.537574,1
2026-02-05,sz.000712,12.4400,12.5500,12.3500,12.4500,12.4600,21304034,265175247.1900,3,2.378400,1,-0.080300,70.201140,4.398024,13.686068,6.809223,0
2026-02-05,sz.000713,6.8800,6.9300,6.8200,6.8300,6.9400,17620500,120883414.3300,3,2.869700,1,-1.585000,108.647365,2.860613,1.996166,19.294100,0
2026-02-05,sz.000715,6.5100,6.6100,6.4400,6.5500,6.5200,20899398,136554713.2400,3,3.877500,1,0.460100,31.173232,1.801846,4.664070,22.794920,0
2026-02-05,sz.000716,6.1700,6.2700,6.1500,6.2100,6.1900,19520800,121377246.9700,3,2.642300,1,0.323100,109.227056,1.834222,1.993738,63.422299,0
2026-02-05,sz.000717,2.6200,2.6300,2.5700,2.5800,2.6200,32397400,84240472.0000,3,1.336800,1,-1.526700,-14.879168,0.797429,0.222425,15.713470,0
2026-02-05,sz.000718,2.4300,2.4600,2.4100,2.4200,2.4300,47439084,115418219.5100,3,2.078800,1,-0.411500,-82.854356,0.785841,4.753557,94.843503,0
2026-02-05,sz.000719,13.2200,13.4900,13.0600,13.2700,13.4400,33893894,449456463.6000,3,5.080400,1,-1.264900,10.064249,1.167093,1.451973,-70.645142,0
2026-02-05,sz.000720,3.7400,3.7600,3.6800,3.6900,3.7600,22589815,83683543.2000,3,1.797800,1,-1.861700,-49.746023,1.966535,3.313701,111.611153,0
2026-02-05,sz.000721,8.9400,9.1400,8.9400,9.0200,8.9900,15744400,142576645.9800,3,3.072900,1,0.333700,-41.714389,23.781532,8.842974,-197.459186,0
2026-02-05,sz.000722,13.0600,13.0700,12.7100,12.7500,13.1000,11240968,144423607.5500,3,2.421800,1,-2.671800,84.040889,1.880466,15.890656,397.163563,0
2026-02-05,sz.000723,5.1200,5.1500,4.9600,5.0200,5.1700,261881154,1315730643.8200,3,5.958100,1,-2.901400,-18.047949,1.666655,1.253471,-31.523907,0
2026-02-05,sz.000725,4.3700,4.4100,4.3400,4.4100,4.3900,605328152,2650425563.7800,3,1.665700,1,0.455600,24.696292,1.221067,0.780917,115.662190,0
2026-02-05,sz.000726,7.6100,7.7000,7.5600,7.6300,7.6100,10436904,79629849.4000,3,1.771600,1,0.262800,9.975453,0.644097,1.041188,-25.884515,0
2026-02-05,sz.000727,2.5600,2.5800,2.5400,2.5500,2.5700,46219577,118212292.3500,3,1.020400,1,-0.778200,-19.640847,4.992034,0.217689,-18.596328,0
2026-02-05,sz.000728,8.1900,8.2800,8.1600,8.2200,8.2200,28706347,236009986.9300,3,0.657800,1,0.000000,13.338402,0.955287,4.039577,3.426050,0
2026-02-05,sz.000729,12.4600,12.8800,12.4200,12.8000,12.4600,38110145,485665177.1900,3,1.518600,1,2.728700,23.456584,2.275603,2.365150,42.453253,0
2026-02-05,sz.000731,6.8800,6.9600,6.8300,6.8500,6.8900,9289200,63960660.0000,3,1.692600,1,-0.580600,50.081491,0.932196,0.853870,921.354598,0
2026-02-05,sz.000733,54.5600,55.0800,53.6000,54.2600,54.5800,12972653,702520765.8000,3,2.341200,1,-0.586300,31.691030,1.966317,5.562526,40.077966,0
2026-02-05,sz.000735,7.8000,7.9400,7.7800,7.8200,7.8700,34338191,269549127.1800,3,2.983600,1,-0.635300,-109.701564,2.133410,3.778554,-24.731559,0
2026-02-05,sz.000736,5.1800,5.2800,5.1400,5.2400,5.1800,10232015,53311290.1400,3,1.369600,1,1.158300,-0.731689,3.137853,0.192619,-0.676623,1
2026-02-05,sz.000737,17.4300,17.5500,16.0700,16.5000,17.7900,159110695,2667368282.8000,3,8.354300,1,-7.251300,41.608685,4.720476,1.215767,-223.052028,0
2026-02-05,sz.000738,26.7500,28.7000,26.6400,27.9300,27.4200,93010016,2595111784.0900,3,7.072000,1,1.860000,70.326482,2.930957,7.011490,-260.413241,0
2026-02-05,sz.000739,18.9900,19.2500,18.6600,18.8000,18.9800,7758130,146332547.8300,3,0.670000,1,-0.948400,25.273118,3.357626,2.075050,-591.098846,0
2026-02-05,sz.000750,4.2200,4.2500,4.1900,4.2300,4.2200,63580176,268374632.2800,3,1.096900,1,0.237000,35.252702,1.196967,7.825587,44.026209,0
2026-02-05,sz.000751,5.7200,5.8300,5.4800,5.5500,5.8500,152158108,856975646.2200,3,10.792400,1,-5.128200,130.985410,2.487575,0.503515,24.790655,0
2026-02-05,sz.000752,11.0600,11.0900,10.9200,10.9300,10.9600,2353500,25874103.0000,3,0.892300,1,-0.273700,19.596576,4.689772,6.447481,6.899751,1
2026-02-05,sz.000753,7.2800,7.5900,7.2400,7.5000,7.2400,51574071,386142183.0800,3,5.201700,1,3.591200,132.310914,2.713354,2.412309,62.457718,0
2026-02-05,sz.000755,5.4800,5.5100,5.3600,5.3800,5.4400,16564210,89861739.6400,3,1.128900,1,-1.102900,16.644411,1.449999,4.968435,135.578133,0
2026-02-05,sz.000756,15.9100,16.0000,15.8300,15.8800,15.9800,7165093,113942104.6400,3,1.436200,1,-0.625800,28.949138,2.148626,1.302371,134.997637,0
2026-02-05,sz.000757,5.2200,5.2800,5.1700,5.1800,5.2200,12291614,64227687.9000,3,2.307400,1,-0.766300,59.138018,1.733179,0.876512,-53.263076,0
2026-02-05,sz.000758,7.5200,7.5900,7.2200,7.3500,7.6400,74568007,549741347.0600,3,3.773400,1,-3.795800,26.768431,2.454630,1.643180,33.517962,0
2026-02-05,sz.000759,7.2300,7.5000,7.1600,7.4800,7.2300,54215700,399594353.0000,3,8.268300,1,3.457800,-6.382592,4.087995,0.562935,-9.138584,0
2026-02-05,sz.000761,3.7300,3.9300,3.7200,3.7800,3.7600,39887036,151960082.0000,3,1.075600,1,0.531900,-3.824483,1.785214,0.335746,-17.208077,0
2026-02-05,sz.000762,26.2400,26.3300,25.2300,25.5100,26.6800,17217096,442166563.3200,3,3.305900,1,-4.385300,-278.582804,4.512164,55.855771,-52.376134,0
2026-02-05,sz.000766,24.0000,24.2300,23.3900,23.6000,23.5700,16816633,399793223.9000,3,1.740800,1,0.127300,396.841479,9.911873,18.302772,451.445185,0
2026-02-05,sz.000767,3.1700,3.2200,3.1100,3.1100,3.2000,97304962,305661236.3400,3,3.341200,1,-2.812500,14.641427,1.525589,0.598906,830.161271,0
2026-02-05,sz.000768,30.4800,31.0000,29.9900,30.0800,30.5400,43378531,1316367070.4200,3,1.564500,1,-1.506200,78.034662,3.836678,1.874064,38.909361,0
2026-02-05,sz.000776,21.6200,21.7300,21.2800,21.4700,21.6200,33696621,723496227.9900,3,0.570700,1,-0.693800,12.167988,1.323828,4.825822,3.152963,0
2026-02-05,sz.000777,25.3100,25.4900,24.8500,25.0200,25.5400,7804874,195782081.9600,3,2.035600,1,-2.036000,42.600038,4.193250,5.046689,-1229.345792,0
2026-02-05,sz.000778,5.0100,5.2200,4.9900,5.1800,5.0500,148342057,762061309.0000,3,3.809900,1,2.574300,53.544218,0.784020,0.565594,20.361687,0
2026-02-05,sz.000779,8.7500,8.9600,8.7300,8.8600,8.7900,6157625,54433073.7500,3,1.324900,1,0.796400,19.836661,1.041962,2.037284,20.445466,0
2026-02-05,sz.000782,5.8800,6.0100,5.8200,5.8500,5.9100,14466875,85114633.2500,3,2.739200,1,-1.015200,-35.269622,2.336184,1.516607,128.667169,0
2026-02-05,sz.000783,8.0300,8.0700,7.9400,8.0200,8.0700,58410943,467616639.0300,3,1.056200,1,-0.619600,11.752831,1.246175,4.232877,3.206197,0
2026-02-05,sz.000785,2.9900,3.0200,2.9700,2.9900,3.0000,58779623,175781089.9100,3,0.996700,1,-0.333300,42.719538,0.903100,1.472359,-15.607748,0
2026-02-05,sz.000786,29.5400,29.8000,28.9600,29.2800,29.5500,24088958,706361735.1800,3,1.425800,1,-0.913700,16.139524,1.857697,1.965133,86.038619,0
2026-02-05,sz.000788,6.3000,6.3900,6.2900,6.3100,6.3100,14162800,89819046.7700,3,2.376400,1,0.000000,26.187076,2.328629,2.140548,12.883434,0
2026-02-05,sz.000789,5.6800,5.7100,5.6500,5.6600,5.6900,6831366,38804336.8700,3,0.856700,1,-0.527200,330.027191,0.700787,0.857023,7.998620,0
2026-02-05,sz.000790,4.0200,4.1000,3.9900,4.0500,4.0000,18059030,73257945.8500,3,2.900500,1,1.250000,-22.919764,2.709342,3.837358,-192.195801,0
2026-02-05,sz.000791,6.7800,6.8000,6.5900,6.6400,6.7900,25141637,167728780.7700,3,1.298900,1,-2.209100,11.703786,1.476244,2.465236,13.874345,0
2026-02-05,sz.000792,32.5800,32.9000,31.5000,32.0900,33.1700,81546762,2611894074.5600,3,1.541100,1,-3.256000,28.185362,4.135649,10.749884,38.786922,0
2026-02-05,sz.000793,2.6700,2.7100,2.6400,2.6900,2.6800,14495728,38773384.3000,3,0.739200,1,0.373100,-7.623515,46.906097,15.843503,112.766815,1
2026-02-05,sz.000795,10.1000,10.1100,9.7600,9.8300,10.1700,25270700,249934795.3000,3,2.229100,1,-3.343200,46.223151,4.288166,3.003759,-29.976787,0
2026-02-05,sz.000796,6.5100,6.7800,6.4600,6.7200,6.4700,167639715,1114647667.0700,3,12.597200,1,3.864000,-96.521941,12.996739,15.700063,-132.407846,0
2026-02-05,sz.000797,3.1800,3.3100,3.1700,3.2400,3.1900,65476883,213904847.4600,3,4.169000,1,1.567400,-30.065144,1.007609,1.157060,9.968964,0
2026-02-05,sz.000798,11.3100,11.8000,11.2200,11.7400,11.5200,46016173,533859681.1800,3,12.578400,1,1.909700,-64.312234,10.488232,0.923405,106.302304,0
2026-02-05,sz.000799,58.8300,60.8800,58.2000,58.5600,59.8000,23403996,1393308590.7400,3,7.203400,1,-2.073600,-353.678113,5.057584,19.180666,-23.757750,0
2026-02-05,sz.000800,6.9700,7.0200,6.9400,6.9800,6.9800,15221829,106227734.3100,3,0.309300,1,0.000000,60.193095,1.300530,0.600908,31.695398,0
2026-02-05,sz.000801,15.7900,15.9400,15.7000,15.7200,15.8400,10000000,158004377.7700,3,0.983900,1,-0.757600,92.663818,5.423482,3.727442,89.908004,0
2026-02-05,sz.000802,4.6100,4.7800,4.5900,4.7200,4.6200,38618457,182453814.6000,3,5.397700,1,2.164500,-8.025145,4.335354,7.229222,32.649480,0
2026-02-05,sz.000803,8.9500,9.1100,8.6200,8.6700,9.0000,16150876,142608668.5200,3,3.512700,1,-3.666700,52.218856,2.753712,2.799957,89.749671,0
2026-02-05,sz.000807,32.3100,32.7500,30.6400,31.4900,32.8000,70588753,2212877157.2600,3,2.035500,1,-3.993900,21.885344,3.378731,1.840453,44.720516,0
2026-02-05,sz.000809,3.4400,3.4700,3.4100,3.4200,3.4400,10220951,35121401.9300,3,1.239200,1,-0.581400,-37.907139,1.056239,7.043529,-16.178519,0
2026-02-05,sz.000810,11.6300,11.7900,11.6000,11.6900,11.6900,9970482,116593429.4800,3,0.897800,1,0.000000,134.215879,2.104172,1.576061,-18.281887,0
2026-02-05,sz.000811,17.6300,17.7300,17.0200,17.1400,17.6700,31392488,541403316.5600,3,3.208600,1,-2.999400,29.218031,2.767694,2.611591,34.632449,0
2026-02-05,sz.000812,4.4600,4.5100,4.4400,4.4500,4.4800,14315361,63989114.7800,3,1.863600,1,-0.669600,-672.492986,1.902683,2.401998,39.148117,0
2026-02-05,sz.000813,4.0300,4.0400,3.9500,3.9500,4.0500,40435950,161117607.5000,3,1.928500,1,-2.469100,-92.524898,1.664582,21.266492,-32.366818,0
2026-02-05,sz.000815,13.5200,14.1400,13.4100,13.4100,13.9100,63127976,864063417.7800,3,9.079700,1,-3.594500,-18.418648,6.904078,20.705238,103.129580,0
2026-02-05,sz.000816,3.8500,3.9900,3.7700,3.8100,4.0300,155942045,600314440.2800,3,10.856200,1,-5.459100,-80.318742,2.691806,4.445056,-40.055244,0
2026-02-05,sz.000818,20.8000,21.1200,20.4000,20.6600,21.0500,18533460,384353619.6000,3,2.815700,1,-1.852700,-13.571849,5.903593,3.233821,-59.528902,0
2026-02-05,sz.000819,16.5200,16.6900,16.2200,16.3200,16.6200,5286800,86730803.0700,3,1.446300,1,-1.805100,-146.566008,2.842593,1.703660,-71.455197,0
2026-02-05,sz.000820,3.1700,3.4600,3.1700,3.3000,3.3400,16038795,53022839.5900,3,5.400900,1,-1.197600,-138.269203,14.330492,22.115621,141.811356,1
2026-02-05,sz.000821,15.7000,15.7000,14.9700,15.3200,14.9500,126254408,1953878211.1700,3,20.880600,1,2.474900,34.008674,2.226455,1.271450,26.505347,1
2026-02-05,sz.000822,6.0900,6.3000,6.0900,6.3000,5.7300,38829482,244080874.6000,3,4.338000,1,9.947600,-10.665877,1.175524,1.185371,-10.864254,0
2026-02-05,sz.000823,14.2100,14.3800,13.8800,13.9800,14.3600,16212695,227825569.7400,3,3.019200,1,-2.646200,30.441999,1.593609,1.207698,42.855270,0
2026-02-05,sz.000825,5.0800,5.1000,4.9100,4.9500,5.1200,65784931,327902591.8100,3,1.154900,1,-3.320300,199.523895,0.850544,0.302868,-23.356417,0
2026-02-05,sz.000826,2.1400,2.1800,2.1200,2.1300,2.1300,37007979,79330819.2700,3,2.596700,1,0.000000,-1.155204,72.440728,0.625440,24.545305,0
2026-02-05,sz.000828,10.9100,10.9800,10.8600,10.9000,10.9300,5710560,62352739.2000,3,0.549300,1,-0.274500,10.646739,1.113950,7.253217,-6.067071,0
2026-02-05,sz.000829,10.3100,10.3900,10.2500,10.3000,10.3500,14547493,150164331.1500,3,1.420500,1,-0.483100,-226.038211,3.620493,0.131613,45.453321,0
2026-02-05,sz.000830,17.4500,17.7800,17.0000,17.0900,17.4600,32218877,555767303.8900,3,1.692000,1,-2.119100,22.032281,1.708038,1.081152,177.246698,0
2026-02-05,sz.000831,52.8500,53.1100,50.3000,51.0100,53.5500,29177821,1497247042.8100,3,2.749500,1,-4.743200,499.959593,11.198981,15.167671,-236.976481,0
2026-02-05,sz.000833,19.4000,19.4900,18.9100,19.0100,19.5400,18294760,349320907.0000,3,4.032300,1,-2.712400,30.639338,3.906426,5.223409,-51.499283,0
2026-02-05,sz.000837,12.2800,12.2800,11.9600,11.9600,12.2700,16399000,197674390.0000,3,1.627800,1,-2.526500,270.909809,2.509258,2.988496,-68.554541,0
2026-02-05,sz.000838,2.6700,2.7700,2.6400,2.6600,2.6600,72121674,193400716.5400,3,6.844200,1,0.000000,-10.731134,7.135327,9.959506,-411.697503,0
2026-02-05,sz.000839,2.8600,2.9100,2.8500,2.8800,2.8800,50139652,144742804.2200,3,1.279100,1,0.000000,-51.502599,7.360728,3.474894,-794.012198,0
2026-02-05,sz.000848,8.5300,8.7200,8.5100,8.6800,8.5400,26435887,228231650.1300,3,2.614500,1,1.639300,14.036428,2.517012,2.870834,12.232340,0
2026-02-05,sz.000850,6.0300,6.1800,6.0100,6.0400,6.0600,16382183,99680770.8100,3,1.736500,1,-0.330000,18.590854,1.251597,1.691910,339.714274,0
2026-02-05,sz.000852,8.1000,8.2700,8.0100,8.0600,8.3300,31756391,257544972.3500,3,3.357800,1,-3.241300,400.138215,2.456521,1.068387,-237.895483,0
2026-02-05,sz.000856,11.1900,11.4100,11.0500,11.2200,11.3300,21381713,239767221.2200,3,9.419300,1,-0.970900,135.897068,6.071890,0.968199,36.743681,0
2026-02-05,sz.000858,107.9000,110.5500,107.6600,108.8900,108.5200,37284641,4071834696.1000,3,0.960600,1,0.341000,14.865065,2.966182,5.141642,39.267613,0
2026-02-05,sz.000859,10.1000,10.1500,9.9100,9.9600,10.1700,32678374,326997676.1100,3,3.647400,1,-2.064900,-151.678807,3.273885,3.955709,-135.532647,0
2026-02-05,sz.000860,14.9000,15.1500,14.8800,15.0000,14.9900,16146052,242907974.0900,3,2.176700,1,0.066700,-150.538440,1.594143,1.449159,-29.791744,0
2026-02-05,sz.000862,6.5000,6.5300,6.2200,6.2200,6.5000,29923380,188786136.0000,3,4.765100,1,-4.307700,42.661903,1.273573,4.356024,-42.760980,0
2026-02-05,sz.000863,6.2300,6.3200,6.0600,6.0800,6.2300,25609959,157527711.8400,3,2.200900,1,-2.407700,-185.871771,1.596293,8.704382,75.399269,0
2026-02-05,sz.000868,4.8300,4.9000,4.8200,4.8500,4.8500,9440800,45939381.8800,3,1.287400,1,0.000000,894.677686,5.352461,1.306793,23.618169,0
2026-02-05,sz.000869,20.8000,21.0500,20.6600,21.0000,20.8000,2415554,50540987.9400,3,0.530800,1,0.961500,51.352394,1.320400,4.318607,52.677753,0
2026-02-05,sz.000875,7.3600,7.3800,6.8500,6.8800,7.3600,145055594,1020662545.6300,3,4.339900,1,-6.521700,53.283946,1.429099,1.877751,19.653657,0
2026-02-05,sz.000876,8.7400,8.7800,8.6800,8.7100,8.7400,23265368,202856198.7900,3,0.516900,1,-0.343200,36.302927,1.760944,0.368749,-16.439588,0
2026-02-05,sz.000877,5.3000,5.3500,5.2200,5.2500,5.3000,20212244,106543810.4800,3,0.284300,1,-0.943400,18.964052,0.456438,0.463994,-11.878982,0
2026-02-05,sz.000878,23.5900,24.0600,22.6100,23.0000,24.4100,109745148,2546894611.6400,3,5.477400,1,-5.776300,40.174346,3.392638,0.278391,-16.617759,0
2026-02-05,sz.000880,35.3000,35.3000,32.2500,32.4900,35.7600,33386155,1105394692.2200,3,14.705800,1,-9.144300,61.435849,7.324704,2.740831,2060.684302,0
2026-02-05,sz.000881,8.3900,8.4500,8.2300,8.2600,8.4500,11472900,95367760.0000,3,1.363200,1,-2.248500,-23.690085,1.494677,1.352100,-13.310829,0
2026-02-05,sz.000882,1.9600,2.0000,1.9500,1.9800,1.9600,66489832,131660641.3600,3,2.430600,1,1.020400,-37.013042,0.802307,4.396415,-17.567379,0
2026-02-05,sz.000883,4.6100,4.6300,4.5500,4.5800,4.6100,27753675,127085155.7600,3,0.428300,1,-0.650800,17.101209,0.931687,1.859154,-65.489314,0
2026-02-05,sz.000885,13.7900,13.8300,13.6600,13.7300,13.8400,3681936,50601884.4200,3,0.573400,1,-0.794800,7.406056,0.962330,1.300235,14.614443,0
2026-02-05,sz.000886,6.6600,6.7700,6.6000,6.6800,6.6000,46019855,308479798.7600,3,4.706300,1,1.212100,606.746588,2.181586,16.033301,-115.770551,0
2026-02-05,sz.000887,20.7500,20.7500,20.4200,20.4900,20.9100,18521234,380425020.3800,3,1.409100,1,-2.008600,17.900391,1.911443,1.426211,82.774625,0
2026-02-05,sz.000888,13.9000,14.4500,13.8900,14.2300,13.9800,27190935,388067403.9700,3,5.160400,1,1.788300,33.334557,2.754614,7.974244,49.034063,0
2026-02-05,sz.000889,3.6100,3.6600,3.5900,3.6500,3.6300,14433960,52444151.0000,3,1.659400,1,0.551000,-82.007440,48.148838,2.175210,-103.843815,0
2026-02-05,sz.000890,5.3000,5.4200,5.2700,5.3400,5.3000,20408400,109208042.0000,3,4.865000,1,0.754700,-25.647428,-404.134104,9.052220,-133.090953,0
2026-02-05,sz.000892,7.4200,7.6500,7.3800,7.4800,7.4900,34614910,261392074.1000,3,4.869600,1,-0.133500,-33.023520,8.687385,12.783698,-38.170279,0
2026-02-05,sz.000893,54.0500,55.4300,52.9100,53.7400,54.5500,7833489,423104754.6500,3,0.964900,1,-1.484900,27.661870,3.803399,10.068197,161.741191,0
2026-02-05,sz.000895,26.3400,26.7500,26.3100,26.6900,26.3100,12867560,341744577.1200,3,0.371400,1,1.444300,17.979152,4.571927,1.534655,-1049.984928,0
2026-02-05,sz.000897,2.2800,2.3200,2.2800,2.3000,2.3000,56679985,130484962.5000,3,3.504700,1,0.000000,23.950987,1.210652,2.507149,-4.431573,0
2026-02-05,sz.000898,2.5600,2.5900,2.5200,2.5400,2.5600,60778046,155203149.3800,3,0.763800,1,-0.781300,-5.835660,0.520330,0.240547,44.233870,0
2026-02-05,sz.000899,10.6500,10.7400,10.5100,10.5400,10.7300,9940509,105285197.1400,3,1.018800,1,-1.770700,10.873467,1.630105,1.472415,-93.727446,0
2026-02-05,sz.000900,4.2700,4.2900,4.2400,4.2600,4.2800,11464036,48894682.5200,3,0.755300,1,-0.467300,17.568114,0.580622,0.848132,-14.123329,0
2026-02-05,sz.000901,28.8900,28.8900,27.4700,27.7400,29.1800,54800658,1536819244.5200,3,6.865600,1,-4.934900,187.657779,5.124093,3.689933,53.559356,0
2026-02-05,sz.000902,16.6500,16.7500,16.3100,16.4700,16.7100,7529100,124258985.0000,3,0.658800,1,-1.436300,13.114777,1.794554,1.239605,53.361618,0
2026-02-05,sz.000903,2.5900,2.6700,2.5900,2.6400,2.6000,30125336,79504684.1200,3,1.568800,1,1.538500,-4.241298,3.841664,1.149132,-241.959248,1
2026-02-05,sz.000905,12.7800,13.4800,12.7800,13.1600,12.5500,58841405,777387498.3400,3,7.932200,1,4.860600,47.479447,1.924025,0.470099,100.166828,0
2026-02-05,sz.000906,6.2100,6.2300,6.1500,6.2100,6.2000,5372913,33305526.9300,3,0.766200,1,0.161300,22.384473,0.926636,0.019560,8.792335,0
2026-02-05,sz.000908,6.8000,7.1200,6.7300,7.0200,6.8700,14487996,100726180.4400,3,1.646800,1,2.183400,39.448706,165.585647,15.707633,9505.022673,1
2026-02-05,sz.000909,5.3000,5.4500,5.1900,5.4300,5.3400,3911697,20856778.5000,3,0.893700,1,1.685400,-13.083222,2.393661,7.226191,-20.889357,1
2026-02-05,sz.000910,7.6500,7.7100,7.6200,7.6900,7.6500,4159387,31913254.9900,3,0.760100,1,0.522900,53.876936,0.626664,0.845019,-26.359748,0
2026-02-05,sz.000911,6.6900,6.8900,6.6400,6.6500,6.7600,18797349,126495505.2800,3,4.695600,1,-1.627200,52.970234,22.176886,0.934883,-8.758734,0
2026-02-05,sz.000912,4.6300,4.6700,4.5700,4.5900,4.6400,14059110,64925965.1000,3,0.896600,1,-1.077600,-902.231136,1.140729,1.643904,-29.893559,0
2026-02-05,sz.000913,15.5800,15.9100,15.5100,15.7500,15.6500,5762320,90891426.0500,3,1.243900,1,0.639000,15.641967,1.761229,1.498955,-7.225872,0
2026-02-05,sz.000915,31.6300,32.2900,31.6000,32.0700,31.6400,3300560,105712935.0000,3,1.409400,1,1.359000,13.462020,2.635871,3.185544,35.769151,0
2026-02-05,sz.000917,10.7400,10.8500,10.6200,10.6700,10.9000,36236853,388124046.8300,3,2.556500,1,-2.110100,90.539895,1.450580,3.477708,-61.175069,0
2026-02-05,sz.000919,7.7600,7.9000,7.7100,7.8300,7.7700,10391300,81402000.0000,3,1.671300,1,0.772200,151.647936,1.284072,1.555309,-22.514071,0
2026-02-05,sz.000920,13.0600,13.1000,12.6800,12.7200,13.0600,6496200,83558791.0000,3,1.374600,1,-2.603400,24.857780,3.027382,3.049687,344.511348,0
2026-02-05,sz.000921,24.3000,24.4800,24.1800,24.2400,24.3000,10567284,256817267.8800,3,1.151000,1,-0.246900,9.970951,1.983362,0.358264,-1178.603525,0
2026-02-05,sz.000922,14.6500,14.6500,13.9500,13.9800,14.7400,13080920,185392402.2700,3,2.227300,1,-5.156000,39.498791,2.135026,1.954485,113.243663,0
2026-02-05,sz.000923,24.1600,24.6900,23.3600,23.3600,25.9500,29558643,705271608.1300,3,4.707500,1,-9.980700,28.974846,1.484956,2.913032,-86.443444,0
2026-02-05,sz.000925,8.3200,8.4200,8.2300,8.2300,8.3800,14890900,123604500.6000,3,2.211800,1,-1.790000,85.169560,1.685201,2.348819,66.404354,0
2026-02-05,sz.000926,2.2900,2.3300,2.2800,2.3000,2.3000,31602403,72930963.8700,3,2.008800,1,0.000000,-1.051503,0.424716,0.488989,-23.287535,0
2026-02-05,sz.000927,2.8800,2.8900,2.8300,2.8400,2.8800,67248801,191916056.8500,3,1.111500,1,-1.388900,36.471129,1.786377,0.500999,-143.336468,0
2026-02-05,sz.000928,7.0300,7.0500,6.8600,6.8900,7.0200,30239100,209515906.0000,3,2.107800,1,-1.851900,13.167971,1.169997,0.695170,2.766702,0
2026-02-05,sz.000929,9.8700,9.9400,9.8200,9.8600,9.9400,2162100,21342485.0000,3,1.164000,1,-0.804800,-36.445149,3.919439,7.266574,-1554.606229,1
2026-02-05,sz.000930,6.4000,6.4700,6.3200,6.4000,6.4400,33631659,215065654.6500,3,1.811700,1,-0.621100,125.447898,1.114246,0.653136,13.413566,0
2026-02-05,sz.000931,5.2100,5.2500,5.1800,5.2000,5.2200,9169120,47816642.8300,3,1.220900,1,-0.383100,76.111125,2.391080,1.576112,1534.969891,0
2026-02-05,sz.000932,6.2500,6.3800,6.1600,6.1900,6.2700,88590251,553208461.6600,3,1.282300,1,-1.275900,15.435251,0.770885,0.333925,-28.471385,0
2026-02-05,sz.000933,32.0000,32.2500,30.8000,31.5300,32.6000,39779863,1251109733.8200,3,1.770000,1,-3.282200,16.653221,2.959444,1.726864,33.199428,0
2026-02-05,sz.000935,27.6400,28.1300,27.4800,27.7000,27.7500,5251172,145956892.3900,3,0.687800,1,-0.180200,59.010589,2.722057,16.954848,-28.006201,0
2026-02-05,sz.000936,8.4800,8.4800,8.2300,8.2600,8.5200,21793512,181032449.6000,3,2.460100,1,-3.051600,23.965964,1.366978,2.228873,48.824393,0
2026-02-05,sz.000937,5.6000,5.6000,5.4700,5.5400,5.6700,40073013,221515968.0000,3,1.167200,1,-2.292800,48.778914,1.027083,1.335048,-8.429575,0
2026-02-05,sz.000938,24.6100,24.7400,24.4200,24.4700,24.8100,31828332,780561828.2500,3,1.112800,1,-1.370400,50.181259,4.836955,0.717761,51.087806,0
2026-02-05,sz.000948,16.9000,17.0800,16.8900,17.0800,17.0000,3526514,59940958.8900,3,0.906300,1,0.470600,136.461739,2.479725,0.620927,-32.360408,0
2026-02-05,sz.000949,6.7600,6.8300,6.4400,6.4500,6.7900,63210998,416064234.4000,3,3.816100,1,-5.007400,59.542261,1.612710,1.415839,-31.839985,0
2026-02-05,sz.000950,6.0500,6.0700,5.9600,6.0000,6.0900,23798038,143198096.0000,3,1.377100,1,-1.477800,27.667309,0.897275,0.124808,-9.369610,0
2026-02-05,sz.000951,19.8300,19.9700,19.2500,19.3000,19.9000,18545806,360250074.2300,3,1.578500,1,-3.015100,14.207615,1.458574,0.437467,-3.296188,0
2026-02-05,sz.000952,7.8900,7.9100,7.7900,7.8600,7.8300,7364400,57796817.6000,3,2.140900,1,0.383100,-11.646549,2.823048,4.498407,-16.907100,0
2026-02-05,sz.000953,7.1500,7.2200,7.1300,7.1500,7.1700,4707200,33734146.0000,3,1.285700,1,-0.278900,331.481519,16.983483,15.020940,-37.476969,0
2026-02-05,sz.000955,5.6800,5.8200,5.6600,5.7400,5.7100,19054300,109882825.0000,3,3.539600,1,0.525400,-1228.330924,4.766749,6.676195,151.053543,0
2026-02-05,sz.000957,11.4800,11.8300,11.4700,11.6500,11.5300,14420042,168515714.6800,3,2.432100,1,1.040800,20.869289,2.214647,0.965294,30.657246,0
2026-02-05,sz.000958,6.5300,6.5400,6.4600,6.4800,6.5600,25138630,163085073.1100,3,0.467000,1,-1.219500,125.443490,5.550340,20.688479,53.435154,0
2026-02-05,sz.000959,5.6100,5.6400,5.5100,5.5500,5.6300,23836740,132815485.4200,3,0.316900,1,-1.421000,35.254072,0.853593,0.415546,10.756858,0
2026-02-05,sz.000960,35.7000,36.6100,34.1200,35.0100,36.8800,76979587,2706826013.8000,3,4.677300,1,-5.070500,30.228083,2.889415,1.221359,201.866043,0
2026-02-05,sz.000962,44.9000,45.6500,40.7700,41.8700,44.9000,34481330,1467242774.8200,3,6.873400,1,-6.748300,79.645377,7.681433,13.344764,-89.762021,0
2026-02-05,sz.000963,36.6000,37.3200,36.5300,36.9200,36.4300,13907666,514462607.1000,3,0.793200,1,1.345000,17.513201,2.683411,1.502789,353.876778,0
2026-02-05,sz.000965,4.1100,4.1800,4.1000,4.1100,4.1400,45876255,190218871.2500,3,4.133600,1,-0.724600,56.616912,0.830263,1.389319,10.264604,0
2026-02-05,sz.000966,4.5600,4.5600,4.4400,4.4500,4.5500,41295019,184680412.2700,3,1.266100,1,-2.197800,104.487507,1.122530,1.034078,-118.247040,0
2026-02-05,sz.000967,7.2600,7.3300,7.1300,7.1600,7.2700,20046300,144489535.0000,3,0.633300,1,-1.513100,59.483353,1.327739,1.694139,189.626526,0
2026-02-05,sz.000968,7.9000,8.0600,7.8000,7.8300,7.9700,24358151,192535740.0200,3,2.517600,1,-1.756600,18.902944,1.225932,3.642931,19.893579,0
2026-02-05,sz.000969,23.8600,24.1000,23.4200,23.6600,24.1900,25570280,605736527.0600,3,2.473600,1,-2.191000,79.168662,4.391400,3.297213,-253.009342,0
2026-02-05,sz.000970,13.8800,13.9500,13.3600,13.4400,14.0100,29481877,399488547.0200,3,2.425000,1,-4.068500,113.161358,2.510163,2.468613,-85.958801,0
2026-02-05,sz.000972,3.4900,3.5400,3.4800,3.5000,3.5000,8407565,29469803.3600,3,1.090100,1,0.000000,-8.147702,-15.744564,7.405883,56.201200,1
2026-02-05,sz.000973,12.0000,12.3800,11.7300,11.9900,12.1000,37349501,448234965.1600,3,3.860700,1,-0.909100,96.398270,3.987454,5.146794,-59.454030,0
2026-02-05,sz.000975,30.4500,31.2000,29.7000,30.4600,31.3000,57553805,1748879830.6300,3,2.277200,1,-2.683700,29.111934,5.863717,5.122904,26.777504,0
2026-02-05,sz.000977,59.2000,60.1700,59.1500,59.6700,59.9000,24852388,1480480126.6800,3,1.694300,1,-0.384000,35.205252,4.159374,0.575987,-122.005098,0
2026-02-05,sz.000978,7.2700,7.5400,7.2600,7.4100,7.3100,15737600,117007886.0000,3,3.361900,1,1.368000,-19.765673,3.131396,8.098490,31.513730,0
2026-02-05,sz.000980,3.0300,3.0600,2.9900,3.0000,3.0300,67750200,204029705.0000,3,1.346600,1,-0.990100,-16.994115,1202.248091,25.524580,-329.325850,0
2026-02-05,sz.000981,5.0000,5.0200,4.8000,4.8200,5.1400,794494609,3866158224.7100,3,8.351400,1,-6.225700,711.513094,28.625911,11.791284,-156.315299,0
2026-02-05,sz.000983,7.0900,7.2400,6.9900,7.0800,7.3600,126264555,890298406.6300,3,2.224100,1,-3.804300,23.699172,1.095133,1.020855,-15.687737,0
2026-02-05,sz.000985,21.3000,21.7200,21.1500,21.2100,21.2500,2558424,54642893.3600,3,1.973500,1,-0.188200,-884.417173,4.471023,1.450248,-128.084381,0
2026-02-05,sz.000987,9.9300,9.9700,9.7400,9.8200,10.0200,54487731,535438800.0400,3,1.086600,1,-1.996000,13.741379,1.556617,3.413111,-224.718664,0
2026-02-05,sz.000988,75.1200,77.3300,74.1100,74.6300,76.4600,32159461,2418061598.7500,3,3.200000,1,-2.393400,46.770120,6.881111,5.459308,324.647376,0
2026-02-05,sz.000989,8.8500,8.9900,8.8200,8.9300,8.8600,8777186,78322810.4800,3,1.264400,1,0.790100,59.982721,2.093725,3.949564,71.312981,0
2026-02-05,sz.000990,8.4400,8.4800,8.1700,8.1900,8.2800,28312400,234433313.0000,3,2.329800,1,-1.087000,86.009251,0.556906,0.863018,175.866456,0
2026-02-05,sz.000993,12.5400,12.6800,12.2200,12.2300,12.4500,11872098,146932697.8800,3,2.699800,1,-1.767100,27.138693,2.102292,8.719366,35.259768,0
2026-02-05,sz.000995,19.0100,20.8000,19.0100,20.0900,18.9600,66546578,1330048567.8300,3,37.510500,1,5.959900,-1729.109645,24.169803,24.410536,743.863714,0
2026-02-05,sz.000997,26.7400,26.9900,26.5100,26.7000,26.9800,9909168,264552338.5600,3,0.983600,1,-1.037800,24.391209,3.764456,3.213965,-74.550268,0
2026-02-05,sz.000998,10.0100,10.0600,9.8800,9.8800,10.1200,44329417,440939963.8600,3,3.370900,1,-2.371500,-194.942097,2.532700,1.702905,-43.421789,0
2026-02-05,sz.000999,28.1000,29.0000,28.1000,28.7000,28.2500,22610013,648270663.9600,3,1.359800,1,1.592900,17.299919,2.261970,1.599420,-34.753851,0
2026-02-05,sz.001201,14.9800,15.1600,14.9200,14.9600,14.9900,3383887,50840214.5100,3,1.665800,1,-0.200100,169.184232,1.135232,1.877419,-20.035346,0
2026-02-05,sz.001202,17.8700,18.0200,17.7000,17.9800,17.8700,4181360,74925168.7400,3,3.579200,1,0.615600,40.961212,3.583533,1.839850,81.930362,0
2026-02-05,sz.001203,29.1000,29.3000,28.0000,28.2900,29.4400,17972200,513061007.0000,3,1.366400,1,-3.906300,63.477561,6.769059,11.147725,95.327560,0
2026-02-05,sz.001205,16.0800,16.1200,16.0000,16.1000,16.0800,2604300,41860477.0000,3,1.632800,1,0.124400,39.997646,1.453996,2.089881,-16.828360,0
2026-02-05,sz.001206,25.0800,25.6600,24.8900,25.0300,25.0000,5325180,134362948.8000,3,5.008800,1,0.120000,20.951302,2.473776,2.588212,41.378812,0
2026-02-05,sz.001207,27.0600,27.7700,26.8100,27.2200,27.1300,3942748,107085734.3800,3,1.998800,1,0.331700,19.474813,2.503097,2.447384,45.413894,0
2026-02-05,sz.001208,22.4900,23.3800,22.4100,23.0300,22.8400,38630229,887201851.0300,3,14.666100,1,0.831900,127.875638,5.081242,3.320264,18.659858,0
2026-02-05,sz.001209,21.4500,23.0000,21.3900,22.9900,21.4500,10909245,242336450.8000,3,11.352600,1,7.179500,118.125764,2.353379,1.637959,67.902619,0
2026-02-05,sz.001210,23.7600,23.8700,22.5500,23.0000,23.9300,3919001,90682766.7500,3,4.112300,1,-3.886300,47.746049,2.780778,3.181791,20.851757,0
2026-02-05,sz.001211,29.2800,29.7100,29.1200,29.1700,29.2800,1701200,50035353.0000,3,2.539200,1,-0.375700,92.487684,2.429992,1.378622,-40.907560,0
2026-02-05,sz.001212,49.3000,49.6800,48.3800,49.2900,49.7500,3666500,179361277.3200,3,2.109000,1,-0.924600,-2895.939201,5.759589,21.873385,-26.668160,0
2026-02-05,sz.001213,4.1400,4.1600,4.1200,4.1400,4.1400,15980018,66162697.5200,3,0.359600,1,0.000000,32.465391,0.959560,1.552311,-10.207662,0
2026-02-05,sz.001215,47.4100,48.3300,46.7500,47.7200,47.8800,3473400,165579547.0000,3,3.588900,1,-0.334200,82.922295,2.482826,2.463575,-41.736954,0
2026-02-05,sz.001216,18.1800,18.6100,18.1300,18.3200,18.2800,6262992,115358672.2000,3,2.550600,1,0.218800,20.458869,2.551580,3.096137,15.642064,0
2026-02-05,sz.001217,12.8600,13.3000,12.7500,12.7900,12.9400,10555615,137400273.2500,3,3.212500,1,-1.159200,144.110732,1.887694,2.170247,-264.655049,0
2026-02-05,sz.001218,26.0400,26.3500,25.5800,25.6800,25.9200,2220980,57516702.8000,3,2.390500,1,-0.925900,25.000499,1.469605,0.734242,45.647242,0
2026-02-05,sz.001219,14.9000,15.1900,14.8100,15.0700,14.9300,6071005,91563149.9700,3,3.193200,1,0.937700,28.350472,2.767274,5.303832,83.385678,0
2026-02-05,sz.001220,49.3600,53.8900,49.0500,51.0000,51.6200,11259400,576950483.4400,3,49.801300,1,-1.201100,29.592349,5.017369,4.986611,208.863095,0
2026-02-05,sz.001221,72.5900,72.5900,70.1900,71.1700,72.1000,2378453,169493430.4000,3,6.605200,1,-1.289900,42.831169,10.389040,8.512558,32.602766,0
2026-02-05,sz.001222,22.2100,22.8300,22.2100,22.4500,22.3400,2159499,48703571.6000,3,2.010500,1,0.492400,24.522601,3.008264,2.580819,-35.698818,0
2026-02-05,sz.001223,60.8300,61.4800,58.2000,58.5000,60.8300,2392171,142587913.6500,3,2.562500,1,-3.830300,80.371066,2.802765,6.433073,-66.983977,0
2026-02-05,sz.001225,75.4700,77.3500,74.6900,76.0000,76.4900,815700,62059250.0000,3,3.877100,1,-0.640600,107.528191,3.624723,19.886912,-25.306865,0
2026-02-05,sz.001226,52.3400,52.7600,51.5500,51.9400,52.1600,709700,36952639.0000,3,2.091900,1,-0.421800,180.835847,5.321765,5.931560,913.427382,0
2026-02-05,sz.001227,2.3400,2.3800,2.3300,2.3800,2.3400,112556964,265465007.8000,3,2.668800,1,1.709400,7.143998,0.445464,1.754924,-7.194221,0
2026-02-05,sz.001228,30.1900,31.0500,29.9000,30.5200,30.1900,3053864,93561238.4000,3,3.823800,1,1.093100,34.158091,1.853741,0.646081,5.271780,0
2026-02-05,sz.001229,37.8800,38.2500,37.6800,37.9900,37.9300,1065900,40529262.0000,3,2.023400,1,0.158200,57.176322,4.000324,18.394109,-62.118934,0
2026-02-05,sz.001230,23.5300,23.8500,23.1500,23.5600,23.4100,2681100,63178705.0000,3,3.412900,1,0.640800,20.892990,1.637338,2.016884,12.860162,0
2026-02-05,sz.001231,24.6900,25.0600,24.5800,24.8500,24.7500,3284567,81578751.9300,3,6.581600,1,0.404000,38.445949,2.510937,3.437390,-22.007725,0
2026-02-05,sz.001233,79.7300,80.3500,77.6000,77.6300,80.4100,1822000,143099907.1000,3,5.148900,1,-3.457300,22.574840,5.091449,6.506846,121.485363,0
2026-02-05,sz.001234,27.1700,27.8800,27.0000,27.8800,27.1800,1912390,52757720.8000,3,2.089600,1,2.575400,76.448462,3.340777,3.521650,113.532559,0
2026-02-05,sz.001236,10.0000,10.1300,10.0000,10.1100,10.0400,7879368,79376593.0400,3,1.039400,1,0.697200,657.503521,5.457510,7.546835,11.574238,0
2026-02-05,sz.001238,54.1400,55.8800,53.7000,54.8900,53.8800,689200,37913459.0000,3,0.664800,1,1.874500,-64941.450405,5.399096,3.914892,97.143576,0
2026-02-05,sz.001239,16.7800,16.8500,16.6200,16.6300,16.8400,2285300,38194906.0000,3,2.004600,1,-1.247000,37.698128,2.896063,2.049180,172.350913,0
2026-02-05,sz.001255,40.5900,40.6000,39.2900,39.3000,41.1200,3164900,125831801.0000,3,4.454100,1,-4.426100,422.629754,4.599811,8.056084,-1076.549253,0
2026-02-05,sz.001256,21.7900,22.2000,21.6400,22.0600,21.7900,2508000,55120464.0000,3,2.345800,1,1.239100,34.512897,2.602887,6.088990,-14.933451,0
2026-02-05,sz.001258,7.7400,7.7900,7.5600,7.5600,7.8000,14747600,112576733.0000,3,1.580100,1,-3.076900,132.269267,2.324688,7.075867,15.134486,0
2026-02-05,sz.001259,34.2200,34.6300,33.5300,33.7200,34.0700,1407300,47976105.0000,3,2.960000,1,-1.027300,506.641199,3.474192,6.112774,-11.273453,0
2026-02-05,sz.001260,22.7500,22.7500,22.3300,22.3800,22.5200,2007300,45213077.0000,3,6.322200,1,-0.621700,57.733972,3.110113,4.512568,-4340.972063,0
2026-02-05,sz.001266,33.6200,33.9700,33.5700,33.7100,33.9800,1598449,53949869.0300,3,2.752100,1,-0.794600,87.136915,3.722956,4.516460,-52.761824,0
2026-02-05,sz.001267,26.5600,27.0200,25.6600,25.9300,27.0100,29858800,780113262.0000,3,4.925900,1,-3.998500,224.316111,12.868450,15.481003,1034.383965,0
2026-02-05,sz.001268,36.8000,37.2600,36.0900,36.3300,36.7500,1622560,59519056.0000,3,2.578200,1,-1.142900,48.538686,3.819274,4.855508,45.497034,0
2026-02-05,sz.001269,24.9900,24.9900,24.0700,24.1400,25.1400,3503280,85336641.4000,3,1.820700,1,-3.977700,-11.621337,5.317059,9.455536,-25.490613,0
2026-02-05,sz.001270,142.8000,153.3300,142.8000,142.8000,150.3200,12702756,1842167892.4600,3,6.242200,1,-5.002700,324.250650,19.987192,70.548978,-584.706722,1
2026-02-05,sz.001277,41.1200,42.1500,40.9800,41.6000,41.2300,1864377,77630962.2600,3,4.108100,1,0.897400,30.576423,2.044156,3.028217,-6.969285,0
2026-02-05,sz.001278,24.5100,25.3400,24.3800,25.1000,24.5100,5229796,130690254.0200,3,10.349000,1,2.407200,-61.049589,2.464601,1.434776,141.992783,0
2026-02-05,sz.001279,34.8200,35.4500,34.7000,34.8200,34.8200,1070400,37584983.9100,3,2.676000,1,0.000000,95.464306,5.527464,3.887316,16.325507,0
2026-02-05,sz.001280,87.0400,88.9800,85.1000,86.0100,91.8000,24097102,2088452969.6900,3,15.242900,1,-6.307200,104.256223,14.768848,8.953152,401.163764,0
2026-02-05,sz.001282,20.8000,20.8600,20.6000,20.6100,20.8300,1386600,28704565.2000,3,1.773900,1,-1.056200,33.983585,2.827366,2.783241,-551.757538,0
2026-02-05,sz.001283,67.6100,67.7600,66.6600,67.0500,67.6100,1559590,104695327.0100,3,1.955800,1,-0.828300,35.479709,1.940618,1.172351,-36.925677,0
2026-02-05,sz.001285,58.1000,59.4800,58.0200,59.0000,58.3100,1917406,113035472.6300,3,4.720000,1,1.183300,32.072648,2.878644,4.655702,6.573291,0
2026-02-05,sz.001286,10.0300,10.0900,9.8000,9.8100,10.1000,18790631,185699481.2400,3,1.789600,1,-2.871300,12.563551,1.405000,1.621991,-84.232125,0
2026-02-05,sz.001287,23.5000,23.6400,22.7800,23.0400,23.8800,21628139,499028875.9800,3,4.944800,1,-3.517600,50.633164,3.255265,0.285721,16.558203,0
2026-02-05,sz.001288,36.5100,36.5100,34.4000,34.6400,36.5000,5760540,202441048.8000,3,3.796200,1,-5.095900,45.111155,3.709612,4.281377,-15.258826,0
2026-02-05,sz.001289,15.7300,15.7500,15.4500,15.5200,15.7400,4252217,66160432.3500,3,0.084300,1,-1.397700,25.064493,1.709230,4.001531,-64.697806,0
2026-02-05,sz.001296,28.0200,28.6000,27.5200,27.6100,28.1600,3121100,87087837.0000,3,4.061200,1,-1.953100,29.031752,2.320298,3.538354,86.764760,0
2026-02-05,sz.001298,30.3500,30.5200,30.1000,30.2100,30.7200,4134112,125042450.7000,3,2.511800,1,-1.660200,183.058575,5.565979,1.119664,41.995174,0
2026-02-05,sz.001299,13.3000,13.5500,13.2500,13.2700,13.4400,5883190,78567623.6000,3,2.693800,1,-1.264900,32.532435,2.724956,4.344802,-110.544846,0
2026-02-05,sz.001300,17.0000,17.3500,16.7400,16.7400,17.0700,2937374,49970439.5400,3,1.204900,1,-1.933200,-1355.035783,3.938682,8.113970,77.791927,0
2026-02-05,sz.001301,75.8900,76.1500,74.5500,75.1500,75.9000,2271700,170791499.0000,3,1.221000,1,-0.988100,20.170346,2.898355,2.754686,37.618346,0
2026-02-05,sz.001306,80.5000,80.5100,78.5000,78.5000,80.1500,561806,44356260.0000,3,3.624600,1,-2.058600,124.490235,3.682124,6.332041,-199.987043,0
2026-02-05,sz.001308,21.2700,21.3900,21.1300,21.2300,21.3100,1910353,40618268.0900,3,0.384800,1,-0.375400,19.193967,1.824863,0.997241,279.633916,0
2026-02-05,sz.001309,238.0000,242.7200,235.1000,237.5300,245.4800,7725956,1837414582.0400,3,4.802400,1,-3.238600,-548.544367,21.991251,6.877476,103.947033,0
2026-02-05,sz.001311,44.0300,46.9700,44.0000,44.6900,43.6000,15291456,695803425.9200,3,19.393900,1,2.500000,50.501992,3.023780,3.638367,-39.287188,0
2026-02-05,sz.001313,7.8500,7.9000,7.6900,7.7000,7.8100,7926300,61669176.0000,3,1.133700,1,-1.408500,656.141336,2.113922,0.835083,22.996406,0
2026-02-05,sz.001314,46.5000,46.5000,45.6100,45.7000,46.6500,1680204,77130476.3600,3,3.243300,1,-2.036400,324.935281,3.154664,1.744968,177.308492,0
2026-02-05,sz.001316,59.6800,63.6300,58.1500,62.7000,60.2800,10730471,661089132.1200,3,9.641800,1,4.014600,53.660570,5.773963,7.262074,-112.920737,0
2026-02-05,sz.001317,49.1000,50.7000,48.8500,49.9000,49.3600,4502486,224572346.2300,3,5.267200,1,1.094000,-288.254366,4.969795,2.765234,281.009184,0
2026-02-05,sz.001318,15.1400,15.7800,15.0900,15.4300,15.2300,9112500,141821766.0800,3,3.223800,1,1.313200,37.443646,3.024700,8.900344,34.306855,0
2026-02-05,sz.001319,30.1500,30.1500,29.3800,29.4600,30.2900,3040500,90165547.0000,3,3.707900,1,-2.740200,30.894725,3.106492,3.619980,418.193039,0
2026-02-05,sz.001322,9.4200,9.5600,9.3500,9.3700,9.4700,4862700,45892791.0000,3,0.619000,1,-1.056000,134.611427,1.918201,1.338318,-172.965273,0
2026-02-05,sz.001323,28.6400,29.6600,28.3400,29.2600,28.6600,4551940,132697595.3500,3,1.462500,1,2.093500,17.881766,2.882855,2.320531,-26.908739,0
2026-02-05,sz.001324,19.5000,19.6700,19.3400,19.3700,19.5000,2152200,41967543.0000,3,2.635800,1,-0.666700,55.525467,2.357781,5.730527,-134.218323,0
2026-02-05,sz.001325,51.2100,51.2900,50.6400,51.1200,51.2200,1196391,61000471.5800,3,6.104000,1,-0.195200,24.759269,2.953833,2.807580,-271.806561,0
2026-02-05,sz.001326,54.5200,58.5800,54.0000,55.9000,55.0200,2621545,147793068.5000,3,10.876300,1,1.599400,152.635387,3.372872,2.760062,-13.158730,0
2026-02-05,sz.001328,40.9000,44.1600,40.7100,43.5500,41.0500,3641030,156536990.1400,3,8.459000,1,6.090100,41.860639,5.131432,4.320618,-123.186182,0
2026-02-05,sz.001330,9.2700,10.2000,9.2700,10.0800,9.4500,164478514,1626271086.7300,3,11.966300,1,6.666700,-8.541517,3.307554,9.400367,-92.976433,0
2026-02-05,sz.001331,58.5800,63.0000,57.1200,62.3000,59.6700,12431214,752707036.2300,3,7.405000,1,4.407600,5295.018554,11.610791,3.403576,61.518404,0
2026-02-05,sz.001332,56.9900,57.4600,55.6800,55.8000,57.0000,915171,51341440.4900,3,1.906500,1,-2.105300,24.961111,2.412294,4.651847,47.967999,0
2026-02-05,sz.001333,27.0900,27.4400,25.9300,26.0500,27.2900,3503360,92716068.6000,3,7.962200,1,-4.543800,25.752524,1.945800,2.005032,34.428076,0
2026-02-05,sz.001335,53.6000,54.2800,53.0000,53.8000,53.6800,1263800,67892824.0000,3,5.392800,1,0.223500,49.022715,5.248364,3.637314,56.122482,0
2026-02-05,sz.001336,27.5400,28.1200,27.3900,27.7100,27.6300,2079400,57755256.0000,3,4.463800,1,0.289500,84.304153,2.811583,6.196114,-20.232544,0
2026-02-05,sz.001337,48.0000,49.4800,45.9500,46.0500,51.0500,46263434,2169512800.9700,3,16.038300,1,-9.794300,46.018293,11.168893,21.474685,159.155680,0
2026-02-05,sz.001338,12.6500,12.7600,12.5600,12.6700,12.6600,7724619,97822089.9400,3,1.539600,1,0.079000,19.111317,1.707640,1.516884,11.870889,0
2026-02-05,sz.001339,53.2500,54.4300,53.0200,53.3000,54.3100,2744000,146713798.0000,3,2.298300,1,-1.859700,77.415739,5.970191,3.181555,-134.342069,0
2026-02-05,sz.001356,12.5700,12.6600,12.5600,12.6100,12.6200,2063052,26036837.4100,3,1.028200,1,-0.079200,55.562932,3.640586,3.587002,81.395716,0
2026-02-05,sz.001358,28.3400,28.6900,27.8800,27.9700,28.4800,986282,27732346.9600,3,1.934800,1,-1.790700,54.164340,2.408064,7.000171,-11.483910,0
2026-02-05,sz.001359,73.9400,74.9900,72.3000,72.8800,74.7600,805000,59014567.0000,3,1.735700,1,-2.514700,53.085373,6.843886,11.577176,61.623329,0
2026-02-05,sz.001360,24.7800,24.7800,22.8600,23.2000,25.1800,9281153,219179485.0200,3,11.348800,1,-7.863400,92.351901,3.338460,5.982162,1040.371862,0
2026-02-05,sz.001366,14.5200,14.8500,14.3200,14.6300,14.4600,3406200,49904743.0000,3,6.117500,1,1.175700,-97.420864,2.928720,1.855773,-181.648338,0
2026-02-05,sz.001367,24.3100,24.4000,24.1100,24.2300,24.3100,899120,21810291.0600,3,2.264900,1,-0.329100,29.813865,2.577538,7.233456,-16.718843,0
2026-02-05,sz.001368,32.8600,33.6700,32.4700,32.5700,32.9500,4202000,138234294.0000,3,13.096000,1,-1.153300,37.229889,2.581443,3.437509,91.656763,0
2026-02-05,sz.001369,15.0800,15.0800,14.9600,14.9600,15.1500,9464478,141976239.8600,3,4.708000,1,-1.254100,32.416631,3.431537,4.825549,-70.666748,0
2026-02-05,sz.001373,42.2900,43.7900,41.9700,43.1300,42.3200,1228245,52850661.2500,3,3.707200,1,1.914000,-172.745610,3.406671,5.296288,38.879896,0
2026-02-05,sz.001376,20.4000,20.6300,19.4000,19.6600,20.7000,18221600,360490062.0000,3,8.524600,1,-5.024200,51.933255,7.746184,8.457060,-488.016524,0
2026-02-05,sz.001378,24.9100,25.1700,24.7500,24.7900,24.9200,1442294,35957257.2600,3,2.193300,1,-0.521700,41.219818,1.754907,2.213401,-11.370625,0
2026-02-05,sz.001379,24.3800,24.7000,24.0000,24.0400,24.5600,4066841,98882781.7900,3,6.042900,1,-2.117300,58.438100,3.193299,2.394677,-12.847790,0
2026-02-05,sz.001380,23.4500,23.5000,23.2500,23.2900,23.3700,1786677,41763424.8800,3,2.030200,1,-0.342300,22.733714,3.401658,3.095147,36.794940,0
2026-02-05,sz.001382,20.8400,20.9200,20.5500,20.6200,20.9300,2233000,46227712.0000,3,3.601600,1,-1.481100,69.793581,5.339388,2.794736,-558.892156,0
2026-02-05,sz.001386,25.8900,26.9600,25.5600,26.5800,26.3100,24795985,651369654.4200,3,25.337900,1,1.026200,25.365292,2.962413,4.695814,-29.674138,0
2026-02-05,sz.001387,14.9500,15.1900,14.8900,14.9200,14.9500,2916270,43724935.3000,3,2.560100,1,-0.200700,29.080458,2.183410,1.398207,22.791377,0
2026-02-05,sz.001388,44.1000,44.4400,44.0400,44.2600,44.3200,605298,26798791.1100,3,1.940100,1,-0.135400,50.159951,4.953352,6.696415,37.872233,0
2026-02-05,sz.001389,100.0000,102.8400,98.6900,100.2200,103.0700,7805829,782063507.2200,3,5.164000,1,-2.765100,47.014813,11.739950,8.726641,-475.639505,0
2026-02-05,sz.001390,24.1800,24.2600,24.0300,24.0800,24.1000,1491634,36021525.2400,3,2.983300,1,-0.083000,28.403611,3.034010,4.970033,36.036779,0
2026-02-05,sz.001391,5.9600,6.0000,5.9500,5.9800,5.9600,23237022,139012673.5600,3,1.529400,1,0.335600,27.195144,2.797857,3.175508,-45.703259,0
2026-02-05,sz.001395,43.7400,44.9200,43.5100,43.9600,43.7400,1312140,58049360.4000,3,2.798300,1,0.503000,20.635732,3.334927,4.789602,-55.359987,0
2026-02-05,sz.001396,43.4200,44.5000,42.7800,43.9700,43.6300,2225649,97411997.2500,3,10.022200,1,0.779300,35.433070,5.432505,6.243709,297.455179,0
2026-02-05,sz.001400,112.0000,112.0000,104.1000,105.8200,114.0000,3184249,340577335.5000,3,21.228300,1,-7.175400,57.216433,5.161940,6.203701,31.488002,0
2026-02-05,sz.001696,20.6600,20.7600,20.4400,20.5100,20.6500,13398739,275468897.6700,3,1.503100,1,-0.678000,28.367351,4.283151,1.843268,-90.047854,0
2026-02-05,sz.001872,19.7500,19.9200,19.6600,19.8200,19.7200,2768500,54826814.0000,3,0.120300,1,0.507100,10.724031,0.772952,2.940851,-97.452210,0
2026-02-05,sz.001896,6.3200,6.3200,6.0800,6.1000,6.3300,28113400,172988622.0000,3,1.842600,1,-3.633500,36.406130,2.699454,0.814153,7.893343,0
2026-02-05,sz.001914,11.9600,12.1400,11.9200,12.0000,11.9500,21404846,257641703.3200,3,2.031400,1,0.418400,13.943198,1.165943,0.667126,35.443607,0
2026-02-05,sz.001965,9.6600,9.7900,9.6500,9.7500,9.6900,15199672,148224064.6800,3,0.223700,1,0.619200,12.804519,0.991234,5.370029,18.205322,0
2026-02-05,sz.001979,10.8200,11.0500,10.7800,10.9200,10.8700,68043688,743321334.5300,3,0.808700,1,0.460000,25.021174,0.992129,0.516270,-70.335246,0
2026-02-05,sz.002001,27.5500,28.1700,27.3400,27.9900,27.7000,35019041,971375992.3000,3,1.153100,1,1.046900,11.948343,2.671339,3.828449,147.864040,0
2026-02-05,sz.002003,10.4200,10.8500,10.3800,10.8300,10.4400,30646692,328372231.2100,3,2.998400,1,3.735600,19.506539,2.794064,2.723972,-83.851175,0
2026-02-05,sz.002004,5.5000,5.5400,5.4200,5.4400,5.5200,30961459,169259362.6300,3,1.645500,1,-1.449300,-77.405626,1.110511,0.909629,-18.239696,0
2026-02-05,sz.002005,2.9800,2.9800,2.9100,2.9200,2.9700,8842500,25953492.0000,3,0.504700,1,-1.683500,-87.629567,13.860892,7.550196,216.480930,1
2026-02-05,sz.002006,20.6000,20.6200,20.0400,20.2000,20.5700,12157228,245889292.2000,3,2.338900,1,-1.798700,48.020494,4.368562,5.553997,18.771480,0
2026-02-05,sz.002007,15.5700,15.7500,15.5100,15.5500,15.6200,14568345,227304967.7800,3,0.925700,1,-0.448100,29.956185,2.498881,6.659024,33.569598,0
2026-02-05,sz.002008,50.0800,50.5000,48.8300,48.9500,50.3900,21914086,1082110454.5600,3,2.290500,1,-2.857700,44.554152,2.969904,2.903995,30.191205,0
2026-02-05,sz.002009,30.1300,31.0000,28.3400,28.8000,31.4900,97278088,2828758608.8700,3,27.470200,1,-8.542400,-89.202921,5.784986,4.081706,-39.635655,0
2026-02-05,sz.002010,6.5300,6.5300,6.4200,6.4500,6.5500,26488162,171420250.9800,3,0.960700,1,-1.526700,32.339163,0.985709,0.680933,-16.242991,0
2026-02-05,sz.002011,12.4200,12.4300,12.2500,12.2900,12.4600,13524401,166596370.2900,3,1.276400,1,-1.364400,11.340538,2.080503,1.010898,63.753764,0
2026-02-05,sz.002012,6.7400,6.8600,6.7000,6.7200,6.8200,30202600,204400718.2600,3,6.470300,1,-1.466300,646.930350,2.037267,5.221111,-51.464956,0
2026-02-05,sz.002014,12.3900,12.5900,12.3000,12.5100,12.3600,2772580,34638426.0000,3,0.458600,1,1.213600,16.230015,3.264397,2.075319,-27.109161,0
2026-02-05,sz.002015,10.9200,11.2000,10.7000,10.9600,10.8800,63056714,695517211.9500,3,3.884400,1,0.735300,27.573805,1.442008,1.747861,-89.707476,0
2026-02-05,sz.002016,6.4000,6.4600,6.3600,6.3800,6.4000,11536000,73923297.0000,3,1.425800,1,-0.312500,37.526691,1.053510,3.557581,7.722827,0
2026-02-05,sz.002017,22.8900,23.0800,22.5400,22.6300,23.0500,11872608,270019188.4000,3,2.046700,1,-1.822100,71.650351,7.425136,10.256701,214.711239,0
2026-02-05,sz.002019,12.1400,12.2000,12.0500,12.1000,12.1800,9059670,109837693.2000,3,1.076600,1,-0.656800,36.129735,1.666651,2.817269,-166.013229,0
2026-02-05,sz.002020,16.7600,16.8500,16.4800,16.6300,16.8000,7948000,132195100.0000,3,1.097800,1,-1.011900,20.095016,2.533706,3.581520,62.407374,0
2026-02-05,sz.002021,3.1700,3.2200,3.1300,3.1400,3.1800,26756414,84726927.7400,3,2.238200,1,-1.257900,-36438.772293,6.033880,4.511797,-211.145397,0
2026-02-05,sz.002022,6.2200,6.2500,6.1700,6.2000,6.2400,8318041,51664225.8100,3,1.617500,1,-0.641000,-4.246329,1.028584,1.992813,549.918998,0
2026-02-05,sz.002023,12.0300,12.1900,11.8900,11.9400,12.0800,14884702,178760958.8400,3,2.009100,1,-1.158900,69.115426,2.024269,5.885792,33.382265,0
2026-02-05,sz.002024,1.5400,1.5600,1.5400,1.5400,1.5600,23336099,36089523.9700,3,0.252200,1,-1.282100,168.398628,1.133531,0.250750,-120.916143,1
2026-02-05,sz.002025,52.6700,53.7900,52.2000,52.4500,53.3900,13898341,733877718.5700,3,3.062100,1,-1.760600,293.624668,3.669549,4.440685,-20.387880,0
2026-02-05,sz.002026,15.4700,15.6900,15.1200,15.1500,15.4700,10269200,157757390.2000,3,2.331300,1,-2.068500,20.201416,1.766467,3.263407,-20.877046,0
2026-02-05,sz.002027,7.3100,7.5100,7.2900,7.4100,7.3300,153571069,1138884623.9900,3,1.063300,1,1.091400,19.716382,6.498712,8.488407,50.568611,0
2026-02-05,sz.002028,201.0000,201.9600,188.8000,192.3800,201.8300,11448817,2207446506.8600,3,1.878500,1,-4.682200,47.510997,10.395326,7.086197,171.782685,0
2026-02-05,sz.002029,11.9600,12.5000,11.8900,12.4900,11.9500,30575946,378059868.0100,3,4.595100,1,4.518800,19.491283,1.290747,2.963482,152.655448,0
2026-02-05,sz.002030,6.4200,6.4800,6.4000,6.4200,6.4700,30616606,196982524.6200,3,2.181500,1,-0.772800,-15.976679,1.163993,11.770535,-32.694760,0
2026-02-05,sz.002031,7.6600,7.7100,7.5800,7.5900,7.7200,33900639,258554355.8700,3,1.748600,1,-1.683900,-54.933124,7.855390,24.171416,-123.469700,0
2026-02-05,sz.002032,44.5000,45.7200,44.4100,45.4500,44.6200,3365420,152675116.7000,3,0.420200,1,1.860200,16.724679,6.574608,1.596591,-38.968182,0
2026-02-05,sz.002033,9.9000,10.1000,9.8800,10.0100,9.9400,20769354,208227307.3800,3,3.779800,1,0.704200,26.127570,2.167648,6.606848,-22.527327,0
2026-02-05,sz.002034,17.3300,17.3300,16.9600,16.9900,17.3600,4092452,69951232.2300,3,0.947700,1,-2.131300,12.291790,1.061998,2.235098,185.160071,0
2026-02-05,sz.002035,6.2400,6.2900,6.2100,6.2700,6.2400,9801446,61391556.9800,3,1.253300,1,0.480800,12.171457,1.367709,0.892665,-23.440544,0
2026-02-05,sz.002036,10.7500,10.8500,10.5800,10.6100,10.8300,22890555,243720832.1300,3,2.173000,1,-2.031400,-24.571725,5.222888,1.250200,-105.602669,0
2026-02-05,sz.002037,9.0700,9.1700,9.0000,9.0000,9.0900,5184580,47027378.7000,3,1.071500,1,-0.990100,-2265.367138,2.319797,0.635250,33.157063,0
2026-02-05,sz.002038,6.5900,6.7000,6.5300,6.5400,6.5800,27675633,182643455.5700,3,3.248600,1,-0.607900,80.208093,1.180199,11.612091,-111.012758,0
2026-02-05,sz.002039,17.2800,17.3100,17.1400,17.2300,17.2700,5139652,88517230.1400,3,1.202100,1,-0.231600,16.528352,1.695833,2.794444,229.967227,0
2026-02-05,sz.002040,10.2100,10.3900,10.1400,10.2300,10.2900,12547130,128819978.6000,3,2.581300,1,-0.583100,29.446618,1.477634,4.850694,20.263776,0
2026-02-05,sz.002041,11.1400,11.3400,10.7500,10.7900,11.3700,59988671,656460156.0200,3,6.816900,1,-5.101100,182.475815,2.620711,8.039274,44.647971,0
2026-02-05,sz.002042,4.2400,4.3500,4.2400,4.2900,4.2700,31680955,136203081.9500,3,1.862800,1,0.468400,-35.901113,1.266609,0.707771,-14.159501,0
2026-02-05,sz.002043,17.2400,18.1800,17.2400,17.5200,17.3200,15612477,274643961.2400,3,2.120900,1,1.154700,19.856905,4.523533,1.607483,-29.496880,0
2026-02-05,sz.002044,7.1000,7.2000,6.9400,7.0700,7.2500,152436480,1073301311.7200,3,3.934600,1,-2.482800,89.424558,3.499493,2.638905,66.726704,0
2026-02-05,sz.002045,13.7000,13.9400,13.7000,13.9400,13.7900,9081863,125377978.2100,3,1.616500,1,1.087700,280.351531,1.771606,0.924228,-40.658327,0
2026-02-05,sz.002046,47.3500,47.7100,46.1800,46.9100,47.4400,10418029,488443154.9500,3,1.970200,1,-1.117200,89.392796,5.812044,7.990993,43.158051,0
2026-02-05,sz.002047,4.3000,4.3600,4.2600,4.3400,4.3100,11471301,49443272.3300,3,0.756600,1,0.696100,-19.209410,-206.304765,5.868888,-20.363360,1
2026-02-05,sz.002048,33.0000,33.1900,31.8400,32.0100,32.8100,17135408,552683071.6100,3,2.414100,1,-2.438300,81.086452,2.316615,0.951028,-117.129499,0
2026-02-05,sz.002049,77.5300,78.2000,76.5000,77.4800,78.8000,17751844,1371213326.3400,3,2.089700,1,-1.675100,45.964535,5.015892,10.699468,-62.024066,0
2026-02-05,sz.002050,50.5100,50.8900,49.8600,50.0900,51.6600,91993421,4625737850.2300,3,2.497000,1,-3.039100,52.178923,6.662850,6.709818,19.595445,0
2026-02-05,sz.002051,8.8600,8.8900,8.7300,8.7700,8.8900,11550983,101596858.0700,3,0.933500,1,-1.349800,35.306099,0.937674,0.951219,10.361683,0
2026-02-05,sz.002052,11.2700,11.4000,11.1300,11.2200,11.3600,12252101,138015947.2000,3,1.777200,1,-1.232400,26.733751,25.364444,8.285040,30.960961,0
2026-02-05,sz.002053,11.6000,11.6000,11.3900,11.4000,11.6200,5202200,59654628.0000,3,0.565000,1,-1.893300,31.519126,1.417126,3.757268,58.790471,0
2026-02-05,sz.002054,8.9800,9.3600,8.8800,9.1400,8.9900,32864803,299454761.8900,3,8.550200,1,1.668500,49.318882,1.738174,1.451402,-211.095763,0
2026-02-05,sz.002055,6.1900,6.3200,6.1300,6.1300,6.2000,22752302,141720520.3400,3,3.830400,1,-1.129000,-3.609972,2.593894,0.810954,49.762105,1
2026-02-05,sz.002056,20.4300,20.4300,19.4100,19.5300,20.4500,32095476,632590622.5900,3,1.975100,1,-4.498800,13.502212,3.099501,1.409555,12.153750,0
2026-02-05,sz.002057,10.6800,10.7100,10.2700,10.3600,10.7300,17337563,180991745.6300,3,2.301200,1,-3.448300,32.986807,2.412035,2.542815,-15.974055,0
2026-02-05,sz.002058,22.2000,22.8800,21.9300,22.0800,22.2000,1616300,36368920.8000,3,1.129300,1,-0.540500,17.656310,79.160899,15.987963,58.474044,1
2026-02-05,sz.002059,5.2900,5.5100,5.2500,5.4000,5.2900,27019000,145935666.0000,3,2.748500,1,2.079400,-18.429890,4.255658,18.588856,-29.488553,0
2026-02-05,sz.002060,3.8200,3.9200,3.7700,3.7900,3.7900,45891200,174797091.6800,3,2.936400,1,0.000000,13.149191,1.032245,0.201851,-4.813691,0
2026-02-05,sz.002061,4.1500,4.1600,4.1000,4.1200,4.1600,24673420,101764574.2000,3,0.949300,1,-0.961500,9.293225,0.698967,0.227003,4.589176,0
2026-02-05,sz.002062,10.0000,10.0000,9.7000,9.7200,10.0800,21539621,211125978.7400,3,1.915100,1,-3.571400,43.429896,2.370869,2.037320,30.684448,0
2026-02-05,sz.002063,6.4500,6.4900,6.3700,6.3800,6.5200,36173828,231846208.7500,3,2.051000,1,-2.147200,39.819537,3.234559,5.016830,107.471838,0
2026-02-05,sz.002064,11.4800,11.7700,11.3800,11.4400,11.5100,40810165,471204455.1900,3,0.824700,1,-0.608200,34.059137,2.106495,2.301394,57.634896,0
2026-02-05,sz.002065,9.5000,9.5300,9.4100,9.4300,9.5800,37698691,356461380.9600,3,1.296400,1,-1.565800,83.894186,2.477781,2.218629,96.560439,0
2026-02-05,sz.002066,20.5600,21.1100,20.5600,20.9000,20.7400,4148711,86587960.0200,3,1.796000,1,0.771500,270.865676,6.948573,1.275953,253.641189,0
2026-02-05,sz.002067,5.4400,5.4600,5.3400,5.3500,5.4900,43028081,231406074.8500,3,3.216800,1,-2.550100,127.073168,1.225823,1.402316,-226.050873,0
2026-02-05,sz.002068,9.6100,9.7900,9.1700,9.1900,9.6500,27451024,257461431.1800,3,3.734800,1,-4.766800,-51.441979,2.519211,0.730675,138.995839,0
2026-02-05,sz.002069,3.9400,4.0300,3.9000,3.9700,3.9400,20253450,80621880.0000,3,2.851700,1,0.761400,-95.588785,155.787858,1.883015,44.489479,0
2026-02-05,sz.002072,7.5200,7.7100,7.4900,7.6400,7.5300,5676000,43359354.0000,3,1.913400,1,1.460800,-137.836556,92.699748,5.532273,75.240693,0
2026-02-05,sz.002073,8.2900,8.3200,8.0800,8.1000,8.2900,26242000,213909196.0000,3,2.587700,1,-2.291900,17.730861,1.347973,1.038974,14.728419,0
2026-02-05,sz.002074,37.6100,37.8000,37.0500,37.1400,37.9500,25938629,966798118.9000,3,1.494000,1,-2.134400,20.247219,2.368442,1.696068,-83.955072,0
2026-02-05,sz.002075,5.6800,5.6900,5.5200,5.5500,5.7200,50013140,278637686.6000,3,2.279700,1,-2.972000,42.232755,1.850285,0.876687,-37.599042,0
2026-02-05,sz.002076,2.2000,2.2200,2.1600,2.2000,2.2200,19605700,42985882.0000,3,1.881100,1,-0.900900,-94.855752,7.743008,10.314283,-78.220830,1
2026-02-05,sz.002077,16.9200,16.9200,16.4300,16.6800,17.2300,28128252,468130960.8400,3,4.846800,1,-3.192100,217.919100,2.886839,26.418088,278.097101,0
2026-02-05,sz.002078,16.3000,16.6400,16.1200,16.2300,16.2500,18630850,303784401.9800,3,0.670800,1,-0.123100,14.434601,1.504107,1.172356,-99.882462,0
2026-02-05,sz.002079,10.9700,10.9800,10.7700,10.8800,11.1000,33608290,365132094.3100,3,4.149900,1,-1.982000,91.098971,2.860984,2.067054,-29.285344,0
2026-02-05,sz.002080,40.5000,41.8400,37.8600,38.6900,41.2200,65548821,2579961928.2400,3,3.906100,1,-6.137800,36.821258,3.309876,2.248635,52.199895,0
2026-02-05,sz.002081,3.7900,3.8400,3.7600,3.7700,3.8000,38281100,145073098.0000,3,1.447500,1,-0.789500,21.887225,0.729135,0.589422,74.129301,0
2026-02-05,sz.002082,15.8800,16.2600,15.5300,15.5700,15.8800,8350420,132600096.3200,3,1.509300,1,-1.952100,670.574684,3.560514,6.868695,-3975.347709,0
2026-02-05,sz.002083,11.5000,11.6800,11.3500,11.4800,11.9300,38920902,446825201.7800,3,4.111500,1,-3.772000,35.363665,2.378064,2.103028,440.547025,0
2026-02-05,sz.002084,4.2000,4.2700,4.1500,4.2000,4.2200,20362149,85737778.3900,3,3.158700,1,-0.473900,-14.946129,1.948608,0.990880,-21.600594,0
2026-02-05,sz.002085,15.6200,15.8200,15.5500,15.6800,15.7100,27306293,428724012.6200,3,1.286000,1,-0.191000,40.658005,4.382239,2.041339,-425.459387,0
2026-02-05,sz.002086,2.2600,2.2900,2.2500,2.2700,2.2700,29737740,67555057.7800,3,1.880600,1,0.000000,-19.660942,3.353492,13.147820,-45.875281,0
2026-02-05,sz.002088,12.6300,12.7300,12.3900,12.5000,12.6800,3454986,43266985.6000,3,0.683100,1,-1.419600,26.523649,2.468655,2.319750,-32.356220,0
2026-02-05,sz.002090,12.6600,12.6900,12.2200,12.2400,12.7500,13913710,171776581.0400,3,3.513400,1,-4.000000,59.669920,3.214569,2.857137,563.292149,0
2026-02-05,sz.002091,8.7300,8.7600,8.6300,8.6700,8.7700,16477748,143162289.0800,3,1.031900,1,-1.140300,12.235871,0.897588,0.356845,-8.391946,0
2026-02-05,sz.002092,6.4800,6.7500,6.3400,6.3600,6.5400,88385270,575637386.7000,3,3.431600,1,-2.752300,-20.395107,0.763141,0.570462,-21.109793,0
2026-02-05,sz.002093,11.1200,11.1900,11.0800,11.1200,11.1700,11412447,126945934.4300,3,1.132700,1,-0.447600,51.757799,2.919201,19.793948,218.551033,0
2026-02-05,sz.002094,8.4000,8.6300,8.1500,8.2000,8.5300,60057900,500304630.9900,3,8.698300,1,-3.868700,149.369208,3.664500,3.378303,-72.285147,0
2026-02-05,sz.002095,18.3200,18.5200,18.2300,18.3500,18.3800,2466963,45393940.9800,3,0.980100,1,-0.163200,-431.905601,5.236114,7.746502,29.072017,0
2026-02-05,sz.002096,13.8100,13.8400,13.6400,13.7000,13.8100,6335800,86946375.8500,3,0.510800,1,-0.796500,20.398564,2.168926,1.770483,39.122837,0
2026-02-05,sz.002097,11.6500,11.7800,11.5800,11.6100,11.6800,16164359,188362453.9100,3,1.506900,1,-0.599300,92.537639,2.657999,1.779392,31.615653,0
2026-02-05,sz.002098,10.4100,10.7000,10.3900,10.6300,10.4800,10001300,106101063.0000,3,2.793700,1,1.431300,19.311282,2.616028,1.359003,131.781337,0
2026-02-05,sz.002099,6.9800,7.0500,6.8200,6.8300,6.9800,30382603,209999545.2800,3,1.880500,1,-2.149000,-33.006731,2.159228,5.942160,-68.218636,0
2026-02-05,sz.002100,7.1200,7.1800,7.0700,7.1000,7.1300,19595185,139490672.9000,3,1.435300,1,-0.420800,21.484395,1.351842,0.547674,27.013176,0
2026-02-05,sz.002101,12.2400,12.3200,12.1200,12.1200,12.2800,6749952,82224504.1600,3,1.019300,1,-1.302900,22.485678,1.030092,0.884704,-5.480683,0
2026-02-05,sz.002102,3.4200,3.4300,3.3600,3.3600,3.4200,26049500,88152657.0000,3,1.198800,1,-1.754400,-32.561233,2.509961,0.821798,-667.102729,0
2026-02-05,sz.002103,9.5800,9.7900,9.5300,9.7300,9.6000,14755700,143238636.0000,3,3.913800,1,1.354200,30.209884,4.330352,1.818449,201.951477,0
2026-02-05,sz.002104,17.9100,18.1700,17.8300,18.1000,18.0700,16953814,306068495.2000,3,2.827100,1,0.166000,313.357819,5.986079,15.360634,-2578.527045,0
2026-02-05,sz.002105,7.1000,7.2800,7.0700,7.1500,7.1000,9990601,71962212.1800,3,2.741100,1,0.704200,-52.466686,3.109971,2.116950,-42.411851,0
2026-02-05,sz.002106,11.7200,11.7300,11.5600,11.5700,11.7600,8865043,103065453.8500,3,1.259100,1,-1.615600,27.437499,1.465200,1.323756,-2.109806,0
2026-02-05,sz.002107,7.2500,7.3100,7.2200,7.2700,7.2600,5537525,40241513.2700,3,0.969100,1,0.137700,43.841623,5.797467,5.136546,82.020769,0
2026-02-05,sz.002108,4.9500,4.9800,4.8200,4.8300,4.9900,49158943,239451313.9600,3,2.983900,1,-3.206400,51.006831,1.586174,2.780454,-66.864334,0
2026-02-05,sz.002109,4.2300,4.2800,4.1200,4.1400,4.2300,12622130,52819519.6000,3,0.989000,1,-2.127700,-10.697056,1.296308,1.455500,-20.932477,0
2026-02-05,sz.002110,4.3800,4.5000,4.3500,4.4100,4.4100,30420818,134581447.4100,3,1.252400,1,0.000000,45.332360,0.544771,0.232127,60.505575,0
2026-02-05,sz.002111,11.1000,11.2300,10.9800,11.1000,11.1000,8628460,95883272.6000,3,1.792900,1,0.000000,81.486807,1.971682,1.898529,37.862105,0
2026-02-05,sz.002112,24.2800,24.4400,22.4200,23.1000,24.9100,72341983,1680922094.9800,3,27.603100,1,-7.266200,82.419502,7.802223,3.529158,274.926881,0
2026-02-05,sz.002114,9.6000,9.6600,9.2400,9.3400,9.7000,17152500,161428773.0000,3,5.304000,1,-3.711300,-28.840335,3.573382,2.428686,-117.545316,0
2026-02-05,sz.002115,15.0100,15.2500,14.8200,15.0300,15.3000,77989924,1169291660.8700,3,10.368300,1,-1.764700,-49.971312,5.876179,1.259249,-51.632644,0
2026-02-05,sz.002116,11.0400,11.1700,11.0200,11.1300,11.0900,7207403,80012760.2700,3,1.564400,1,0.360700,15.125265,1.960509,0.743939,-639.262545,0
2026-02-05,sz.002117,11.6200,11.7200,11.5800,11.6400,11.6400,6938281,80872439.0400,3,1.325200,1,0.000000,30.371565,4.320756,4.803707,228.801701,0
2026-02-05,sz.002119,25.3400,26.1600,23.0100,25.6900,25.3600,78323575,1918031267.0400,3,20.870500,1,1.301300,96.232312,6.638129,4.723054,147.025597,0
2026-02-05,sz.002120,6.9400,7.0200,6.9000,6.9800,6.9400,37772770,263207679.2500,3,1.341800,1,0.576400,16.372247,0.994208,0.400509,-20.228960,0
2026-02-05,sz.002121,8.7500,8.7900,8.3400,8.4000,8.8500,56990123,483307119.4900,3,4.070900,1,-5.084700,-177.493706,18.840061,2.729394,29.654319,0
2026-02-05,sz.002122,3.0600,3.0900,3.0500,3.0600,3.0700,18913329,58010920.7400,3,0.951300,1,-0.325700,-15.959551,2.805852,5.823418,172.786786,1
2026-02-05,sz.002123,11.6700,11.7900,11.6100,11.6800,11.7700,13098432,153068551.7400,3,1.819100,1,-0.764700,-186.164279,5.449778,2.972020,-389.600218,0
2026-02-05,sz.002124,2.5000,2.5300,2.4900,2.5100,2.5100,27155660,68241452.4000,3,1.376800,1,0.000000,14.806106,1.417246,0.605145,88.222112,0
2026-02-05,sz.002125,13.6800,13.7100,13.3100,13.3600,13.7500,13885775,186565149.5700,3,2.205900,1,-2.836400,36.856485,2.756088,4.354531,21.736748,0
2026-02-05,sz.002126,43.6000,44.8800,41.9300,44.4000,43.2100,73419446,3199111179.0300,3,9.257500,1,2.754000,44.119677,5.570097,2.579961,-309.195846,0
2026-02-05,sz.002127,3.1900,3.2400,3.1900,3.2300,3.2100,32765290,105563608.6400,3,1.642600,1,0.623100,-31.969494,1.900688,2.694761,175.156640,0
2026-02-05,sz.002128,28.8800,29.1500,27.8500,28.3700,29.2700,23874335,674985185.0000,3,1.065100,1,-3.074800,12.568121,1.707849,2.088287,-128.798663,0
2026-02-05,sz.002129,10.4700,11.1900,10.2400,10.7400,10.5700,582870009,6227009328.9300,3,14.427300,1,1.608300,-4.554676,1.727820,1.584329,-625.568505,0
2026-02-05,sz.002130,27.2600,27.6800,26.8400,27.5100,27.7500,69603459,1898405247.9700,3,6.081500,1,-0.864900,34.171347,5.614271,4.232896,237.399792,0
2026-02-05,sz.002131,9.0600,9.4300,8.7300,8.8200,9.2600,1036583999,9330370907.8400,3,17.720200,1,-4.751600,122.102364,4.512383,3.020096,701.284114,0
2026-02-05,sz.002132,3.8900,3.9200,3.8300,3.8300,3.9200,30720285,118769431.5500,3,2.195100,1,-2.295900,354.600699,1.546663,1.028464,156.628608,0
2026-02-05,sz.002133,3.8400,3.8700,3.7900,3.8300,3.8500,21516960,82648257.4000,3,2.794900,1,-0.519500,-3.889699,1.009001,0.570207,-9.283179,0
2026-02-05,sz.002134,23.3800,23.4500,22.8000,22.8500,23.5700,5279901,121548086.0500,3,2.142900,1,-3.054700,312.216805,11.090027,4.254769,215.758822,0
2026-02-05,sz.002135,6.0400,6.3800,6.0200,6.1400,6.1200,51596979,323457691.9000,3,4.942900,1,0.326800,87.791134,1.086914,0.772559,19.381086,0
2026-02-05,sz.002136,12.9400,13.3500,12.8400,12.9000,12.9300,12885302,169406195.5800,3,6.008400,1,-0.232000,-36.525699,2.457598,1.538754,-106.642336,0
2026-02-05,sz.002137,9.4500,9.8500,9.4100,9.6000,9.5500,44187125,426230824.0000,3,11.145500,1,0.523600,-276.220736,3.666986,8.834443,498.775075,0
2026-02-05,sz.002138,37.7000,38.1100,36.7000,37.5400,38.1500,21355503,795578957.4300,3,2.822900,1,-1.599000,30.978990,4.649281,4.495132,-3626.971197,0
2026-02-05,sz.002139,12.8600,12.8600,12.7000,12.7300,12.8700,13260897,169126374.4300,3,1.238200,1,-1.087800,29.410614,2.244934,1.444346,-88.711593,0
2026-02-05,sz.002140,12.7300,12.8700,12.1100,12.1300,12.5700,25237869,312474892.5600,3,3.569900,1,-3.500400,18.760805,1.857821,0.931181,-57.385500,0
2026-02-05,sz.002141,3.9300,3.9500,3.8800,3.8800,3.9600,24437200,95498447.9700,3,2.398200,1,-2.020200,-55.417323,4.818189,3.022545,-68.280866,0
2026-02-05,sz.002142,31.7100,32.8000,31.6900,32.5300,31.7000,53615737,1737886722.9700,3,0.812400,1,2.618300,7.323315,0.985936,2.984866,24.231789,0
2026-02-05,sz.002144,14.3600,14.9600,14.1600,14.8500,14.4500,10321600,150993460.0000,3,7.498700,1,2.768200,120.397081,1.235422,4.611796,-19.903527,0
2026-02-05,sz.002145,5.1400,5.1800,5.0100,5.0400,5.1500,53030444,268997888.8600,3,1.422200,1,-2.135900,44.263182,1.589663,2.561249,49.787054,0
2026-02-05,sz.002146,1.6500,1.6700,1.6300,1.6500,1.6600,145813296,240727387.4000,3,3.727800,1,-0.602400,-0.709147,0.603826,0.242734,-4.198800,0
2026-02-05,sz.002148,8.4900,8.6800,8.4700,8.6200,8.5200,11233520,96586012.8000,3,2.500100,1,1.173700,390.189816,3.943908,13.207504,123.239825,0
2026-02-05,sz.002149,51.2600,56.9600,50.5500,55.4100,53.9600,104955287,5676008071.1400,3,21.501100,1,2.687200,303.322131,9.280500,8.992083,-193.131400,0
2026-02-05,sz.002150,24.9300,24.9800,23.3000,23.3900,25.2200,18198329,431527181.0500,3,5.075600,1,-7.256100,34.249328,4.167709,2.397581,-195.338491,0
2026-02-05,sz.002151,44.0000,44.9800,43.7700,44.2700,44.8800,23955404,1060680467.2500,3,5.409800,1,-1.359200,-89.691251,4.659139,12.374947,534.259106,0
2026-02-05,sz.002152,12.7800,12.8900,12.6900,12.7400,12.8500,15855772,202528780.0300,3,0.638800,1,-0.856000,37.259785,2.487222,2.714637,-63.954651,0
2026-02-05,sz.002153,12.9700,13.5800,12.8200,13.4300,13.0100,91257522,1214103723.8900,3,5.704400,1,3.228300,-189.416282,5.266341,12.812175,30.921786,0
2026-02-05,sz.002154,4.0600,4.1500,4.0500,4.1000,4.0800,34694000,142593900.0000,3,2.940700,1,0.490200,18.954872,1.319868,1.173885,81.085206,0
2026-02-05,sz.002155,34.5000,35.5000,32.3300,32.7100,35.9200,202234857,6739773855.6000,3,12.942900,1,-8.936500,42.295092,6.698081,1.063918,84.852485,0
2026-02-05,sz.002156,47.3300,47.8400,46.2100,47.7200,49.0500,85701117,4031416301.4900,3,5.647700,1,-2.711500,73.480467,4.770585,2.690517,189.065064,0
2026-02-05,sz.002157,3.2300,3.2700,3.1800,3.2000,3.2400,119672889,385630852.6800,3,1.654300,1,-1.234600,-389.464659,2.521271,2.162163,50.869904,0
2026-02-05,sz.002158,25.5300,25.5500,24.7400,24.8300,25.5800,4289781,107083989.9500,3,0.804000,1,-2.932000,24.912058,3.046001,4.306433,-17.661263,0
2026-02-05,sz.002159,16.3600,17.0600,16.2600,16.7600,16.3600,9126775,153179135.5000,3,6.591000,1,2.445000,23.816613,2.031950,4.626853,-72.846290,0
2026-02-05,sz.002160,5.7700,5.8400,5.5600,5.6300,5.8600,67567831,383089131.7700,3,6.555300,1,-3.924900,115.538262,1.561897,0.692398,44.419748,0
2026-02-05,sz.002161,9.0300,9.1400,8.8800,8.9200,9.1100,28017727,251697046.8400,3,3.975600,1,-2.085600,60.416781,3.926671,11.229741,372.562977,0
2026-02-05,sz.002162,5.2000,5.2900,5.1800,5.2600,5.2300,23368830,123021827.9000,3,2.544300,1,0.573600,-43.595032,5.889751,4.452248,211.593251,0
2026-02-05,sz.002163,16.9500,18.5300,16.8900,17.8900,17.1200,169780044,3024228954.9800,3,21.128800,1,4.497700,-29.564754,21.461870,4.163953,33.669805,0
2026-02-05,sz.002164,13.8700,13.8700,13.6600,13.6700,13.9300,11185210,153693515.5000,3,2.331300,1,-1.866500,118.006909,5.078502,4.872269,84.668626,0
2026-02-05,sz.002165,14.1600,14.7500,12.7100,12.9100,14.1200,280214018,3735372442.6700,3,38.510500,1,-8.569400,190.365903,4.643216,3.389755,138.095033,0
2026-02-05,sz.002166,9.1900,9.4300,9.1500,9.2900,9.1900,17290237,160919733.6700,3,2.337000,1,1.088100,52.279787,2.239377,3.676485,-114.060946,0
2026-02-05,sz.002167,12.9300,13.0000,12.3300,12.4200,13.1100,32414096,407439396.2800,3,4.279600,1,-5.263200,37.461387,5.494627,7.783134,78.142180,0
2026-02-05,sz.002168,4.2500,4.2800,4.1700,4.2000,4.2100,4584844,19381161.0000,3,0.584700,1,-0.237500,-30.038022,145.324206,9.851601,-102.716246,1
2026-02-05,sz.002169,13.4000,13.4200,12.8500,12.9900,13.4400,43348923,565405611.2500,3,5.713800,1,-3.348200,-42.971748,3.853561,3.173144,-52.353986,0
2026-02-05,sz.002170,13.2900,13.3700,12.8000,12.8300,13.3100,42416692,550867689.5000,3,5.406200,1,-3.606300,13.923204,3.385577,2.648180,129.936275,0
2026-02-05,sz.002171,12.8400,12.9400,12.5500,12.6100,12.9900,44114649,559796090.6000,3,2.733700,1,-2.925300,35.979483,2.359317,0.347249,-422.806225,0
2026-02-05,sz.002172,4.3900,4.4600,4.3800,4.4100,4.4000,20348400,89946763.0000,3,2.659000,1,0.227300,80.406628,19.336663,1.806996,51.514443,0
2026-02-05,sz.002173,28.5200,30.2800,28.0200,29.3500,29.1100,72380921,2101557675.8600,3,17.386500,1,0.824500,-210.989664,7.272464,16.126916,361.971263,0
2026-02-05,sz.002174,11.4000,11.5600,11.3800,11.4100,11.5200,19199886,219613421.7700,3,1.960700,1,-0.954900,-35.512504,2.254952,7.677016,-96.029102,0
2026-02-05,sz.002175,3.4000,3.4600,3.2800,3.3800,3.5000,99177286,335222951.7800,3,7.767800,1,-3.428600,-270.310388,5.334796,14.218651,24.083123,0
2026-02-05,sz.002176,9.1100,9.1600,8.9000,8.9500,9.1900,50096522,451000354.5000,3,2.936500,1,-2.611500,-43.649692,4.497833,6.681833,461.542144,0
2026-02-05,sz.002177,7.8200,7.9800,7.7700,7.9300,7.9000,47713286,376464877.6600,3,7.069500,1,0.379700,601.348050,3.535303,100.507249,1493.191005,0
2026-02-05,sz.002178,6.4500,6.5100,6.4100,6.4700,6.4400,11563200,74734973.0000,3,1.624500,1,0.465800,-863.232258,10.566191,10.270029,88.541574,0
2026-02-05,sz.002179,34.8600,35.2800,34.7100,34.8300,35.0100,17895850,625104016.5200,3,0.853200,1,-0.514100,28.618871,3.105861,3.289564,-30.146355,0
2026-02-05,sz.002180,21.9000,22.1500,21.7800,21.8400,22.0100,19096215,419292085.6300,3,1.398900,1,-0.772400,-45.123474,3.235980,1.442648,-11.391384,0
2026-02-05,sz.002181,11.7100,12.6400,11.6400,12.2200,11.9500,114619783,1395213949.4000,3,10.102800,1,2.259400,76.979095,3.331332,23.427105,-127.712346,0
2026-02-05,sz.002182,18.0700,18.5800,17.5800,18.3500,18.2500,36648443,662529997.9200,3,4.234300,1,0.547900,195.045883,3.384861,1.894652,399.041490,0
2026-02-05,sz.002183,5.3400,5.3600,5.2000,5.2100,5.3600,95688976,503080468.4300,3,3.684600,1,-2.798500,169.588407,1.461669,0.189399,-4267.928489,0
2026-02-05,sz.002184,13.0800,13.1400,12.8800,12.9000,13.1700,5253347,68293603.8300,3,2.185500,1,-2.050100,-41.576250,3.882515,1.725379,440.198760,0
2026-02-05,sz.002185,13.8600,14.0500,13.5000,13.9100,14.2900,198500325,2733347729.8300,3,6.092400,1,-2.659200,56.533308,2.587466,2.779310,-153.205186,0
2026-02-05,sz.002186,12.0500,12.3700,11.9800,12.2900,12.0400,12978802,159267189.6400,3,4.234400,1,2.076400,-371.750857,4.360839,2.955430,-128.376289,0
2026-02-05,sz.002187,7.7800,8.2500,7.7100,8.1700,7.8400,44988707,360049691.7100,3,6.418800,1,4.209200,-159.424321,1.419572,1.350182,-31.470309,0
2026-02-05,sz.002188,7.2200,7.4400,7.1900,7.2800,7.2400,19738000,144722578.8600,3,7.669300,1,0.552500,89.808328,7.342271,5.997843,-48.543069,0
2026-02-05,sz.002189,22.4000,22.8800,22.1700,22.6200,22.6000,3291803,74536085.3700,3,1.260500,1,0.088500,-10.961186,11.225351,4.564518,-115.453558,0
2026-02-05,sz.002190,36.3100,36.5500,36.0200,36.0700,36.3900,3574413,129364677.7000,3,0.996400,1,-0.879400,-154.264056,2.468715,5.640656,479.750234,0
2026-02-05,sz.002191,3.9500,3.9800,3.9400,3.9500,3.9500,12883400,51045358.0000,3,0.894400,1,0.000000,-271.315371,0.858095,2.237165,48.712484,0
2026-02-05,sz.002192,52.0000,52.4100,49.6500,50.1000,53.0900,10286060,521018182.3600,3,3.969600,1,-5.631900,73.727564,3.761376,19.496714,268.384350,0
2026-02-05,sz.002193,6.8700,7.3900,6.7800,7.0600,6.8800,21337400,152320189.0000,3,8.152900,1,2.616300,-2.956737,3.373654,5.426003,-56596.644441,0
2026-02-05,sz.002194,12.6800,12.8600,12.6000,12.6400,12.8100,13077727,166168646.7300,3,2.559800,1,-1.327100,-2427.470275,3.475128,5.959136,-262.611231,0
2026-02-05,sz.002195,9.9600,10.1500,9.7600,9.9300,10.0900,449430141,4448620184.5300,3,8.023700,1,-1.585700,326.098942,5.640229,87.292809,2422.434020,0
2026-02-05,sz.002196,17.0100,17.0100,16.0500,16.1100,17.2800,65169650,1061747238.9000,3,13.346600,1,-6.770800,-547.271669,5.644757,2.998561,318.795908,0
2026-02-05,sz.002197,8.6600,8.6900,8.5700,8.6300,8.7000,15342388,132357627.3200,3,2.873100,1,-0.804600,-13.661782,2.558240,6.591664,-34.935984,0
2026-02-05,sz.002198,6.9300,7.0800,6.9100,6.9300,6.9600,11892135,83106075.2000,3,2.343400,1,-0.431000,88.965754,4.960510,8.578180,-40.165431,0
2026-02-05,sz.002199,8.3800,8.4800,8.2200,8.2200,8.3800,1871105,15525637.4000,3,0.768600,1,-1.909300,-29.407879,10.493199,8.435051,-124.158228,1
2026-02-05,sz.002200,6.7700,6.9500,6.7100,6.8800,6.7600,1945671,13351060.4100,3,0.994100,1,1.775100,-24.415226,-28.790338,6.043541,-38.245203,1
2026-02-05,sz.002201,13.8000,14.3800,13.5200,13.9400,14.4200,55095935,766559718.9900,3,9.151800,1,-3.328700,116.303949,7.804074,5.193696,191.474798,0
2026-02-05,sz.002202,25.5300,25.9400,24.5600,24.8200,27.2800,351446415,8820903598.4300,3,10.446700,1,-9.017600,39.531737,2.730538,1.519652,-59.112754,0
2026-02-05,sz.002203,13.4000,13.4700,13.0600,13.2300,13.5300,25429146,336807584.6400,3,1.149500,1,-2.217300,40.476224,1.805200,0.359062,105.865261,0
2026-02-05,sz.002204,7.6300,7.6700,7.3800,7.3900,7.7000,53286952,399625484.8400,3,2.759000,1,-4.026000,24.086449,1.842604,0.944954,13.963888,0
2026-02-05,sz.002205,14.6800,14.9300,14.5900,14.7100,14.7000,4751860,70156538.6000,3,2.556900,1,0.068000,-11.378295,7.597194,3.686208,144.001539,0
2026-02-05,sz.002206,7.0200,7.0900,6.9100,6.9600,7.0700,17516326,122293384.7000,3,2.053500,1,-1.555900,15.289259,2.065452,1.359960,44.077652,0
2026-02-05,sz.002207,9.6200,10.0800,9.3600,9.3800,10.0000,45612997,440479653.8500,3,17.488800,1,-6.200000,-75.687041,69.387616,7.520298,-59.712557,0
2026-02-05,sz.002208,13.5000,14.7500,13.3400,14.0800,13.7200,61002476,858542278.8400,3,7.596000,1,2.623900,-61.490762,1.759310,1.312208,36.856508,0
2026-02-05,sz.002209,15.8800,16.0400,15.7500,15.8800,15.8800,2994400,47586246.0000,3,1.915600,1,0.000000,24.110061,3.849978,1.667934,39.685297,0
2026-02-05,sz.002210,3.1500,3.2200,3.1300,3.1400,3.1600,66481919,210756356.5100,3,2.502800,1,-0.632900,901.049499,8.768695,45.074039,59.792915,0
2026-02-05,sz.002211,3.4300,3.5300,3.4200,3.4500,3.4500,5598600,19432181.0000,3,1.294500,1,0.000000,-47.156218,109.968620,3.295214,94.505131,1
2026-02-05,sz.002212,8.5100,8.5300,8.4100,8.4400,8.5800,25619311,217003164.5800,3,2.195600,1,-1.631700,591.508300,1.069573,4.078924,-293.055362,0
2026-02-05,sz.002213,25.5700,25.8300,25.3000,25.6700,26.2400,11344400,290369335.0000,3,5.487400,1,-2.172300,-206.975294,10.897485,5.412860,75.873585,0
2026-02-05,sz.002214,18.8600,19.2700,18.6900,19.0000,18.8600,3915455,74560751.5800,3,0.817400,1,0.742300,-45.790525,8.053740,26.278169,-88.369520,1
2026-02-05,sz.002215,11.3500,11.4500,11.0300,11.1000,11.4900,19327005,216424429.0800,3,2.406900,1,-3.394300,16.581873,2.690365,2.034977,67.664246,0
2026-02-05,sz.002216,11.9900,12.3000,11.9300,12.2000,12.0200,17363130,211377385.0200,3,2.754300,1,1.497500,19.728070,2.369148,1.648250,38.469556,0
2026-02-05,sz.002217,3.0300,3.0400,3.0000,3.0100,3.0400,74145900,223174253.0000,3,1.305300,1,-0.986800,8.140954,12.026671,14.347685,332.236294,0
2026-02-05,sz.002218,7.3200,7.6000,7.0700,7.1600,7.0400,478878042,3502079430.4700,3,34.392300,1,1.704500,-78.353920,2.493458,9.941448,262.955978,0
2026-02-05,sz.002219,2.4100,2.4200,2.3900,2.3900,2.4200,62144650,149250261.0000,3,1.899300,1,-1.239700,413.456163,4.113221,2.603326,-109.879408,0
2026-02-05,sz.002221,8.3400,8.3900,8.1400,8.1800,8.4000,14291404,117445273.7700,3,0.978300,1,-2.619000,33.235029,1.160063,0.422550,-5.168466,0
2026-02-05,sz.002222,70.1200,71.0000,66.1400,67.8000,71.2700,23361400,1584490119.3200,3,4.990100,1,-4.868800,118.627836,18.231785,30.285007,399.226908,0
2026-02-05,sz.002223,39.4800,39.8000,39.2300,39.5100,39.4200,6315692,249465674.7100,3,0.671800,1,0.228300,22.761171,2.929321,4.900227,51.611264,0
2026-02-05,sz.002224,4.7200,4.7600,4.6700,4.6900,4.7300,24941900,117485578.0000,3,3.093100,1,-0.845700,432.672508,1.305328,4.139724,94.648220,0
2026-02-05,sz.002225,6.5300,6.6000,6.4500,6.4600,6.5800,20418309,132779114.5000,3,2.096000,1,-1.823700,69.974989,1.816805,1.395648,-396.964540,0
2026-02-05,sz.002226,6.0800,6.2900,6.0600,6.1500,6.1100,38431280,237667197.0000,3,1.450900,1,0.654700,20.222378,1.588692,1.685210,36.615173,0
2026-02-05,sz.002227,9.9800,10.0200,9.8300,9.8600,9.9100,10079900,99965503.0000,3,4.098600,1,-0.504500,-30.938523,2.559413,7.872386,-77.644902,0
2026-02-05,sz.002228,4.4400,4.5400,4.4000,4.4800,4.4500,46951646,210628630.9400,3,3.882500,1,0.674200,49.987065,1.699781,0.511620,54.880985,0
2026-02-05,sz.002229,15.5200,15.7100,15.4200,15.5900,15.6600,15701067,244219810.3400,3,3.183700,1,-0.447000,-37.109335,6.085040,7.544518,-42.486319,0
2026-02-05,sz.002230,56.1500,56.9400,55.6600,55.7500,56.9300,50414774,2827155391.8300,3,2.302800,1,-2.072700,153.949846,7.241463,5.057707,650.981688,0
2026-02-05,sz.002231,0.6000,0.6000,0.6000,0.6000,0.6000,,,3,,0,,-0.961221,2.541517,3.270631,-14.648330,1
2026-02-05,sz.002232,18.6200,18.9900,18.6100,18.8900,18.8000,4001521,75361223.4500,3,0.979400,1,0.478700,815.539148,5.703649,9.048120,488.180624,0
2026-02-05,sz.002233,10.0700,10.1000,9.8800,10.0200,10.0700,10567020,105643871.2000,3,0.886900,1,-0.496500,16.044537,0.997185,2.802216,-40.533603,0
2026-02-05,sz.002234,9.2800,9.4000,9.2300,9.2500,9.2800,4264000,39658519.0000,3,1.414700,1,-0.323300,-12.308412,1.785391,1.517010,-21.018627,0
2026-02-05,sz.002235,9.9200,10.2500,9.9100,10.0600,10.0400,30724679,310621417.6400,3,5.550200,1,0.199200,2802.441208,7.757910,14.707096,155.502697,0
2026-02-05,sz.002236,18.5800,18.7900,18.5100,18.5800,18.7100,35649703,663817753.8500,3,1.684800,1,-0.694800,15.843440,1.597671,1.865060,-52.641393,0
2026-02-05,sz.002237,17.9100,18.0800,16.9800,17.3000,18.2400,93173409,1626530322.0000,3,7.814200,1,-5.153500,39.034373,2.504821,0.262939,26.733351,0
2026-02-05,sz.002238,8.8600,9.9100,8.8600,9.4000,9.0100,82344327,781982479.7600,3,10.260200,1,4.328500,-128.490593,3.553832,6.020977,-18.907721,0
2026-02-05,sz.002239,3.2400,3.2500,3.2000,3.2100,3.2500,76969436,247773870.9200,3,2.357000,1,-1.230800,84.349199,1.912570,1.253987,700.386482,0
2026-02-05,sz.002240,35.4000,36.2900,33.6700,34.1100,36.1500,38947757,1345608391.4200,3,4.266300,1,-5.643200,-34.223626,2.973125,7.472633,1396.724425,0
2026-02-05,sz.002241,26.5100,26.7000,26.3100,26.4400,26.6600,53850321,1425528510.7000,3,1.715800,1,-0.825200,32.245342,2.625690,0.942989,36.926066,0
2026-02-05,sz.002242,10.7100,10.8000,10.6600,10.7300,10.6900,7429675,79707087.5000,3,0.975400,1,0.374200,55.366096,2.361626,0.992101,35.597049,0
2026-02-05,sz.002243,10.8300,10.8500,10.5700,10.5900,10.8800,15524426,165434826.9300,3,1.289300,1,-2.665400,56.296406,1.763992,5.359707,28.152656,0
2026-02-05,sz.002244,12.0900,12.3400,11.9300,12.0600,12.2200,32960020,398547186.3600,3,1.227200,1,-1.309300,11.347188,1.262772,0.399693,-63.585079,0
2026-02-05,sz.002245,16.7300,16.8000,16.3600,16.3700,16.8900,28933564,477505185.6300,3,2.666300,1,-3.078700,26.265542,2.550901,2.442763,468.547829,0
2026-02-05,sz.002246,20.2000,20.3500,19.5200,19.7000,20.3500,15137400,299882120.0000,3,2.757100,1,-3.194100,52.350416,3.607724,4.358738,783.272381,0
2026-02-05,sz.002247,2.9800,3.0300,2.9600,2.9800,2.9800,21824200,65407245.0000,3,3.391300,1,0.000000,63.971933,3.810411,3.173088,-95.463358,0
2026-02-05,sz.002248,12.3300,12.3300,12.0200,12.0200,12.3400,9852000,119379041.0000,3,3.203900,1,-2.593200,164.695093,38.806788,11.337385,-113.706995,0
2026-02-05,sz.002249,10.7900,10.8800,10.6500,10.6800,10.7400,42596386,457390633.9700,3,2.300800,1,-0.558700,24.790441,2.685154,2.113760,-21.027210,0
2026-02-05,sz.002250,17.3500,17.7000,17.0000,17.1300,17.3600,17942063,309428067.4200,3,2.004800,1,-1.324900,39.887447,2.315623,2.553663,-78.086996,0
2026-02-05,sz.002251,5.1800,5.3500,5.1500,5.3000,5.2000,121852089,638601894.0000,3,5.661000,1,1.923100,-24.471529,1.736325,3.469070,-38.854050,0
2026-02-05,sz.002252,6.3100,6.3400,6.2900,6.3200,6.3300,24963120,157720525.2600,3,0.376300,1,-0.158000,22.972009,1.287521,5.274930,-41.436616,0
2026-02-05,sz.002253,10.4600,10.7900,10.3800,10.4400,10.3800,7282200,76575755.0000,3,3.495900,1,0.578000,-21.438208,2.212939,20.412308,-51.387403,1
2026-02-05,sz.002254,12.2600,12.3600,11.8900,12.0400,12.3000,18486776,223294935.9800,3,2.173500,1,-2.113800,-449.787312,1.465265,2.759625,136.352869,0
2026-02-05,sz.002255,12.2700,12.2900,12.0300,12.1000,12.3500,18372384,222818976.1000,3,2.879800,1,-2.024300,22.048698,2.270923,3.730575,7.439301,0
2026-02-05,sz.002256,3.8100,3.8200,3.6400,3.6500,3.8200,89284890,329885304.5000,3,4.576100,1,-4.450300,-147.719696,6.430046,16.971588,102.228955,0
2026-02-05,sz.002258,16.1200,16.4500,15.9000,16.0800,16.2800,16423179,264591991.5800,3,2.055100,1,-1.228500,26.883699,1.650451,1.428883,145.250447,0
2026-02-05,sz.002259,5.8200,6.1700,5.7200,5.9000,5.7700,73789820,439162850.1500,3,9.808200,1,2.253000,85.521283,16.349923,4.723868,41.566661,0
2026-02-05,sz.002261,31.0000,31.2500,30.8100,30.9000,31.3300,22949874,710528539.3400,3,2.003200,1,-1.372500,-5842.676548,14.930123,12.012892,-90.250944,0
2026-02-05,sz.002262,23.3000,23.6900,23.3000,23.4400,23.3000,7505333,176317714.1300,3,0.849100,1,0.600900,19.365552,2.938102,3.953082,100.670305,0
2026-02-05,sz.002263,3.5000,3.5100,3.4200,3.4300,3.5200,38996624,134743114.7600,3,2.076100,1,-2.556800,126.758382,2.328336,5.005449,-8.560819,0
2026-02-05,sz.002264,11.5100,12.5800,11.0500,12.5800,11.4400,152499199,1829323752.1900,3,23.290000,1,9.965000,36.546044,4.538173,2.705052,33.900307,0
2026-02-05,sz.002265,24.3900,24.5700,24.2100,24.2900,24.4600,4929522,120038791.9600,3,0.477200,1,-0.695000,235.218018,6.872920,6.652113,-25.163233,0
2026-02-05,sz.002266,4.8100,4.8300,4.6400,4.6700,4.8600,112976810,532154999.6300,3,2.307200,1,-3.909500,26.079882,2.076006,1.117599,131.848223,0
2026-02-05,sz.002267,7.9000,7.9300,7.8200,7.8600,7.9200,6737900,52992473.0000,3,0.605900,1,-0.757600,15.191306,1.328180,1.021339,-53.807872,0
2026-02-05,sz.002268,19.3200,19.8700,19.2800,19.4600,19.5000,14396685,280629980.7600,3,1.703100,1,-0.205100,104.094645,3.057635,7.372939,-565.235432,0
2026-02-05,sz.002269,1.8700,1.9000,1.8600,1.8700,1.8700,54129872,101771857.6400,3,2.154400,1,0.000000,-14.859662,24.995044,9.691133,-261.909300,0
2026-02-05,sz.002270,31.5000,31.5100,29.6800,29.9400,31.8600,17734250,536611912.9800,3,1.978800,1,-6.026400,37.886635,8.452593,11.064506,473.928448,0
2026-02-05,sz.002271,18.2600,18.9900,18.1400,18.2700,18.2600,85600484,1584546218.9600,3,4.470000,1,0.054800,-121.423648,2.095165,1.618900,-26.882986,0
2026-02-05,sz.002272,14.7600,14.8000,14.4700,14.5400,14.8800,13146816,191841044.6400,3,3.401600,1,-2.284900,-66.293084,4.724018,4.251315,-360.099541,0
2026-02-05,sz.002273,27.5900,27.9000,26.7700,27.2000,27.3100,84103608,2291746602.7800,3,6.174000,1,-0.402800,32.845199,3.946253,5.653022,853.585830,0
2026-02-05,sz.002274,6.2700,6.3400,6.1700,6.1900,6.3200,11996578,74667352.8000,3,1.279200,1,-2.057000,-345.062672,1.085368,0.901201,-13.072259,0
2026-02-05,sz.002275,14.4600,14.6200,14.4500,14.6000,14.4200,3427238,49919387.0400,3,0.613100,1,1.248300,16.406100,2.643668,4.121136,266.016581,0
2026-02-05,sz.002276,17.4000,17.4000,16.7700,16.7900,17.4900,38932756,660288613.9300,3,3.865200,1,-4.002300,34.083635,2.780190,0.900642,-74.687580,0
2026-02-05,sz.002277,7.3400,7.3800,7.1900,7.2700,7.3100,26858029,195312192.0100,3,1.926400,1,-0.547200,-450.899657,1.507641,9.373830,-210.865356,0
2026-02-05,sz.002278,14.2500,14.5000,13.9800,14.0600,14.3900,72458632,1029991255.9600,3,21.694400,1,-2.293300,115.011755,4.665118,6.813853,124.797913,0
2026-02-05,sz.002279,9.7400,10.1900,9.5500,9.9200,10.0500,82003560,810664531.0000,3,10.383800,1,-1.293500,196.413221,6.107851,2.943999,-473.111969,0
2026-02-05,sz.002281,68.5000,69.1900,65.9200,66.3300,69.7000,28833338,1934644955.1300,3,3.699100,1,-4.835000,58.395502,5.472763,4.682831,41.095595,0
2026-02-05,sz.002282,7.8500,7.8900,7.7200,7.7200,7.8800,7278125,56768769.2500,3,1.441200,1,-2.030500,22.269866,1.123655,2.381953,-89.602649,0
2026-02-05,sz.002283,8.1400,8.3300,7.9800,8.1900,7.9800,92071328,750539048.1100,3,9.174800,1,2.631600,27.140462,1.550030,2.488100,-70.427716,0
2026-02-05,sz.002284,16.8000,16.8500,16.5000,16.6600,16.7800,12796120,213040530.2000,3,1.750000,1,-0.715100,32.040693,3.848287,2.354770,-14.886111,0
2026-02-05,sz.002285,2.8400,2.9000,2.8200,2.8600,2.8700,62641078,179833359.1400,3,3.170500,1,-0.348400,-26.100473,2.034195,2.610252,-120.908656,0
2026-02-05,sz.002286,10.3300,10.6800,10.2200,10.5300,10.5300,37904100,397943996.3100,3,10.256800,1,0.000000,27.811706,1.819752,1.487146,-134.918350,0
2026-02-05,sz.002287,23.6900,23.9000,23.6600,23.8400,23.7100,2022026,48146677.5300,3,0.354100,1,0.548300,22.270997,2.840331,5.708829,-423.696742,0
2026-02-05,sz.002289,27.5000,27.7700,26.6700,27.0600,27.1000,2037850,55725826.0000,3,0.727900,1,-0.147600,-546.939415,34.658158,27.294598,1229.847451,1
2026-02-05,sz.002290,56.7200,58.9700,56.7200,58.1800,57.2700,5087300,295783536.0000,3,2.056400,1,1.589000,92.427171,15.215235,5.656923,114.087408,0
2026-02-05,sz.002291,8.7000,9.0400,8.5000,9.0400,8.2200,109012670,970669684.7500,3,12.542800,1,9.975700,-8.389104,2.800950,2.502714,-28.698903,0
2026-02-05,sz.002292,9.3900,9.7200,9.3500,9.5900,9.5000,78023366,748596045.2300,3,7.665400,1,0.947400,-46.344861,4.802731,5.471960,-1680.503454,0
2026-02-05,sz.002293,10.1700,10.5500,10.0500,10.4600,10.1100,12595790,130785137.0400,3,1.523800,1,3.461900,17.055366,2.177527,1.838752,-7.935176,0
2026-02-05,sz.002294,48.5800,48.5800,47.4500,47.7000,48.1500,5515493,264156851.1100,3,0.494900,1,-0.934600,79.065988,6.061723,12.504922,-1539.714157,0
2026-02-05,sz.002295,11.6000,11.8700,11.5000,11.6200,11.6700,5073850,59372791.5000,3,2.027200,1,-0.428400,239.174827,2.152629,0.631254,57.623177,0
2026-02-05,sz.002296,12.9300,13.1800,12.8500,13.0000,13.1100,15279830,199201655.3000,3,4.398100,1,-0.839100,16.732409,2.108363,3.682260,-167.791545,0
2026-02-05,sz.002297,13.0000,13.4400,12.8600,12.9200,13.0700,86539979,1133047061.8100,3,15.100200,1,-1.147700,-363.880544,3.519111,8.097428,137.568975,0
2026-02-05,sz.002298,10.5800,10.5800,10.2800,10.3000,10.5700,22938641,237924910.2400,3,3.472100,1,-2.554400,-6.654695,3.341591,3.548484,63.429928,0
2026-02-05,sz.002299,17.1900,17.6200,17.1700,17.2300,17.2400,17758448,307985457.0200,3,1.456900,1,-0.058000,14.274714,1.885617,1.096754,65.386583,0
2026-02-05,sz.002300,9.5500,9.6600,9.1800,9.3200,9.5600,90734421,849431824.8900,3,12.562400,1,-2.510500,83.475078,3.560507,0.540200,-239.036136,0
2026-02-05,sz.002301,7.5200,7.7600,7.4600,7.6800,7.5700,20265739,155101035.4000,3,2.822600,1,1.453100,124.039174,1.764096,0.516264,11.739600,0
2026-02-05,sz.002302,6.0800,6.1400,6.0500,6.0700,6.1200,9158900,55820178.0000,3,0.725500,1,-0.817000,-16.301463,0.899315,0.398858,-88.249899,0
2026-02-05,sz.002303,4.1100,4.1900,4.1000,4.1500,4.1400,21934500,91077084.3700,3,2.268500,1,0.241500,19.674791,1.404949,1.563802,-25.672749,0
2026-02-05,sz.002304,55.3000,56.3500,55.2800,55.7800,55.6100,11340369,633927583.2000,3,0.752800,1,0.305700,40.600242,1.730316,4.320290,-14.456773,0
2026-02-05,sz.002305,2.1600,2.1800,2.1300,2.1400,2.1700,19588800,42085876.0000,3,1.129600,1,-1.382500,-1.120014,-1.211547,1.745428,-5.705843,1
2026-02-05,sz.002306,2.2600,2.2800,2.1600,2.1900,2.2100,32515100,71821807.0000,3,3.994900,1,-0.905000,-127.834749,-49.960579,4.952786,-564.858239,1
2026-02-05,sz.002307,5.1200,5.2300,5.0900,5.1300,5.2000,47170676,242732146.6900,3,3.719200,1,-1.346200,-16.076472,2.860328,0.679052,-14.343308,0
2026-02-05,sz.002309,3.1200,3.1400,3.0500,3.0700,3.1400,96806632,298777192.9200,3,4.167900,1,-2.229300,-10.730912,4.962068,4.868191,6.131030,0
2026-02-05,sz.002310,2.3200,2.3400,2.3100,2.3100,2.3300,29516712,68396899.3300,3,0.702900,1,-0.858400,-10.451099,9.020108,39.754063,-310.186625,0
2026-02-05,sz.002311,53.6600,55.0500,53.4300,54.4500,53.6700,13865178,756575915.5800,3,0.834000,1,1.453300,18.036712,3.585119,0.719923,-31.893274,0
2026-02-05,sz.002312,11.8100,11.9100,11.5200,11.5500,11.9000,39457162,460161779.2700,3,2.094500,1,-2.941200,40.015996,2.264510,2.291877,70.308051,0
2026-02-05,sz.002313,9.7300,9.8500,9.7000,9.7600,9.7900,3753000,36698524.0000,3,1.002500,1,-0.306400,-33.490956,273.116706,1.367610,83.780839,0
2026-02-05,sz.002314,2.6700,2.7400,2.6600,2.7000,2.6900,62798141,170221217.9000,3,4.692500,1,0.371700,-6.679537,0.796310,0.481969,-5.572522,0
2026-02-05,sz.002315,47.7500,48.5600,47.6200,47.8000,48.3200,7501164,361243998.9200,3,3.707700,1,-1.076200,29.745472,5.791213,8.130115,-197.740292,0
2026-02-05,sz.002316,5.5600,5.7000,5.5300,5.6300,5.5900,20036638,112692547.1800,3,5.880200,1,0.715600,447.335347,28.927814,3.539287,105.945642,0
2026-02-05,sz.002317,19.2500,19.7400,19.2000,19.4000,19.2900,31564656,615934380.8000,3,4.144400,1,0.570200,-83.536958,4.091496,6.735147,97.316079,0
2026-02-05,sz.002318,34.0300,34.2400,32.7100,33.1600,34.1700,7316695,242677564.9500,3,0.766200,1,-2.955800,18.981976,3.973249,2.396350,-98.626780,0
2026-02-05,sz.002319,15.5000,15.5800,15.1800,15.5200,15.5500,7198200,110852335.5900,3,3.599100,1,-0.192900,-1721.984264,17.895326,8.172508,293.457206,0
2026-02-05,sz.002320,10.7200,11.0000,10.6500,10.8000,10.7700,47023039,509881825.5200,3,2.104300,1,0.278600,144.696144,5.995310,5.747191,-16.436841,0
2026-02-05,sz.002321,2.4100,2.4400,2.3800,2.3800,2.4300,40770901,98041504.3900,3,1.919300,1,-2.057600,-155.383086,5.463632,1.065515,101.716486,0
2026-02-05,sz.002322,13.4600,13.5900,13.3500,13.3500,13.5700,5148200,69257470.0000,3,1.465100,1,-1.621200,21.351016,1.757221,4.512197,-84.481152,0
2026-02-05,sz.002323,1.7500,1.7900,1.7400,1.7700,1.7600,80939223,143155438.1300,3,3.817200,1,0.568200,-19.019433,10.735675,10.296219,1028.853408,0
2026-02-05,sz.002324,17.5000,17.8500,17.2700,17.4700,17.9900,29501987,516515865.7300,3,3.800500,1,-2.890500,75.595175,4.248250,2.075454,586.804410,0
2026-02-05,sz.002326,26.4500,26.9200,25.8100,26.1500,26.4900,29593566,775964966.0600,3,3.661800,1,-1.283500,-67.966451,8.879512,4.582716,-179.111073,0
2026-02-05,sz.002327,6.9400,7.1100,6.9000,7.0700,6.9300,9805000,68928326.0000,3,1.997200,1,2.020200,14.497563,1.706035,2.154387,59.752431,0
2026-02-05,sz.002328,7.2000,7.2600,6.9600,6.9800,7.2500,30893489,218606004.1800,3,5.412400,1,-3.724100,36.094653,1.620687,1.277128,-174.409221,0
2026-02-05,sz.002329,3.8500,3.9400,3.8300,3.8700,3.8700,27460387,106768288.2900,3,4.222100,1,0.000000,-4.503795,3.604821,1.741339,-53.165355,0
2026-02-05,sz.002330,5.2700,5.3500,5.2500,5.2600,5.3100,14614600,77360336.0000,3,2.300900,1,-0.941600,-95.756320,1.458777,1.020075,-15.671347,0
2026-02-05,sz.002331,9.4000,9.4300,9.2100,9.2500,9.4200,8583883,79816358.5800,3,2.168500,1,-1.804700,-1590.331858,2.364320,2.992793,-28.167672,0
2026-02-05,sz.002332,9.2200,9.2700,9.1900,9.2400,9.2200,10157619,93840385.9400,3,1.031700,1,0.216900,33.397252,1.525346,2.546552,1282.443903,0
2026-02-05,sz.002333,6.2900,6.2900,6.1500,6.1900,6.2900,9236600,57547192.0000,3,1.415400,1,-1.589800,82.997801,2.182797,2.528342,-35.913384,0
2026-02-05,sz.002334,9.8600,9.8900,9.6100,9.6500,10.0700,84467785,819829379.2500,3,11.506400,1,-4.170800,28.186360,2.643338,1.852294,110.976006,0
2026-02-05,sz.002335,58.0000,58.4900,56.0700,56.2200,58.8600,19346718,1097538021.9500,3,4.255100,1,-4.485200,68.728586,4.582483,3.590883,-1387.089554,0
2026-02-05,sz.002337,6.7200,6.7500,6.6100,6.6200,6.7500,10705800,71477967.0000,3,1.820700,1,-1.925900,89.990249,2.959115,6.026256,-10.317522,0
2026-02-05,sz.002338,54.6200,54.8000,53.8200,54.2900,54.8400,2443081,132540201.9800,3,1.018000,1,-1.002900,220.566810,9.569895,17.775039,390.191081,0
2026-02-05,sz.002339,12.0200,12.3000,11.5700,11.6000,12.3200,66937161,791982514.5400,3,13.980400,1,-5.844200,126.011891,3.393166,1.997083,-65.934404,0
2026-02-05,sz.002340,8.6300,8.6700,8.4000,8.4600,8.7100,153696934,1305649504.3200,3,3.028100,1,-2.870300,35.236650,2.091852,1.205139,29.859670,0
2026-02-05,sz.002342,17.5400,19.2900,17.0200,18.8800,17.6100,385346060,7109427818.3300,3,40.363500,1,7.211800,-565.977062,7.445407,7.497330,-179.644032,0
2026-02-05,sz.002343,7.5000,7.7200,7.4800,7.6600,7.5500,18759140,143547887.8000,3,3.960300,1,1.457000,-428.508721,3.770308,7.169832,-161.737025,0
2026-02-05,sz.002344,5.0100,5.0800,4.9800,5.0700,5.0300,22180702,111868167.1200,3,1.730900,1,0.795200,85.062655,0.775461,6.039020,-52.241998,0
2026-02-05,sz.002345,12.4500,12.5400,12.2800,12.3300,12.5900,11061900,136923690.0000,3,1.275500,1,-2.065100,56.269309,3.092462,1.387583,99.489830,0
2026-02-05,sz.002346,20.4500,20.5100,19.8600,19.9400,20.5100,3522400,70856001.0000,3,0.895500,1,-2.779100,15.366981,3.052353,10.421795,-129.716243,0
2026-02-05,sz.002347,9.7500,9.8600,9.6400,9.7600,9.8600,17766700,173245525.0000,3,3.601000,1,-1.014200,-211.215323,4.303778,4.247549,137.786798,0
2026-02-05,sz.002348,6.0600,6.1400,6.0100,6.0500,6.0700,11479800,69823005.0000,3,1.270500,1,-0.329500,-165.010618,12.871364,17.059862,-4388.559117,0
2026-02-05,sz.002349,7.5800,7.7300,7.5600,7.6100,7.5800,14517277,110922092.1200,3,1.783100,1,0.395800,28.087646,2.333140,4.356762,-10.972207,0
2026-02-05,sz.002350,10.0000,10.0000,9.4600,9.4900,10.1000,26656057,257296856.5600,3,5.024200,1,-6.039600,77.641333,3.118090,2.317444,81.152349,0
2026-02-05,sz.002351,12.2000,12.3800,12.2000,12.3300,12.2800,7616503,93867654.9900,3,1.461700,1,0.407200,26.682358,3.811686,3.841136,-111.394553,0
2026-02-05,sz.002352,38.4500,39.5600,38.3500,39.2200,38.4700,54393558,2137757101.5700,3,1.139800,1,1.949600,18.196871,2.012003,0.652686,-72.156708,0
2026-02-05,sz.002353,91.9300,92.0000,83.9500,87.0000,93.2800,33059274,2864039329.3400,3,4.768800,1,-6.732400,31.402694,4.021828,5.663507,35.097591,0
2026-02-05,sz.002354,7.1600,7.2800,7.0900,7.2000,7.2700,97838212,702784368.4400,3,6.017400,1,-0.962900,-178.704608,9.273797,6.314177,578.471400,0
2026-02-05,sz.002355,6.9400,7.4800,6.9400,7.4800,6.8000,93013289,677807189.5200,3,15.046600,1,10.000000,-36.257973,4.088235,5.579799,62.177108,0
2026-02-05,sz.002356,4.0200,4.0700,3.9900,4.0000,4.1200,56409300,226425573.0000,3,4.302000,1,-2.912600,131.274893,8.443928,7.434873,98.935877,0
2026-02-05,sz.002357,13.5300,14.7600,13.3100,14.7600,13.4200,14493841,207680558.9600,3,4.623600,1,9.985100,24.613842,2.687636,5.614443,147.096173,0
2026-02-05,sz.002358,7.6300,7.7000,7.2500,7.3200,7.7200,92138599,684569815.0200,3,9.910000,1,-5.181300,66.837978,2.027542,2.326121,68.707918,0
2026-02-05,sz.002360,5.3000,5.3900,5.2600,5.3000,5.3200,9724672,51689846.0200,3,2.969200,1,-0.375900,-17.564915,1.065038,4.638835,-13.606506,0
2026-02-05,sz.002361,12.3700,13.8500,12.1300,13.8500,12.5900,210142739,2734320509.6400,3,25.971700,1,10.007900,378.887198,5.950597,5.236197,-118.836699,0
2026-02-05,sz.002362,21.2300,21.5000,21.1600,21.2300,21.3300,3397200,72432473.0000,3,1.636500,1,-0.468800,-41.083128,4.932165,2.688949,242.495215,0
2026-02-05,sz.002363,9.2300,9.3000,9.1000,9.1100,9.3300,8867690,81346247.6000,3,2.132900,1,-2.358000,73.477331,1.781501,1.746808,20.608033,0
2026-02-05,sz.002364,32.4800,32.7100,29.7600,29.7600,33.0700,42270177,1282357790.4400,3,7.573900,1,-10.009100,174.302279,6.933058,7.619680,127.401218,0
2026-02-05,sz.002365,14.8600,15.1200,14.7900,14.8800,14.8600,5842700,87432158.0000,3,2.379300,1,0.134600,172.585074,2.218582,5.500015,105.188834,0
2026-02-05,sz.002366,7.5500,7.6100,7.4600,7.4800,7.6200,36113651,271241923.3700,3,1.951700,1,-1.837300,-214.785751,3.409300,14.981711,-25.483150,0
2026-02-05,sz.002367,8.3000,8.3500,8.1800,8.2200,8.3600,11626900,95840384.0000,3,1.463300,1,-1.674600,16.539820,1.812206,1.533812,-15.316036,0
2026-02-05,sz.002368,22.1900,22.2900,22.0000,22.0300,22.3000,5625513,124326719.1700,3,0.906700,1,-1.210800,61.456129,2.647070,1.641683,381.430891,0
2026-02-05,sz.002369,8.1200,8.2000,8.0900,8.1200,8.1700,9019800,73405090.0000,3,1.593000,1,-0.612000,-18.418157,14.851885,2.658823,-261.537108,0
2026-02-05,sz.002370,7.0600,7.1700,7.0600,7.1200,7.1100,11718742,83329167.7400,3,1.571600,1,0.140600,39.357867,4.735351,16.253604,-45.898289,0
2026-02-05,sz.002371,463.0000,472.5000,455.4900,470.1200,470.6000,7707065,3566880623.5100,3,1.064700,1,-0.102000,54.201842,9.449698,9.303878,234.985465,0
2026-02-05,sz.002372,12.5000,12.7000,12.4200,12.5400,12.5100,18101836,227540599.9300,3,1.230700,1,0.239800,22.992290,4.124105,3.406445,-230.128083,0
2026-02-05,sz.002373,12.3500,12.6100,12.2700,12.3500,12.4800,26960524,333641205.1300,3,1.957100,1,-1.041700,-19.144625,1.705322,2.749893,-76.965907,0
2026-02-05,sz.002374,3.5400,3.6500,3.5400,3.5400,3.5900,35950333,128982717.4700,3,3.312800,1,-1.392800,-14.319107,4.559025,6.622865,-277.577597,0
2026-02-05,sz.002375,4.5600,4.7100,4.4900,4.5300,4.4800,83913895,384632018.0200,3,6.324600,1,1.116100,19.281520,0.740854,0.567426,51.519473,0
2026-02-05,sz.002376,7.8800,7.9700,7.8500,7.8500,7.9400,11468700,90646744.0000,3,1.467900,1,-1.133500,90.250615,1.679250,2.390606,245.790097,0
2026-02-05,sz.002377,3.3600,3.5100,3.3300,3.4400,3.3700,41845996,144537592.2000,3,4.796900,1,2.077200,-81.493058,7.118226,3.444732,199.522309,0
2026-02-05,sz.002378,22.5500,23.3600,21.7900,22.5500,22.8600,51986559,1166587807.8300,3,4.349900,1,-1.356100,125.674763,12.098005,5.729551,371.519485,0
2026-02-05,sz.002379,29.5900,29.9900,28.6800,29.4000,29.9500,14118604,413178519.8400,3,1.242400,1,-1.836400,-2042.490042,214.009668,129.715560,-85329.764258,0
2026-02-05,sz.002380,29.9900,30.5000,29.6100,30.0000,30.2000,5424390,162463485.8000,3,3.826700,1,-0.662300,23.202592,2.956269,3.844706,79.171325,0
2026-02-05,sz.002381,7.1100,7.1500,7.0400,7.0400,7.1200,5235400,37140071.1800,3,1.634000,1,-1.123600,42.845245,1.365037,1.057495,-201.100302,0
2026-02-05,sz.002382,5.9600,5.9900,5.9000,5.9000,5.9600,6914322,41039094.6900,3,0.691600,1,-1.006700,-11.611406,0.771212,1.027951,-7.963174,0
2026-02-05,sz.002383,11.2400,11.3500,11.1000,11.2100,11.3600,14451942,162323370.7000,3,1.952000,1,-1.320400,-55.077987,4.903005,6.567050,55.657340,0
2026-02-05,sz.002384,71.8000,74.3600,67.1800,73.4000,72.9400,82526693,5815136301.0700,3,5.952900,1,0.630700,108.282665,6.309115,3.597085,604.991803,0
2026-02-05,sz.002385,4.0600,4.0900,4.0100,4.0400,4.1300,209039841,845819100.6800,3,5.931800,1,-2.179200,37.017102,1.993417,0.591527,42.666454,0
2026-02-05,sz.002386,6.0000,6.0400,5.8500,5.8500,6.0100,23269446,137787867.1300,3,1.788000,1,-2.662200,-23.023709,1.013376,0.640840,-122.032409,0
2026-02-05,sz.002387,8.8000,8.8700,8.7500,8.8200,8.8600,10069902,88664553.6400,3,0.721900,1,-0.451500,-5.283907,3.067977,1.514768,-16.488084,0
2026-02-05,sz.002388,5.5300,5.6200,5.4800,5.4900,5.5800,13789800,76260343.0000,3,2.724100,1,-1.612900,-11.928217,2.863351,1.404452,-83.300605,0
2026-02-05,sz.002389,23.4500,23.9000,23.3000,23.4900,23.6400,18416811,434643241.9100,3,1.870200,1,-0.634500,262.687413,2.895652,8.264305,-61.497763,0
2026-02-05,sz.002390,3.3700,3.3900,3.3400,3.3600,3.3600,28205078,94866811.5200,3,1.463100,1,0.000000,84.693935,0.967754,1.139216,30.677790,0
2026-02-05,sz.002391,6.4000,6.4500,6.3300,6.3400,6.4000,8411600,53713847.5100,3,1.812400,1,-0.937500,-36.935221,0.966158,1.076326,-44.398449,0
2026-02-05,sz.002392,7.9500,8.0500,7.9300,7.9900,8.0600,16725200,133704901.2800,3,1.462100,1,-0.868500,26.671420,1.649276,1.402216,72.283868,0
2026-02-05,sz.002393,21.7100,22.2900,21.7100,22.1900,21.7900,4433939,98217921.4900,3,1.771500,1,1.835700,14.807278,1.150172,4.331303,-18.426843,0
2026-02-05,sz.002394,14.1200,14.3800,14.0800,14.1800,14.1800,5455927,77471573.5900,3,1.687600,1,0.000000,13.719237,1.061641,1.289553,24.141467,0
2026-02-05,sz.002395,19.7100,20.6100,19.6100,19.8400,19.8800,5894500,118103024.0000,3,2.197900,1,-0.201200,9.303322,3.540038,2.046997,29.164115,0
2026-02-05,sz.002396,28.0400,28.1300,27.0600,27.2200,28.3200,16177230,444349184.8500,3,2.773500,1,-3.884200,32.787613,2.309093,0.837322,-38.824122,0
2026-02-05,sz.002397,4.5400,4.5900,4.4200,4.4300,4.5800,18469399,82723878.5700,3,2.850800,1,-3.275100,121.145267,2.776685,2.047907,36.596022,0
2026-02-05,sz.002398,5.9700,6.0100,5.8800,5.9000,6.0000,19099500,113359340.0000,3,3.354700,1,-1.666700,80.933384,1.141870,1.601512,275.178581,0
2026-02-05,sz.002399,12.2000,12.2800,12.1400,12.1700,12.2000,2974645,36302825.6400,3,0.238500,1,-0.245900,42.496054,1.443615,3.303026,-24.521869,0
2026-02-05,sz.002400,11.2100,11.9000,11.2100,11.5600,11.6800,242738603,2799814417.0800,3,14.062300,1,-1.027400,190.484254,4.032955,0.932753,63.751624,0
2026-02-05,sz.002401,16.3000,16.4500,16.2400,16.2600,16.3600,3063000,50073353.0000,3,0.824800,1,-0.611200,-5591.259822,3.698066,3.456104,67.069987,0
2026-02-05,sz.002402,36.4800,36.7300,35.8500,36.0500,36.8800,26565906,961181572.2900,3,3.265200,1,-2.250500,54.481333,6.344348,3.061195,157.130345,0
2026-02-05,sz.002403,12.2500,12.2900,12.1700,12.2000,12.3000,2051364,25060168.1600,3,0.690300,1,-0.813000,-91.185229,2.593965,1.502660,22.908504,0
2026-02-05,sz.002404,7.4400,7.6200,7.3900,7.5100,7.4300,17880700,134610786.0000,3,3.923000,1,1.076700,26.121791,2.127358,0.915252,1071.796028,0
2026-02-05,sz.002405,10.8300,10.9400,10.7100,10.8100,10.9200,62461051,675108903.3900,3,2.651300,1,-1.007300,-19.470413,3.115430,7.022476,-60.088911,0
2026-02-05,sz.002406,8.1400,8.1900,8.0500,8.0600,8.1800,13085900,106098727.0000,3,2.173000,1,-1.467000,46.170981,1.466996,4.211235,71.946897,0
2026-02-05,sz.002407,28.8000,28.9400,27.9000,28.0400,28.9600,37168257,1049089388.4700,3,3.439800,1,-3.176800,-135.797622,4.035659,4.163762,-203.510085,0
2026-02-05,sz.002408,5.7500,5.8000,5.6000,5.6500,5.7500,36802790,208689940.0400,3,1.337800,1,-1.739100,-51.715940,1.409421,0.640491,72.750722,0
2026-02-05,sz.002409,86.8600,89.4900,85.2100,88.6400,89.2900,10371679,903149624.0400,3,3.256200,1,-0.728000,45.907332,5.402194,5.064439,722.252901,0
2026-02-05,sz.002410,13.6600,13.7400,13.4800,13.5100,13.7700,35375405,480272411.1200,3,2.227600,1,-1.888200,64.076215,3.750727,3.636054,222.431019,0
2026-02-05,sz.002412,6.8100,6.9600,6.7900,6.9000,6.8400,9818300,67721969.0000,3,1.972200,1,0.877200,20.184563,1.535758,3.302712,53.821724,0
2026-02-05,sz.002413,13.8900,15.0000,13.6600,14.6500,14.2100,260054926,3728399970.3100,3,20.074800,1,3.096400,-54.879975,5.772561,13.066732,172.748642,0
2026-02-05,sz.002414,16.6500,16.9200,16.5300,16.7700,16.7700,46323686,773753348.0700,3,1.363000,1,0.000000,847.209301,10.337339,18.209503,-155.638795,0
2026-02-05,sz.002415,31.6000,32.6600,31.5600,32.5000,31.9300,92244938,2991347050.3500,3,1.019700,1,1.785200,20.993281,3.799501,3.219479,35.910518,0
2026-02-05,sz.002416,12.8500,13.0000,12.8500,12.8700,12.9600,14699037,189747800.8900,3,1.201000,1,-0.694400,40.516192,2.738855,0.334108,-80.502908,0
2026-02-05,sz.002418,4.7300,4.7300,4.5700,4.5700,4.7300,40533000,187253009.0000,3,3.566800,1,-3.382700,-69.606647,3.605500,1.835532,-118.410748,0
2026-02-05,sz.002419,5.7500,5.8900,5.7400,5.8400,5.7800,33632814,196363668.0900,3,2.877800,1,1.038100,326.418949,1.668705,0.587562,-3.046813,0
2026-02-05,sz.002420,7.9500,7.9900,7.8200,7.8200,7.9800,10859466,85651139.7400,3,2.717900,1,-2.005000,52.602967,5.222699,1.091455,-267.870906,0
2026-02-05,sz.002421,2.8800,2.9000,2.8600,2.8600,2.8900,35443200,101916264.0000,3,1.766200,1,-1.038100,-13.884944,2.041832,2.428005,-18.209767,0
2026-02-05,sz.002422,30.9800,31.7000,30.7200,31.4800,31.1000,9820649,308054698.8600,3,0.752000,1,1.221900,30.202808,2.121945,2.748946,41.258274,0
2026-02-05,sz.002423,11.0600,11.0700,10.8800,10.9400,11.0600,12902343,141329045.5900,3,0.560000,1,-1.085000,-249.497154,1.129454,1.025542,18.679505,0
2026-02-05,sz.002424,4.2100,4.2700,4.1900,4.2200,4.2100,15516100,65767876.0000,3,1.278900,1,0.237500,2656.299778,1.807458,1.871416,5674.105534,1
2026-02-05,sz.002425,3.8300,3.9100,3.8100,3.8400,3.8600,15824560,61033460.8000,3,1.655200,1,-0.518100,-6.807879,1.270276,6.709042,-53.627333,0
2026-02-05,sz.002426,4.4100,4.4600,4.2300,4.2400,4.3900,191787185,825781756.6000,3,5.636500,1,-3.416900,-18.440936,5.979461,4.304485,-139.474340,0
2026-02-05,sz.002427,7.5200,7.6600,7.4600,7.5200,7.5900,22195487,167184342.4800,3,2.254000,1,-0.922300,272.137835,7.816746,3.198119,228.987788,0
2026-02-05,sz.002428,34.8000,35.3000,33.6300,34.2100,35.3400,26842763,918227438.0200,3,4.110500,1,-3.197500,534.920236,15.351504,21.009636,234.095413,0
2026-02-05,sz.002429,9.5400,9.6000,9.1800,9.4600,9.6400,107111386,1003970745.4100,3,2.367500,1,-1.867200,34.813660,2.610320,2.371336,-104.076682,0
2026-02-05,sz.002430,31.2600,31.3700,30.2500,30.4600,31.2600,9027703,276645827.3200,3,0.923100,1,-2.559200,29.671589,3.081639,2.014642,85.623460,0
2026-02-05,sz.002431,2.6700,2.7100,2.6500,2.6600,2.6800,37685800,100986843.0000,3,2.090900,1,-0.746300,-3.181763,4.205496,1.817939,-156.320610,0
2026-02-05,sz.002432,41.3200,41.8800,41.1800,41.4500,41.4100,6914829,286825908.1200,3,1.577300,1,0.096600,10.202070,0.868586,12.280268,22.697796,0
2026-02-05,sz.002434,9.7400,9.7500,9.4500,9.5300,9.7600,17351000,165851031.0000,3,1.323100,1,-2.356600,38.644100,2.102598,2.112712,159.113836,0
2026-02-05,sz.002436,22.4800,22.5500,21.3900,21.8200,22.8400,83692757,1830434755.2200,3,5.540700,1,-4.465800,-1053.715992,6.877681,5.422960,-113.673687,0
2026-02-05,sz.002437,3.4500,3.4700,3.4100,3.4200,3.4600,43075700,147880503.3600,3,2.052000,1,-1.156100,26.049759,3.538727,3.395365,-258.292665,0
2026-02-05,sz.002438,17.5000,17.6600,16.9100,17.0900,17.8900,25196105,431908047.0900,3,5.373700,1,-4.471800,28.779444,2.363131,4.040221,-60.645104,0
2026-02-05,sz.002439,14.1700,14.2400,14.0100,14.0700,14.2400,13721513,193180552.5100,3,1.891700,1,-1.193800,-73.473093,1.522679,6.718834,-12.076504,0
2026-02-05,sz.002440,12.2600,12.4000,11.6100,12.0100,12.4700,110909056,1329863158.3200,3,11.719600,1,-3.688900,46.937755,1.421314,2.332764,-20.457558,0
2026-02-05,sz.002441,10.8700,10.8700,10.5200,10.5300,10.9700,44259932,470188538.8900,3,11.090500,1,-4.010900,27.256322,1.252436,0.515778,-21.188908,0
2026-02-05,sz.002442,6.5100,6.5300,6.4100,6.4200,6.5100,8319000,53706860.0000,3,1.688900,1,-1.382500,35.515850,1.762051,0.722360,-108.769417,0
2026-02-05,sz.002443,8.7700,8.7900,8.4500,8.4900,8.8600,21427300,183353535.0000,3,4.125200,1,-4.176100,25.666582,1.292391,1.007254,-6.871170,0
2026-02-05,sz.002444,36.8800,37.1200,36.0000,36.4200,36.7900,6872927,250348164.3600,3,0.599200,1,-1.005700,17.240153,2.299827,2.925938,-23.934436,0
2026-02-05,sz.002445,2.7500,2.7700,2.7100,2.7100,2.7500,56201650,153537371.5000,3,2.375000,1,-1.454500,61.900398,2.843087,5.450825,-1102.363991,0
2026-02-05,sz.002446,11.8000,11.9500,11.5400,11.6600,12.0400,53968683,631699647.2200,3,6.365900,1,-3.156100,-14.584861,4.195266,8.966348,-79.356572,0
2026-02-05,sz.002448,13.9800,13.9800,13.3800,13.4100,13.9800,18400700,249023565.0000,3,4.039300,1,-4.077300,26.581050,2.116564,2.125146,334.458342,0
2026-02-05,sz.002449,8.5200,8.5800,8.4800,8.4800,8.5300,7283860,62040063.4000,3,1.177700,1,-0.586200,329.082012,1.368719,1.596862,-16.690508,0
2026-02-05,sz.002451,10.5800,10.6700,10.2700,10.2900,10.7300,22651752,234863146.7200,3,5.158100,1,-4.100700,344.251208,5.850542,2.807253,74.764555,0
2026-02-05,sz.002452,10.6200,10.6200,9.8300,9.8800,10.7400,60118366,601671112.4000,3,11.653000,1,-8.007400,22.387090,2.358595,3.348188,32.450953,0
2026-02-05,sz.002453,5.8800,6.0200,5.8700,5.8800,5.9300,10994511,65103301.4700,3,1.794300,1,-0.843200,-14.938287,5.212145,13.698183,122.816590,0
2026-02-05,sz.002454,9.2200,9.2300,9.0800,9.0800,9.2400,6890200,62919094.0000,3,1.099000,1,-1.731600,27.490405,1.404080,1.081570,305.096152,0
2026-02-05,sz.002455,10.7800,10.8800,9.8500,10.1300,10.7800,146616326,1502488876.7200,3,28.237300,1,-6.029700,558.819725,3.454339,1.016281,-34.702420,0
2026-02-05,sz.002456,9.8500,9.8700,9.7600,9.7900,9.9100,42713633,418601331.6500,3,1.288200,1,-1.210900,-579.386652,8.343350,1.510522,-1019.556111,0
2026-02-05,sz.002457,12.5400,12.8200,12.5000,12.5300,12.6400,15278400,192976621.7100,3,4.583700,1,-0.870300,20.322759,1.685275,1.571799,67.607155,0
2026-02-05,sz.002458,9.6100,9.7900,9.5800,9.6200,9.6400,10769185,104053567.4200,3,1.438100,1,-0.207500,45.278879,2.531483,3.526072,52.580703,0
2026-02-05,sz.002459,12.6700,12.6700,11.9800,12.0700,13.0200,157616336,1924971203.1500,3,4.767900,1,-7.296500,-5.171544,1.763062,0.759728,4.776979,0
2026-02-05,sz.002460,65.0000,65.4800,62.5000,62.9100,67.1500,49399392,3145729036.1700,3,4.077900,1,-6.314200,-93.674239,3.169083,6.727685,123.092390,0
2026-02-05,sz.002461,9.3700,9.5600,9.3300,9.4900,9.3700,14669956,139232946.0800,3,0.662800,1,1.280700,22.161013,1.896092,3.549718,190.234973,0
2026-02-05,sz.002462,16.7900,16.9700,16.2400,16.2800,16.8600,19346909,319970384.5200,3,6.637700,1,-3.440100,66.863281,1.074827,0.237603,-2963.863412,0
2026-02-05,sz.002463,65.5000,67.3000,64.9800,65.9700,66.3500,43127899,2860746510.9800,3,2.243000,1,-0.572700,33.213001,9.102289,6.700912,229.720079,0
2026-02-05,sz.002465,17.3000,17.8800,17.2100,17.3900,17.7000,113614914,1985149819.0600,3,4.585200,1,-1.751400,-140.601481,3.587281,10.012169,-48.467766,0
2026-02-05,sz.002466,51.7900,51.7900,49.1800,49.4400,52.7500,57645353,2888608086.6600,3,3.906000,1,-6.274900,-40.103717,1.913489,7.804985,334.973309,0
2026-02-05,sz.002467,6.6000,7.3400,6.4800,7.3400,6.6700,218023345,1539337519.4800,3,15.950400,1,10.045000,126.410708,5.167956,12.808678,194.085211,0
2026-02-05,sz.002468,12.9700,13.2900,12.9500,13.0400,13.0000,13943236,182997490.4400,3,0.950300,1,0.307700,17.462194,1.940675,0.382049,37.467549,0
2026-02-05,sz.002469,9.2000,9.2600,9.0300,9.0600,9.2400,8396450,76503651.0000,3,1.335100,1,-1.948100,21.760321,2.241104,2.098019,105.641754,0
2026-02-05,sz.002470,2.0300,2.0600,1.9800,1.9900,2.0300,113294300,228402010.0000,3,3.448100,1,-1.970400,-43.614595,3.182367,0.706828,41.693160,0
2026-02-05,sz.002471,8.9300,9.6600,8.8600,9.5300,9.0900,457617833,4252590926.7200,3,34.085100,1,4.840500,-329.665159,7.476603,2.410098,165.198281,0
2026-02-05,sz.002472,41.1000,41.2300,40.3700,40.6000,41.5100,15191000,617600961.9200,3,2.011500,1,-2.192200,29.125545,3.584919,4.055514,20.677181,0
2026-02-05,sz.002474,8.8600,9.0300,8.8300,8.9600,8.9400,24551609,219602539.9000,3,4.625700,1,0.223700,-55.916402,4.080285,11.426182,-1135.720712,0
2026-02-05,sz.002475,51.5000,52.5800,51.4200,51.7000,51.9000,75985941,3948087323.1200,3,1.045300,1,-0.385400,23.826766,4.723255,1.205241,17.471347,0
2026-02-05,sz.002476,6.4000,6.4500,6.2800,6.3000,6.4000,11503400,73181529.0000,3,1.879900,1,-1.562500,54.385026,4.015774,6.368889,28.741026,0
2026-02-05,sz.002478,10.3200,10.3500,9.4200,9.6300,10.4000,51590867,502769127.9000,3,7.138400,1,-7.403800,14.098153,1.468755,1.507191,196.339280,0
2026-02-05,sz.002479,5.3300,5.3300,5.2400,5.2400,5.3500,11423090,60238537.0000,3,1.323500,1,-2.056100,20.106740,1.075555,0.813549,-19.756347,0
2026-02-05,sz.002480,6.3500,6.3600,6.2500,6.2600,6.3500,7061500,44325428.0000,3,0.919800,1,-1.417300,-24.456197,4.992863,2.584110,23.320571,0
2026-02-05,sz.002481,5.0800,5.1900,5.0700,5.1600,5.1000,15699949,80797022.4500,3,1.404300,1,1.176500,96.277929,2.589599,2.802997,224.962245,0
2026-02-05,sz.002482,1.7400,1.7600,1.7200,1.7300,1.7400,57456316,100157152.6800,3,1.534800,1,-0.574700,-55.028665,13.522381,4.391906,-55.225119,0
2026-02-05,sz.002483,7.4700,7.5900,7.4100,7.4200,7.5000,14363519,107366542.7800,3,1.622500,1,-1.066700,14.480611,1.499661,0.846363,5.619118,0
2026-02-05,sz.002484,28.5000,28.7900,27.6500,28.1500,28.8600,21556244,605059602.3400,3,2.627300,1,-2.460200,34.442486,3.900805,4.444972,42.633355,0
2026-02-05,sz.002485,4.3000,4.4500,4.2500,4.3900,4.2400,8485100,37095696.0000,3,1.559800,1,3.537700,-14.838428,2.027851,3.121282,-1114.512891,1
2026-02-05,sz.002486,3.1700,3.3100,3.1600,3.1900,3.1600,39130101,126188515.2400,3,4.769200,1,0.949400,48.614140,2.426238,2.166963,-95.198792,0
2026-02-05,sz.002487,63.1900,63.8000,60.6600,62.5300,63.4200,11258693,699990312.9600,3,1.784500,1,-1.403300,36.954025,4.952009,6.571219,23.146541,0
2026-02-05,sz.002488,13.2400,13.6300,13.1600,13.2200,13.3000,42865354,572071892.0500,3,4.658900,1,-0.601500,400.979275,3.753929,3.698951,41.203688,0
2026-02-05,sz.002489,3.7900,3.8500,3.7700,3.7900,3.8000,30700750,116975526.0000,3,1.604800,1,-0.263200,12.584961,1.753185,1.404629,19.861113,0
2026-02-05,sz.002490,8.1000,8.3900,7.8100,7.8100,8.3500,50406202,405900520.8800,3,9.304800,1,-6.467100,-60.109052,12.515155,4.030525,43.924575,0
2026-02-05,sz.002491,8.5200,9.5200,8.4200,8.9700,9.3400,205675938,1853305180.2400,3,17.482500,1,-3.961500,2947.395653,4.447384,3.457557,570.961239,0
2026-02-05,sz.002492,8.5600,9.2600,8.5300,8.6800,8.6000,20663100,182840432.0000,3,5.193900,1,0.930200,56.505341,2.032591,10.351569,-50.428821,0
2026-02-05,sz.002493,13.9800,14.2000,13.6600,13.7900,14.0500,57830655,801047460.3400,3,0.617700,1,-1.850500,187.100329,3.152728,0.445672,-21.695711,0
2026-02-05,sz.002494,5.8000,5.8800,5.7400,5.7500,5.8000,14081100,81905037.0000,3,4.910200,1,-0.862100,144.244561,1.769351,5.446651,177.248523,0
2026-02-05,sz.002495,2.7600,2.8000,2.7400,2.7900,2.7600,26346200,73325619.6000,3,3.759600,1,1.087000,130.918512,2.378658,10.067516,445.042991,0
2026-02-05,sz.002496,1.7500,1.8100,1.7400,1.7700,1.7400,26022925,46301662.4000,3,2.339200,1,1.724100,-16.716735,2.014601,7.721657,317.140070,1
2026-02-05,sz.002497,24.8400,24.9200,23.8500,24.0300,25.3000,41142420,998957499.2100,3,3.886700,1,-5.019800,63.451032,2.552565,3.533485,58.196699,0
2026-02-05,sz.002498,5.8300,5.9100,5.6600,5.6700,5.9100,163974796,939590883.4000,3,4.928900,1,-4.060900,34.470057,2.193695,1.906723,133.851736,0
2026-02-05,sz.002500,6.0100,6.0800,5.9800,6.0400,6.0200,30832582,185868270.8800,3,0.858900,1,0.332200,23.805200,1.184323,6.293659,16.116579,0
2026-02-05,sz.002501,1.9200,1.9500,1.8800,1.9100,1.9500,153183080,292579345.1100,3,4.319300,1,-2.051300,-9.827760,25.717194,23.152935,5342.524319,0
2026-02-05,sz.002506,4.0100,4.1600,3.9200,4.1600,3.7800,1266659499,5196736094.6500,3,21.672900,1,10.052900,-42.791773,13.676495,1.526577,-92.818654,0
2026-02-05,sz.002507,13.3800,13.6500,13.3200,13.5600,13.3800,36264501,491074215.6100,3,3.156400,1,1.345300,19.521183,1.760895,6.457107,-228.738122,0
2026-02-05,sz.002508,21.5600,22.5000,21.3800,22.0000,21.5800,17797976,390641475.5400,3,1.906500,1,1.946200,13.564777,1.821426,1.868035,-42.689495,0
2026-02-05,sz.002510,7.2900,7.5700,7.2700,7.5300,7.3400,55269901,413159500.2800,3,5.500300,1,2.588600,134.302717,3.058409,3.306090,39.069015,0
2026-02-05,sz.002511,8.0300,8.3300,8.0000,8.1700,8.0200,30735861,252361516.8300,3,2.429100,1,1.870300,41.412312,1.915840,1.211693,22.887608,0
2026-02-05,sz.002512,5.9900,6.1800,5.9500,6.0800,6.0400,55217781,335946545.6100,3,5.045200,1,0.662300,-49.546163,17.418673,3.744781,115.289994,0
2026-02-05,sz.002513,7.1500,7.3000,7.0800,7.1600,7.1500,10171103,73007371.6000,3,3.518900,1,0.139900,-18.591150,-190.319305,1.224480,101.819367,0
2026-02-05,sz.002514,5.0000,5.1600,4.9300,5.0900,5.0000,30518900,155141108.7200,3,5.508500,1,1.800000,-5.583245,29.752317,14.138908,1094.676987,0
2026-02-05,sz.002515,5.9200,6.0600,5.9200,5.9400,5.9500,20744558,124229626.2500,3,1.713600,1,-0.168100,132.336532,2.754464,23.364959,-13.824653,0
2026-02-05,sz.002516,6.6000,6.6700,6.5500,6.5700,6.6200,13166700,86870193.0000,3,0.901200,1,-0.755300,53.502277,2.590147,4.236900,38.059590,0
2026-02-05,sz.002517,22.1800,22.5300,22.0600,22.2300,22.4400,35351226,787942580.4600,3,1.871400,1,-0.935800,24.583750,4.649166,9.019444,109.069906,0
2026-02-05,sz.002518,56.1000,56.5800,51.2600,51.2600,56.9500,13187020,690381434.0700,3,2.333400,1,-9.991200,61.768781,6.413196,6.146137,121.299630,0
2026-02-05,sz.002519,8.1100,9.1100,8.0100,8.6500,8.4400,180519714,1539015422.0700,3,16.135300,1,2.488200,-11.238036,4.240776,202.283159,-45.933440,0
2026-02-05,sz.002520,5.9100,5.9500,5.8700,5.8700,5.9500,11126000,65639154.0000,3,1.550800,1,-1.344500,-5.028026,17.132643,3.599864,67.576591,0
2026-02-05,sz.002521,8.5400,8.5800,8.4900,8.4900,8.5300,3122200,26641144.1600,3,0.746200,1,-0.468900,43.922645,1.220861,1.412169,268.681778,0
2026-02-05,sz.002522,6.0400,6.1200,5.9200,5.9900,6.0800,27762500,166709926.0000,3,3.067600,1,-1.480300,70.216587,2.350874,3.303277,-62.575571,0
2026-02-05,sz.002523,4.5800,4.5800,4.4600,4.4600,4.5900,32018212,144398720.0000,3,2.268300,1,-2.832200,52.504597,2.522019,3.072151,-53.676106,0
2026-02-05,sz.002524,4.6500,4.8100,4.6300,4.7000,4.6700,35557732,168538404.1000,3,6.960400,1,0.642400,-15.761285,19.861196,2.824376,-165.668415,0
2026-02-05,sz.002526,3.8600,3.8800,3.7900,3.7900,3.8700,40212608,153442714.6800,3,2.270500,1,-2.067200,59.503126,2.095166,3.106134,130.187247,0
2026-02-05,sz.002527,16.1600,16.3000,16.0100,16.0700,16.2600,11994823,193402656.9700,3,2.266300,1,-1.168500,-44.145475,8.515032,2.843835,-353.061791,0
2026-02-05,sz.002528,2.4800,2.5900,2.4700,2.5900,2.4700,17138475,44112584.6500,3,1.631900,1,4.858300,-7.737932,30.683542,5.249331,-60.225150,1
2026-02-05,sz.002529,6.8600,6.9000,6.8100,6.8600,6.8600,2503400,17166294.0000,3,0.962800,1,0.000000,-8.563566,9.225719,5.210226,-167.389823,1
2026-02-05,sz.002530,10.3500,10.4100,10.2900,10.2900,10.4000,13242860,136794674.4000,3,1.905100,1,-1.057700,177.538023,6.052723,7.232549,1307.764249,0
2026-02-05,sz.002531,8.6900,8.8000,8.4500,8.6300,8.8000,59767887,514635452.5000,3,3.344800,1,-1.931800,-886.708219,1.726001,3.087487,-75.412700,0
2026-02-05,sz.002532,18.0500,18.3000,17.2000,17.5700,18.3000,55754118,979668328.6300,3,1.357600,1,-3.989100,17.261068,2.799983,2.746120,-79.411300,0
2026-02-05,sz.002533,14.3400,14.4200,13.7000,13.7500,14.4500,27962902,390117229.6200,3,4.385300,1,-4.844300,16.654405,2.342262,0.512334,-64.152571,0
2026-02-05,sz.002534,18.5100,18.8500,17.7300,17.8600,18.7000,18253552,329821158.5100,3,2.213200,1,-4.492000,77.399757,2.800009,2.534773,-28.786364,0
2026-02-05,sz.002535,3.9400,3.9500,3.8700,3.8800,3.9400,12453730,48726897.3000,3,1.668600,1,-1.522800,119.248683,4.389989,2.033346,-64.333167,0
2026-02-05,sz.002536,28.8600,29.4600,27.4000,28.0900,29.3400,36812433,1034931333.1500,3,6.761800,1,-4.260400,46.167634,4.670260,3.616002,-65.388656,0
2026-02-05,sz.002537,8.9000,9.0000,8.8600,8.9500,8.9600,28567900,255123028.0000,3,2.443400,1,-0.111600,51.101572,2.484687,1.585173,-77.416738,0
2026-02-05,sz.002538,6.9300,7.0000,6.7800,6.8200,6.9900,14494780,99536608.6000,3,1.698200,1,-2.432000,26.865187,1.084745,1.309889,-81.906673,0
2026-02-05,sz.002539,14.4300,14.5500,14.0500,14.2400,14.4800,21527637,307253322.2000,3,2.443000,1,-1.657500,21.226554,1.857886,0.836712,-100.750239,0
2026-02-05,sz.002540,7.6400,7.6600,7.3600,7.3700,7.7200,23099700,172372573.0000,3,2.649700,1,-4.533700,22.657459,1.700652,1.186247,-31.198483,0
2026-02-05,sz.002541,23.0200,23.2200,22.5000,22.7100,23.2300,6255435,142994616.6800,3,1.260900,1,-2.238500,25.561048,1.637125,0.727352,-824.247411,0
2026-02-05,sz.002542,3.4100,3.4200,3.3900,3.3900,3.4200,16787864,57132161.9600,3,0.954500,1,-0.877200,-4.117337,11.714896,5.934112,-33.207907,0
2026-02-05,sz.002543,9.3000,9.3800,9.2600,9.3000,9.3000,5548330,51713122.3000,3,0.838600,1,0.000000,10.126637,1.366731,0.906106,-5.612914,0
2026-02-05,sz.002544,31.5900,32.1900,31.1700,31.4800,32.0800,13163195,415852287.6400,3,1.934400,1,-1.870300,2040.695036,5.733743,4.553299,194.032963,0
2026-02-05,sz.002545,26.5300,26.6400,25.2200,25.5600,26.6500,17325266,445013301.9400,3,1.533000,1,-4.090100,34.339388,3.367176,7.101612,44.453470,0
2026-02-05,sz.002546,9.0400,9.0400,8.7500,8.8200,9.1300,47767440,422866953.8000,3,5.961700,1,-3.395400,10.523558,1.961906,9.622102,-145.787862,0
2026-02-05,sz.002547,3.5700,3.8100,3.5500,3.7500,3.7200,108252236,402960258.4400,3,9.798300,1,0.806500,-19.027059,-27.847405,1.932515,-194.563821,0
2026-02-05,sz.002548,6.5100,6.6100,6.4700,6.5100,6.5900,20243547,132183476.2500,3,2.516400,1,-1.214000,-58.644743,3.783136,1.155330,-37.785284,0
2026-02-05,sz.002549,20.8500,21.0100,20.5100,20.5900,21.0600,18161929,375926807.5600,3,2.623200,1,-2.231700,238.168003,6.923234,22.211801,-82.912962,0
2026-02-05,sz.002550,7.8500,7.9300,7.8300,7.8600,7.8600,11837266,93291114.7600,3,1.257600,1,0.000000,23.411350,3.656759,6.558991,-50.759275,0
2026-02-05,sz.002551,3.8600,3.9000,3.8400,3.8500,3.8700,9050620,34982648.0800,3,1.480800,1,-0.516800,-118.064848,1.255869,2.714690,-82.583184,0
2026-02-05,sz.002552,20.0200,20.3000,19.5800,20.0000,20.0700,9383962,187016895.8600,3,2.546500,1,-0.348800,41.519347,5.441234,2.621571,-123.440111,0
2026-02-05,sz.002553,27.3000,27.3300,26.7100,26.7400,27.4500,8259897,222303072.6500,3,3.293400,1,-2.586500,27.429305,6.454679,11.155370,42.241336,0
2026-02-05,sz.002554,4.3300,4.3900,3.9200,3.9400,4.0300,145010664,599407297.3400,3,10.874700,1,-2.233300,-50.639802,2.219250,2.016785,68.705509,0
2026-02-05,sz.002555,25.0000,25.2800,24.8800,24.9800,25.2900,41973293,1050377815.5800,3,2.625000,1,-1.225800,17.710577,4.106179,3.336574,83.491958,0
2026-02-05,sz.002556,6.3300,6.3800,6.2500,6.2500,6.3300,15080430,95129670.5000,3,1.594800,1,-1.263800,39.368653,1.634942,0.385003,155.262944,0
2026-02-05,sz.002557,23.6900,24.6000,23.5500,24.2000,23.7000,14118474,342002933.5500,3,2.797000,1,2.109700,31.287244,2.358096,1.780556,-8.873082,0
2026-02-05,sz.002558,41.1500,42.1000,40.9100,41.0200,41.5600,26639314,1099291134.7000,3,1.376900,1,-1.299300,44.814871,5.231314,19.485948,26.694696,0
2026-02-05,sz.002559,10.4800,10.5600,10.3500,10.3600,10.5400,16575500,172913229.5000,3,3.288300,1,-1.707800,75.720399,3.219751,2.646987,-25.876494,0
2026-02-05,sz.002560,10.5200,10.5600,10.1800,10.2400,10.6800,33555830,345832412.3900,3,7.408500,1,-4.119900,62.995691,2.009481,0.676504,27.986469,0
2026-02-05,sz.002561,9.0000,9.1500,8.9900,9.0600,9.0500,9484373,86021613.5300,3,2.288500,1,0.110500,916.523894,1.726109,9.855192,-5.347571,0
2026-02-05,sz.002562,7.4800,7.7100,7.2700,7.2900,7.5300,83582260,618712849.6000,3,11.914300,1,-3.187300,75.935233,2.264044,2.335399,16.767341,0
2026-02-05,sz.002563,5.6000,5.7200,5.5700,5.6800,5.6100,38681556,219579667.1900,3,1.751500,1,1.247800,16.648239,1.335655,1.015355,96.457750,0
2026-02-05,sz.002564,7.5000,7.5500,7.4000,7.4100,7.5700,10175600,75909259.0000,3,1.184700,1,-2.113600,83.545041,32.341247,2.343291,50.175056,0
2026-02-05,sz.002565,17.1000,17.6300,16.6500,17.1400,17.8700,164090055,2814422079.9900,3,15.481000,1,-4.085100,320.466007,9.741711,14.132671,301.844926,0
2026-02-05,sz.002566,8.3500,8.4400,8.2800,8.3100,8.3000,7201000,60168788.0000,3,3.106700,1,0.120500,68.159484,1.235138,4.303228,-396.944351,0
2026-02-05,sz.002567,4.3800,4.4100,4.3600,4.3900,4.4000,17618061,77298759.8200,3,1.230800,1,-0.227300,-23.905717,1.146893,0.243301,78.723927,0
2026-02-05,sz.002568,20.7000,21.9900,20.6800,21.5800,20.7900,25188589,543321597.6700,3,3.485100,1,3.799900,32.597415,4.765367,7.718923,-505.327067,0
2026-02-05,sz.002569,14.0600,14.0600,13.8000,13.9000,14.0300,905500,12596367.0000,3,0.647000,1,-0.926600,-45.346348,69.380902,16.737878,6679.324335,1
2026-02-05,sz.002570,6.1500,6.2300,6.1300,6.1700,6.1600,31129877,192429463.1200,3,2.882400,1,0.162300,48.483164,3.874079,2.450581,15.492409,0
2026-02-05,sz.002571,12.2900,12.5800,11.9700,11.9700,12.3400,10327700,126830841.0000,3,3.462100,1,-2.998400,-20.379862,4.804721,2.742665,83.584732,0
2026-02-05,sz.002572,15.1500,15.2800,15.0100,15.0800,15.0700,19479039,294498158.0100,3,2.990000,1,0.066400,12.842066,2.015684,1.474935,-20.709220,0
2026-02-05,sz.002573,3.8600,3.8800,3.8300,3.8400,3.8700,8097995,31183184.8600,3,0.573200,1,-0.775200,-12.997691,0.914632,0.609487,-14.510746,0
2026-02-05,sz.002574,6.4300,6.5200,6.3600,6.3900,6.4900,13413000,86148673.0000,3,2.540300,1,-1.540800,-34.792251,1.132783,1.108603,182.278474,0
2026-02-05,sz.002575,7.1300,8.0600,7.1300,8.0600,7.3300,82760380,639524268.5800,3,14.135100,1,9.959100,-168.807499,5.992809,11.809750,-260.582083,0
2026-02-05,sz.002576,18.1400,18.1400,17.7700,17.7700,18.1400,3319000,59377323.0000,3,2.048400,1,-2.039700,34.628143,2.246079,1.604913,82.956446,0
2026-02-05,sz.002577,17.9100,18.1300,17.8800,17.9600,17.9700,1361503,24522077.8500,3,0.485100,1,-0.055600,468.158352,4.260703,11.668039,57.599576,0
2026-02-05,sz.002578,4.3900,4.4200,4.2700,4.3100,4.4400,35788600,155122840.0000,3,4.155800,1,-2.927900,-256.151312,2.664368,2.128276,-825.372296,0
2026-02-05,sz.002579,11.6200,11.7300,11.4200,11.4500,11.7200,15798067,181873532.1600,3,2.708000,1,-2.303800,220.303863,2.899649,2.152492,24.035134,0
2026-02-05,sz.002580,12.9800,13.0100,12.6600,12.6900,13.0900,11131300,142038732.8100,3,2.460800,1,-3.055800,28.927459,2.475013,1.712727,38.655306,0
2026-02-05,sz.002581,7.6100,7.6200,7.3300,7.3800,7.5700,4741900,35326449.0000,3,1.183100,1,-2.509900,-22.055883,2.604550,18.890199,-63.015511,1
2026-02-05,sz.002582,12.4500,12.9300,12.3300,12.5000,12.6600,32209394,406848301.5800,3,9.356600,1,-1.263800,-350.695963,1.792103,3.599767,143.569073,0
2026-02-05,sz.002583,11.0300,11.0400,10.8600,10.8900,11.0200,19571016,213639701.5200,3,1.525700,1,-1.179700,-5.578821,7.751565,3.466106,51.385373,0
2026-02-05,sz.002584,8.7800,8.7900,8.6500,8.6700,8.8300,18618250,162269689.0000,3,3.974600,1,-1.812000,-78.979938,2.262869,0.709640,31.130751,0
2026-02-05,sz.002585,6.9900,6.9900,6.7800,6.7900,7.0200,25766522,176504820.9500,3,2.906300,1,-3.276400,-19.711833,0.898515,1.417234,-47.782715,0
2026-02-05,sz.002586,4.6800,4.7600,4.6600,4.7300,4.7000,9498700,44653053.0000,3,0.873400,1,0.638300,-177.378998,1.816159,2.239520,-28.060997,1
2026-02-05,sz.002587,6.8400,6.9900,6.8300,6.9200,6.8700,18247125,126630272.7200,3,3.425400,1,0.727800,-1570.950572,3.390836,5.727944,42.303797,0
2026-02-05,sz.002588,10.8000,10.9200,10.6300,10.6600,10.8200,10491256,112681422.9600,3,1.221900,1,-1.478700,12.568985,1.676845,1.051862,210.421416,0
2026-02-05,sz.002589,3.3900,3.4000,3.3400,3.3500,3.4000,35421458,119069925.6400,3,2.593900,1,-1.470600,-59178.887088,0.942383,0.688943,-40.926831,0
2026-02-05,sz.002590,14.6200,14.9300,14.5900,14.7400,14.6300,10523853,155241760.4700,3,2.126200,1,0.751900,35.625933,2.547770,1.607629,-32.618695,0
2026-02-05,sz.002591,7.8000,8.2700,7.7700,7.9200,7.7900,24847000,196995951.0000,3,11.116600,1,1.668800,-87.628742,3.609995,6.414090,1694.345556,0
2026-02-05,sz.002592,10.0500,10.4300,10.0500,10.2400,10.1900,5918200,60663912.0000,3,2.252700,1,0.490700,25.841614,2.956027,4.265377,106.997106,1
2026-02-05,sz.002593,6.0900,6.1100,6.0200,6.0300,6.1000,29937391,181226246.3700,3,5.357000,1,-1.147500,48.907562,2.002638,1.376584,-130.240125,0
2026-02-05,sz.002594,88.5000,91.2300,88.3300,90.1100,89.1400,35424031,3184480192.9800,3,1.015800,1,1.088200,21.422776,3.736718,0.976738,15.904106,0
2026-02-05,sz.002595,85.2900,85.8000,83.5000,84.3300,85.3000,2545998,214816061.0300,3,0.320400,1,-1.137200,28.312624,5.924416,6.410106,-122.413815,0
2026-02-05,sz.002596,4.5000,4.6300,4.4900,4.5200,4.5500,51689191,235614144.4300,3,4.508300,1,-0.659300,-22.007076,7.762028,4.467985,-237.474872,0
2026-02-05,sz.002597,23.2600,23.4500,22.8900,23.0500,23.3300,5617908,129716103.3200,3,0.991100,1,-1.200200,24.322777,1.731023,2.726983,-15.075423,0
2026-02-05,sz.002598,10.1500,10.1900,10.0300,10.0300,10.1800,5669125,57317313.0000,3,2.014300,1,-1.473500,98.638929,2.551047,1.544294,177.537845,0
2026-02-05,sz.002599,7.9200,8.0300,7.8900,7.9000,7.9400,12124700,96325962.0000,3,3.046400,1,-0.503800,-22.867844,3.398006,2.025207,257.177672,0
2026-02-05,sz.002600,14.9000,15.0300,14.7300,14.7500,15.0500,63426663,940237771.0300,3,0.881100,1,-1.993400,47.178915,4.649568,2.143666,263.045378,0
2026-02-05,sz.002601,20.8200,21.2800,20.4100,20.6300,20.9900,14935848,309772935.5200,3,0.751500,1,-1.715100,38.445906,2.094198,1.884234,63.384880,0
2026-02-05,sz.002602,19.3000,19.8000,19.1100,19.4200,19.5300,112139253,2183458312.9900,3,1.649900,1,-0.563200,37.993526,4.775296,4.171415,30.590156,0
2026-02-05,sz.002603,17.7000,17.7900,17.5700,17.6300,17.7000,14303611,252715600.7500,3,1.038900,1,-0.395500,-105.614303,2.751773,4.896931,202.432278,0
2026-02-05,sz.002605,25.5000,26.0400,25.5000,25.6000,25.7900,5897782,151841957.3400,3,1.748800,1,-0.736700,21.168805,2.904824,4.127890,34.033412,0
2026-02-05,sz.002606,11.9300,12.0800,11.5000,11.6000,12.1400,43162061,505320547.7700,3,10.248800,1,-4.448100,29.792988,2.799243,3.268785,64.836491,0
2026-02-05,sz.002607,2.8600,2.8800,2.8300,2.8300,2.8800,122417090,348756320.2700,3,2.407900,1,-1.736100,162.374979,21.379870,7.993133,-150.987664,0
2026-02-05,sz.002608,7.7100,7.7500,7.6600,7.6800,7.7400,16191902,124507233.3400,3,0.428600,1,-0.775200,8.184348,0.830924,0.826738,-16.914110,0
2026-02-05,sz.002609,10.4000,10.6200,10.3500,10.4000,10.5000,10965804,114610914.7200,3,2.387000,1,-0.952400,111.582765,2.782963,3.835149,-202.494745,0
2026-02-05,sz.002611,17.9900,17.9900,17.6800,17.7400,18.0500,21184375,376837706.2100,3,2.113800,1,-1.717500,31.713584,3.957850,4.442132,30.683884,0
2026-02-05,sz.002612,18.8800,19.8200,18.8200,19.4000,18.8400,17416191,337925895.7100,3,6.836900,1,2.972400,8.299823,2.515219,1.498202,-116.675103,0
2026-02-05,sz.002613,4.0600,4.0900,4.0300,4.0500,4.0900,22678043,91963705.4500,3,2.936600,1,-0.978000,-199.727659,2.040820,2.953563,-52.621500,0
2026-02-05,sz.002614,7.0300,7.1600,7.0000,7.0300,7.0500,13863300,98130405.0000,3,3.143500,1,-0.283700,63.979775,1.014781,0.855593,76.385098,0
2026-02-05,sz.002615,8.7500,9.1100,8.6600,8.9900,8.7200,26861100,242015489.0000,3,8.776900,1,3.096300,25.917228,2.463824,1.232466,-29.811614,0
2026-02-05,sz.002616,5.8900,5.8900,5.7800,5.8000,5.9000,11461942,66778094.7800,3,1.951000,1,-1.694900,16.873268,1.744011,1.339889,11.466747,0
2026-02-05,sz.002617,8.9500,8.9500,8.7700,8.7700,9.1000,89136426,787958143.3800,3,4.712600,1,-3.626400,62.433067,2.640939,4.565629,-175.259282,0
2026-02-05,sz.002620,5.9000,6.0000,5.8700,5.9200,5.9000,4207150,25007899.0000,3,1.334100,1,0.339000,-16.702368,-101.433877,4.254090,120.265189,1
2026-02-05,sz.002622,3.0100,3.0500,3.0000,3.0200,3.0000,16462300,49786179.0000,3,1.959900,1,0.666700,-32.691830,6.962355,3.367002,-60.262833,0
2026-02-05,sz.002623,27.1600,28.3300,25.6200,26.8600,28.4600,33826240,913203357.8500,3,17.029200,1,-5.621900,-33.478138,1.887526,2.638782,20.903865,0
2026-02-05,sz.002624,17.2700,18.3800,17.2200,17.7900,17.5100,65304164,1168168144.0500,3,3.573000,1,1.599100,-147.979553,4.872614,4.991285,51.298536,0
2026-02-05,sz.002625,46.3600,46.7000,45.8600,46.0900,46.3600,16260778,752327391.0200,3,0.754700,1,-0.582400,137.778242,10.406706,52.691411,-100.479375,0
2026-02-05,sz.002626,18.8300,19.3800,18.8100,19.0000,18.8000,6425675,122595712.9900,3,1.053700,1,1.063800,24.038782,2.618551,3.309588,5.977371,0
2026-02-05,sz.002627,9.0600,10.0100,9.0000,10.0100,9.1000,39622549,385082387.1500,3,5.525300,1,10.000000,79.253507,2.340272,9.134514,-96.667746,0
2026-02-05,sz.002628,4.4700,4.4800,4.3900,4.4000,4.4700,14208700,62953083.0000,3,1.885000,1,-1.566000,-33.370378,1.162751,4.086322,-26.869567,0
2026-02-05,sz.002629,6.0300,6.1800,6.0000,6.0500,6.0900,13302400,80718862.0000,3,3.142600,1,-0.656800,720.304802,71.985765,10.063558,-252.653024,0
2026-02-05,sz.002630,2.2800,2.3900,2.2700,2.3900,2.2800,23865768,56447195.9400,3,2.316500,1,4.824600,-7.292690,11.694403,1.419504,153.979119,1
2026-02-05,sz.002631,5.8800,5.8900,5.7700,5.8100,5.8800,11529000,67277146.0000,3,1.452800,1,-1.190500,-28.650252,2.117898,3.774072,34.972027,0
2026-02-05,sz.002632,12.2100,12.2300,12.0000,12.0300,12.2800,10398400,125737370.0000,3,1.787000,1,-2.035800,36.565540,3.505117,4.957607,-40.924860,0
2026-02-05,sz.002633,16.6100,16.9100,16.4000,16.6100,16.5400,2705900,45220936.0000,3,1.811000,1,0.423200,415.833303,5.854546,7.929676,632.535474,0
2026-02-05,sz.002634,6.0900,6.3200,5.9700,6.2700,5.9900,20163850,125098457.4000,3,4.515800,1,4.674500,-2.077816,-4.742399,5.111586,-26.025075,0
2026-02-05,sz.002635,13.8100,13.9300,13.7600,13.8200,13.9200,5761800,79666024.0000,3,1.457400,1,-0.718400,64.647246,1.563147,1.945638,147.545937,0
2026-02-05,sz.002636,23.9200,24.3500,23.1200,23.4600,24.0100,18939346,446139939.0800,3,2.614800,1,-2.290700,154.493888,4.902661,3.924959,-6534.021115,0
2026-02-05,sz.002637,13.7300,14.5000,13.6100,13.7500,13.8300,12665656,176700745.6800,3,2.860900,1,-0.578500,39.095670,1.713434,0.501270,-20.482985,0
2026-02-05,sz.002638,3.0500,3.0600,2.9500,2.9900,3.0500,39272700,117866574.0000,3,2.903300,1,-1.967200,-11.121091,2.084588,10.759922,17.009855,0
2026-02-05,sz.002639,20.4600,21.4400,20.3500,20.9900,21.1100,92568086,1950015880.0800,3,14.227700,1,-0.568500,390.013458,6.470663,6.229398,125.000000,0
2026-02-05,sz.002640,4.0000,4.0200,3.9500,3.9800,4.0400,32822400,130929054.0000,3,2.120000,1,-1.485100,-12.976379,7.268157,1.119599,-193.804119,0
2026-02-05,sz.002641,4.6000,4.6300,4.5300,4.5500,4.6100,16720250,76503951.3000,3,1.474500,1,-1.301500,63.571107,1.025693,0.895896,-972.610528,0
2026-02-05,sz.002642,8.3200,8.4300,8.2900,8.3400,8.3500,12122400,101425176.0000,3,1.832300,1,-0.119800,229.571724,4.694927,3.238240,56.352029,0
2026-02-05,sz.002643,16.7000,16.7500,16.2600,16.4100,16.8100,17034724,280132509.1000,3,1.873400,1,-2.379500,59.170792,2.103991,4.031363,-166.324379,0
2026-02-05,sz.002644,9.8500,10.1500,9.5600,10.0200,9.9300,37255060,369088591.1500,3,7.295500,1,0.906300,86.608809,2.808541,5.712295,48.844716,0
2026-02-05,sz.002645,15.1200,15.1800,14.3600,14.5000,15.2700,17550403,257604486.3700,3,3.140000,1,-5.042600,-56.258209,2.279759,1.301867,-54.766648,0
2026-02-05,sz.002646,9.2500,9.5700,9.2500,9.3000,9.4500,17483857,163758737.8200,3,3.673600,1,-1.587300,685.388079,1.556699,3.880042,-38.520465,0
2026-02-05,sz.002647,9.0100,9.2500,9.0100,9.0100,9.4800,28615513,259670696.0200,3,4.222200,1,-4.957800,-31.467617,15.530709,12.330540,48.593526,1
2026-02-05,sz.002648,22.6700,23.2700,21.9200,22.2000,22.6700,57512453,1288833088.4600,3,1.708400,1,-2.073200,12.191456,2.334052,1.553349,293.832174,0
2026-02-05,sz.002649,13.5900,13.6500,13.4300,13.4400,13.7000,14133871,191127344.2100,3,2.576600,1,-1.897800,60.984693,1.852250,1.161827,-284.718334,0
2026-02-05,sz.002650,6.4000,6.4400,6.2900,6.3100,6.4000,3104400,19671406.0000,3,0.280400,1,-1.406300,-36.148096,3.770192,5.485807,441.488626,1
2026-02-05,sz.002651,10.9100,11.0500,10.8500,10.8800,10.9700,8133200,88808957.0000,3,1.438300,1,-0.820400,130.454139,4.008039,15.753212,8120.571958,0
2026-02-05,sz.002652,4.1500,4.2500,4.1200,4.1900,4.1800,23724771,99639744.6200,3,4.633200,1,0.239200,-103.639351,8.556235,7.124017,-336.776558,0
2026-02-05,sz.002653,47.0700,47.8100,46.6000,47.3600,47.0700,2510656,119046539.6600,3,0.519500,1,0.616100,171.683297,12.547470,12.420672,87.398511,0
2026-02-05,sz.002654,13.7100,14.1800,13.5700,13.9000,13.9400,55398681,768342229.8900,3,6.554200,1,-0.286900,205.391531,7.507715,2.121802,86.620695,0
2026-02-05,sz.002655,12.7800,12.8400,12.5600,12.5900,12.8300,7072100,89684171.0000,3,1.954700,1,-1.870600,52.124505,6.220012,3.305137,143.596480,0
2026-02-05,sz.002656,2.6800,2.7000,2.6600,2.6800,2.6800,6059000,16203322.0000,3,0.895500,1,0.000000,-22.832740,4.493666,3.567092,-19.904834,1
2026-02-05,sz.002657,27.9600,28.1500,27.7700,27.8000,28.1800,6845104,191096097.1200,3,2.036500,1,-1.348500,-106.265859,5.437121,8.029200,-160.413530,0
2026-02-05,sz.002658,10.2100,10.3900,10.0800,10.2700,10.1400,37366581,381649842.2300,3,10.421200,1,1.282100,31.383509,2.512958,4.432281,61.787407,0
2026-02-05,sz.002659,6.2300,6.3200,6.1800,6.1900,6.2500,15615400,97332448.0000,3,2.610100,1,-0.960000,-267.932988,1.710801,10.763038,-91.229878,0
2026-02-05,sz.002660,9.5500,9.6300,9.4600,9.4700,9.6000,3890700,37016674.0000,3,1.134400,1,-1.354200,-118.656855,2.809949,2.554469,-109.786533,0
2026-02-05,sz.002661,9.6600,9.7500,9.6000,9.6400,9.6600,3902700,37804551.0000,3,1.240600,1,-0.207000,27.998629,1.379577,0.749234,15.897534,0
2026-02-05,sz.002662,4.2100,4.2200,4.1300,4.1300,4.2200,26290205,109321497.0100,3,1.752700,1,-2.132700,26.305747,1.406903,2.162812,-33.413936,0
2026-02-05,sz.002663,2.0700,2.1000,2.0400,2.0400,2.0700,26523787,54951563.3300,3,2.051500,1,-1.449300,-7.217891,1.485499,1.801483,73.263813,0
2026-02-05,sz.002664,26.3600,26.4900,25.8100,25.8400,26.7200,7735438,201727455.2700,3,1.921500,1,-3.293400,190.135890,2.988769,1.763290,89.308176,0
2026-02-05,sz.002666,5.6500,5.7400,5.5800,5.6000,5.6800,11286900,63743234.0000,3,2.254400,1,-1.408500,62.674548,1.224075,0.813012,80.395112,0
2026-02-05,sz.002667,20.3200,20.5700,19.3300,19.4500,20.5600,30861214,614466995.9600,3,13.043000,1,-5.398800,-24.350800,14.430664,17.857535,418.660889,0
2026-02-05,sz.002668,9.9600,10.1700,9.9200,10.0900,9.9600,15111099,152456327.1000,3,1.393900,1,1.305200,9.337121,3.216713,0.583057,-37.252589,0
2026-02-05,sz.002669,14.4400,14.4900,14.0300,14.1400,14.5300,10063600,142961636.0000,3,3.324400,1,-2.684100,-50.089655,1.580583,0.918250,220.929662,0
2026-02-05,sz.002670,16.5000,17.3200,16.4600,17.0100,16.5800,66819345,1130930586.3300,3,4.116100,1,2.593500,100.861612,2.911766,12.665801,10.522631,0
2026-02-05,sz.002671,5.8900,5.9900,5.8200,5.8300,5.8800,16376001,96665315.8600,3,2.972400,1,-0.850300,30.370240,1.843903,2.114590,-80.229593,0
2026-02-05,sz.002672,4.7600,4.7800,4.6700,4.6700,4.7600,5997100,28280616.0000,3,0.662600,1,-1.890800,-5.112851,1.695231,1.509447,10.046073,0
2026-02-05,sz.002673,7.9300,8.0200,7.8800,7.9600,7.9400,29536415,234837005.0600,3,0.660800,1,0.251900,18.549698,1.198655,5.377518,20.359668,0
2026-02-05,sz.002674,14.2500,14.4300,14.0900,14.3200,14.3000,4376200,62311757.0000,3,1.495800,1,0.139900,59.134426,1.762744,1.434071,14.602507,0
2026-02-05,sz.002675,13.7800,13.7800,13.6100,13.6300,13.7500,6432087,87961086.5500,3,0.865200,1,-0.872700,67.676291,2.570050,4.087601,55.383749,0
2026-02-05,sz.002676,8.0800,8.1200,7.9800,8.0300,8.1400,10485600,84291794.0000,3,1.456400,1,-1.351400,82.345274,4.434109,2.015337,35.816635,0
2026-02-05,sz.002677,9.4200,9.5900,9.4000,9.5300,9.4900,8181520,77833212.0000,3,1.529600,1,0.421500,283.182249,4.170395,10.990982,-27.202755,0
2026-02-05,sz.002678,5.6900,5.9300,5.6400,5.7500,5.7800,36415160,211180860.3000,3,2.682400,1,-0.519000,-24.725832,2.407572,14.561501,-14.504459,0
2026-02-05,sz.002679,11.6600,12.3500,11.6600,11.9500,11.7600,12177260,147226800.6000,3,5.165200,1,1.615600,194.153803,3.841165,18.633960,-234.115709,0
2026-02-05,sz.002681,6.3300,6.3700,6.2900,6.3100,6.3500,25934225,163752511.3300,3,1.692100,1,-0.629900,-261.588270,4.970575,4.073169,38.241259,0
2026-02-05,sz.002682,7.1000,7.4900,7.0600,7.2700,7.1900,66232850,485662152.0000,3,11.777700,1,1.112700,-10.993502,3.796151,1.747825,-60.726147,0
2026-02-05,sz.002683,47.8300,48.9800,47.2200,48.3200,47.8000,11030093,534715503.3000,3,1.659600,1,1.087900,40.744790,5.510120,1.946021,-2760.324507,0
2026-02-05,sz.002685,6.9700,7.0300,6.8600,6.8800,7.0000,19288400,133668202.0000,3,1.914400,1,-1.714300,53.652349,4.413497,8.076332,19.107416,0
2026-02-05,sz.002686,6.9000,6.9800,6.8600,6.8900,6.9500,8794153,60785310.6100,3,1.682300,1,-0.863300,319.114037,2.377063,2.311969,77.347843,0
2026-02-05,sz.002687,5.1600,5.2200,5.1100,5.1700,5.1400,11111403,57600698.0000,3,2.687500,1,0.583700,44.003352,1.748810,2.035435,-53.553320,0
2026-02-05,sz.002688,6.3100,6.3500,6.2300,6.2500,6.3400,12262900,76951799.0000,3,1.640600,1,-1.419600,38.425732,2.052647,1.754000,-23.483351,0
2026-02-05,sz.002689,3.8900,3.9500,3.8500,3.8600,3.8800,17769310,69306205.2000,3,1.703800,1,-0.515500,59.098310,3.301610,3.075525,25.255498,1
2026-02-05,sz.002690,19.3400,19.5400,19.0500,19.4700,19.3300,9239896,178492711.9500,3,2.130300,1,0.724300,23.923174,6.303264,7.077966,25.328611,0
2026-02-05,sz.002691,9.2200,9.3600,9.1500,9.2500,9.2500,15673044,145010030.0000,3,4.664900,1,0.000000,-92.303395,3.704725,8.413611,-66.726779,0
2026-02-05,sz.002692,5.6000,5.6300,5.4700,5.4800,5.6300,12020124,66433419.8400,3,1.674800,1,-2.664300,57.686073,3.239910,0.879287,40.940621,0
2026-02-05,sz.002693,7.9200,8.1900,7.8300,7.8400,7.8900,11511205,92239969.6000,3,2.800900,1,-0.633700,-75.625210,8.317282,15.041247,-388.366294,1
2026-02-05,sz.002694,3.4000,3.6200,3.4000,3.4300,3.3500,32938909,115310842.2600,3,4.582600,1,2.388100,-6.631811,24.886355,2.971560,46.125098,0
2026-02-05,sz.002695,11.4000,11.7300,11.4000,11.5900,11.4900,4901993,56994115.5900,3,0.958400,1,0.870300,103.285329,2.311272,3.894131,-36.699533,0
2026-02-05,sz.002696,7.6300,7.7300,7.5400,7.5500,7.6400,5715003,43651087.8400,3,1.708600,1,-1.178000,50.818068,1.905578,0.670113,-11.785919,0
2026-02-05,sz.002697,6.0400,6.1800,6.0000,6.1600,6.0500,75007997,458222725.2600,3,6.551500,1,1.818200,16.304884,1.786528,0.885152,9.313546,0
2026-02-05,sz.002698,16.3100,16.3100,16.0300,16.0600,16.3300,8868150,143186805.0200,3,1.055100,1,-1.653400,33.268870,4.137906,5.782337,241.263424,0
2026-02-05,sz.002700,7.4300,7.4500,7.3300,7.3500,7.4300,6959400,51338401.0000,3,2.641500,1,-1.076700,40.796228,2.222560,4.395906,-12.017187,0
2026-02-05,sz.002701,5.7400,5.8100,5.7300,5.7600,5.7400,24676396,142360896.4400,3,0.964900,1,0.348400,13.335629,1.506900,0.696752,-20.692064,0
2026-02-05,sz.002702,6.9200,7.6900,6.9000,7.6900,6.9900,79238148,589161586.5200,3,17.272900,1,10.014300,-103.657991,4.086954,2.784696,-47.271769,0
2026-02-05,sz.002703,21.6900,21.7000,20.7000,20.9500,21.3800,45477721,958996066.2700,3,7.760100,1,-2.011200,92.252162,8.434070,5.163474,321.417821,0
2026-02-05,sz.002705,14.0900,14.2700,14.0500,14.1900,14.1100,7397744,104961967.4700,3,0.915400,1,0.567000,10.389820,1.357238,0.701827,29.426411,0
2026-02-05,sz.002706,10.9000,10.9000,10.1800,10.2400,10.9300,40010350,415177687.5000,3,4.372800,1,-6.312900,37.626416,2.825948,2.489368,30.235827,0
2026-02-05,sz.002707,8.0800,8.3100,8.0400,8.2700,8.0600,75106851,615813987.9000,3,9.101600,1,2.605500,164.391477,8.768534,1.165519,88.371401,0
2026-02-05,sz.002708,13.6400,13.6500,13.3100,13.4500,13.5300,13737300,185652288.0000,3,2.658900,1,-0.591300,101.587795,4.465037,3.032309,17.460390,0
2026-02-05,sz.002709,40.0900,40.4500,39.1500,39.3500,40.3500,33488439,1326335592.3800,3,2.226000,1,-2.478300,141.341993,6.100529,5.520304,-287.042118,0
2026-02-05,sz.002712,6.3300,6.6200,6.3300,6.5000,6.4400,26933800,175908908.8000,3,4.979400,1,0.931700,-82.936425,2.596424,0.496470,156.357385,0
2026-02-05,sz.002713,9.0500,9.6100,8.9900,9.6100,9.1500,22557446,211540303.6900,3,4.284400,1,5.027300,-14.099520,-7.846684,12.954896,47.975662,1
2026-02-05,sz.002714,46.8400,47.4900,46.4000,46.7300,46.8600,41535903,1951278348.5400,3,1.090500,1,-0.277400,11.509725,3.365387,1.668883,167.546950,0
2026-02-05,sz.002715,17.1100,17.2600,16.9100,17.1000,17.2000,3286350,56233817.0000,3,2.381400,1,-0.581400,-268.044758,5.002258,4.362437,-478.300405,0
2026-02-05,sz.002716,14.5000,14.7200,13.9000,13.9000,15.4400,171609331,2437718020.8800,3,7.381500,1,-9.974100,191.532119,11.653873,3.406065,108.706178,0
2026-02-05,sz.002717,1.6100,1.6700,1.5900,1.6500,1.6000,69786540,114217148.3800,3,4.320600,1,3.125000,-3.259075,3.499043,9.821232,83.151539,1
2026-02-05,sz.002718,79.6100,79.6100,75.6900,78.9000,80.4100,2296762,178067901.6000,3,4.213800,1,-1.877900,-156.638403,11.121096,19.434965,-142.777525,0
2026-02-05,sz.002719,9.4500,9.8400,9.4500,9.5700,9.5400,8627259,83192968.2100,3,5.330000,1,0.314500,-9.436481,8.672286,2.679518,-185.188218,0
2026-02-05,sz.002721,3.4400,3.4900,3.3700,3.3800,3.4900,73535536,250852616.0400,3,2.765100,1,-3.151900,-376.220211,4.380344,13.744982,-13.394454,0
2026-02-05,sz.002722,15.8900,15.9500,15.7000,15.7100,15.9100,2789316,44087293.7200,3,1.458200,1,-1.257100,24.620512,1.263992,1.512541,191.778488,0
2026-02-05,sz.002723,8.9500,9.1100,8.9000,8.9200,9.0400,9277708,83540019.3200,3,2.925700,1,-1.327400,-11.565121,3.148325,2.680109,-141.783556,0
2026-02-05,sz.002724,7.5200,7.5500,7.4200,7.4600,7.5700,13009980,97297817.2000,3,2.291300,1,-1.453100,-39.920656,2.121513,3.306255,-290.734189,0
2026-02-05,sz.002725,14.8000,14.9800,14.7700,14.8700,14.9100,6387700,95120222.0000,3,3.012900,1,-0.268300,51.901504,3.695242,5.568636,47.262506,0
2026-02-05,sz.002726,4.0700,4.1800,4.0400,4.1100,4.0800,19994599,82552266.5300,3,1.854200,1,0.735300,-18.771107,4.106117,0.418401,-17.224345,0
2026-02-05,sz.002727,14.0500,14.2800,14.0000,14.1300,14.0500,12227718,173046545.1000,3,3.077600,1,0.569400,91.709166,1.130859,0.475222,-11.124614,0
2026-02-05,sz.002728,11.9200,12.1500,11.8600,11.9500,12.0100,30264348,364084434.4800,3,8.031600,1,-0.499600,76.915940,3.400222,6.634333,-64.189394,0
2026-02-05,sz.002729,19.0100,19.4400,18.8400,19.0300,19.1200,7304009,139973234.8700,3,4.162700,1,-0.470700,83.708778,6.283352,8.240910,144.083037,0
2026-02-05,sz.002730,15.9300,16.0000,15.7100,15.7200,16.0200,4862920,76939024.2000,3,1.405300,1,-1.872700,59.708278,3.494259,4.667228,294.349361,0
2026-02-05,sz.002731,10.9200,11.1000,10.7800,10.8400,11.0500,20006300,218240953.3000,3,8.711400,1,-1.900500,10.139890,1.484516,0.617642,37.783543,0
2026-02-05,sz.002732,17.7200,18.1600,17.7100,17.9100,17.8100,3241991,58291341.7400,3,2.071600,1,0.561500,37.612843,1.873175,1.752805,107.606906,0
2026-02-05,sz.002733,20.3000,20.3200,19.8400,19.8700,20.5000,7984257,159531089.5300,3,2.164600,1,-3.073200,90.082560,2.778433,2.308137,125.635104,0
2026-02-05,sz.002734,20.6000,20.6700,19.5400,19.7900,20.2500,33539392,671150554.5100,3,7.721800,1,-2.271600,22.414465,2.633730,2.096228,-997.275179,0
2026-02-05,sz.002735,17.6600,18.2300,17.5700,17.8900,17.8000,17118000,307612385.0000,3,6.103500,1,0.505600,-107.303724,3.949338,3.046650,-348.880635,0
2026-02-05,sz.002736,12.4500,12.5800,12.3800,12.5500,12.4500,29381954,367046580.0100,3,0.305700,1,0.803200,10.303217,1.322990,4.584805,3.886129,0
2026-02-05,sz.002737,14.1500,14.2300,14.1100,14.1800,14.1500,2448860,34710133.4000,3,0.419300,1,0.212000,-64.530550,2.043393,3.954453,-16.156078,0
2026-02-05,sz.002738,79.5000,82.1000,77.9800,79.1300,83.6500,25653758,2038579356.5000,3,3.607900,1,-5.403500,137.423693,4.752284,8.633633,28.505738,0
2026-02-05,sz.002739,11.7000,12.2600,11.6800,12.0700,11.7400,152091200,1832389919.3400,3,7.242700,1,2.810900,-63.665684,3.319048,2.072005,127.308897,0
2026-02-05,sz.002741,20.8000,20.9800,20.2200,20.2700,20.9300,11273305,230173619.2800,3,2.644100,1,-3.153400,-77.688061,4.902319,3.366574,89.528367,0
2026-02-05,sz.002742,4.0600,4.2600,4.0600,4.2600,4.0600,10313814,43475937.6400,3,1.968400,1,4.926100,-3.698919,-4.796031,3.078201,509.870091,1
2026-02-05,sz.002743,5.8300,5.8800,5.7500,5.7600,5.8400,7323000,42529726.0000,3,1.685100,1,-1.369900,101.147859,0.760345,0.745132,19.551635,0
2026-02-05,sz.002745,9.6900,9.7000,9.3500,9.3900,9.7000,30203212,286670831.0200,3,2.836800,1,-3.195900,63.329241,1.047202,0.824712,-58.409035,0
2026-02-05,sz.002746,6.3400,6.4300,6.3100,6.3600,6.3500,15521695,99023149.9700,3,2.187200,1,0.157500,19.049707,1.201389,0.973367,8.139521,0
2026-02-05,sz.002747,23.8100,23.8800,23.3700,23.4100,23.9500,11840167,278951450.0600,3,1.513300,1,-2.254700,-28.528582,10.506289,4.586754,306.736559,0
2026-02-05,sz.002748,12.2300,12.5400,12.2000,12.3300,12.3200,6872902,85136533.9800,3,2.863700,1,0.081200,68.646076,2.154874,1.454656,-22.576224,0
2026-02-05,sz.002749,13.5900,13.7900,13.5000,13.7000,13.6000,2845169,38965508.0900,3,0.627200,1,0.735300,17.024560,3.315117,3.081251,251.702255,0
2026-02-05,sz.002752,6.6600,6.8200,6.6500,6.7400,6.7200,16663705,112642200.2000,3,1.706000,1,0.297600,22.232104,1.904431,0.913789,114.982992,0
2026-02-05,sz.002753,7.7300,7.8200,7.6500,7.6600,7.7400,5870700,45318730.0000,3,2.417800,1,-1.033600,42.007178,1.427052,0.833560,-308.614951,0
2026-02-05,sz.002755,16.0500,16.3600,15.9500,16.1800,16.1100,7952000,129041795.9500,3,0.856800,1,0.434500,58.527532,4.685936,8.219466,61.421383,0
2026-02-05,sz.002756,48.7100,49.1500,46.5600,47.0000,49.2400,11518816,546351023.2600,3,2.963200,1,-4.549100,41.940278,2.023474,3.428691,-11.019674,0
2026-02-05,sz.002757,21.3600,22.9600,21.2200,22.0800,21.8900,40576765,894674986.8300,3,14.386200,1,0.868000,-22.453280,3.268206,2.049961,-44.138143,0
2026-02-05,sz.002758,10.3200,10.3500,10.1500,10.1800,10.3300,10861550,110999066.5000,3,2.096000,1,-1.452100,12.070154,1.101209,0.119140,-7.578609,0
2026-02-05,sz.002759,37.7300,37.9600,36.4400,36.6300,38.0100,27645233,1019921206.8100,3,5.518600,1,-3.630600,-14.417626,5.933754,7.689285,-74.238180,0
2026-02-05,sz.002760,23.3900,23.6800,23.1600,23.2700,23.3900,2746600,64085760.0000,3,2.543400,1,-0.513000,-43.307211,3.038776,4.223898,-26.526922,0
2026-02-05,sz.002761,8.6400,8.7300,8.5800,8.6000,8.7000,10217700,88370569.0000,3,0.944500,1,-1.149400,55.533875,1.717020,0.138482,9.912351,0
2026-02-05,sz.002762,6.8600,6.9100,6.8200,6.8800,6.8600,1155700,7950887.0000,3,0.546700,1,0.291500,-144.413983,3.156067,6.973371,45.109928,1
2026-02-05,sz.002763,8.1600,8.2900,8.1100,8.2200,8.1700,6472700,53227905.0000,3,2.132000,1,0.612000,43.070446,1.805360,1.120859,-25.610836,0
2026-02-05,sz.002765,11.7400,11.8800,11.6300,11.6400,11.8100,14484844,169717974.3200,3,2.430800,1,-1.439500,39.698428,2.888029,2.046646,-329.927905,0
2026-02-05,sz.002766,5.7600,5.8800,5.7100,5.8000,5.7500,39547219,229734755.6300,3,4.624100,1,0.869600,309.988446,4.349671,5.055011,-35.921992,0
2026-02-05,sz.002767,23.9000,24.4500,23.8600,23.9500,24.1100,2442450,58575135.0000,3,1.875900,1,-0.663600,95.718803,4.221152,5.478878,-81.458129,0
2026-02-05,sz.002768,54.9000,54.9300,51.5200,51.7100,55.1800,4724622,248018751.7700,3,2.673100,1,-6.288500,18.694265,2.828512,0.757810,30.337137,0
2026-02-05,sz.002769,12.1500,12.9500,12.1200,12.6800,12.2600,25410135,321716169.1800,3,6.812200,1,3.425800,-1160.223840,4.001268,6.913515,-95.585497,0
2026-02-05,sz.002771,15.1400,15.5200,15.1100,15.4500,15.2700,5341500,82398533.0000,3,3.060800,1,1.178800,-143.131806,5.258321,6.388191,213.148996,0
2026-02-05,sz.002772,16.8500,17.2900,16.4000,16.7200,16.9800,11919795,199880517.8600,3,3.055400,1,-1.531200,26.976851,1.938675,3.297165,-20.339365,0
2026-02-05,sz.002773,28.9200,29.3500,28.6400,29.0000,28.7400,8258867,240485250.5100,3,1.202500,1,0.904700,21.367368,2.914822,5.727114,51.597123,0
2026-02-05,sz.002774,11.3100,11.4300,11.2300,11.2700,11.3800,6387281,72348957.3500,3,2.266800,1,-0.966600,38.253880,3.163588,2.680646,-47.800846,0
2026-02-05,sz.002775,4.3700,4.4200,4.3100,4.3200,4.3700,11198540,48843221.0400,3,2.375400,1,-1.144200,-24.733137,10.388557,4.559008,-58.706710,0
2026-02-05,sz.002777,19.3800,19.6000,19.3300,19.3600,19.5400,7920104,153975008.2000,3,1.957900,1,-0.921200,79.793345,4.781167,5.818135,-234.223311,0
2026-02-05,sz.002778,22.1800,22.1800,21.6000,21.6800,22.0100,1676200,36704332.0000,3,1.358000,1,-1.499300,-37.771279,8.563462,12.055485,9.274830,0
2026-02-05,sz.002779,100.1800,100.1800,97.0000,97.8100,100.1700,1712500,168100979.0000,3,1.032800,1,-2.356000,382.329126,23.875400,18.102031,3132.560670,0
2026-02-05,sz.002780,16.8900,17.4800,16.8300,16.9700,16.9800,13737755,235720133.3000,3,10.514800,1,-0.058900,-317.373771,4.075860,3.169290,-167.746940,0
2026-02-05,sz.002782,23.0300,23.0300,21.0900,21.2200,22.9200,18570406,401105918.0900,3,3.817100,1,-7.417100,33.931514,4.909145,1.909816,71.456621,0
2026-02-05,sz.002783,10.0000,10.0700,9.8000,9.8300,10.0400,10512700,104119102.4100,3,2.306700,1,-2.091600,28.661074,1.872821,1.331971,-36.593093,0
2026-02-05,sz.002785,46.7400,46.9500,45.1700,46.1500,46.9700,10939200,502073148.0000,3,5.653500,1,-1.745800,-190.621842,11.784737,8.031372,818.985692,0
2026-02-05,sz.002786,8.4100,8.4900,8.3900,8.4000,8.4400,5049523,42568674.2000,3,1.021900,1,-0.473900,-26.892069,18.138355,1.755225,108.146914,0
2026-02-05,sz.002787,12.9200,12.9200,12.4500,12.4600,12.9900,10511600,132802687.0000,3,4.190200,1,-4.080100,42.757465,2.237258,1.781149,29.403030,0
2026-02-05,sz.002788,16.4800,17.6800,16.3900,16.9800,16.6000,65616167,1127583941.1900,3,17.186300,1,2.289200,21.421351,2.036083,0.315455,-64.921349,0
2026-02-05,sz.002789,10.0400,10.2300,10.0000,10.0500,10.1000,2037540,20604104.4000,3,1.302200,1,-0.495000,-1.364414,-1.397563,0.360986,-12.133566,1
2026-02-05,sz.002790,8.6200,8.7300,8.5800,8.6300,8.6300,5790904,50195998.5200,3,2.221300,1,0.000000,31.012039,1.710443,1.792507,-20.091961,0
2026-02-05,sz.002791,26.2500,26.8400,25.9500,25.9900,25.7000,25526250,672525818.7900,3,13.345200,1,1.128400,124.823464,1.654015,1.526810,-28.220459,0
2026-02-05,sz.002792,51.0100,52.9900,50.3600,51.2500,52.8100,61566516,3165219951.8800,3,18.224400,1,-2.954000,1769.888704,9.631755,23.027480,-250.387240,0
2026-02-05,sz.002793,4.8100,4.8600,4.7800,4.7900,4.8200,12295600,59262994.0000,3,1.132300,1,-0.622400,-7.692790,3.586656,2.092303,-237.136987,0
2026-02-05,sz.002795,6.6600,6.7900,6.5800,6.6900,6.6600,14832572,98939453.5600,3,3.414300,1,0.450500,-10.496122,6.446569,3.799397,93.001407,0
2026-02-05,sz.002796,42.2900,44.1700,41.5600,42.0100,42.9000,13251268,563327034.3900,3,5.819400,1,-2.074600,813.995987,12.379192,11.426122,-272.763958,0
2026-02-05,sz.002797,6.9000,6.9700,6.8700,6.9200,6.9300,42099032,291281826.9100,3,1.001800,1,-0.144300,28.146083,1.704014,7.066215,9.976314,0
2026-02-05,sz.002798,6.6900,6.7500,6.6000,6.6700,6.7100,7566494,50470683.1800,3,1.714700,1,-0.596100,-6.010229,1.802782,1.395763,45.724994,0
2026-02-05,sz.002799,9.4900,9.7700,9.4200,9.6600,9.5200,19193530,185767361.1200,3,5.997300,1,1.470600,-30.945942,2.433752,3.404637,-504.341858,0
2026-02-05,sz.002800,17.8700,17.8700,17.2100,17.3600,17.8900,5587416,97646630.4400,3,3.988700,1,-2.962500,-120.952529,5.267945,2.032486,-279.021748,0
2026-02-05,sz.002801,35.0100,35.2000,34.4000,34.5500,35.3500,1790100,62114811.0000,3,1.545800,1,-2.263100,28.408150,4.314585,5.303935,-96.714538,0
2026-02-05,sz.002802,13.7000,13.9500,13.5800,13.7100,13.7600,4576541,63171325.9600,3,2.515400,1,-0.363400,54.611350,3.949243,6.107487,40.397087,0
2026-02-05,sz.002803,19.0100,19.4300,18.9000,18.9900,19.1400,9539245,182894370.2100,3,3.303400,1,-0.783700,32.536312,3.239362,1.282187,18.783596,0
2026-02-05,sz.002805,16.1900,16.3600,15.8000,15.8500,16.3300,6252550,99989480.0500,3,2.244700,1,-2.939400,-7.311003,4.495412,2.638176,-220.667056,0
2026-02-05,sz.002806,13.9000,14.0500,13.6500,13.7800,13.8200,15427226,214084198.8400,3,8.860800,1,-0.289400,41.648450,2.542100,2.509651,709.579512,0
2026-02-05,sz.002807,4.5900,4.6700,4.5800,4.6600,4.5700,57059875,264467625.0800,3,2.321400,1,1.969400,5.243065,0.598989,2.765217,8.865921,0
2026-02-05,sz.002808,5.0300,5.0600,4.7800,4.8500,5.0300,5404804,26612789.9200,3,3.275500,1,-3.578500,-23.830332,4.997212,5.708062,-46.110440,1
2026-02-05,sz.002809,14.4000,14.9600,13.7500,14.0300,14.6200,33988751,484889021.4500,3,24.431500,1,-4.035600,1199.180585,1.906367,4.035173,-49.504869,0
2026-02-05,sz.002810,19.1900,19.6800,18.8800,18.9200,19.7700,25136610,483299685.6000,3,7.788200,1,-4.299400,40.478914,2.958754,3.367925,-668.049914,0
2026-02-05,sz.002811,14.3800,14.5600,14.2300,14.3100,14.3600,5399350,77664061.0000,3,1.907100,1,-0.348200,32.426516,3.138511,3.261521,221.858479,0
2026-02-05,sz.002812,53.2000,55.4000,52.0600,52.2200,52.9600,34477659,1844598363.1500,3,4.191100,1,-1.397300,-47.223685,2.074251,4.189710,-194.812096,0
2026-02-05,sz.002813,28.5000,28.7500,28.2000,28.4700,28.3800,1709200,48610038.0000,3,1.426000,1,0.317100,-40.374140,13.688256,8.204409,-105.940799,0
2026-02-05,sz.002815,14.6800,14.8400,14.3700,14.4400,14.8600,28491942,413408888.5800,3,3.666200,1,-2.826400,56.905097,1.988262,2.410121,-71.277887,0
2026-02-05,sz.002816,25.4000,25.4100,24.8000,25.0000,25.4100,2157800,54083104.0000,3,2.157800,1,-1.613500,-160.329931,10.804892,13.357649,421.600722,1
2026-02-05,sz.002817,8.2800,8.4400,8.2800,8.3100,8.2800,6931249,57947324.4300,3,2.389800,1,0.362300,43.023121,2.604994,5.276173,-214.511301,0
2026-02-05,sz.002818,11.7200,11.8800,11.6600,11.8100,11.7200,3320320,39179662.0000,3,1.112900,1,0.767900,14.224098,1.603922,6.932764,-43.231134,0
2026-02-05,sz.002819,27.7400,28.4600,27.5100,27.6000,27.8800,3078700,85899866.0000,3,1.309600,1,-1.004300,-39.857481,2.056902,2.739113,-527.616357,0
2026-02-05,sz.002820,12.3400,12.6000,12.2900,12.4100,12.3300,7917063,98720908.1300,3,3.941400,1,0.648800,-327.125556,2.794535,5.298129,-11.938772,0
2026-02-05,sz.002821,99.9800,103.4400,99.0000,102.5000,100.0200,5323717,542807148.3500,3,1.679400,1,2.479500,35.605686,2.131930,5.876746,41.899483,0
2026-02-05,sz.002822,3.4300,3.4300,3.3200,3.3300,3.4300,16009542,53778548.9800,3,1.495400,1,-2.915500,-4.336999,4.700518,6.190236,-177.433429,1
2026-02-05,sz.002823,15.7600,15.8400,15.5800,15.6000,15.8600,4207100,65961753.0000,3,1.921800,1,-1.639300,21.962457,2.520641,1.769195,157.359340,0
2026-02-05,sz.002824,24.2600,25.3500,23.6700,24.1100,24.5000,16576891,405325626.4300,3,8.763600,1,-1.591800,59.947121,3.334191,1.991943,15.840294,0
2026-02-05,sz.002825,10.9000,11.0200,10.8300,10.8500,10.9800,4432734,48353739.1000,3,1.727900,1,-1.184000,22.756433,2.288219,1.904029,261.651931,0
2026-02-05,sz.002826,21.2400,21.9600,21.0000,21.4600,21.2400,12227674,264925220.1800,3,7.014200,1,1.035800,47.651297,5.101241,6.515579,58.631375,0
2026-02-05,sz.002827,34.6000,35.1000,34.5100,34.7700,34.6700,3084640,107509982.8000,3,1.117600,1,0.288400,58.974493,9.496659,5.409942,44.523993,0
2026-02-05,sz.002828,12.5200,12.7800,12.3000,12.4100,12.6200,18361624,229585476.1800,3,9.486200,1,-1.664000,277.203709,3.585379,2.282126,39.404704,0
2026-02-05,sz.002829,26.4100,26.8000,26.1700,26.3200,26.6300,5507358,145378233.1000,3,3.770900,1,-1.164100,-33.019062,3.182520,11.953055,-36.058265,0
2026-02-05,sz.002830,31.0100,34.0500,27.8600,27.8600,30.9500,25131290,738614290.7200,3,37.592100,1,-9.983800,91.755912,5.686373,5.590111,-183.839107,0
2026-02-05,sz.002831,30.1400,30.2300,29.5100,30.1500,30.0100,7630038,228441661.2300,3,1.493200,1,0.466500,18.811435,2.410862,1.585940,-28.933663,0
2026-02-05,sz.002832,14.9100,16.0600,14.8800,15.6000,14.9300,30338325,474586387.7600,3,7.790700,1,4.487600,13.951439,1.628034,2.116850,254.779244,0
2026-02-05,sz.002833,18.7000,18.7400,18.4600,18.5000,18.8200,3071660,57041332.1000,3,1.064500,1,-1.700300,19.555214,2.732107,3.377540,15.645596,0
2026-02-05,sz.002835,17.1000,17.2900,17.0700,17.0900,17.2000,2656500,45609378.0000,3,2.087000,1,-0.639500,21.964389,3.048314,3.407306,31.261125,0
2026-02-05,sz.002836,14.7600,14.9800,14.5500,14.9700,14.6900,4795176,71287809.1200,3,2.081200,1,1.906100,60.520463,9.132711,8.040624,-3245.803368,0
2026-02-05,sz.002837,104.0100,106.8000,98.1800,99.2700,106.3100,49836220,5053506363.0400,3,5.861700,1,-6.622100,194.282470,29.260812,16.879833,3069.671104,0
2026-02-05,sz.002838,27.9300,27.9700,27.2500,27.6200,27.9800,3540059,97654488.3800,3,0.841600,1,-1.286600,76.240549,3.675157,2.206746,-179.715705,0
2026-02-05,sz.002839,4.5700,4.6900,4.5600,4.6700,4.5600,39045156,181022419.3500,3,1.598800,1,2.412300,5.810313,0.622063,2.401091,-12.210855,0
2026-02-05,sz.002840,9.7200,9.8200,9.6800,9.7800,9.7600,10038415,97984051.9400,3,1.260100,1,0.204900,86.561354,1.942474,0.902328,39.678353,0
2026-02-05,sz.002841,38.2500,38.6200,38.0100,38.3700,38.2200,4517110,173223292.8600,3,0.866400,1,0.392500,29.425866,2.032391,1.144444,-461.028343,0
2026-02-05,sz.002842,26.1800,27.4300,25.1800,25.8700,26.8000,46595316,1218914338.9400,3,17.356400,1,-3.470100,-1596.893851,7.577703,4.105041,398.600785,0
2026-02-05,sz.002843,18.2700,18.3000,17.9000,17.9200,18.3500,4729266,85281679.0600,3,1.885700,1,-2.343300,106.667741,3.187478,2.893967,48.230848,0
2026-02-05,sz.002845,14.5000,14.5600,14.3600,14.3700,14.5800,3898880,56316446.8000,3,1.558100,1,-1.440300,-85.082538,1.979202,0.461374,-50.703585,0
2026-02-05,sz.002846,15.5600,15.6800,15.4000,15.4900,15.6700,6489500,100566818.0000,3,2.524900,1,-1.148700,-1014.986800,4.604536,2.987811,641.907122,0
2026-02-05,sz.002847,69.7100,72.1800,69.6600,71.9900,69.9500,5363020,382837318.4300,3,2.172200,1,2.916400,26.123416,9.191278,3.344371,-1176.074227,0
2026-02-05,sz.002848,11.0800,11.5500,11.0000,11.1300,11.1500,4987400,56114514.0000,3,3.024000,1,-0.179400,-17.941726,16.118088,11.774700,792.027637,1
2026-02-05,sz.002849,19.6600,19.7200,19.2000,19.3800,19.4700,6067350,117841939.8000,3,3.134500,1,-0.462200,109.679381,3.125178,2.655851,29.631570,0
2026-02-05,sz.002850,161.5500,163.0000,158.1400,161.8600,162.5000,4620746,742718697.2000,3,2.330500,1,-0.393800,27.137332,3.560742,3.169517,209.084733,0
2026-02-05,sz.002851,120.5100,122.3900,115.7000,117.6000,122.4900,15323510,1803435533.1100,3,3.346200,1,-3.992200,272.303025,10.323071,7.140526,167.665850,0
2026-02-05,sz.002852,11.2900,11.5200,11.2500,11.3400,11.3500,5295500,60313090.0000,3,1.856300,1,-0.088100,13.863916,1.758923,0.635603,-15.665516,0
2026-02-05,sz.002853,31.0800,33.7400,31.0800,32.8000,31.0800,11695102,382544377.6400,3,9.086800,1,5.534100,-15.363398,6.438371,9.425676,-133.241715,0
2026-02-05,sz.002855,16.2300,16.2900,16.1200,16.1800,16.2500,1214900,19682452.0000,3,0.493400,1,-0.430800,-9.856337,12.191294,2.428414,299.558179,0
2026-02-05,sz.002856,15.4600,15.6500,15.3100,15.5800,15.4300,3634643,56325322.6300,3,2.933400,1,0.972100,-8.752932,25.369323,5.131443,-290.520820,0
2026-02-05,sz.002857,23.3800,23.6300,23.0200,23.0300,23.4800,2344900,54571039.0000,3,1.832000,1,-1.916500,279.238758,5.774815,3.728385,37.080952,0
2026-02-05,sz.002858,16.0400,16.8300,15.8800,16.3600,16.0100,7767500,127905420.0000,3,5.284800,1,2.186100,-86.645034,4.929842,5.490647,25.899823,0
2026-02-05,sz.002859,37.6100,38.2700,35.9200,36.7000,37.8900,8474409,309515808.9800,3,2.089300,1,-3.140700,78.709572,5.395834,7.902132,170.176243,0
2026-02-05,sz.002860,14.6100,14.9700,14.5000,14.5300,15.2300,26926810,394112452.5800,3,7.701200,1,-4.596200,29.793834,2.301222,2.268555,218.126175,0
2026-02-05,sz.002861,19.8000,19.8900,19.3100,19.3800,19.8900,5068385,99113140.0500,3,3.375100,1,-2.564100,342.542500,3.278340,4.250107,44.723781,0
2026-02-05,sz.002862,18.5500,19.3200,18.5500,18.7500,18.7000,6588220,125458952.4000,3,5.218500,1,0.267400,-58.564125,7.873681,6.927475,118.933840,0
2026-02-05,sz.002863,6.0800,6.1200,6.0000,6.0100,6.0700,12672190,76761683.5000,3,2.113900,1,-0.988500,45.624533,1.270114,0.646406,974.587996,0
2026-02-05,sz.002864,35.4100,36.9000,35.2300,36.4600,35.3800,7410290,269321312.4100,3,9.988200,1,3.052600,32.156166,2.301131,3.527883,8892.496731,0
2026-02-05,sz.002865,103.0100,105.7000,102.8600,102.8600,114.2900,11331895,1167788126.3000,3,5.039400,1,-10.000900,-53.980486,6.875081,4.308022,-87.591906,0
2026-02-05,sz.002866,19.2500,19.6300,19.1000,19.3200,19.4500,11672050,225753575.0000,3,6.439200,1,-0.668400,-110.363691,2.693154,2.615614,-19.259660,0
2026-02-05,sz.002867,12.6900,12.8500,12.6800,12.7700,12.7800,10132415,129301581.4300,3,0.939000,1,-0.078200,13.369012,2.214088,1.406594,-43.156709,0
2026-02-05,sz.002868,36.1000,36.1000,35.2000,35.4500,36.1000,1120844,39787161.4300,3,0.727600,1,-1.800600,-14.871612,-51.789701,9.385157,-834.476481,1
2026-02-05,sz.002869,22.5100,22.6400,22.3100,22.5100,22.5000,1605200,36132847.0000,3,1.019100,1,0.044400,220.609231,1.857372,6.970345,-17.584080,0
2026-02-05,sz.002870,40.5500,41.5500,39.7100,39.8500,40.7500,4249000,171231017.0000,3,3.294800,1,-2.208600,43.654923,3.109171,0.881591,62.017183,0
2026-02-05,sz.002871,19.9100,20.1700,19.7000,19.7500,19.9600,2105710,41850599.4000,3,1.409500,1,-1.052100,34.486288,4.484408,7.715525,-27.087418,0
2026-02-05,sz.002872,4.8600,4.9800,4.8500,4.9600,4.8600,4514800,22221681.5000,3,2.100700,1,2.057600,-16.363276,0.804068,3.055756,44.256257,1
2026-02-05,sz.002873,10.4300,10.5600,10.3000,10.4700,10.4500,3619024,37945000.1300,3,1.516300,1,0.191400,340.584721,2.023065,3.383614,78.136452,0
2026-02-05,sz.002875,17.3000,17.7700,17.2700,17.4600,17.2700,4762492,83455341.5600,3,2.610500,1,1.100200,-37.327396,5.789181,6.692280,-125.452473,0
2026-02-05,sz.002876,25.3800,25.6200,25.2200,25.4400,25.5800,2600755,66142920.8000,3,1.746100,1,-0.547300,91.499217,1.858410,1.316781,149.580866,0
2026-02-05,sz.002877,9.4100,9.5000,9.2700,9.2800,9.4800,6388200,59837511.0000,3,2.656100,1,-2.109700,553.678242,2.722971,2.985652,186.930716,0
2026-02-05,sz.002878,19.5500,20.6000,19.4100,20.2900,19.7500,17982545,364005941.2500,3,7.621900,1,2.734200,-26.255077,4.131455,1.695548,-255.777624,0
2026-02-05,sz.002879,22.0800,22.0800,21.1300,21.3500,22.2100,7221232,154678764.2400,3,5.237200,1,-3.872100,78.513610,2.343137,2.761012,18.790904,0
2026-02-05,sz.002880,30.7500,33.7900,28.4700,29.7000,30.7200,25478966,814540997.7400,3,11.234100,1,-3.320300,29.456306,2.898526,5.908790,-38.220451,0
2026-02-05,sz.002881,45.9700,46.6600,45.8100,46.0100,46.4000,4719177,218192106.2200,3,2.594000,1,-0.840500,76.521604,7.163024,3.363477,171.451615,0
2026-02-05,sz.002882,31.8000,32.0500,31.2000,31.3000,32.0200,3959800,124621704.0000,3,1.604900,1,-2.248600,114.220320,6.400113,2.842373,273.044102,0
2026-02-05,sz.002883,10.7200,10.9400,10.7200,10.7700,10.7900,4030440,43688899.0000,3,2.628700,1,-0.185400,-47.597607,2.593836,5.615075,26.432325,0
2026-02-05,sz.002884,17.7800,17.9500,17.6700,17.8900,17.7800,2861680,51034911.2000,3,1.048000,1,0.618700,13.797947,2.767244,3.775238,132.463611,0
2026-02-05,sz.002885,27.1900,27.2200,26.2000,26.2000,27.5200,13769378,364828864.6700,3,5.963200,1,-4.796500,104.774855,4.821040,2.019895,136.465947,0
2026-02-05,sz.002886,22.6100,22.6500,21.9700,22.1300,22.7800,5011510,111248005.9000,3,2.397000,1,-2.853400,139.926040,3.230565,2.877838,257.756260,0
2026-02-05,sz.002887,10.0000,10.3300,9.8500,10.1900,9.9400,11518930,116495852.1000,3,5.919300,1,2.515100,26.291315,1.361355,6.375044,-99.155057,0
2026-02-05,sz.002888,21.5500,21.7200,21.3300,21.6000,21.5500,3002940,64654302.4000,3,4.008000,1,0.232000,189.047498,8.385748,10.943179,512.111943,0
2026-02-05,sz.002889,15.1100,15.1600,15.0500,15.0900,15.1200,1505296,22720356.2400,3,0.599000,1,-0.198400,37.138704,2.272241,1.467367,111.714404,0
2026-02-05,sz.002890,16.9200,17.2800,16.9200,17.0500,17.0500,1771943,30299168.4400,3,1.097300,1,0.000000,193.255597,4.814646,9.365093,324.312389,0
2026-02-05,sz.002891,48.4400,50.2500,48.1400,49.7500,48.5900,5352957,266021704.4300,3,1.758700,1,2.387300,34.017335,5.236323,2.948354,21.155157,0
2026-02-05,sz.002892,12.5200,12.5800,12.4100,12.4300,12.5300,6879145,85726493.6500,3,1.423800,1,-0.798100,266.780047,7.106052,5.090001,-825.340748,0
2026-02-05,sz.002893,11.7200,11.7500,11.5000,11.5200,11.7100,6734938,78184650.7000,3,3.321300,1,-1.622500,37.064625,2.497105,2.467323,-67.800490,0
2026-02-05,sz.002895,38.1000,38.9500,37.0000,37.2000,38.3000,9634690,364165761.0700,3,1.614900,1,-2.872100,18.100709,3.060622,2.921892,-37.939230,0
2026-02-05,sz.002896,80.5000,81.1000,80.0000,80.0400,81.4700,2721090,218412157.8900,3,1.384600,1,-1.755200,216.001378,13.160999,15.735743,2376.822602,0
2026-02-05,sz.002897,53.9900,54.4000,52.0900,52.9000,54.8600,7825354,415303933.1000,3,4.289600,1,-3.572700,63.304581,3.734765,1.623931,-79.262020,0
2026-02-05,sz.002898,12.0200,12.6400,12.0200,12.4600,12.0900,2397847,29842614.9500,3,2.368000,1,3.060400,-31.394941,4.762393,8.956538,-71.613943,1
2026-02-05,sz.002899,31.6300,32.3300,31.2700,31.9900,31.7200,3235049,102776529.9300,3,2.188800,1,0.851200,65.164253,2.714867,4.029767,-39.121568,0
2026-02-05,sz.002900,12.0600,12.2800,12.0600,12.1600,12.1300,2620800,31952820.0000,3,1.498000,1,0.247300,-20.167356,2.020869,4.398478,32.582064,0
2026-02-05,sz.002901,49.3300,50.4500,49.1500,50.1400,49.3400,1763600,88337843.0000,3,0.611300,1,1.621400,38.330772,6.221640,8.361920,-208.088959,0
2026-02-05,sz.002902,20.7000,20.7800,20.4000,20.4300,20.8300,4058700,83490927.0000,3,2.284900,1,-1.920300,-15.967283,5.686288,2.969822,-207.039200,0
2026-02-05,sz.002903,21.9700,22.3500,21.7800,22.1100,22.0500,5252893,116073459.6300,3,4.925700,1,0.272100,1134.975740,4.322822,7.093785,-125.300848,0
2026-02-05,sz.002905,11.9000,13.3300,11.9000,13.3300,12.1200,28227716,360304934.2800,3,8.078000,1,9.983500,137.097871,52.819630,4.562206,-77.727399,0
2026-02-05,sz.002906,31.1400,31.4500,30.8300,31.1800,31.1800,6487799,202341188.1500,3,1.236400,1,0.000000,21.880317,2.416068,1.351842,-124.317127,0
2026-02-05,sz.002907,14.8700,15.1600,14.8700,15.0200,14.9100,2355206,35412527.1600,3,0.785300,1,0.737800,84.068906,3.714175,7.974862,199.066498,0
2026-02-05,sz.002908,10.1300,10.2300,10.0600,10.0600,10.1900,6682296,67735393.5600,3,2.076300,1,-1.275800,273.972689,3.924948,7.210241,120.516345,0
2026-02-05,sz.002909,7.4000,7.4500,7.2500,7.2600,7.3700,8681300,63587118.0000,3,2.282200,1,-1.492500,5260.475860,3.150338,2.427802,-28.760350,0
2026-02-05,sz.002910,12.4600,13.3000,12.3700,12.8400,12.4600,26082708,335735466.0200,3,15.247500,1,3.049800,-26.080353,2.406344,2.886246,50.944164,0
2026-02-05,sz.002911,14.4300,14.7200,14.3000,14.4300,14.5900,10019328,144846351.5000,3,0.790800,1,-1.096600,18.723054,3.933415,0.555067,-126.541198,0
2026-02-05,sz.002912,31.0000,31.5800,30.7000,30.7000,31.1800,2457460,76090374.8000,3,1.514900,1,-1.539400,54.461176,3.202742,7.394535,-223.953219,0
2026-02-05,sz.002913,39.7300,40.6000,39.2800,39.5500,40.0000,2931528,116545366.0400,3,0.971700,1,-1.125000,35.165962,2.844160,2.372728,63.951827,0
2026-02-05,sz.002915,22.5500,22.6500,22.1600,22.2400,22.6600,4644500,103766825.0000,3,1.612300,1,-1.853500,-53.733981,5.539907,4.714920,38.404031,0
2026-02-05,sz.002916,225.4500,229.5000,223.6900,225.2500,230.0000,5107677,1154570575.0600,3,0.768300,1,-2.065200,56.506001,9.480437,7.099437,564.099463,0
2026-02-05,sz.002917,14.3700,14.3800,14.0900,14.1400,14.3000,4380240,62189240.2000,3,1.681600,1,-1.118900,32.927492,2.925176,2.893024,383.596001,0
2026-02-05,sz.002918,16.4500,16.4500,16.1800,16.3100,16.3700,3522800,57463533.0000,3,1.653200,1,-0.366500,102.661795,2.034780,1.652169,16.330190,0
2026-02-05,sz.002919,25.9900,26.5800,25.7800,26.1500,26.1400,9474538,249061076.3200,3,3.583600,1,0.038300,-928.215819,8.483208,4.727040,-1102.300886,0
2026-02-05,sz.002920,122.5900,123.6600,121.8100,122.3400,122.6000,6234971,765579558.6400,3,1.123900,1,-0.212100,30.605345,4.986481,2.356943,15.969419,0
2026-02-05,sz.002921,23.0300,23.6600,22.8500,23.3900,23.0400,5650008,131906466.4600,3,4.396800,1,1.519100,-139.486107,2.632562,3.111380,304.880840,0
2026-02-05,sz.002922,44.0000,44.1600,39.7400,40.2000,44.1600,27945085,1134817006.4700,3,7.475800,1,-8.967400,65.243707,4.500387,3.271082,61.828911,0
2026-02-05,sz.002923,15.4400,16.0700,15.3500,15.7100,15.5100,13146621,206432463.5800,3,5.093900,1,1.289500,-101.205401,5.024113,4.421995,-462.737515,0
2026-02-05,sz.002925,20.1400,20.3700,20.0100,20.1400,20.5000,8589470,173192427.0000,3,1.175000,1,-1.756100,60.337003,3.338002,3.968859,-120.227493,0
2026-02-05,sz.002926,9.0100,9.1100,8.9700,9.0600,9.0500,18366732,166138752.7100,3,0.699700,1,0.110500,15.511613,0.974243,4.590370,2.758312,0
2026-02-05,sz.002927,19.1700,19.1700,18.6000,18.6200,19.5100,8011600,150534460.9800,3,3.629500,1,-4.561800,245.481813,4.014997,4.827887,482.095727,0
2026-02-05,sz.002928,11.5500,11.9500,11.4900,11.8200,11.5300,44287042,521412315.2200,3,3.464700,1,2.515200,25.994837,3.786757,2.076698,-402.894083,0
2026-02-05,sz.002929,44.3400,45.3200,44.0700,44.8100,45.0000,6006000,268235626.0000,3,2.852400,1,-0.422200,-346.947627,2.014051,1.283014,12.187726,0
2026-02-05,sz.002930,12.7900,12.8400,12.5000,12.5900,12.7500,13923825,176151180.6900,3,3.217700,1,-1.254900,-112.809530,2.468353,4.650669,-41.587753,0
2026-02-05,sz.002931,108.0100,118.1000,108.0000,116.5000,110.4400,25283661,2872029317.6300,3,12.563100,1,5.487100,1021.267429,26.789210,49.818549,17973.418915,0
2026-02-05,sz.002932,19.1300,19.4100,19.0600,19.2600,19.2200,1986328,38233840.0500,3,1.272600,1,0.208100,631.040967,0.805296,12.749684,-21.277686,0
2026-02-05,sz.002933,35.4200,36.3300,35.2800,35.8700,35.7900,3026300,108798709.0000,3,2.652600,1,0.223500,135.474277,2.750858,10.417638,-18.118187,0
2026-02-05,sz.002935,21.7200,22.2700,21.6600,21.9000,21.9600,7085123,155694819.5000,3,1.706900,1,-0.273200,146.313770,5.869444,10.059670,-1123.083528,0
2026-02-05,sz.002936,1.9100,1.9300,1.9000,1.9200,1.9100,156485864,299980114.1500,3,2.226200,1,0.523600,9.136436,0.381614,1.319380,4.039810,0
2026-02-05,sz.002937,23.2000,23.2600,22.4800,22.5300,23.6000,8443588,192246929.3400,3,2.843400,1,-4.533900,43.394215,4.398927,3.828456,-135.814286,0
2026-02-05,sz.002938,60.8100,61.3000,57.2700,58.0200,61.7400,37915612,2219953868.8700,3,1.641800,1,-6.025300,33.178283,4.117249,3.492495,88.782816,0
2026-02-05,sz.002939,9.8000,9.9100,9.7700,9.8300,9.8200,22915175,225448265.6700,3,0.636100,1,0.101800,16.440050,1.255711,7.494838,4.078838,0
2026-02-05,sz.002940,32.4300,33.1600,32.3200,32.6400,32.6900,6129133,200348017.3800,3,3.308100,1,-0.153000,60.915431,4.131022,4.474667,-17.955105,0
2026-02-05,sz.002941,16.2700,16.3500,15.9700,16.1000,16.3300,12927560,208520508.0000,3,1.771500,1,-1.408500,19.994343,2.499920,1.387939,11.777913,0
2026-02-05,sz.002942,21.1400,21.7700,21.1400,21.1900,21.2300,2697430,57701137.3000,3,1.965900,1,-0.188400,38.105539,2.685992,3.164545,25.559422,0
2026-02-05,sz.002943,81.1600,83.5000,76.6900,76.6900,85.2100,11115991,869130954.2300,3,7.637200,1,-9.998800,-41.023516,17.641703,19.436803,301.517456,0
2026-02-05,sz.002945,18.6200,20.7500,18.6200,20.7500,18.8600,85169894,1697429885.2600,3,3.154400,1,10.021200,114.078642,7.783195,34.616357,28.185802,0
2026-02-05,sz.002946,19.0500,20.1700,18.9000,19.7500,19.0200,12320984,242126918.6700,3,1.448300,1,3.838100,24.749312,4.743973,1.552417,108.055377,0
2026-02-05,sz.002947,45.5400,45.9000,44.6200,44.7200,45.8000,5167600,232505811.9500,3,2.682600,1,-2.358100,20.683609,3.513100,4.166885,25.867541,0
2026-02-05,sz.002948,5.5100,5.5900,5.4400,5.5500,5.5200,81793024,452022527.0300,3,2.627900,1,0.543500,6.226789,0.813521,2.216665,-4.968073,0
2026-02-05,sz.002949,15.6500,15.8000,15.2900,15.4400,15.6700,3556300,55096776.0000,3,2.341500,1,-1.467800,36.023214,2.097007,2.423526,-11.552839,0
2026-02-05,sz.002950,10.6500,10.7500,10.5500,10.5800,10.6500,5672950,60297777.0000,3,1.255100,1,-0.657300,14.812464,1.795766,1.929253,118.457165,0
2026-02-05,sz.002951,14.3400,14.7500,14.2000,14.6300,14.6500,9802500,141979560.0000,3,2.443800,1,-0.136500,848.612536,3.531845,9.938433,-24.393816,0
2026-02-05,sz.002952,24.0000,24.7700,23.7700,23.9000,24.4800,12642825,306380370.7500,3,9.603700,1,-2.369300,317.471322,4.516382,4.525542,157.083593,0
2026-02-05,sz.002953,12.8300,12.8300,12.4800,12.5400,12.9100,8599480,108306291.6000,3,4.043300,1,-2.866000,35.482200,3.175990,1.348800,381.615833,0
2026-02-05,sz.002955,27.5800,27.8100,27.3800,27.5500,27.6500,1506015,41571564.1500,3,0.767300,1,-0.361700,110.158696,1.983155,2.026498,-26.367929,0
2026-02-05,sz.002956,28.1200,28.4800,27.5800,27.6300,28.1200,2001180,55819848.0000,3,0.896500,1,-1.742500,39.310766,3.950077,2.857045,-25.674640,0
2026-02-05,sz.002957,26.7200,27.3000,25.9100,26.1600,26.1500,37385298,988257639.4900,3,8.929300,1,0.038200,49.616333,3.430339,4.481651,242.936464,0
2026-02-05,sz.002958,3.0900,3.1600,3.0800,3.1500,3.0900,84935604,265941711.6200,3,1.561400,1,1.941700,5.890726,0.477007,1.648148,2.340002,0
2026-02-05,sz.002959,44.0800,45.6900,44.0000,44.7800,43.9800,2694530,120849988.8800,3,1.773000,1,1.819000,19.922851,2.476944,1.326325,21.849852,0
2026-02-05,sz.002960,11.1300,11.1400,10.9400,10.9700,11.1200,6937872,76318618.2400,3,0.927900,1,-1.348900,37.541748,1.524422,2.016908,474.767971,0
2026-02-05,sz.002961,24.1100,24.4700,23.8700,24.1200,24.2300,8325747,201027572.5200,3,1.745700,1,-0.454000,23.145536,3.841319,6.526758,26.315533,0
2026-02-05,sz.002962,15.3500,15.5900,15.3200,15.4200,15.4000,4163500,64427416.0000,3,1.990400,1,0.129900,120.976450,2.539786,3.891045,-118.991914,0
2026-02-05,sz.002963,15.5600,15.8000,15.4500,15.6000,15.5600,2515900,39297798.0000,3,2.202800,1,0.257100,-11.069601,1.815886,6.769058,427.689494,0
2026-02-05,sz.002965,34.5000,34.6200,34.0800,34.1600,34.6300,4860820,166603601.8000,3,2.437500,1,-1.357200,36.428724,2.125199,1.203487,41.530540,0
2026-02-05,sz.002966,8.2600,8.4000,8.2200,8.3900,8.2500,47474049,395490672.7100,3,1.079900,1,1.697000,6.990364,0.747871,3.022028,5.330825,0
2026-02-05,sz.002967,24.2300,24.6200,24.0100,24.2000,24.4600,7348700,178360888.0000,3,1.340100,1,-1.063000,35.090260,4.127638,4.074959,-47.947008,0
2026-02-05,sz.002968,13.1400,13.2700,12.8600,13.0500,13.2200,7229000,94193320.0000,3,3.391400,1,-1.285900,26.701137,2.332486,0.957914,463.927559,0
2026-02-05,sz.002969,22.5500,25.2900,22.2800,25.2900,22.9900,80544895,1953219451.8700,3,7.387600,1,10.004300,187.111913,12.033057,8.776404,-1507.409723,0
2026-02-05,sz.002970,67.3100,73.8000,66.2100,72.7400,67.2800,23277894,1630763745.0800,3,18.877500,1,8.115300,38.222164,6.830788,5.148410,34.419915,0
2026-02-05,sz.002971,31.1800,31.8000,30.9900,31.4000,31.1900,3863318,121429759.6800,3,2.399500,1,0.673300,92.248624,4.168337,4.227990,-298.128162,0
2026-02-05,sz.002972,12.4800,12.6800,12.4000,12.5600,12.5600,2451340,30830163.6000,3,1.820600,1,0.000000,38.963557,2.573310,9.465520,-48.797800,0
2026-02-05,sz.002973,14.9100,15.2600,14.8100,14.9200,14.9200,3662700,55097709.0000,3,1.175700,1,0.000000,30.969219,2.420776,1.629389,-35.508655,0
2026-02-05,sz.002975,80.0000,80.3300,76.3300,77.8000,80.0500,4429850,344543041.3300,3,4.184700,1,-2.810700,98.635092,5.554065,8.172521,-406.318380,0
2026-02-05,sz.002976,28.2000,28.5000,27.9000,28.1600,28.2700,1463300,41321709.0000,3,2.195000,1,-0.389100,3132.819563,5.061003,2.098901,84.067706,0
2026-02-05,sz.002977,30.5800,31.3000,30.3400,30.8800,30.7600,3131124,96860342.4400,3,4.700000,1,0.390100,-221.607736,3.543467,46.186758,118.796518,0
2026-02-05,sz.002978,36.7100,36.8700,35.4100,35.8900,37.1500,6380264,229367734.6300,3,1.724400,1,-3.391700,21.124491,1.984468,8.050223,-30.116217,0
2026-02-05,sz.002979,39.2800,39.4100,38.7600,38.9500,39.4400,3366756,131327914.4300,3,1.523500,1,-1.242400,56.557142,7.445053,7.074699,89.489326,0
2026-02-05,sz.002980,22.1100,22.4800,22.1100,22.2600,22.3300,1435540,31977118.8000,3,1.415900,1,-0.313500,45.121983,3.906147,5.428220,34.870550,0
2026-02-05,sz.002981,29.2100,29.7000,28.9900,29.4100,29.4000,2033383,59947339.2900,3,1.702800,1,0.034000,29.699567,3.591703,2.041846,81.788617,0
2026-02-05,sz.002982,14.4800,14.7500,14.4400,14.5300,14.5500,3419508,49956222.6400,3,2.632900,1,-0.137500,93.849147,1.861200,0.657413,90.678383,0
2026-02-05,sz.002983,26.0000,27.0000,25.8600,26.1800,26.0400,12321840,326057760.7600,3,9.616800,1,0.537600,42.512715,4.269355,5.082788,66.852110,0
2026-02-05,sz.002984,20.9900,21.4700,20.9100,21.2000,20.9300,17753887,376389356.8600,3,2.487800,1,1.290000,14.884173,1.623168,2.551334,-11.652869,0
2026-02-05,sz.002985,42.3700,46.9700,41.6000,46.9700,42.7000,36086630,1636801190.8500,3,20.542200,1,10.000000,257.879404,5.957252,22.106241,265.310230,0
2026-02-05,sz.002986,12.1800,12.2400,12.0600,12.0800,12.2400,3637992,44173243.7600,3,1.205300,1,-1.307200,-235.476849,1.197137,0.624529,23.949406,0
2026-02-05,sz.002987,18.9000,19.0600,18.7800,19.0000,18.9900,9201373,174106256.4200,3,1.090800,1,0.052700,50.016861,5.658529,3.424479,65.425367,0
2026-02-05,sz.002988,38.1900,38.1900,36.7800,37.0100,38.2700,3162702,117701789.2800,3,1.266600,1,-3.292400,51.142154,3.449869,1.246417,-254.804924,0
2026-02-05,sz.002989,27.6700,28.0800,27.3000,27.3200,27.8500,2905100,80476448.0000,3,1.584600,1,-1.903100,-14.435477,3.680898,18.254775,137.104676,0
2026-02-05,sz.002990,27.5100,27.6600,27.2400,27.2400,27.5800,2487600,68133495.0000,3,1.855100,1,-1.232800,56.539055,2.923259,5.647974,25.289769,0
2026-02-05,sz.002991,59.9900,62.0000,59.8500,61.8000,60.0200,1268800,77950647.4000,3,2.541000,1,2.965700,22.578974,3.468098,2.637111,54.123464,0
2026-02-05,sz.002992,54.0500,55.4900,53.9500,55.0200,54.2000,2595200,142749672.0000,3,1.642100,1,1.512900,-1256.451169,13.573519,6.902968,308.279520,0
2026-02-05,sz.002993,48.1100,48.2800,47.0300,47.5000,48.5000,2940556,139505744.7400,3,1.233200,1,-2.061900,25.074608,2.650443,1.855706,255.790728,0
2026-02-05,sz.002995,33.6000,36.6200,33.6000,36.6200,33.2900,38568517,1364358889.9600,3,34.308400,1,10.003000,-80.324856,7.314961,5.672120,-42.559395,0
2026-02-05,sz.002996,8.1100,8.1200,7.8600,7.9100,8.1800,21012610,167202623.8500,3,5.178500,1,-3.300700,36.333276,1.647676,0.344979,13.096130,0
2026-02-05,sz.002997,34.4100,35.1800,34.3600,34.7700,34.4100,4005682,139516413.4100,3,1.913700,1,1.046200,16.077315,2.954795,2.203618,49.657853,0
2026-02-05,sz.002998,8.6000,8.6000,8.3000,8.3600,8.5800,10485864,88197343.4000,3,3.916000,1,-2.564100,78.771992,1.938671,1.103391,-19.245557,0
2026-02-05,sz.002999,7.5200,7.6300,7.4500,7.4700,7.4400,15813480,119166409.8000,3,4.600800,1,0.403200,55.286532,2.166269,0.192646,11.788445,0
2026-02-05,sz.003000,11.4500,11.8000,11.4500,11.7300,11.3900,13210471,154192850.6300,3,4.399100,1,2.985100,21.203084,3.972634,2.160238,-77.425463,0
2026-02-05,sz.003001,20.0200,20.2500,19.9200,19.9400,20.0200,1650012,33101271.4000,3,1.561300,1,-0.399600,71.423693,2.898701,5.129328,-49.453063,0
2026-02-05,sz.003002,28.3100,28.5000,27.6700,28.0300,28.3100,4148550,116358982.5000,3,2.268900,1,-0.989000,30.803398,3.737630,4.336339,-265.432151,0
2026-02-05,sz.003003,14.0600,14.1500,13.9200,13.9600,14.0600,4550400,63870465.0000,3,3.862900,1,-0.711200,39.122780,1.908653,2.387400,49.370489,0
2026-02-05,sz.003004,26.6600,26.9900,25.9000,26.2300,26.7000,692112,18164626.8000,3,1.006800,1,-1.760300,-80.480892,3.342864,6.415560,-23.633323,1
2026-02-05,sz.003005,20.2700,20.5500,20.2500,20.3100,20.3900,2413430,49252186.7000,3,1.900700,1,-0.392300,-308.141476,2.614843,12.647023,-34.853821,0
2026-02-05,sz.003006,21.7400,22.8800,21.6100,22.6600,21.7200,11244200,253729429.0000,3,2.623600,1,4.327800,33.147131,6.629304,2.740989,1318.213171,0
2026-02-05,sz.003007,44.3100,44.5800,43.3500,43.7600,44.1700,3363400,147548983.0000,3,4.678700,1,-0.928200,170.529535,5.308042,10.762532,-65.559135,0
2026-02-05,sz.003008,24.0000,24.2000,23.8500,23.8900,23.9600,1488910,35756311.0000,3,1.912600,1,-0.292200,28.419695,2.361160,11.211080,-124.217714,0
2026-02-05,sz.003009,68.7600,70.5900,67.8500,69.2500,69.4500,4832934,335862125.6900,3,3.109900,1,-0.288000,-398.620855,6.986457,14.834948,-48.025449,0
2026-02-05,sz.003010,34.7900,35.5000,34.1100,34.8400,35.3000,6756964,236481669.2300,3,2.987900,1,-1.303100,70.968732,13.815217,3.940625,159.494226,0
2026-02-05,sz.003011,25.0600,25.3900,24.8000,25.1000,24.9100,4075448,102121154.4000,3,5.219000,1,0.762700,18.560392,1.823296,2.030987,79.678327,0
2026-02-05,sz.003012,7.5300,7.6100,7.4300,7.5300,7.5400,12427633,93548831.1600,3,1.085800,1,-0.132600,23.620123,1.143373,1.385799,-13.012462,0
2026-02-05,sz.003013,14.9900,15.1000,14.9200,15.0700,15.0000,2227300,33472256.0000,3,0.556900,1,0.466700,11.351390,2.110834,2.226116,-34.985361,0
2026-02-05,sz.003015,16.2600,16.4300,16.1500,16.3200,16.3100,5730100,93170842.0000,3,2.316100,1,0.061300,52.091906,4.209099,7.164516,116.524345,0
2026-02-05,sz.003016,9.0400,9.3700,9.0200,9.2100,9.0600,10366900,95670194.0000,3,2.523100,1,1.655600,-139.584231,1.446242,2.684988,-39.798006,0
2026-02-05,sz.003017,31.6900,32.2100,31.6900,31.8600,31.8100,1930840,61797813.4000,3,2.786700,1,0.157200,28.926970,2.438552,2.715705,20.760968,0
2026-02-05,sz.003018,16.8600,18.6700,16.8500,18.6700,16.9700,11990835,219120572.4500,3,12.238200,1,10.017700,40.912221,3.046609,5.878051,80.743870,0
2026-02-05,sz.003019,30.6100,30.7900,30.2800,30.3900,30.6300,1993073,60801003.2000,3,1.166500,1,-0.783500,29.631369,3.223485,2.427803,65.373748,0
2026-02-05,sz.003020,26.3100,26.9000,26.3100,26.5100,26.3100,1778405,47499786.0600,3,1.291300,1,0.760200,31.014720,2.802594,3.420308,60.899726,0
2026-02-05,sz.003021,122.9900,123.9900,118.0000,118.2200,123.2400,5158416,619026114.9200,3,2.487900,1,-4.073400,115.135307,8.352451,16.522120,-1623.142149,0
2026-02-05,sz.003022,21.2000,21.2100,19.9700,20.0100,21.3600,15412665,313174775.5100,3,1.155000,1,-6.320200,92.628812,3.621881,4.553241,98.580067,0
2026-02-05,sz.003023,23.8000,23.9800,23.4000,23.5300,23.7500,2508200,59440542.4000,3,2.386400,1,-0.926300,30.285647,1.601348,2.116675,-11.718651,0
2026-02-05,sz.003025,14.7900,14.7900,14.4500,14.5200,14.7100,2970080,43241327.4000,3,1.311800,1,-1.291600,28.455547,3.322084,6.046200,56.286708,0
2026-02-05,sz.003026,33.6600,34.4800,33.0600,34.0800,34.0500,4029377,136029234.7000,3,4.210600,1,0.088100,100.478665,6.709508,10.455867,-103.143050,0
2026-02-05,sz.003027,22.6300,23.1700,22.5600,22.7300,22.7800,2887464,65907589.4400,3,2.753600,1,-0.219500,36.451677,1.740561,3.374327,50.949662,0
2026-02-05,sz.003028,30.9900,31.0600,30.5400,30.6200,30.9000,906786,27896106.5600,3,1.285500,1,-0.906100,30.521663,2.521050,3.206913,44.203368,0
2026-02-05,sz.003029,24.4100,24.8400,24.3100,24.6800,24.6500,3079593,76087025.3100,3,1.777700,1,0.121700,-33.927879,4.426896,13.369633,-42.890471,0
2026-02-05,sz.003030,21.8800,22.2900,21.6600,21.8200,21.8000,1897200,41683590.0000,3,2.389800,1,0.091700,142.667557,2.672997,1.417492,-68.789933,0
2026-02-05,sz.003031,76.7100,77.5200,73.2500,74.9300,78.1700,8946408,667531342.8700,3,2.630100,1,-4.144800,55.111310,5.370685,11.632653,183.585433,0
2026-02-05,sz.003032,6.4200,6.5100,6.4200,6.4600,6.4300,2903400,18777740.0000,3,1.051100,1,0.466600,-25.685259,2.074043,7.785696,-10.824750,1
2026-02-05,sz.003033,67.0000,67.0000,66.0700,66.1200,67.0200,710000,47098856.0000,3,0.879300,1,-1.342900,32.585799,3.992603,2.838513,229.286019,0
2026-02-05,sz.003035,7.3000,7.3600,6.9300,6.9700,7.6000,185136054,1308685414.5000,3,4.887600,1,-8.289500,199.818597,3.787331,7.532815,777.043302,0
2026-02-05,sz.003036,16.9700,18.6600,16.8100,18.6600,16.9600,10544990,187347947.4000,3,4.875900,1,10.023600,80.766062,2.917776,2.767795,-22.466924,0
2026-02-05,sz.003037,8.0200,8.0200,7.8900,7.9000,7.9900,6512315,51800645.0000,3,1.087100,1,-1.126400,55.748317,1.687811,0.743804,-18.270182,0
2026-02-05,sz.003038,18.5900,19.4200,17.1100,17.3600,17.9600,34135894,615965536.0700,3,20.626200,1,-3.340800,108.613841,1.409653,0.493832,-24.869026,0
2026-02-05,sz.003039,16.3500,16.4800,16.2800,16.2800,16.4500,5255842,85952145.5800,3,0.851100,1,-1.033400,36.896083,3.573268,4.683497,59.279482,0
2026-02-05,sz.003040,18.0900,18.1800,17.9600,17.9900,18.2200,4611748,83280287.2800,3,1.009500,1,-1.262300,1412.873543,5.922384,7.990892,-39.663705,0
2026-02-05,sz.003041,55.5700,58.2400,55.5700,57.6100,58.4900,4324484,246236483.9200,3,3.160600,1,-1.504500,33.186415,5.668786,8.470581,-445.113229,0
2026-02-05,sz.003042,18.4900,18.4900,18.0500,18.1100,18.6100,12396699,225881977.1900,3,9.733100,1,-2.686700,-23.199857,1.965521,1.293286,-20.925473,0
2026-02-05,sz.003043,50.1500,50.4500,48.5400,48.7300,50.6000,2485458,122555695.5800,3,2.965000,1,-3.695700,102.473769,3.773348,6.715817,-61.842465,0
2026-02-05,sz.003816,3.9200,3.9500,3.9000,3.9200,3.9200,158610529,622139014.7700,3,0.403200,1,0.000000,21.056317,1.605493,2.349372,25.849759,0
2026-02-05,sz.300001,27.7000,27.7500,26.6800,26.8000,27.8700,22383458,604633959.8000,3,2.169900,1,-3.839300,24.478053,3.526616,1.734316,25.711476,0
2026-02-05,sz.300002,11.8700,12.0100,11.8300,11.8600,11.9800,36742865,437532950.6500,3,1.989300,1,-1.001700,22.043626,3.076532,3.883777,72.797545,0
2026-02-05,sz.300003,17.9600,18.0800,17.7300,17.9000,17.9600,29124008,521656435.4500,3,1.844600,1,-0.334100,77.396436,2.085885,5.273997,91.197783,0
2026-02-05,sz.300004,14.4500,14.5900,13.9100,14.0300,14.6300,20964200,295985215.2600,3,4.367600,1,-4.101200,102.077303,3.783773,11.356165,-83.353277,0
2026-02-05,sz.300005,14.6800,14.9000,14.4800,14.7400,14.7200,36613519,537823002.3300,3,4.145000,1,0.135900,343.561343,6.212866,9.066125,103.450540,0
2026-02-05,sz.300006,5.0800,5.1400,4.9800,4.9900,5.0800,19292594,97585333.3400,3,1.827300,1,-1.771700,-49.103026,2.865642,6.833834,389.397899,0
2026-02-05,sz.300007,54.6700,54.8200,52.9000,53.1400,55.1700,12630611,675516076.9900,3,4.458500,1,-3.679500,212.901563,5.987825,7.372952,-37.379279,0
2026-02-05,sz.300008,8.9500,9.0900,8.8200,8.8900,8.9900,126831327,1132063265.3500,3,7.699400,1,-1.112300,52.345157,6.574454,3.232181,48.986131,0
2026-02-05,sz.300009,10.0500,10.0700,9.9400,9.9400,10.0300,12843006,128477925.6800,3,1.043900,1,-0.897300,24.843185,3.984962,6.445733,-101.514248,0
2026-02-05,sz.300010,7.1000,7.3000,7.0100,7.0500,7.1500,82913218,591906445.1700,3,4.984800,1,-1.398600,123.436781,8.171128,14.927126,45.782447,0
2026-02-05,sz.300011,8.6100,8.6100,8.4100,8.4400,8.6400,13870300,117897317.0000,3,2.734400,1,-2.314800,622.749550,3.810211,3.134477,53.671858,0
2026-02-05,sz.300012,15.7700,15.7700,15.4300,15.5800,15.7900,20018623,311602731.4100,3,1.398200,1,-1.330000,26.574196,3.468921,4.103202,-128.461685,0
2026-02-05,sz.300013,4.0100,4.0800,4.0100,4.0200,4.0400,13156700,53272140.0000,3,2.950200,1,-0.495000,-48.785271,11.460284,4.442604,290.221440,0
2026-02-05,sz.300014,63.2100,63.4000,61.0100,61.5800,63.9500,41872607,2589037839.6100,3,2.093800,1,-3.706000,34.495633,3.227660,2.144220,-1414.007836,0
2026-02-05,sz.300015,11.2500,11.6400,11.2200,11.5100,11.2300,170492348,1957323779.8300,3,2.143100,1,2.493300,33.344021,4.784554,4.842504,412.029514,0
2026-02-05,sz.300016,10.2100,10.4300,10.1300,10.2400,10.3500,47380891,486818978.5900,3,8.429000,1,-1.062800,172.392605,2.606815,5.116473,94.230145,0
2026-02-05,sz.300017,16.9200,18.5000,16.4500,17.9700,16.7200,613194738,10749547809.7800,3,26.589600,1,7.476100,51.296369,4.359137,9.180731,-75.330101,0
2026-02-05,sz.300018,12.0400,12.1100,11.6500,11.7200,12.1200,12216457,144140307.7200,3,2.718900,1,-3.300300,46.231708,4.108518,9.189567,47.468634,0
2026-02-05,sz.300019,21.9900,22.1600,21.1200,21.1700,22.0000,10745620,230475149.4500,3,3.183500,1,-3.772700,29.607395,3.111682,2.218285,48.137588,0
2026-02-05,sz.300020,4.2600,4.4000,4.2300,4.2700,4.2600,15175929,65631017.5400,3,1.979500,1,0.234700,-2.574838,1.267609,25.334710,1213.589029,1
2026-02-05,sz.300021,4.9300,5.0600,4.8600,4.8800,5.0200,73477537,363819366.8700,3,8.419200,1,-2.788800,80.038172,1.977616,1.093637,-42.605594,0
2026-02-05,sz.300022,8.0900,8.2000,8.0400,8.0900,8.1100,10791400,87637415.0000,3,2.183500,1,-0.246600,-284.616359,7.519165,1.436417,16.896596,0
2026-02-05,sz.300024,17.2500,17.3000,17.0600,17.1100,17.3000,18146128,311058203.8400,3,1.178400,1,-1.098300,-105.682154,6.235868,6.822867,-47.347596,0
2026-02-05,sz.300025,5.9500,6.0600,5.9200,5.9700,5.9600,10243400,61521801.0000,3,2.022800,1,0.167800,-38.985026,5.632765,4.837752,-160.688199,0
2026-02-05,sz.300026,3.6500,3.6700,3.6200,3.6300,3.6500,31469600,114723752.0000,3,1.149100,1,-0.547900,-164.912427,1.262384,1.986260,31.728142,0
2026-02-05,sz.300027,1.8600,1.9700,1.8500,1.9100,1.8800,134686899,258645755.2400,3,5.420000,1,1.595700,-14.884136,20.136099,18.854505,-49.154887,0
2026-02-05,sz.300029,5.6300,5.8300,5.5300,5.6800,5.6200,7827441,44414245.8400,3,3.906700,1,1.067600,-30.901621,-64.673212,12.693848,-135.701122,1
2026-02-05,sz.300030,8.2900,8.3200,8.2100,8.2300,8.2400,6009600,49662626.0000,3,2.207600,1,-0.121400,-49.561895,4.033727,4.998346,-24.898455,0
2026-02-05,sz.300031,22.6000,22.8700,22.5000,22.5100,22.8500,6124500,138526674.0000,3,1.740400,1,-1.488000,52.067539,2.320519,2.846731,1417.215669,0
2026-02-05,sz.300032,5.4300,5.6000,5.3700,5.3800,5.4600,29973000,163619884.0000,3,3.731800,1,-1.465200,-138.407754,6.255805,2.626526,37.867460,0
2026-02-05,sz.300033,355.4100,358.4900,349.1000,353.1800,359.4900,8653717,3064319646.3000,3,2.763400,1,-1.755300,79.827333,25.306933,37.135140,91.276468,0
2026-02-05,sz.300034,21.1700,22.2500,21.1100,21.5200,21.5500,26040206,564093166.6800,3,3.396600,1,-0.139200,123.989310,4.496537,4.519646,148.098886,0
2026-02-05,sz.300035,20.9100,20.9600,20.4500,20.4700,21.0600,14480232,298646292.3900,3,2.482300,1,-2.801500,26.920148,2.860976,1.845770,255.260170,0
2026-02-05,sz.300036,18.7000,19.1200,18.6100,18.7500,18.9300,10402234,196080418.4300,3,2.372400,1,-0.950900,-59.693343,3.430313,6.090343,173.035560,0
2026-02-05,sz.300037,49.2000,49.6000,48.0800,48.4400,49.5100,9206427,447966472.8900,3,1.709900,1,-2.161200,36.835868,3.633548,4.140085,70.584976,0
2026-02-05,sz.300039,6.2400,6.2700,6.2100,6.2200,6.2400,10099612,63033758.9400,3,1.101500,1,-0.320500,18.828230,1.431497,5.555512,22.281433,0
2026-02-05,sz.300040,6.9300,6.9500,6.7100,6.7200,6.9800,31619273,214482212.0500,3,6.111500,1,-3.724900,-7.521034,1.716898,2.972826,18.848152,0
2026-02-05,sz.300041,12.3700,12.3700,11.8000,11.9100,12.4500,24421521,293342093.6700,3,4.488500,1,-4.337300,43.077994,2.303974,1.569339,62.388368,0
2026-02-05,sz.300042,32.4300,34.1300,32.1100,33.6200,33.3500,17418729,577981958.2300,3,8.692800,1,0.809600,-113.209295,6.725359,6.500817,-85.626955,0
2026-02-05,sz.300043,6.5300,6.8800,6.5000,6.7300,6.6400,100352733,675525817.2000,3,8.069900,1,1.355400,203.406764,4.873982,4.077868,2234.316987,0
2026-02-05,sz.300044,6.5000,6.6800,6.4300,6.4800,6.4800,50956655,333833507.7900,3,7.123000,1,0.000000,-9.108435,68.827730,72.777870,749.524889,1
2026-02-05,sz.300045,27.2000,27.6500,26.8200,27.0400,27.6900,22463599,608933260.3500,3,4.350800,1,-2.347400,-171.011003,11.158178,26.970110,-447.201628,0
2026-02-05,sz.300046,35.3900,36.5400,35.2600,36.2200,36.0400,7719832,276847631.6400,3,3.263800,1,0.499400,135.067566,7.492629,23.208379,-29.476301,0
2026-02-05,sz.300047,13.3700,13.5000,13.3200,13.3200,13.5500,12771236,170810852.6700,3,2.336300,1,-1.697400,287.279111,2.576356,0.959355,150.161600,0
2026-02-05,sz.300048,7.1900,7.2000,6.9500,6.9600,7.2400,38424280,269792891.0000,3,3.412500,1,-3.867400,106.871446,4.280170,1.000946,-41.572756,0
2026-02-05,sz.300049,66.2000,66.5500,65.6600,66.3300,66.1200,3233397,214016785.8900,3,1.384700,1,0.317600,142.696606,9.224032,11.954751,856.816259,0
2026-02-05,sz.300050,5.9200,6.0000,5.8800,5.8800,5.9300,17125200,101744031.0000,3,3.145000,1,-0.843200,-81.154141,7.815015,12.290793,-103.437656,0
2026-02-05,sz.300051,10.3000,10.8200,10.2200,10.4300,11.1500,42623400,446467172.0000,3,11.592700,1,-6.457400,-28.908459,23.958114,7.789176,221.330169,0
2026-02-05,sz.300052,13.2600,13.8300,13.2600,13.5300,13.3400,7996200,108583457.0000,3,3.053700,1,1.424300,-81.142603,9.371841,18.371061,-374.752887,1
2026-02-05,sz.300053,21.6500,22.3300,21.2100,21.4700,22.3900,52027757,1125114038.1500,3,7.994200,1,-4.109000,-48.994523,8.792859,70.855750,113.854969,0
2026-02-05,sz.300054,43.0800,43.7800,41.9100,43.4300,43.7500,16660282,712252498.1200,3,2.260300,1,-0.731400,61.982465,8.305589,11.397163,59.405758,0
2026-02-05,sz.300055,7.5000,7.5800,7.3900,7.4000,7.5600,7809401,58190997.4300,3,1.234300,1,-2.116400,111.641779,1.198451,2.357986,-70.692557,0
2026-02-05,sz.300056,9.6000,9.7000,9.2400,9.2600,9.6800,20954045,198940922.0100,3,5.440500,1,-4.338800,-24.639126,24.187907,7.839513,-252.324115,0
2026-02-05,sz.300057,5.9300,5.9500,5.7300,5.7300,5.9500,27668968,160247042.9800,3,3.815600,1,-3.697500,-21.157441,0.992333,0.868788,12.134816,0
2026-02-05,sz.300058,19.6800,20.6500,19.0700,19.1300,20.3000,630465630,12375665773.7000,3,18.116700,1,-5.763500,-314.844264,8.657076,1.033226,138.555432,0
2026-02-05,sz.300059,22.7500,23.1300,22.7100,22.9300,22.8900,272039202,6234975615.8700,3,2.033700,1,0.174700,28.611884,4.077309,22.806393,47.327673,0
2026-02-05,sz.300061,10.8200,11.1900,10.8000,10.8300,10.9100,11465000,125572215.9300,3,1.842700,1,-0.733300,-32.136963,13.621326,15.402816,95.246021,0
2026-02-05,sz.300062,9.3700,9.4100,8.9100,8.9500,9.1600,42938989,388891833.5300,3,9.366200,1,-2.292600,-82.595916,4.662523,5.104566,27.934134,0
2026-02-05,sz.300063,15.8100,16.7000,15.3800,15.5200,16.3300,138923268,2225431462.2800,3,22.172600,1,-4.960200,92.212935,6.768903,1.694842,81.244736,0
2026-02-05,sz.300065,27.1000,28.9800,27.0100,28.2500,29.2800,162844997,4562606579.5200,3,24.790300,1,-3.517800,538.928919,11.614595,28.707840,10048.493829,0
2026-02-05,sz.300066,7.0400,7.0700,6.7500,6.7700,7.1400,55181763,380202664.3400,3,5.485800,1,-5.182100,51.714620,2.692438,5.919109,40819.217392,0
2026-02-05,sz.300067,5.1500,5.2100,5.0500,5.0700,5.1700,35034256,178761028.4400,3,3.737100,1,-1.934200,-108.458562,2.344286,5.843145,-60.800372,0
2026-02-05,sz.300068,15.2400,15.3500,14.9000,14.9400,15.3800,21547083,323857366.9900,3,2.525500,1,-2.860900,-6.833705,3.491087,2.224438,-405.909027,0
2026-02-05,sz.300069,19.0000,19.1000,18.7300,18.7700,19.0000,2235000,42145860.0000,3,1.910300,1,-1.210500,94.559654,7.777209,8.767688,-90.996769,0
2026-02-05,sz.300070,4.0700,4.0800,4.0200,4.0300,4.0800,28244254,114318183.0000,3,0.837700,1,-1.225500,667.101923,0.536983,1.787415,219.592502,0
2026-02-05,sz.300071,6.1800,6.3700,6.1500,6.1800,6.2900,92731880,577912335.6000,3,9.809300,1,-1.748800,-38.601335,42.464117,5.757553,104.182773,0
2026-02-05,sz.300072,4.5600,4.6100,4.4600,4.4800,4.5900,35725900,161207027.1600,3,1.532400,1,-2.396500,-40.010567,1.744537,4.161927,-225.549931,0
2026-02-05,sz.300073,55.7900,56.1600,54.2400,54.6500,55.9800,11385750,625495467.2400,3,2.250300,1,-2.375800,58.285520,2.042464,3.142010,30.098389,0
2026-02-05,sz.300074,4.7100,4.8000,4.6800,4.7100,4.7300,17024980,80754304.2000,3,3.127500,1,-0.422800,-42.281174,2.617661,4.861899,45.589233,0
2026-02-05,sz.300075,14.7000,14.8800,14.6000,14.8200,14.8000,7576960,112204142.2000,3,1.470000,1,0.135100,-19.652035,2.641000,17.161315,-231.059455,0
2026-02-05,sz.300076,7.5500,7.6600,7.4900,7.5200,7.5800,8367000,63196886.0000,3,1.973300,1,-0.791600,-50.228928,3.545155,26.388112,39.060632,0
2026-02-05,sz.300077,21.9700,22.4400,21.6000,22.1000,22.1900,34728398,763779797.1300,3,6.132200,1,-0.405600,-80.680926,13.399524,9.876144,-82.038170,0
2026-02-05,sz.300078,4.9100,5.0200,4.8900,4.9800,4.9700,41534003,206163740.8600,3,3.730500,1,0.201200,-25.005415,9.635533,7.625811,39.242925,0
2026-02-05,sz.300079,6.0000,6.0700,5.9500,5.9900,6.0400,37277609,224109812.5000,3,2.909000,1,-0.827800,319.856769,2.025154,11.228253,-50.327561,0
2026-02-05,sz.300080,5.3800,5.4000,5.1700,5.1900,5.4900,59151747,310423357.8100,3,3.161700,1,-5.464500,-18.531861,2.014684,2.583406,-19.848261,0
2026-02-05,sz.300081,5.3200,5.4400,5.2900,5.3000,5.3500,21574800,115504274.0000,3,3.567800,1,-0.934600,-9.035477,3.017286,8.650036,-97.685844,0
2026-02-05,sz.300082,9.8000,9.8800,9.5600,9.5600,9.9000,12279170,118870870.0200,3,1.810500,1,-3.434300,-201.405653,2.375101,1.465920,299.418612,0
2026-02-05,sz.300083,8.7700,8.8100,8.6500,8.6700,8.8300,33241366,289416105.2200,3,2.226400,1,-1.812000,37.629474,2.659484,2.799765,47.699066,0
2026-02-05,sz.300084,10.8600,11.1800,10.7300,10.7500,11.0700,13706704,149198577.4200,3,3.960300,1,-2.890700,-23.283486,4.360890,9.037663,29.372370,0
2026-02-05,sz.300085,38.7000,40.6500,38.5000,39.9300,39.0900,35131074,1397930495.5800,3,5.388100,1,2.148900,-224.802334,56.337668,37.006154,-607.780115,0
2026-02-05,sz.300086,9.4600,9.9700,9.4300,9.6500,9.5700,33409500,325398037.0000,3,7.581300,1,0.835900,-23.104679,4.183970,10.087470,-43.465516,0
2026-02-05,sz.300087,8.6100,8.8600,8.5100,8.5700,8.6900,31646155,272563775.0500,3,3.533200,1,-1.380900,5593.626675,4.659914,1.769671,-25.504475,0
2026-02-05,sz.300088,6.4000,6.4300,6.2900,6.3200,6.4600,54745556,347463839.4900,3,2.202600,1,-2.167200,45.186596,1.806426,1.387273,33.182285,0
2026-02-05,sz.300091,3.0600,3.1200,3.0400,3.0800,3.0600,20271013,62319065.3700,3,1.373300,1,0.653600,-3.179932,11.063349,5.079189,-74.339454,1
2026-02-05,sz.300092,15.9500,16.0500,15.4100,15.4900,16.0500,6507500,101840282.0000,3,3.100800,1,-3.489100,52.147721,2.612603,4.161252,-176.795534,0
2026-02-05,sz.300093,18.8000,18.9700,18.0000,18.1000,18.8100,3357789,61461794.9800,3,1.203500,1,-3.774600,-11.561807,-8.190093,39.689617,-120.224002,1
2026-02-05,sz.300094,3.7900,3.8700,3.7600,3.8200,3.8200,65393100,249362188.0000,3,5.915200,1,0.000000,-2.946307,4.186339,1.446839,-65.390840,0
2026-02-05,sz.300095,10.8500,11.0200,10.7500,10.7500,10.9800,17478403,189355709.6400,3,5.160000,1,-2.094700,-16.388354,2.703598,3.350787,38.632548,0
2026-02-05,sz.300096,8.3800,8.3800,8.0200,8.0400,8.2900,7479800,60868259.0000,3,1.739500,1,-3.015700,55.179469,9.860667,6.842828,-573.254572,1
2026-02-05,sz.300097,7.8700,8.0000,7.7500,7.9100,7.8100,5705900,44975989.0000,3,2.113200,1,1.280400,-8.995216,6.007653,14.398270,-68.302922,1
2026-02-05,sz.300098,6.2000,6.2500,6.1300,6.1400,6.2500,45224582,279015921.2900,3,2.933300,1,-1.760000,-83.850353,3.929017,5.972385,622.282937,0
2026-02-05,sz.300099,8.4300,8.4300,8.2200,8.2400,8.5100,25072439,208026632.7100,3,4.312300,1,-3.172700,63.465853,2.657523,10.568866,-50.426567,0
2026-02-05,sz.300100,35.5700,35.7300,35.0300,35.0300,35.5800,6709372,236416540.2000,3,1.215900,1,-1.545800,37.605388,6.508706,3.623674,66.567115,0
2026-02-05,sz.300101,28.8000,29.4100,28.3300,28.5400,29.3200,16688521,479561700.0100,3,2.948300,1,-2.660300,262.102007,8.792196,16.721550,452.486484,0
2026-02-05,sz.300102,40.6600,44.3800,40.6600,41.8900,42.9200,133745006,5679674691.2000,3,14.595600,1,-2.399800,285.115512,9.101912,11.668284,699.426024,0
2026-02-05,sz.300103,7.8800,7.8900,7.7200,7.7300,7.8700,6764600,52753171.0000,3,2.131700,1,-1.778900,-21.676599,5.047754,15.306220,-49.669363,0
2026-02-05,sz.300105,7.5300,7.5400,7.3200,7.3200,7.5600,11721468,86871669.9600,3,2.272400,1,-3.174600,47.416047,1.960546,3.086799,-32.531282,0
2026-02-05,sz.300106,11.5400,11.8600,11.5200,11.6500,11.6600,16187100,188839890.0000,3,7.659500,1,-0.085800,-21.619834,6.381138,2.726722,30.173468,0
2026-02-05,sz.300107,7.4100,7.5700,7.3600,7.3600,7.4700,11928469,88794445.9500,3,3.434800,1,-1.472600,355.597548,2.753181,8.275135,-84.257469,0
2026-02-05,sz.300109,18.9300,19.4500,18.8000,18.9600,19.0400,8279927,157355219.9600,3,1.839900,1,-0.420200,38.474081,2.475842,6.369489,47.491987,0
2026-02-05,sz.300110,3.3100,3.3400,3.2700,3.2800,3.3200,19036900,62886772.0000,3,1.612100,1,-1.204800,-2.751224,2.860968,3.087774,58.524883,0
2026-02-05,sz.300111,4.6000,4.6800,4.5800,4.6000,4.6400,38813000,179531228.0000,3,3.015300,1,-0.862100,932.722553,8.610852,19.547178,-97.993893,0
2026-02-05,sz.300112,8.9800,9.1000,8.8500,8.9000,9.0400,7032212,63175544.4800,3,2.959100,1,-1.548700,-26.801279,2.574380,2.448996,265.977399,0
2026-02-05,sz.300113,24.7700,26.3300,24.5500,25.8500,25.8400,61922397,1582867880.6200,3,11.944400,1,0.038700,48.615148,6.994584,9.053239,-94.936433,0
2026-02-05,sz.300115,39.9400,40.2500,38.6000,39.4600,40.7100,60482131,2376729579.8100,3,4.457500,1,-3.070500,83.220710,6.482137,2.926947,-229.197776,0
2026-02-05,sz.300118,22.1800,25.2200,21.9800,23.2400,24.0000,275097422,6531088848.8200,3,29.681700,1,-3.166700,-9.430126,2.518931,1.676467,-12.171385,0
2026-02-05,sz.300119,19.0800,19.4600,19.0600,19.2000,19.2000,4500327,86777883.3200,3,1.343500,1,0.000000,21.540164,1.909477,2.645789,65.454900,0
2026-02-05,sz.300120,8.4600,8.4800,8.3100,8.3300,8.5000,11129726,93332833.0800,3,2.110100,1,-2.000000,-89.430815,1.603587,1.871763,-35.022458,0
2026-02-05,sz.300121,13.1800,13.2500,12.8500,12.8800,13.2600,7916700,102912462.0000,3,1.843800,1,-2.865800,34.345867,1.642354,1.649729,-94.531014,0
2026-02-05,sz.300122,17.5700,17.7900,17.4400,17.4400,17.6700,21406012,377005870.1900,3,1.513500,1,-1.301600,-31.876225,1.423316,3.826297,-54.254565,0
2026-02-05,sz.300123,7.0400,7.1000,6.9300,6.9400,7.1200,38231270,267020314.9600,3,3.821500,1,-2.528100,-7.582003,4.820750,7.978955,-153.604010,0
2026-02-05,sz.300124,75.5800,75.6600,73.7500,74.5300,75.5700,22730129,1692550263.3800,3,0.947700,1,-1.376200,38.908150,5.869251,4.659149,52.207941,0
2026-02-05,sz.300125,7.6700,7.9500,7.6300,7.6400,7.6700,5455564,42550332.4900,3,1.512000,1,-0.391100,-10.018092,-7.645253,50.028777,-1600.760647,1
2026-02-05,sz.300126,8.9000,8.9300,8.7400,8.7400,8.8600,3010300,26531165.0000,3,1.429000,1,-1.354400,-128.192259,2.543335,5.666189,113.583350,0
2026-02-05,sz.300127,34.5700,34.8500,33.1600,33.5200,34.9300,10565974,356511529.1200,3,4.577700,1,-4.036600,60.661375,7.307982,13.170227,-116.371901,0
2026-02-05,sz.300128,7.0900,7.0900,6.9500,6.9600,7.1100,17260000,120817903.0000,3,1.330000,1,-2.109700,-33.001026,13.673793,4.217393,-72.758598,0
2026-02-05,sz.300129,13.9500,14.2500,13.7000,13.8200,14.1400,46781265,649333441.8700,3,6.509100,1,-2.263100,61.471312,3.338524,2.740909,46.713211,0
2026-02-05,sz.300130,26.7500,26.9600,26.5000,26.7100,27.0200,9992295,266883265.9700,3,2.301600,1,-1.147300,43.984185,3.494024,4.974557,-30.501154,0
2026-02-05,sz.300131,16.1200,16.2900,14.6700,14.8800,16.4700,135379915,2048958216.0500,3,12.989000,1,-9.653900,421.515455,9.555360,3.102941,481.211164,0
2026-02-05,sz.300132,8.2200,8.4100,8.1800,8.2600,8.2300,14186600,117476430.0000,3,2.792200,1,0.364500,31.960341,3.028740,2.025968,93.442818,0
2026-02-05,sz.300133,8.7600,9.2400,8.7200,9.0600,8.9100,124308876,1129331960.8400,3,7.710400,1,1.683500,67.902037,2.343351,8.195833,-78.405356,0
2026-02-05,sz.300134,11.8800,12.0200,11.6300,11.6600,11.9100,9266700,109121736.0000,3,1.300700,1,-2.099100,-21.233227,2.349088,3.796249,104.841611,0
2026-02-05,sz.300135,3.9800,4.0800,3.9800,4.0300,4.0200,14729254,59404810.1200,3,1.598200,1,0.248800,714.394833,3.928879,2.733966,-20.716783,0
2026-02-05,sz.300136,76.0000,80.2500,75.5500,77.8200,78.8500,108308444,8416983981.8600,3,13.135200,1,-1.306300,122.461650,9.805857,8.544924,1154.541059,0
2026-02-05,sz.300137,9.8000,9.8400,9.6300,9.6800,9.7600,14326960,139555666.8000,3,2.703000,1,-0.819700,-34.111454,3.182896,5.295978,1184.909840,0
2026-02-05,sz.300138,13.5300,13.9100,13.4900,13.5300,13.5600,11050628,151150443.4800,3,2.774400,1,-0.221200,19.495599,1.960166,0.958968,-6.575064,0
2026-02-05,sz.300139,61.8800,63.0100,56.0000,58.8000,65.4800,50721987,3019580550.6200,3,21.707700,1,-10.201600,194.796740,14.539500,32.780727,82.870276,0
2026-02-05,sz.300140,7.6400,7.6500,7.2900,7.3100,7.6800,42759659,315969587.7000,3,4.191600,1,-4.817700,27.482466,1.611089,3.761932,-39.690464,0
2026-02-05,sz.300141,15.7000,15.7900,15.0600,15.0900,15.8300,13220589,202511219.6900,3,5.189900,1,-4.674700,-86.035336,5.881682,9.061829,-36.990885,0
2026-02-05,sz.300142,12.6400,12.8300,12.5000,12.5700,12.7100,38043775,481144941.2100,3,2.445100,1,-1.101500,408.243248,2.076145,8.380418,-10.354969,0
2026-02-05,sz.300143,11.4500,11.5700,11.3800,11.4300,11.5000,6534860,74843099.0600,3,1.018900,1,-0.608700,71.553365,3.392981,5.070902,12.003766,0
2026-02-05,sz.300144,8.7700,9.3100,8.7300,9.1100,8.7300,157007812,1426218546.7300,3,6.656200,1,4.352800,30.092774,2.856318,10.691555,-25.762072,0
2026-02-05,sz.300145,4.5400,4.5900,4.4400,4.4500,4.5700,40483995,181724914.4000,3,2.118700,1,-2.625800,34.106627,2.905458,1.676353,133.960889,0
2026-02-05,sz.300146,12.2500,12.5700,12.2300,12.4400,12.2500,23328273,290776015.3800,3,2.081400,1,1.551000,30.431920,1.859887,3.495632,-346.249720,0
2026-02-05,sz.300147,9.3600,9.4500,9.2800,9.3300,9.3100,7311310,68445945.2000,3,1.112200,1,0.214800,-6.153341,8.907597,4.194201,115.568357,1
2026-02-05,sz.300148,5.1100,5.3500,5.1000,5.3000,5.1600,113689919,601540305.2800,3,13.963600,1,2.713200,65.885995,4.331926,8.745450,-97.625608,0
2026-02-05,sz.300149,11.0100,11.1100,10.8500,10.9000,11.0100,10075228,110290497.2000,3,2.123100,1,-0.999100,-34.414959,4.329925,5.079709,111.097906,0
2026-02-05,sz.300150,5.8400,5.9100,5.8200,5.8600,5.8800,17677340,103920110.6000,3,3.841000,1,-0.340100,79.582273,2.176825,3.929544,-101.882341,0
2026-02-05,sz.300151,16.5800,16.5900,16.2300,16.3600,16.6300,6087300,99544667.0000,3,1.651800,1,-1.623600,126.228477,5.613484,8.710509,-27.643702,0
2026-02-05,sz.300152,2.1400,2.5900,2.1300,2.5900,2.1600,99432300,246379947.8300,3,13.953100,1,19.907400,-35.001930,7.839218,11.871701,-104.676905,1
2026-02-05,sz.300153,33.3500,33.7000,31.8000,32.4300,33.9000,17454600,565664989.1000,3,5.483200,1,-4.336300,215.571415,11.419567,5.938184,388.794188,0
2026-02-05,sz.300154,8.9900,9.1000,8.9900,8.9900,9.0700,3593400,32501364.0000,3,1.140400,1,-0.882000,38.838772,2.263097,4.599493,49.231506,0
2026-02-05,sz.300155,5.4400,5.5300,5.4200,5.4500,5.4900,11396400,62465334.0000,3,3.445900,1,-0.728600,-48.032988,2.497758,19.142204,-10.334147,0
2026-02-05,sz.300157,6.0000,6.4200,6.0000,6.0400,6.1300,162251645,995578367.5800,3,22.922600,1,-1.468200,207.145317,-22.869486,8.127702,-173.496331,0
2026-02-05,sz.300158,5.7700,5.8100,5.7200,5.7400,5.8000,11482400,66126939.0000,3,1.157900,1,-1.034500,-4.224373,1.552824,1.953158,-96.103552,0
2026-02-05,sz.300159,3.1600,3.1600,3.1000,3.1000,3.1600,22798900,71038285.0000,3,1.244600,1,-1.898700,-26.690031,-20.171467,16.653615,-822.842958,1
2026-02-05,sz.300160,5.9800,6.0200,5.9400,5.9600,6.0300,14232720,85045316.0000,3,1.866900,1,-1.160900,22.076551,1.759136,2.724446,-39.631939,0
2026-02-05,sz.300161,31.6000,31.9600,31.1400,31.2700,31.9700,2565850,80443881.0000,3,1.315900,1,-2.189600,-129.968411,4.042616,3.985864,-66.138806,0
2026-02-05,sz.300162,8.5000,8.6500,8.4300,8.5400,8.5400,13263700,113429828.0000,3,3.876400,1,0.000000,-90.290784,4.007947,3.054267,570.198078,0
2026-02-05,sz.300163,5.3500,5.8700,5.3100,5.4100,5.3600,67753200,374351918.0000,3,14.930500,1,0.932800,27.630781,4.369462,10.523350,276.697743,0
2026-02-05,sz.300164,12.0200,12.3300,11.3100,11.5200,12.0800,170036205,1983484687.5500,3,29.155200,1,-4.635800,106.338178,4.653818,5.701247,-674.503480,0
2026-02-05,sz.300165,5.0800,5.2300,5.0800,5.1700,5.1000,7891800,40784162.0000,3,1.876600,1,1.372500,-27.938094,2.006014,3.674778,-98.719197,1
2026-02-05,sz.300166,10.4300,10.6700,10.3500,10.5400,10.5500,27484933,288928908.7300,3,3.034400,1,-0.094800,-133.235353,2.051315,4.384971,46.709638,0
2026-02-05,sz.300167,4.7600,4.8700,4.7300,4.8500,4.7500,7793600,37629220.0000,3,2.171600,1,2.105300,139.896926,65.713034,3.991472,35.096793,1
2026-02-05,sz.300168,6.6100,6.6700,6.5600,6.5600,6.6400,20867787,137983471.4400,3,1.450000,1,-1.204800,-17.686033,7.666112,4.681027,-25.722596,0
2026-02-05,sz.300169,7.2200,7.3100,7.1700,7.1900,7.3300,14481300,104725127.0000,3,4.799300,1,-1.910000,-15.611499,-76.543491,5.049890,-2150.775436,0
2026-02-05,sz.300170,24.5000,25.1900,24.4000,24.6800,25.3800,84130746,2085347237.7200,3,8.610200,1,-2.758100,127.521436,4.580107,7.595622,163.069995,0
2026-02-05,sz.300171,16.2000,16.3800,16.0600,16.0800,16.3000,5956832,96379716.5200,3,1.058700,1,-1.349700,71.213891,1.568368,2.357128,39.823059,0
2026-02-05,sz.300172,5.8800,5.9200,5.7700,5.7700,5.8900,18839090,110049012.8000,3,3.598600,1,-2.037400,49.735636,2.014392,5.140310,11.295084,0
2026-02-05,sz.300173,4.4700,4.6000,4.4300,4.5400,4.4800,18466400,83802019.0000,3,2.513400,1,1.339300,59.011385,3.450893,2.397354,44.463223,1
2026-02-05,sz.300174,16.2100,16.6400,16.1600,16.1600,16.3200,5748649,93997817.2200,3,1.583900,1,-0.980400,24.021926,1.700488,3.106850,103.425519,0
2026-02-05,sz.300175,6.2600,6.4300,6.2400,6.3500,6.2800,4067201,25722092.2800,3,0.863900,1,1.114600,-207.609835,5.792681,11.156884,-312.965375,1
2026-02-05,sz.300176,7.5900,7.9900,7.5400,7.8800,7.6700,50827524,398095288.2400,3,13.124200,1,2.737900,117.203105,3.199946,1.663236,26.737669,0
2026-02-05,sz.300177,9.3300,9.4300,9.2600,9.3700,9.3700,10381830,97307494.6500,3,1.712300,1,0.000000,-213.532005,4.618449,5.988836,336.055747,0
2026-02-05,sz.300179,19.4000,19.6300,18.6200,18.7800,19.8700,25930259,492646945.0100,3,6.933600,1,-5.485700,109.639049,7.635242,17.098492,-41.410855,0
2026-02-05,sz.300180,6.5400,6.5800,6.4800,6.4900,6.5700,20672880,134835615.1200,3,1.207100,1,-1.217700,268.721433,2.423535,2.795635,-58.819446,0
2026-02-05,sz.300181,17.3200,17.7100,17.2300,17.4600,17.3500,15985126,279711259.2400,3,2.651300,1,0.634000,20.538178,3.928691,4.353884,-107.180243,0
2026-02-05,sz.300182,5.9200,6.0900,5.8900,6.0000,5.9600,109754210,660256032.1400,3,4.858700,1,0.671100,180.332923,1.901652,5.697028,-727.918500,0
2026-02-05,sz.300183,15.8700,15.9600,15.7600,15.7800,15.9800,4797760,75899730.4600,3,1.180200,1,-1.251600,-259.613118,2.358746,7.708138,91.218362,0
2026-02-05,sz.300184,10.6700,10.6900,10.4500,10.5300,10.8000,38329727,404001681.5100,3,3.663700,1,-2.500000,78.671443,2.949192,1.393996,-206.925196,0
2026-02-05,sz.300185,3.0500,3.0600,2.9800,2.9900,3.0700,108791300,327437226.0000,3,2.934800,1,-2.605900,165.242549,1.755601,1.762827,-43.863630,0
2026-02-05,sz.300187,5.4700,5.4800,5.3900,5.4000,5.4600,7452700,40439772.0000,3,1.160600,1,-1.098900,30.750640,3.086898,4.505843,78.394262,0
2026-02-05,sz.300188,13.8500,14.0200,13.8000,13.8700,13.9900,7876490,109575889.2500,3,0.920700,1,-0.857800,-22.127683,3.852842,7.151602,-298.021601,0
2026-02-05,sz.300189,7.7100,7.9400,7.4500,7.5400,8.0000,224439920,1719420215.9700,3,25.325000,1,-5.750000,-324.942428,10.577132,40.102195,516.699584,0
2026-02-05,sz.300190,4.5800,4.5800,4.4500,4.4700,4.5900,25170100,113161808.0000,3,3.039400,1,-2.614400,-5.007596,1.282118,1.987637,144.237566,0
2026-02-05,sz.300191,31.0900,33.3500,30.9100,31.1400,32.1200,25325069,801714626.5600,3,11.449200,1,-3.051100,-341.727205,9.383192,18.062063,-93.876234,0
2026-02-05,sz.300192,20.1200,20.2900,19.9000,19.9200,20.3200,7929943,159026615.8700,3,2.442700,1,-1.968500,49.946533,6.683900,8.470199,130.778767,0
2026-02-05,sz.300193,9.7000,9.8100,9.4700,9.4800,9.7400,16454802,157286289.9400,3,3.921000,1,-2.669400,19.168403,1.959306,3.669704,-7.098000,0
2026-02-05,sz.300194,4.4600,4.4800,4.4300,4.4300,4.4800,12419788,55325914.4800,3,1.282600,1,-1.116100,36.475248,1.183734,3.079313,73.621088,0
2026-02-05,sz.300195,8.8300,8.9200,8.6900,8.7000,8.9000,10097500,88544091.0000,3,3.216700,1,-2.247200,232.149077,1.376793,2.257938,109.128417,0
2026-02-05,sz.300196,16.5000,16.8800,16.2600,16.3300,16.7200,9697308,159738857.3200,3,3.927200,1,-2.332500,20.239111,1.431624,2.140104,26.632268,0
2026-02-05,sz.300197,1.7700,1.8000,1.7600,1.7800,1.7800,28374999,50525779.4600,3,0.956900,1,0.000000,-1.857990,5.380144,7.663032,-10.300548,0
2026-02-05,sz.300198,2.7700,2.8000,2.7400,2.7800,2.7700,17830100,49429828.0000,3,1.737500,1,0.361000,-8.579585,154.986298,34.018701,25114.332688,1
2026-02-05,sz.300199,18.9400,19.5700,18.7900,18.8600,18.5000,33142418,634851422.1000,3,4.444500,1,1.945900,-246.795529,25.661120,18.548042,-904.215306,0
2026-02-05,sz.300200,12.0000,12.0300,11.7500,11.8200,12.0300,13777280,163414717.4000,3,3.250300,1,-1.745600,36.565723,3.102731,4.127580,56.465351,0
2026-02-05,sz.300201,8.1500,8.3500,8.0700,8.0900,8.1900,31643698,259662456.3700,3,3.152600,1,-1.221000,30.576143,4.836229,4.343141,321.461566,0
2026-02-05,sz.300203,15.2000,15.6000,15.1700,15.2400,15.2700,4620333,71022446.2100,3,1.030500,1,-0.196500,254.449223,2.401542,2.036692,-77.818073,0
2026-02-05,sz.300204,27.0000,28.6500,26.7100,27.4500,27.1900,27348600,756615406.8500,3,6.028400,1,0.956200,-78.925700,15.064014,53.668811,114.358025,0
2026-02-05,sz.300205,4.2900,4.5900,4.2900,4.3900,4.2600,7077097,31376100.8600,3,1.645600,1,3.051600,-5.028030,1.921268,9.460701,-65.484608,1
2026-02-05,sz.300206,14.4300,14.6500,14.4000,14.4500,14.4300,7257500,105186405.0000,3,2.144800,1,0.138600,33.934073,3.906830,4.412397,71.178078,0
2026-02-05,sz.300207,23.6000,23.7400,23.1100,23.3400,23.7600,40349939,942782178.0300,3,2.354400,1,-1.767700,25.953211,1.728031,0.703701,48.986071,0
2026-02-05,sz.300209,6.2800,7.4500,5.9000,7.0600,6.8900,128175700,823113503.8000,3,18.005300,1,2.467300,89.232889,6.616530,55.669524,6.775147,0
2026-02-05,sz.300210,9.5300,9.7100,9.4800,9.6300,9.6200,8253400,79340099.0000,3,1.706100,1,0.104000,-1461.549705,11.294070,13.249664,290.994581,0
2026-02-05,sz.300211,8.6000,8.6400,8.4200,8.4500,8.5900,1801100,15390546.0000,3,0.606300,1,-1.629800,-92.322352,5.539629,12.928423,-68.521051,1
2026-02-05,sz.300212,11.9500,12.2900,11.8300,11.8300,11.9200,27979076,337682758.3000,3,4.005500,1,-0.755000,-3.056118,31.317179,19.013573,-82.061350,0
2026-02-05,sz.300213,9.2400,9.4200,9.2100,9.2200,9.3400,13078400,121231320.0000,3,2.368300,1,-1.284800,241.643814,2.496135,5.574109,83.097287,0
2026-02-05,sz.300214,7.1700,7.2700,7.0700,7.0800,7.2300,7596500,54345843.0000,3,1.634000,1,-2.074700,-278.623324,1.359349,0.837415,-29.390072,0
2026-02-05,sz.300215,9.3800,9.5200,9.1500,9.2100,9.6200,52326600,484446386.0000,3,10.468000,1,-4.262000,-406.606403,3.517850,12.993755,-76.083302,0
2026-02-05,sz.300217,5.8800,5.9400,5.7300,5.8200,5.9900,82231808,478698095.2600,3,6.702100,1,-2.838100,45.603055,2.048400,2.489817,-30.856999,0
2026-02-05,sz.300218,16.6900,16.9500,16.5800,16.6000,16.7500,3607300,60364620.0000,3,1.667900,1,-0.895500,21.789697,2.332220,1.580104,43.909513,0
2026-02-05,sz.300219,7.6900,7.7100,7.5900,7.6000,7.7200,17951141,137297951.6000,3,2.540300,1,-1.554400,81.544324,2.031878,1.241569,28.920811,0
2026-02-05,sz.300220,15.6500,15.9600,15.5700,15.7000,15.6400,3543620,55938323.6000,3,2.346500,1,0.383600,1133.857455,37.683698,9.352100,-381.177261,0
2026-02-05,sz.300221,11.8000,11.8300,11.4900,11.5100,11.9700,22546600,261595432.0000,3,4.939100,1,-3.842900,56.209498,3.795764,2.414354,404.135333,0
2026-02-05,sz.300222,11.8400,11.9500,11.5200,11.5300,11.9500,19469200,226839722.9000,3,3.071800,1,-3.514600,80.574663,5.227434,3.251030,-208.819014,0
2026-02-05,sz.300223,127.4500,129.7400,125.0000,128.3300,132.1500,18023149,2295283066.0700,3,4.285400,1,-2.890700,195.022106,4.994034,13.922135,148.434078,0
2026-02-05,sz.300224,16.9500,17.0900,16.2900,16.4300,17.1600,28364864,469471635.8300,3,3.065000,1,-4.254100,116.672564,3.021091,2.281421,-1398.467049,0
2026-02-05,sz.300225,5.0900,5.2000,4.9200,5.0900,5.0900,7384000,37354416.0000,3,1.554300,1,0.000000,87.108180,2.803488,3.121014,-97.421517,1
2026-02-05,sz.300226,28.0000,28.3400,27.8000,27.8700,28.2500,8519849,238354923.0100,3,2.781000,1,-1.345100,44.027869,4.145297,0.119221,-29.247664,0
2026-02-05,sz.300227,12.8200,13.3500,12.7100,12.9100,12.8200,33510920,435171198.3000,3,7.738000,1,0.702000,-64.025445,4.689356,5.530097,246.006638,0
2026-02-05,sz.300228,10.8300,10.9400,10.4800,10.5400,11.0200,51681627,548932596.0600,3,9.203300,1,-4.355700,23.682832,2.666705,2.018384,29.385283,0
2026-02-05,sz.300229,22.4700,22.7800,22.2300,22.2800,22.8700,27197202,609389938.0500,3,3.115300,1,-2.579800,-65.172277,4.909245,39.331302,25.502253,0
2026-02-05,sz.300230,5.1300,5.1900,5.0900,5.0900,5.1700,11683100,59991366.0000,3,1.855000,1,-1.547400,18.460933,1.270339,1.739519,12.295657,0
2026-02-05,sz.300231,11.0300,11.1200,10.9800,11.0400,11.1700,11339511,125237731.8400,3,2.552400,1,-1.163800,-42.192460,3.017670,2.860468,3971.378198,0
2026-02-05,sz.300232,7.7400,7.7900,7.6100,7.6500,7.8000,27407847,210136665.8700,3,3.102700,1,-1.923100,84.588520,1.788740,1.042931,-31.084723,0
2026-02-05,sz.300233,15.1100,15.3600,15.1100,15.1900,15.2000,4078599,62118626.9900,3,1.097300,1,-0.065800,75.430171,1.597455,2.089913,-27.132768,0
2026-02-05,sz.300234,6.0000,6.1300,5.9600,6.0200,6.0500,13448876,81439677.3500,3,3.909700,1,-0.495900,627.875148,2.624556,9.086058,-62.508023,0
2026-02-05,sz.300235,14.2000,14.4800,14.0200,14.2900,14.2700,5684510,81239183.7000,3,2.798400,1,0.140200,633.019576,5.158122,50.236134,-391.017724,0
2026-02-05,sz.300236,75.0300,76.8900,73.5800,75.6500,76.2400,9405534,704811182.1800,3,3.374500,1,-0.773900,92.221831,4.365902,13.157057,242.738255,0
2026-02-05,sz.300237,2.4600,2.7400,2.4400,2.6900,2.4800,106717802,280482277.9400,3,7.401200,1,8.467700,-13.782029,-22.221617,2.116828,532.690202,1
2026-02-05,sz.300238,15.6800,15.8300,15.5100,15.5500,15.7300,4766000,74513706.9400,3,1.797600,1,-1.144300,156.780142,7.206813,10.496123,111.181192,0
2026-02-05,sz.300239,6.2600,6.3800,6.1400,6.1500,6.2800,11461500,71726611.0000,3,1.943400,1,-2.070100,53.561704,2.157345,4.652822,-25.904146,0
2026-02-05,sz.300240,7.9500,8.1100,7.9200,7.9500,7.9700,9306201,74375967.0100,3,2.561000,1,-0.250900,-3646.013392,2.000765,0.470676,14.785556,0
2026-02-05,sz.300241,6.1200,6.1800,6.0800,6.0800,6.1800,23175326,141765729.6000,3,3.952300,1,-1.618100,111.561033,1.904986,2.422844,-100.260954,0
2026-02-05,sz.300242,5.9300,6.1400,5.8900,5.9600,5.9700,34105600,205440741.0000,3,5.374700,1,-0.167500,-40.141468,14.312204,1.764189,380.136332,0
2026-02-05,sz.300243,11.3100,11.4900,11.2300,11.2600,11.3500,5048700,57346027.0000,3,2.597500,1,-0.793000,285.411482,2.624923,1.409355,-79.423501,0
2026-02-05,sz.300244,24.1000,24.6600,23.8700,24.1200,25.0100,28992169,700451959.5000,3,5.781600,1,-3.558600,-34.940812,2.330009,1.435161,-2626.658778,0
2026-02-05,sz.300245,12.6000,12.8600,12.5600,12.6400,12.6100,6263246,79566887.3200,3,2.057700,1,0.237900,-44.695224,3.101802,7.568828,-52.899864,0
2026-02-05,sz.300246,13.5100,13.7000,13.2200,13.5200,13.5100,13817850,185985554.5000,3,6.539900,1,0.074000,-54.082236,3.089939,3.419207,17.335247,0
2026-02-05,sz.300247,5.1200,5.1900,5.0800,5.0900,5.1400,15525500,79545077.0000,3,1.932800,1,-0.972800,53.186220,3.622495,4.731903,-204.534076,0
2026-02-05,sz.300248,13.1300,13.1300,12.9500,12.9600,13.1300,7579468,98548347.2800,3,1.852700,1,-1.294700,64.543204,2.908644,6.356533,700.678976,0
2026-02-05,sz.300249,15.0500,15.0800,14.6100,14.8300,15.2500,14429130,213612731.7000,3,3.864000,1,-2.754100,-97.662261,19.552418,4.322355,217.502811,0
2026-02-05,sz.300250,24.2000,24.6400,24.0700,24.3200,24.6500,5829000,142201629.0000,3,3.704300,1,-1.338700,-326.391425,9.901872,22.108520,-282.144890,0
2026-02-05,sz.300251,18.8800,20.9700,18.7700,20.8400,19.1200,246968734,5012646158.4800,3,8.898600,1,8.995800,28.215263,5.688088,16.259967,71.138892,0
2026-02-05,sz.300252,14.8500,15.0000,14.4700,14.5300,15.1000,25463052,373535508.8000,3,4.556800,1,-3.774800,648.686397,4.407520,3.973113,-65.987671,0
2026-02-05,sz.300253,11.0200,11.1600,10.8800,11.0500,11.2300,72307033,795737777.6400,3,3.962600,1,-1.602800,-79.453785,4.339159,11.309321,52.665390,0
2026-02-05,sz.300254,10.6900,11.4000,10.5900,11.2800,10.6800,27865260,309966581.4000,3,12.333500,1,5.618000,141.861296,9.819279,3.401657,-60.815857,0
2026-02-05,sz.300255,48.6600,48.7600,45.2000,46.1000,48.6300,23042221,1068535096.7200,3,2.510900,1,-5.202500,-140.486688,27.925828,45.655437,-630.985524,0
2026-02-05,sz.300256,3.9700,3.9800,3.9400,3.9500,3.9900,17128569,67688917.8600,3,0.763500,1,-1.002500,-18.031769,9.654995,5.757772,-56.846079,0
2026-02-05,sz.300257,18.2100,18.2100,17.6200,17.8300,18.3400,11517199,205497174.9800,3,1.206400,1,-2.780800,43.827519,2.680468,3.880071,1135.722592,0
2026-02-05,sz.300258,13.3000,13.3200,13.0700,13.1000,13.3500,8814100,115995709.0000,3,1.546600,1,-1.872700,56.565203,1.618093,3.738964,464.877212,0
2026-02-05,sz.300259,4.8200,4.8700,4.7100,4.7200,4.9100,45958965,219881683.5500,3,3.929700,1,-3.869700,23.435957,1.829243,5.439807,-89.153464,0
2026-02-05,sz.300260,52.0500,52.8600,51.7100,52.2000,53.2500,7811838,407793221.4900,3,2.715900,1,-1.971800,122.666931,10.241916,7.235455,556.843593,0
2026-02-05,sz.300261,7.0900,7.1700,6.9800,6.9900,7.1000,16281247,114905945.0000,3,1.739100,1,-1.549300,-32.388408,3.356412,5.350104,36.935141,0
2026-02-05,sz.300263,11.6000,11.7200,11.1000,11.1700,11.7600,77277490,873949627.0500,3,7.921600,1,-5.017000,73.742223,2.753533,3.722078,28.879180,0
2026-02-05,sz.300264,6.7000,6.9800,6.6200,6.8900,6.7300,28303700,194313821.0000,3,7.640800,1,2.377400,-69.751880,305.078404,17.944137,-103.405472,0
2026-02-05,sz.300265,15.7000,16.6900,15.7000,16.0300,16.3500,71161977,1150617572.3800,3,15.228300,1,-1.957200,277.435433,3.314140,2.884674,204.260582,0
2026-02-05,sz.300266,2.5300,2.5600,2.5200,2.5300,2.5500,15387100,39021793.0000,3,0.990900,1,-0.784300,-19.179568,115.683456,3.710076,37.681837,0
2026-02-05,sz.300267,3.7700,3.7800,3.6900,3.7000,3.7800,38108800,142151115.0000,3,2.679200,1,-2.116400,-24.751668,1.707456,5.907999,314.917608,0
2026-02-05,sz.300268,12.3700,12.5400,12.2300,12.3900,12.4300,657900,8152561.0000,3,0.492000,1,-0.321800,-3.104957,-2.115037,0.960338,-11.084735,1
2026-02-05,sz.300269,8.8200,9.5900,8.7600,9.2600,8.9900,113898650,1056867300.0000,3,21.666900,1,3.003300,161.601164,47.312533,8.804601,303.202580,0
2026-02-05,sz.300270,11.3000,11.4600,11.1000,11.2100,11.3700,5561900,62848510.0000,3,2.131600,1,-1.407200,-60.872220,6.022346,23.392246,-62.628184,0
2026-02-05,sz.300271,7.7400,7.8600,7.7100,7.7500,7.7900,12330300,96026576.0000,3,1.546600,1,-0.513500,-16.174791,1.722378,3.941838,225.219733,0
2026-02-05,sz.300272,7.4100,7.5000,7.3900,7.3900,7.4400,7034355,52343108.2000,3,1.514500,1,-0.672000,47.684382,3.144656,2.524293,82.901305,0
2026-02-05,sz.300274,151.5000,152.0000,144.8000,146.0000,152.2700,55259081,8123434027.5400,3,3.476000,1,-4.117700,19.760404,6.731642,3.209411,47.902040,0
2026-02-05,sz.300275,12.5600,12.6000,12.4500,12.4900,12.6400,4213300,52721201.0000,3,1.552100,1,-1.186700,78.702651,4.083192,8.253256,-1634.336077,0
2026-02-05,sz.300276,8.6000,8.6500,8.5100,8.5200,8.6600,14453514,123787205.4000,3,1.367200,1,-1.616600,245.565002,6.019593,7.373139,88.405191,0
2026-02-05,sz.300277,18.3000,18.9500,18.2900,18.3500,18.6300,22212868,411769300.8200,3,6.508000,1,-1.503000,707.098247,12.814767,28.259101,204.524938,0
2026-02-05,sz.300278,5.6200,5.6700,5.5400,5.5500,5.6500,20799699,116388536.4000,3,1.475700,1,-1.769900,655.998156,4.424534,3.338934,99.250912,0
2026-02-05,sz.300279,9.0200,9.3100,8.7600,9.1700,9.2000,45874216,412390282.1100,3,9.420800,1,-0.326100,69.123627,4.327538,2.442858,-78.933937,0
2026-02-05,sz.300281,7.7100,7.8000,7.6800,7.7100,7.7700,4914700,38016890.0000,3,1.236900,1,-0.772200,1860.131261,2.556411,7.381122,102.067587,0
2026-02-05,sz.300283,8.4100,8.4500,8.0800,8.1400,8.4800,21645600,177795279.0000,3,5.894500,1,-4.009400,-81.974145,3.531968,1.112499,92.712211,0
2026-02-05,sz.300284,7.4400,7.5100,7.3500,7.3700,7.4900,12519911,92770240.0400,3,1.045600,1,-1.602100,60.740185,1.104987,2.030716,44.038429,0
2026-02-05,sz.300285,30.6200,30.9500,29.9100,30.7100,31.0200,19678545,598191412.5100,3,2.338900,1,-0.999400,50.029176,4.369447,7.016014,94.806017,0
2026-02-05,sz.300286,28.8500,28.8600,26.9200,27.0400,28.8800,8783451,240741571.7000,3,4.146500,1,-6.371200,33.306707,3.033287,6.252719,86.280718,0
2026-02-05,sz.300287,5.0200,5.0400,4.9800,4.9900,5.0400,20335716,101799501.6800,3,1.542700,1,-0.992100,-38.884377,6.662131,15.723153,737.040386,0
2026-02-05,sz.300288,14.2100,14.3700,14.1500,14.2100,14.3200,4709910,67189421.7000,3,1.835700,1,-0.768200,-8.899922,4.412564,15.731349,740.253101,0
2026-02-05,sz.300289,7.0400,7.0900,7.0200,7.0400,7.0400,6552500,46179668.0000,3,1.206400,1,0.000000,-45.972235,2.314151,11.242723,17.384244,0
2026-02-05,sz.300290,17.4800,17.8300,17.3700,17.5600,17.5200,19655557,346663081.3100,3,3.073400,1,0.228300,-401.329497,14.475053,15.054956,-403.002161,0
2026-02-05,sz.300291,8.3300,8.7300,8.3200,8.4700,8.4500,35438920,301939308.7200,3,3.807500,1,0.236700,-19.621857,2.612766,32.141136,-120.058416,0
2026-02-05,sz.300292,4.7200,4.7800,4.7100,4.7400,4.7500,34172400,162272489.0000,3,3.062200,1,-0.210500,60.950414,4.538713,1.444615,-323.364904,0
2026-02-05,sz.300293,20.7000,20.7400,20.3600,20.3700,20.7800,4433181,90834892.4100,3,1.581400,1,-1.973100,-136.022758,7.376781,5.482985,-321.467843,0
2026-02-05,sz.300294,22.3800,22.6700,22.3300,22.4500,22.3800,3747900,84325247.8600,3,0.743300,1,0.312800,34.592492,1.475785,5.764763,-9.228429,0
2026-02-05,sz.300295,11.7700,12.1400,11.7100,12.0200,11.7800,7107560,85338264.4000,3,4.242700,1,2.037400,-27.290398,2.021973,23.217783,22.885048,0
2026-02-05,sz.300296,7.2600,7.3200,7.1100,7.1300,7.2700,94338054,676899643.4900,3,4.148200,1,-1.925700,-24.417781,2.396102,2.767562,24.686222,0
2026-02-05,sz.300298,18.1000,18.2400,18.0100,18.1900,18.1400,5469200,99249525.5000,3,1.211900,1,0.275600,36.145352,3.189312,2.161755,236.924154,0
2026-02-05,sz.300299,7.0300,7.2300,7.0100,7.1100,7.1000,31727563,226096739.3800,3,4.603400,1,0.140800,-47.134014,11.417419,12.776238,309.512883,0
2026-02-05,sz.300300,12.3100,14.5200,12.3100,14.5200,12.1000,218873272,3017645164.0200,3,32.824200,1,20.000000,239.197641,68.252668,55.912464,316.262300,0
2026-02-05,sz.300301,2.3100,2.5700,2.3100,2.4700,2.3200,35679404,87477850.6200,3,4.517100,1,6.465500,-22.519357,12.457962,4.673066,-99.486670,1
2026-02-05,sz.300302,18.8500,19.0000,18.5800,18.8300,19.3200,16377502,307699283.3200,3,4.440600,1,-2.536200,-29.811862,8.409166,23.246915,215.888154,0
2026-02-05,sz.300303,7.1200,7.2000,7.0100,7.0600,7.1800,35364440,250540487.4700,3,2.660600,1,-1.671300,31.052259,2.668208,2.915934,-258.892798,0
2026-02-05,sz.300304,13.0500,13.2100,12.8500,12.9000,13.1600,16146300,209763751.0000,3,1.889500,1,-1.975700,26.650545,3.377460,5.024039,-174.631372,0
2026-02-05,sz.300305,6.6200,6.6400,6.5300,6.5800,6.6200,8727600,57443787.0000,3,2.714900,1,-0.604200,-6.453783,1.206124,2.571764,44.190818,0
2026-02-05,sz.300306,14.1400,14.2800,14.0300,14.0800,14.1900,3185500,45019302.0000,3,2.021200,1,-0.775200,43.398586,2.581157,9.042629,-163.559775,0
2026-02-05,sz.300307,7.2000,7.2300,7.1200,7.1200,7.2800,10003300,71697062.0000,3,1.268600,1,-2.197800,59.440161,1.750902,2.963891,-358.602223,0
2026-02-05,sz.300308,561.0100,577.7500,556.0100,561.9900,560.0000,31867515,18014061307.6000,3,2.882600,1,0.355400,73.027128,23.662449,19.789259,142.104879,0
2026-02-05,sz.300310,6.7800,6.9000,6.7600,6.8100,6.8500,24177788,164905402.1600,3,3.494500,1,-0.583900,-117.086977,3.147451,2.488821,-79.826978,0
2026-02-05,sz.300311,5.2500,5.4700,5.2100,5.2400,5.2500,27892498,148725759.0500,3,5.190200,1,-0.190500,-126.590596,5.970385,8.389856,135.189909,1
2026-02-05,sz.300313,8.2700,8.2700,8.1000,8.1400,8.3000,2115300,17267408.0000,3,1.071800,1,-1.927700,-54.191611,56.748609,21.736817,-367.897074,1
2026-02-05,sz.300314,14.3000,14.3900,14.2200,14.3000,14.3200,3901700,55876929.0000,3,2.714400,1,-0.139700,61.862653,3.379630,7.969717,29.128579,0
2026-02-05,sz.300315,5.8600,5.9600,5.8600,5.8700,5.9400,88699060,522404282.5300,3,3.433900,1,-1.178500,-1867.760288,3.212967,22.628556,921.722468,0
2026-02-05,sz.300316,57.5500,58.8800,55.0100,56.0800,62.2100,92371692,5234655655.5600,3,7.500400,1,-9.853700,162.862202,4.208705,6.457916,-70.926945,0
2026-02-05,sz.300317,4.4900,4.5500,4.3100,4.3200,4.4800,56173006,246454897.8200,3,6.776700,1,-3.571400,-14.772276,2.301668,6.240319,277.560130,0
2026-02-05,sz.300318,6.3800,6.4800,6.3300,6.3300,6.4000,13463908,86215779.0400,3,1.686100,1,-1.093800,-107.534026,3.842146,6.197379,-288.420425,0
2026-02-05,sz.300319,12.2800,12.3500,11.9700,12.0600,12.3200,20609800,249407447.0000,3,2.486100,1,-2.110400,31.754034,2.269122,2.918551,-254.020770,0
2026-02-05,sz.300320,10.3100,10.7500,10.2000,10.5400,10.3500,28034700,295448998.0900,3,5.771000,1,1.835700,29.914481,2.568922,1.749476,239.410293,0
2026-02-05,sz.300321,42.4400,43.0000,42.0100,42.2000,42.5800,1042000,44145347.0000,3,1.174800,1,-0.892400,470.536258,5.912938,9.607188,-1258.334008,0
2026-02-05,sz.300322,26.4000,26.6000,26.0000,26.0700,26.6800,14014408,367241723.1500,3,3.182000,1,-2.286400,-689.353695,12.025927,4.754029,-2559.213587,0
2026-02-05,sz.300323,8.7300,8.7800,8.5800,8.6500,8.8000,20356700,176131797.9800,3,2.315200,1,-1.704500,-31.388101,2.068011,2.647663,-35.167369,0
2026-02-05,sz.300324,5.7000,5.7100,5.5700,5.5700,5.7500,55596479,313122441.2900,3,3.251300,1,-3.130400,-31.653767,3.489115,3.414304,-45.034616,0
2026-02-05,sz.300326,6.0800,6.1900,6.0600,6.1300,6.0800,8257937,50683211.0700,3,1.159700,1,0.822400,-48.632091,1.577249,4.299621,107.288043,1
2026-02-05,sz.300327,30.0800,30.7600,29.4500,30.3000,30.4900,15662909,469803714.6000,3,4.621600,1,-0.623200,102.200620,5.913304,7.763344,-1441.657837,0
2026-02-05,sz.300328,16.2700,16.3500,15.7200,15.8900,16.4900,26113700,416557298.7800,3,3.804600,1,-3.638600,-9935.728408,10.016767,6.723283,243.217056,0
2026-02-05,sz.300329,13.6500,14.1500,13.6500,13.9800,13.9100,4018046,56264189.1400,3,1.593700,1,0.503200,-28.702965,5.215880,27.730911,-213.108339,0
2026-02-05,sz.300331,46.5000,46.9900,45.3300,45.9500,47.1700,7099370,326940367.1700,3,3.377200,1,-2.586400,-193.258154,7.625700,6.113283,97.209221,0
2026-02-05,sz.300332,5.6200,5.7000,5.4600,5.4700,5.5800,20112800,111558297.0000,3,2.423400,1,-1.971300,53.195598,1.112149,1.721087,-122.947857,0
2026-02-05,sz.300333,10.7500,10.8300,10.6700,10.7200,10.7500,4000844,43044364.5600,3,1.195100,1,-0.279100,-70.130691,6.210535,30.329463,-444.070037,0
2026-02-05,sz.300334,7.7600,7.7700,7.6000,7.6500,7.7100,4614702,35496488.5000,3,1.527900,1,-0.778200,95.203695,3.804865,9.641596,29.160896,0
2026-02-05,sz.300335,6.1500,6.2000,6.1200,6.1800,6.1900,12187900,75041392.0000,3,3.172600,1,-0.161600,58.361973,1.520696,2.619273,33.363743,0
2026-02-05,sz.300337,15.3000,15.6500,14.9100,15.0900,15.3700,42269055,644782553.7000,3,5.941700,1,-1.821700,1020.941764,7.177974,2.043687,65.541587,0
2026-02-05,sz.300338,3.8500,4.0200,3.7500,3.8500,3.8500,20387800,79484625.0000,3,5.835700,1,0.000000,-9.188549,-40.083234,10.801325,9.000578,1
2026-02-05,sz.300339,49.0200,49.4900,48.8100,48.8700,49.6400,13823093,678101101.9900,3,1.777500,1,-1.551200,301.698849,10.806513,10.493736,-1225.765831,0
2026-02-05,sz.300340,12.0300,12.0300,11.8200,11.8700,12.0600,4667950,55470993.7000,3,1.707000,1,-1.575500,-15.091070,-38.814821,1.698350,-150.757894,0
2026-02-05,sz.300341,17.1800,17.2100,16.8900,16.9600,17.3200,6630800,112773894.0000,3,1.286600,1,-2.078500,47.873994,4.559997,6.023787,700.560436,0
2026-02-05,sz.300342,50.8000,53.7600,50.7000,52.2100,53.2100,48267080,2515203976.7100,3,11.525100,1,-1.879300,373.610448,14.153496,25.307117,1975.912483,0
2026-02-05,sz.300343,6.0900,6.2000,6.0900,6.1400,6.1200,13313000,81819174.0000,3,1.248600,1,0.326800,119.101156,3.407331,7.306000,300.172753,1
2026-02-05,sz.300344,2.4200,2.7800,2.4200,2.7800,2.3200,126317878,338842294.3700,3,19.737300,1,19.827600,-13.152266,7.896636,6.924711,-51.291486,1
2026-02-05,sz.300345,7.3200,7.5600,7.2000,7.3300,7.5800,51665500,381692812.0000,3,10.778300,1,-3.298200,-19.985871,8.161245,4.301057,-661.120404,0
2026-02-05,sz.300346,53.0300,53.3900,51.5700,52.6000,53.9000,29033967,1520493028.3400,3,4.422200,1,-2.411900,118.746482,10.564035,14.704578,293.665469,0
2026-02-05,sz.300347,64.9000,65.2600,63.3000,63.7000,64.9400,11830299,756193140.7200,3,2.089400,1,-1.909500,89.598093,2.590030,8.359128,-151.519806,0
2026-02-05,sz.300348,13.7000,13.7700,13.6200,13.6700,13.7900,11779550,161245860.5000,3,1.661000,1,-0.870200,3453.326318,5.238535,6.193312,-79.160974,0
2026-02-05,sz.300349,16.8900,17.6300,16.8000,17.4700,16.9300,22920587,399452829.2800,3,6.206400,1,3.189600,27.065565,1.641985,2.285555,60.635167,0
2026-02-05,sz.300350,6.1800,6.2700,6.1600,6.1600,6.2000,10690580,66334869.6000,3,2.267000,1,-0.645200,-10374.237884,3.747119,8.961877,-28.452216,0
2026-02-05,sz.300351,17.6500,17.7100,17.3100,17.3100,17.7900,6175200,107848313.0000,3,2.344300,1,-2.698100,69.868890,2.700904,3.012058,12.857334,0
2026-02-05,sz.300352,6.4300,6.4700,6.1500,6.1700,6.4800,56052453,351627513.1700,3,4.390700,1,-4.784000,-33.957235,7.259885,35.093194,-499.785214,0
2026-02-05,sz.300353,22.5000,24.2000,22.3300,23.8700,22.7500,35710901,837518167.3400,3,6.646900,1,4.923100,361.362229,7.386622,15.247182,199.692621,0
2026-02-05,sz.300354,42.2500,42.5900,42.0200,42.1800,42.6300,1264024,53371983.1200,3,1.554600,1,-1.055600,47.017799,7.089680,10.945325,134.314217,0
2026-02-05,sz.300355,3.9600,3.9800,3.9300,3.9600,4.0300,30425955,120477177.9700,3,2.343200,1,-1.737000,106.333116,1.477371,2.448424,14.258717,0
2026-02-05,sz.300357,27.8600,27.9700,27.6400,27.7400,27.8600,5692117,158025714.2500,3,1.175900,1,-0.430700,37.200105,5.510492,13.852161,429.505299,0
2026-02-05,sz.300358,11.0100,11.1800,10.8300,10.8700,11.0400,15028464,164974341.8600,3,2.142900,1,-1.539900,-42.958975,1.789187,1.399369,22.492929,0
2026-02-05,sz.300359,5.6600,5.7600,5.6400,5.6500,5.7000,10045800,57240784.0000,3,1.586300,1,-0.877200,-30.030412,6.518402,9.839864,-114.814231,0
2026-02-05,sz.300360,17.6000,17.6900,17.1600,17.2400,17.6900,10045500,174121744.0000,3,2.008000,1,-2.543800,14.709379,2.098816,5.115509,101.296128,0
2026-02-05,sz.300363,24.1800,24.6400,23.8500,24.0200,24.0300,8936515,215380314.6900,3,1.791400,1,-0.041600,-9268.913909,2.446852,3.804400,-19.769695,0
2026-02-05,sz.300364,30.5500,31.9800,30.3900,30.7700,30.7000,59540878,1857640802.7300,3,9.015700,1,0.228000,-38.972137,47.414478,16.456798,124.319260,0
2026-02-05,sz.300365,6.1000,6.1600,6.0600,6.0700,6.1300,16485300,100544216.0000,3,3.221500,1,-0.978800,-22.812531,1.934285,3.194452,-144.990560,0
2026-02-05,sz.300366,6.6300,6.8000,6.5900,6.7200,6.6800,10261900,68899408.0000,3,1.934400,1,0.598800,-48.470997,2.491324,2.789603,-26.921038,1
2026-02-05,sz.300368,12.8800,13.0800,12.7300,12.8700,13.0300,16916796,218562991.2300,3,3.198200,1,-1.227900,-23.290011,36.537925,50.103103,-226.974919,0
2026-02-05,sz.300369,8.1800,8.2300,8.0700,8.0800,8.2600,20144638,163863581.0800,3,2.493000,1,-2.179200,-27.884810,2.667743,2.770612,-29.489096,0
2026-02-05,sz.300370,2.7200,2.7500,2.7100,2.7200,2.7400,13738160,37513800.4000,3,0.879800,1,-0.729900,-34.191513,8.367874,11.587968,95.557518,0
2026-02-05,sz.300371,13.9100,14.0500,13.8200,13.9400,13.9500,2162124,30223454.2400,3,1.608600,1,-0.071700,38.418121,2.393782,6.002931,82.160516,0
2026-02-05,sz.300373,77.8800,85.6500,76.6100,85.0000,78.5000,29183798,2374825816.3400,3,5.383000,1,8.280300,35.337744,4.995973,6.638099,81.685351,0
2026-02-05,sz.300374,16.5900,16.8800,16.4000,16.4000,16.7900,6118000,101592617.0000,3,3.138500,1,-2.322800,-82.403812,4.954430,2.065713,20.974962,0
2026-02-05,sz.300375,5.6700,5.7000,5.5900,5.6000,5.6700,23832600,134167438.0000,3,4.677300,1,-1.234600,90.509842,1.857704,1.554904,-17.978080,0
2026-02-05,sz.300376,6.7000,6.7500,6.6200,6.6700,6.7000,16054900,107331427.0000,3,0.689800,1,-0.447800,200.501190,2.319720,4.861234,55.008975,0
2026-02-05,sz.300377,22.3000,24.5000,22.2700,23.4200,22.8400,111011996,2600202022.0000,3,16.065500,1,2.539400,-38.742911,6.975191,13.628541,166.271908,0
2026-02-05,sz.300378,49.5000,50.2600,49.0000,49.2700,50.2400,11128138,550916093.6300,3,4.128600,1,-1.930700,85.303728,5.879873,5.640565,94.729538,0
2026-02-05,sz.300380,40.5000,41.4400,40.5000,41.0200,40.8900,2730923,111976475.8100,3,2.144200,1,0.317900,244.784597,14.676125,5.400593,105.640263,0
2026-02-05,sz.300381,6.8500,6.9700,6.8200,6.8200,6.8700,6695808,46119502.0400,3,1.368300,1,-0.727800,515.437528,1.293644,4.030777,-367.076090,0
2026-02-05,sz.300382,14.8000,14.8300,13.9800,14.0700,14.7500,16845053,240208001.6800,3,2.598200,1,-4.610200,-84.985334,3.964839,4.425691,-85.644394,0
2026-02-05,sz.300383,14.7000,15.2400,14.5200,14.9000,15.0000,97852725,1456793889.4400,3,5.455800,1,-0.666700,163.360533,2.101908,3.862729,38.432315,0
2026-02-05,sz.300384,16.8400,17.0900,16.8200,16.8500,16.9300,3206036,54213116.7800,3,1.455700,1,-0.472500,20.666589,1.944485,6.461052,-85.772033,0
2026-02-05,sz.300385,10.9700,13.1200,10.7600,12.9000,11.0900,30419124,365642029.7600,3,10.465400,1,16.321000,-9.129866,52.150427,9.187379,55.358816,0
2026-02-05,sz.300386,16.4500,16.7200,16.4500,16.6800,16.5600,3885400,64637454.0000,3,1.549500,1,0.724600,-157.366319,4.731262,9.575438,155.796235,0
2026-02-05,sz.300387,9.2900,9.5200,9.1500,9.1600,9.4000,18462880,171937444.6000,3,6.389500,1,-2.553200,32.177769,1.784877,2.005003,-59.320641,0
2026-02-05,sz.300388,8.3400,8.4000,8.3100,8.3600,8.3900,4596100,38415016.0000,3,0.676100,1,-0.357600,15.693069,1.224311,1.570727,-18.936154,0
2026-02-05,sz.300389,18.1900,18.2500,17.8800,17.9300,18.2100,6036667,108773740.2600,3,2.588800,1,-1.537600,35.895531,4.023199,1.734014,6.992253,0
2026-02-05,sz.300390,48.3000,48.7500,45.3000,45.8800,48.9500,23578513,1094769099.1300,3,3.505900,1,-6.271700,-890.388463,3.494376,5.666454,-15.254641,0
2026-02-05,sz.300391,0.9200,0.9200,0.9200,0.9200,0.9200,,,3,,0,,-0.490784,-0.501592,2.776782,27.456394,1
2026-02-05,sz.300393,10.2300,10.6000,9.8000,9.9600,10.3200,248962398,2538523542.5300,3,26.044700,1,-3.488400,-11.415194,3.667882,1.991269,-30.392420,0
2026-02-05,sz.300394,253.3300,261.4400,244.0000,251.9000,266.6600,41934157,10483390859.0300,3,5.404900,1,-5.535100,106.869489,40.145368,41.008277,557.742870,0
2026-02-05,sz.300395,93.5000,93.5000,89.6900,89.6900,95.2400,23886200,2166620899.3600,3,4.668700,1,-5.827400,113.338679,10.293335,25.882840,153.714580,0
2026-02-05,sz.300396,13.1200,13.3600,13.1100,13.2700,13.1900,2006800,26636879.0000,3,0.737000,1,0.606500,-26.240016,1.908825,7.080097,-15.867443,0
2026-02-05,sz.300397,13.9900,14.2000,13.8500,13.9000,14.0000,14921454,208919153.7500,3,3.679700,1,-0.714300,-57.792804,4.999736,18.303077,-398.978613,0
2026-02-05,sz.300398,27.2000,27.3000,25.7300,26.2400,27.9800,52745804,1387676696.8200,3,9.354600,1,-6.218700,44.862420,3.023243,4.816675,57.442650,0
2026-02-05,sz.300399,27.2000,27.9500,27.0600,27.6000,27.5100,7831778,216578296.5000,3,3.963800,1,0.327200,356.112427,10.625571,11.340636,-150.292384,0
2026-02-05,sz.300400,21.0500,21.0500,20.2800,20.4200,21.0300,3871000,79508955.0000,3,1.613400,1,-2.900600,45.456510,6.343339,6.460658,59.050361,0
2026-02-05,sz.300401,18.3000,18.6800,17.8300,18.0700,18.2000,20000329,363870411.3200,3,3.741100,1,-0.714300,32.539514,3.107870,7.910886,68.590315,0
2026-02-05,sz.300402,21.9900,22.6000,21.9200,22.0700,22.2200,6042100,133973393.0000,3,2.480100,1,-0.675100,90.288492,3.635091,3.877571,-26.866396,0
2026-02-05,sz.300403,13.6800,13.7300,13.4400,13.4500,13.7800,10244500,138643763.0000,3,2.398800,1,-2.394800,36.128191,3.792686,6.908340,72.659584,0
2026-02-05,sz.300404,10.4900,10.6800,10.4800,10.4900,10.5700,8393200,88734022.0000,3,2.989200,1,-0.756900,545.846206,3.966057,5.253696,293.045114,0
2026-02-05,sz.300405,7.1000,7.1200,6.8200,6.8800,7.0600,16243100,112806416.0000,3,7.422800,1,-2.549600,-33.284426,4.673976,3.441151,-274.119944,0
2026-02-05,sz.300406,13.3100,13.3100,13.1500,13.2100,13.2600,3537659,46746260.8500,3,0.833500,1,-0.377100,17.940524,2.025654,5.403900,-30.889154,0
2026-02-05,sz.300407,13.4500,13.6500,13.2100,13.3400,13.5900,10086100,134703016.0000,3,3.910300,1,-1.839600,44.300153,2.228161,1.644869,14.563059,0
2026-02-05,sz.300408,52.0200,52.1100,50.6800,51.6000,53.0000,35986626,1846535518.9500,3,1.924600,1,-2.641500,38.846687,4.708887,11.630736,35.778629,0
2026-02-05,sz.300409,28.8700,29.1700,28.2200,28.6200,29.3300,36868954,1056858212.8800,3,5.362800,1,-2.420700,52.651028,2.787746,2.929423,-42.584311,0
2026-02-05,sz.300410,8.8900,8.8900,8.6400,8.6400,8.9500,13375700,116471057.0000,3,3.643500,1,-3.463700,-36.753386,13.173629,4.063543,225.770172,0
2026-02-05,sz.300411,11.4500,11.5300,11.3700,11.3700,11.5300,3262000,37320248.0000,3,1.055300,1,-1.387700,724.451797,4.767740,10.151629,83.796400,0
2026-02-05,sz.300412,5.8500,5.9000,5.7900,5.8000,5.8600,12423700,72620188.0000,3,2.655400,1,-1.023900,92.252710,2.796982,2.125793,18.705718,0
2026-02-05,sz.300413,26.1500,26.9500,26.1500,26.6500,26.4300,27262268,727190217.7100,3,2.668300,1,0.832400,53.270835,2.152866,3.875197,-55.869424,0
2026-02-05,sz.300414,15.4300,15.7400,15.3300,15.4400,15.6500,10929223,169451643.4100,3,3.485900,1,-1.341900,234.947908,5.064113,10.887191,-60.424006,0
2026-02-05,sz.300415,25.8100,25.9700,25.4900,25.7200,25.9000,6012372,154389358.9600,3,1.327000,1,-0.695000,17.422299,3.864607,2.116057,49.396984,0
2026-02-05,sz.300416,18.6000,18.9300,18.3400,18.5000,18.7600,13301736,246642883.2900,3,2.633300,1,-1.385900,39.223610,3.532325,4.373076,-200.591739,0
2026-02-05,sz.300417,13.8700,14.0100,13.8000,13.8600,13.8000,3417890,47514288.6000,3,3.903400,1,0.434800,-475.543448,4.062104,11.163847,65.382696,0
2026-02-05,sz.300418,56.5700,61.6700,56.5700,59.2600,58.8800,129470627,7766645690.6300,3,10.320600,1,0.645400,-45.539270,5.297572,9.738393,655.537547,0
2026-02-05,sz.300419,6.7400,6.8400,6.7000,6.7700,6.7700,4980160,33832082.6000,3,1.354200,1,0.000000,-101.924412,5.768626,8.066988,-136.639263,1
2026-02-05,sz.300420,4.0600,4.0800,3.9900,3.9900,4.0900,33691274,135621390.7200,3,3.018100,1,-2.445000,-123.094646,1.885484,4.461141,-26.921151,0
2026-02-05,sz.300421,27.8000,27.8100,27.0500,27.1200,28.0500,13697860,374046869.0000,3,5.946700,1,-3.315500,141.984076,6.283634,7.370377,320.397664,0
2026-02-05,sz.300422,5.0700,5.1000,5.0200,5.0500,5.0700,6291453,31825159.2000,3,1.230100,1,-0.394500,-2.643220,2.433139,1.408594,18.282136,0
2026-02-05,sz.300423,9.7000,9.8600,9.3300,9.4500,9.9800,73084936,692548262.5800,3,21.923700,1,-5.310600,-36.226414,3.487244,4.535130,-23.228782,0
2026-02-05,sz.300424,18.9100,19.4500,18.8900,18.8900,19.0700,11380417,217808223.4500,3,4.639600,1,-0.943900,-47.908502,6.098241,2.662964,-965.306490,0
2026-02-05,sz.300425,5.3000,5.3500,5.2600,5.2600,5.3200,8518400,45147826.0000,3,1.254400,1,-1.127800,57.370406,1.526519,2.150546,53.232455,0
2026-02-05,sz.300426,8.8000,9.2500,8.7900,9.2000,8.8600,20862550,190631654.0000,3,5.215600,1,3.837500,-12.992448,28.140911,16.998642,-176.283569,0
2026-02-05,sz.300427,15.1000,15.1500,14.6000,14.6000,15.9000,74702420,1106872179.9600,3,14.851200,1,-8.176100,-31.106922,5.799967,10.957265,-117.610041,0
2026-02-05,sz.300428,23.1300,23.1300,22.4300,22.5000,23.2200,9839166,222988909.2200,3,1.648800,1,-3.100800,18.381343,1.988958,0.500857,-339.874156,0
2026-02-05,sz.300429,14.7000,15.2100,14.6000,14.6800,14.8300,19869720,294778121.9500,3,4.984500,1,-1.011500,-43.713008,4.570475,8.323595,181.563526,0
2026-02-05,sz.300430,21.5400,21.9800,21.4300,21.5900,21.7000,8486328,183903547.7000,3,3.265800,1,-0.506900,88.888851,2.576962,7.407406,-103.276791,0
2026-02-05,sz.300432,18.2000,18.2600,17.5700,17.8100,18.4900,65291570,1160863103.5500,3,3.862100,1,-3.677700,74.060164,6.635303,2.608842,99.327525,0
2026-02-05,sz.300433,36.5100,36.5100,35.1300,35.4400,36.9600,69887529,2487916252.2900,3,1.404800,1,-4.112600,45.722830,3.478045,2.421735,-83.414904,0
2026-02-05,sz.300434,10.7600,10.8700,10.7200,10.7200,10.7900,5779700,62392761.0000,3,1.689400,1,-0.648700,33.027138,1.711012,4.085449,-81.191213,0
2026-02-05,sz.300435,30.6000,30.7700,29.7500,29.8700,31.1000,20342884,612582594.6000,3,5.515700,1,-3.955000,169.249885,3.478450,4.085831,-32.300398,0
2026-02-05,sz.300436,117.7800,135.9900,114.0000,131.0200,116.0100,19535125,2431844141.3500,3,14.288200,1,12.938500,-105.791058,54.478424,48.418005,181.443862,0
2026-02-05,sz.300437,15.1600,15.5000,14.9300,15.0000,15.5700,12055975,182403016.4300,3,6.857400,1,-3.660900,-94.319634,2.717934,4.281533,-66.398050,0
2026-02-05,sz.300438,46.9000,47.9900,45.0100,47.1700,47.0000,26701591,1245648400.8100,3,6.606600,1,0.361700,-119.665201,4.556971,2.399826,356.943140,0
2026-02-05,sz.300439,10.2700,10.3100,10.2000,10.2000,10.2500,2631291,26950747.2000,3,0.900100,1,-0.487800,41.628546,1.326231,2.664194,99.029287,0
2026-02-05,sz.300440,13.9700,14.2000,13.8300,14.1500,13.9500,6505900,91387088.0000,3,1.486000,1,1.433700,126.053587,3.817610,6.191461,-76.733825,0
2026-02-05,sz.300441,7.7800,7.8000,7.7400,7.7600,7.8100,3723864,28934936.5600,3,0.594300,1,-0.640200,17.232965,2.024670,2.757856,-12.210031,0
2026-02-05,sz.300442,78.2900,80.2500,75.7500,76.5000,82.1800,56480200,4376831488.2000,3,3.468500,1,-6.911700,25.104064,9.230504,25.594111,69.224925,0
2026-02-05,sz.300443,27.1000,27.1800,26.1600,26.3900,27.2200,7708422,204191354.4000,3,3.175100,1,-3.049200,25.697009,1.341289,3.046616,-17.022664,0
2026-02-05,sz.300444,15.4600,15.5500,14.7000,14.8100,15.8500,101973804,1526908501.7400,3,16.409100,1,-6.561500,131.907802,6.641987,2.804066,215.083732,0
2026-02-05,sz.300445,24.0800,24.6600,23.7500,23.8400,25.0300,7073400,170261339.8000,3,4.979000,1,-4.754300,38.857579,3.983199,8.286174,27.855905,0
2026-02-05,sz.300446,23.6700,23.9000,23.3200,23.4600,23.8100,13324679,313775033.5600,3,3.566900,1,-1.470000,21.877898,3.500079,2.205972,5548.478920,0
2026-02-05,sz.300447,21.1400,22.0900,20.7900,21.5800,21.5400,26179650,562875406.5000,3,13.006100,1,0.185700,-721.613621,3.371122,8.636413,32.292322,0
2026-02-05,sz.300448,9.3000,9.6700,9.3000,9.5600,9.4900,31516534,301180159.6100,3,6.784400,1,0.737600,-96.185562,5.270271,23.517478,576.698942,0
2026-02-05,sz.300449,7.2600,7.3700,7.2500,7.3000,7.2900,4957600,36276484.0000,3,1.284200,1,0.137200,-31.169249,9.076644,15.518076,-25.533451,0
2026-02-05,sz.300450,58.7000,59.6700,56.7400,57.1800,59.2900,56879565,3284423987.2900,3,3.647500,1,-3.558800,103.655968,7.027523,6.793619,31.312477,0
2026-02-05,sz.300451,5.3300,5.4200,5.3100,5.3600,5.3800,27019829,144931868.7300,3,1.769800,1,-0.371700,-23.826022,1.928482,7.442155,171.892460,0
2026-02-05,sz.300452,15.9400,17.1400,15.8800,16.2800,15.7700,28878686,477252152.6200,3,14.539100,1,3.234000,29.459582,4.091727,4.083421,40.294371,0
2026-02-05,sz.300453,9.2800,9.6000,9.2600,9.4300,9.3200,10437200,98871072.8000,3,2.900400,1,1.180300,20.138604,3.564865,3.104753,205.851117,0
2026-02-05,sz.300454,139.0200,141.8400,138.2800,139.4900,142.7000,8085755,1128997051.1200,3,2.918600,1,-2.249500,84.304905,6.444667,7.323529,-245.576134,0
2026-02-05,sz.300455,27.3900,28.2500,27.0000,27.5400,27.8300,18309025,506666461.2300,3,2.583700,1,-1.042000,-172.239495,11.721856,15.092357,-839.632711,0
2026-02-05,sz.300456,54.0000,55.2900,51.7500,51.8200,55.2500,54837790,2895375516.9700,3,9.178700,1,-6.208100,24.903778,5.577176,35.748133,24.434469,0
2026-02-05,sz.300457,29.1500,29.3200,28.1200,28.2800,29.1500,13593499,388406846.9500,3,2.145100,1,-2.984600,58.955425,2.775913,2.066448,18.261469,0
2026-02-05,sz.300458,41.7100,41.9800,41.1000,41.3800,42.3900,15313712,634267732.3400,3,2.266400,1,-2.382600,116.098958,10.922270,12.360614,1388.812708,0
2026-02-05,sz.300459,4.9500,5.0200,4.9300,4.9700,4.9900,113011313,563237614.6400,3,3.437900,1,-0.400800,-17.711068,8.340907,17.988060,-104.114678,0
2026-02-05,sz.300460,8.5600,8.7700,8.5100,8.5800,8.5800,6878600,59368707.0000,3,2.449600,1,0.000000,-9.030326,4.316275,4.541600,-96.747865,1
2026-02-05,sz.300461,41.3500,42.1400,40.9900,42.1400,35.1200,4248479,177577078.0000,3,2.956400,1,19.988600,-57.657485,12.444888,36.985186,139.705138,0
2026-02-05,sz.300462,11.5200,11.5900,11.4300,11.4800,11.5000,1716900,19740458.0000,3,1.243800,1,-0.173900,54.549448,1.455228,2.863303,24.281195,1
2026-02-05,sz.300463,12.0700,12.1400,11.9800,11.9900,12.1500,9759818,117525456.5000,3,1.984500,1,-1.316900,-61.720789,1.146036,3.281969,-52.153168,0
2026-02-05,sz.300464,6.7200,6.8100,6.7100,6.7700,6.6700,13076312,88445204.8800,3,3.679900,1,1.499300,-7.491049,22.320272,2.158549,201.503250,0
2026-02-05,sz.300465,18.8000,19.0000,18.1500,18.3400,18.7600,11744900,218119138.4500,3,2.646700,1,-2.238800,283.931072,12.129298,7.123451,831.532100,0
2026-02-05,sz.300466,10.0700,10.1300,9.7900,9.7900,10.0900,9978020,98681227.0000,3,2.222900,1,-2.973200,-68.563602,7.273362,9.872621,85.070949,0
2026-02-05,sz.300467,33.3600,34.3900,33.2300,33.6600,33.6500,4647500,156784449.0000,3,2.757200,1,0.029700,423.830120,10.713119,24.116294,-256.471237,0
2026-02-05,sz.300468,32.8700,33.7700,32.6800,33.6200,33.4000,22114794,738895605.7000,3,4.174200,1,0.658700,218.277402,10.839441,26.878131,103.710520,0
2026-02-05,sz.300469,61.6100,64.9900,60.6000,64.2000,61.7100,8216411,518890415.6100,3,3.310000,1,4.035000,-122.009224,41.821845,58.657143,-115.903159,0
2026-02-05,sz.300470,37.5100,37.7500,37.1500,37.2000,37.6500,1849200,69125290.0000,3,0.937200,1,-1.195200,19.350605,2.782835,4.531851,-534.566234,0
2026-02-05,sz.300471,15.5800,15.8700,15.0500,15.1600,16.0800,38158533,585805516.7400,3,10.410200,1,-5.721400,-124.350598,4.575403,7.282608,15.995396,0
2026-02-05,sz.300472,7.7500,8.1900,7.6700,7.9400,7.7500,6541360,51860936.2000,3,2.469900,1,2.451600,-4.699977,-39.719424,-28.714261,-437.875978,1
2026-02-05,sz.300473,33.2900,33.8300,32.7900,32.9500,33.4300,3080800,101953680.0000,3,2.046700,1,-1.435800,64.028685,3.288007,1.173988,-124.104332,0
2026-02-05,sz.300474,71.4000,71.7800,70.7000,70.9100,71.9700,6388764,454094819.5600,3,1.571800,1,-1.472800,-141.701986,5.315107,71.280313,11.352314,0
2026-02-05,sz.300475,139.6400,142.2400,137.0000,139.9000,144.5300,20738134,2894461115.4900,3,4.656300,1,-3.203500,251.011148,19.220527,1.903882,-150.896917,0
2026-02-05,sz.300476,252.5100,255.6000,250.0000,253.1400,256.5000,16173409,4089786700.3700,3,1.891200,1,-1.309900,60.616704,14.522196,12.845893,91.195592,0
2026-02-05,sz.300477,3.0100,3.1700,2.9800,3.1300,3.0400,70737300,218211541.0600,3,7.139000,1,2.960500,-5.727297,3.402552,2.101958,-188.128755,1
2026-02-05,sz.300478,24.9100,25.3000,24.8200,24.8600,25.1600,2021279,50635797.4800,3,1.595700,1,-1.192400,-127.071345,61.312530,7.046756,-1653.957574,0
2026-02-05,sz.300479,20.8000,21.1800,20.6400,20.9900,21.0000,8302800,174477114.9000,3,4.216200,1,-0.047600,177.653767,9.402515,4.001452,-28.518018,0
2026-02-05,sz.300480,23.0600,23.3600,22.2600,22.7700,23.5100,20621683,468762830.9300,3,8.331000,1,-3.147600,-358.574872,6.269308,12.315383,-72.802296,0
2026-02-05,sz.300481,17.3700,17.6300,16.7100,16.7600,17.5100,11607506,197199580.2300,3,4.001500,1,-4.283300,32.559496,2.035151,3.503233,-1147.490300,0
2026-02-05,sz.300482,20.7000,20.7600,20.5200,20.6500,20.8400,6803314,140486400.7400,3,1.580700,1,-0.911700,37.258068,1.792313,3.755776,-158.118050,0
2026-02-05,sz.300483,15.3800,16.0900,15.2100,15.3900,15.9300,20437718,316808850.1400,3,6.511200,1,-3.389800,-7.620223,2.534689,1.900035,90.057021,0
2026-02-05,sz.300484,19.2000,19.4000,19.1000,19.1000,19.3200,2753900,52882559.0000,3,1.655500,1,-1.138700,73.164776,5.858979,8.401335,-603.243044,0
2026-02-05,sz.300485,11.0700,11.1100,10.9600,10.9800,11.0700,3846800,42436476.0000,3,1.404900,1,-0.813000,65.128029,1.551602,13.148518,-277.912844,0
2026-02-05,sz.300486,21.7600,21.9300,21.0000,21.1400,22.0600,14383006,306686125.5000,3,3.015300,1,-4.170400,-58.672150,6.016859,10.579045,-61.763051,0
2026-02-05,sz.300487,69.0000,69.2000,67.6100,68.2800,69.0500,2340226,159757581.8200,3,0.759800,1,-1.115100,41.260400,8.674706,13.392776,54.608150,0
2026-02-05,sz.300488,32.7700,33.0300,32.3700,32.3700,32.9100,803000,26186543.0000,3,0.557000,1,-1.640800,38.184641,3.435832,8.184703,174.367992,0
2026-02-05,sz.300489,43.3900,43.3900,42.0100,42.1300,43.4000,2149551,91368927.9600,3,1.567100,1,-2.926300,203.030663,9.155872,2.985654,-103.653648,0
2026-02-05,sz.300490,16.8000,17.2200,15.9200,16.2600,16.9600,37939700,620585951.0000,3,9.647700,1,-4.127400,-14.724474,2.941165,3.206387,-57.760888,0
2026-02-05,sz.300491,27.6900,28.5400,27.0600,27.2200,27.4100,11198340,309248564.0000,3,7.178900,1,-0.693200,203.649266,4.063253,3.302801,-112.058024,0
2026-02-05,sz.300492,79.7400,81.2800,77.8900,78.7500,80.0200,1474699,116477467.5500,3,0.749800,1,-1.587100,89.694155,39.003530,4.891765,505.026868,0
2026-02-05,sz.300493,19.1100,19.3300,19.0600,19.1900,19.3200,11930497,228723957.7900,3,2.355000,1,-0.672900,217.049882,8.450910,3.487406,93.234335,0
2026-02-05,sz.300494,13.3900,13.8200,13.3300,13.6900,13.5900,20975780,286696006.8000,3,5.265700,1,0.735800,-28.912299,4.663412,5.498576,27.323166,0
2026-02-05,sz.300496,71.4900,71.7600,70.2100,70.5800,72.1500,10486027,742703156.9700,3,2.844700,1,-2.176000,67.118769,3.228603,4.755958,-62.460781,0
2026-02-05,sz.300497,15.1000,15.3900,15.0700,15.1800,15.1900,13118461,199796095.4300,3,2.975800,1,-0.065800,-29.975721,3.805659,8.426778,-173.116055,0
2026-02-05,sz.300498,15.9700,16.2000,15.8900,15.9500,16.0200,47617548,763477151.5100,3,0.800000,1,-0.437000,13.177674,2.463991,1.011803,-31.336058,0
2026-02-05,sz.300499,28.0000,28.2300,27.1100,27.2900,28.4100,15333136,420934455.9600,3,5.649600,1,-3.942300,5333.074164,6.017537,9.080577,80.383040,0
2026-02-05,sz.300500,12.7400,12.8800,12.6000,12.6200,12.7400,2930700,37271529.0000,3,1.748600,1,-0.941900,-56.701585,1.976689,2.437980,-24.150168,0
2026-02-05,sz.300501,15.5200,15.7400,15.4300,15.5000,15.5900,2537331,39437036.6700,3,2.519100,1,-0.577300,68.909216,1.986688,2.633503,-39.519575,0
2026-02-05,sz.300502,391.0000,399.9000,381.1000,383.0000,399.2000,36506803,14165853853.3700,3,4.123100,1,-4.058100,50.633596,26.212158,19.015135,119.682201,0
2026-02-05,sz.300503,55.2000,55.6600,54.3000,54.6900,56.6100,13711150,752012186.5000,3,5.689900,1,-3.391600,136.335483,12.540435,11.375143,342.560066,0
2026-02-05,sz.300504,14.8000,15.0500,14.6800,14.8600,14.8400,3841400,57215184.0000,3,1.760100,1,0.134800,-33.524050,1.899379,3.095376,-23.249279,0
2026-02-05,sz.300505,28.4100,28.5900,27.1900,27.3200,28.5600,13287437,367133167.4800,3,6.113100,1,-4.341700,20.294441,2.715672,1.968862,78.780279,0
2026-02-05,sz.300506,4.8200,4.9400,4.7800,4.8100,4.8500,8933510,43240690.1000,3,1.215900,1,-0.824700,-32.625521,-402.932046,56.207023,167.229032,1
2026-02-05,sz.300507,9.4500,9.4800,9.3000,9.3300,9.5100,10686427,100015922.0700,3,1.378900,1,-1.892700,65.644707,3.526924,3.002425,-96.641876,0
2026-02-05,sz.300508,44.0000,45.0500,43.4700,44.1200,44.6900,3517036,155170048.9200,3,4.292100,1,-1.275500,55.135005,5.672771,9.257871,-329.891705,0
2026-02-05,sz.300509,14.6000,14.6900,14.2800,14.3500,14.7900,7350460,106023798.8000,3,2.974600,1,-2.975000,43.616657,6.887501,3.561179,12.371757,0
2026-02-05,sz.300510,4.5100,4.5200,4.3800,4.3900,4.5400,25036346,111000827.6200,3,3.035800,1,-3.304000,-9.357423,1.633282,3.657142,-68.680369,0
2026-02-05,sz.300511,6.2100,6.2700,6.1400,6.1600,6.2700,19149605,118324200.1400,3,3.419200,1,-1.754400,-7.656219,2.722738,2.138092,-64.340826,0
2026-02-05,sz.300512,10.2600,10.2600,10.0600,10.0600,10.3200,5350800,54240019.0000,3,1.652000,1,-2.519400,120.126067,2.536043,3.627551,88.414746,0
2026-02-05,sz.300513,9.5400,9.6000,9.4000,9.4100,9.5500,5911500,56020946.0000,3,2.050600,1,-1.466000,-2.870383,2.236950,3.103228,40.650355,0
2026-02-05,sz.300514,14.3800,14.4800,14.1400,14.1500,14.4400,3370100,48150338.0000,3,2.102900,1,-2.008300,24.806420,2.678162,3.668750,-81.039883,0
2026-02-05,sz.300515,19.9100,20.0600,19.7700,19.7900,20.0300,1704900,33910498.0000,3,0.845000,1,-1.198200,22.580647,4.719957,6.097293,115.281522,0
2026-02-05,sz.300516,70.0100,72.7000,69.5000,69.7600,71.7900,6904880,488324216.2000,3,3.836000,1,-2.827700,385.491704,9.668002,20.425736,-444.544182,0
2026-02-05,sz.300517,12.2700,12.4500,12.2000,12.3000,12.2700,2777860,34211650.4000,3,2.239700,1,0.244500,-807.368880,2.442476,8.177669,-437.556508,0
2026-02-05,sz.300518,20.4700,20.9500,20.3500,20.4200,20.6600,4187776,86247312.6800,3,2.100300,1,-1.161700,-15.661909,5.416351,24.670580,37.979152,0
2026-02-05,sz.300519,15.9100,16.2000,15.8700,16.0900,15.9600,2637900,42467432.0000,3,2.311900,1,0.814500,44.429248,3.109373,10.014508,-19.214669,0
2026-02-05,sz.300520,43.9700,47.3500,43.5000,45.9900,44.3200,40945598,1872058893.5700,3,14.728200,1,3.768100,-166.998666,7.590240,8.144078,196.991741,0
2026-02-05,sz.300521,34.0400,34.6400,33.9000,34.0100,34.5000,2924600,99944364.0000,3,1.953200,1,-1.420300,-383.606590,9.669495,27.190328,-356.273340,0
2026-02-05,sz.300522,12.2800,12.3600,12.1400,12.1700,12.3200,2616990,32029013.1000,3,0.994700,1,-1.217500,763.886735,4.878816,5.524714,108.481552,0
2026-02-05,sz.300523,23.0000,23.7700,22.7600,23.2900,22.9500,4012470,93801128.7000,3,1.726800,1,1.481500,-17.342264,5.128051,4.449290,349.881563,0
2026-02-05,sz.300525,12.9800,13.1400,12.9300,12.9500,13.1900,16654866,216479261.3900,3,2.677300,1,-1.819600,35.735738,3.899674,4.798493,-177.542224,0
2026-02-05,sz.300527,8.3500,8.5200,8.3500,8.4500,8.3900,18080208,153145685.8600,3,1.778200,1,0.715100,739.671575,2.951857,8.335434,34.696461,1
2026-02-05,sz.300528,22.0100,25.8000,21.9600,24.8100,22.2500,65510510,1589582774.2000,3,17.581600,1,11.505600,-73.087800,17.494119,12.871155,-356.727148,0
2026-02-05,sz.300529,20.6300,20.7800,20.5300,20.6600,20.6300,5592506,115607872.8000,3,1.091300,1,0.145400,34.245490,4.984251,8.097154,-55.472926,0
2026-02-05,sz.300530,28.7000,28.8100,27.8800,27.8800,28.8600,2088925,58936467.0000,3,1.320000,1,-3.395700,-13.124753,89.499410,38.039408,-32.488901,0
2026-02-05,sz.300531,17.3600,17.5400,17.2300,17.3500,17.4500,3145400,54747459.0000,3,1.018700,1,-0.573100,-66.756612,3.965446,3.810092,-33.222121,0
2026-02-05,sz.300532,12.1200,12.2300,12.0400,12.0500,12.2000,4242705,51379815.8500,3,0.982600,1,-1.229500,24.262491,2.931328,2.684923,38.572226,0
2026-02-05,sz.300533,33.1400,33.7400,33.0600,33.4400,33.4700,5206475,174323656.2500,3,3.155800,1,-0.089600,10.865347,4.425224,2.924082,-382.493788,0
2026-02-05,sz.300534,10.4800,10.7900,10.1600,10.2100,10.3800,16924300,175227037.0000,3,5.603100,1,-1.637800,111.279847,4.488258,3.386170,-19.803217,0
2026-02-05,sz.300535,20.9900,21.4100,20.7800,21.0400,20.9900,2547645,53790639.7300,3,3.261800,1,0.238200,-150.233452,2.380271,3.032369,-79.860977,0
2026-02-05,sz.300536,9.1600,9.2800,9.0000,9.0400,9.1300,4871200,44350266.0000,3,1.661000,1,-0.985800,-26.248625,5.921544,15.467515,396.505051,0
2026-02-05,sz.300537,25.3200,26.0000,24.8300,25.4700,25.5000,16992057,433180964.8100,3,11.190800,1,-0.117600,-89.254259,5.861596,11.023060,31.454965,0
2026-02-05,sz.300538,16.2800,16.3700,16.0100,16.0500,16.3000,4280000,69244994.0000,3,3.537600,1,-1.533700,-30.915239,3.034076,0.878784,-98.824618,0
2026-02-05,sz.300539,32.8800,32.9500,32.4200,32.6600,32.9300,2517700,82183720.0000,3,1.459200,1,-0.819900,170.845228,7.535764,9.655459,59.104461,0
2026-02-05,sz.300540,24.5000,24.6200,23.4900,23.7600,25.1000,10799234,258536169.2400,3,5.223900,1,-5.338600,79.495591,4.941025,6.583617,110.017089,0
2026-02-05,sz.300541,15.9800,16.3500,15.9200,16.0600,16.2300,20238469,327702529.6400,3,5.235300,1,-1.047400,75.177296,4.008645,2.320990,404.249733,0
2026-02-05,sz.300542,18.2400,18.4400,18.1600,18.3000,18.3700,2574500,47121863.0000,3,1.039500,1,-0.381100,-63.235179,10.093118,4.108520,-3482.726135,0
2026-02-05,sz.300543,11.0900,11.1800,10.9500,10.9500,11.1500,4305310,47569162.4000,3,1.720800,1,-1.793700,93.339876,2.287723,2.046843,-38.623759,0
2026-02-05,sz.300545,31.8000,32.4500,31.2300,31.5100,32.0400,5892607,187079098.4500,3,4.928600,1,-1.654200,40.421147,2.736555,4.407746,-115.642652,0
2026-02-05,sz.300546,23.8700,24.1300,23.8100,23.8600,24.0700,2285390,54703050.1000,3,1.706600,1,-0.872500,121.036119,3.960645,7.812081,71.883009,0
2026-02-05,sz.300547,34.7900,35.6500,34.1800,34.3500,34.9100,5263800,182757985.0000,3,2.953500,1,-1.604100,38.763464,5.830206,5.047061,-390.475976,0
2026-02-05,sz.300548,165.0400,167.7500,157.0000,159.3600,158.0800,27339220,4422025141.1800,3,10.152800,1,0.809700,163.297611,24.826799,20.135817,-297.297129,0
2026-02-05,sz.300549,19.0700,19.2900,18.9100,19.0200,19.0700,1558200,29789363.0000,3,1.541900,1,-0.262200,261.168201,4.598578,7.529232,311.346652,0
2026-02-05,sz.300550,14.1200,14.3100,14.0200,14.1000,14.2800,3516200,49822059.0000,3,1.340400,1,-1.260500,72.150673,3.314115,9.137564,-34.499858,0
2026-02-05,sz.300551,17.0700,17.4600,17.0300,17.0800,17.2100,8230500,141412464.7500,3,2.427400,1,-0.755400,-17.827951,13.269641,30.543821,-177.866825,0
2026-02-05,sz.300552,32.5000,33.0500,32.1500,32.2700,32.4400,6732520,218724923.2000,3,4.887100,1,-0.524000,-25.966879,3.829710,6.901108,47.275732,0
2026-02-05,sz.300553,42.3000,42.4600,41.7100,41.9200,42.6700,1959230,82250414.5000,3,2.325300,1,-1.757700,124.929939,5.469649,13.728713,-61.145635,0
2026-02-05,sz.300554,25.2400,25.2400,24.2200,24.3000,25.3600,3833598,94305035.4000,3,4.844100,1,-4.179800,-24.424938,4.341260,11.819895,38.958260,0
2026-02-05,sz.300555,14.2400,14.4700,14.1100,14.3000,14.4600,3134700,44549071.0000,3,1.583300,1,-1.106500,-49.613118,6.018188,18.547233,93.296705,1
2026-02-05,sz.300556,20.1500,20.7800,20.0500,20.5600,20.2400,6509800,134048738.0000,3,6.083400,1,1.581000,-9.262853,5.634448,4.632223,-38.537085,0
2026-02-05,sz.300557,35.1900,35.5900,34.9200,34.9800,35.3900,2183780,76888716.8000,3,1.830700,1,-1.158500,89.755635,4.237468,6.011725,-681.898646,0
2026-02-05,sz.300558,46.7900,48.0500,46.7500,47.4900,46.7100,6272779,298166663.7700,3,1.495700,1,1.669900,65.882774,3.419354,6.120304,-110.383304,0
2026-02-05,sz.300559,12.0500,12.1700,11.9500,11.9900,12.0700,4246100,51106379.0000,3,1.364700,1,-0.662800,137.847801,3.959689,11.103319,47.546903,0
2026-02-05,sz.300560,16.0000,16.6500,15.9000,16.4600,16.1000,15362610,252460014.6800,3,8.216800,1,2.236000,-31.570258,3.897777,3.759705,-50.071556,0
2026-02-05,sz.300561,14.5200,14.7800,14.5200,14.5200,18.1500,20757800,301432993.4000,3,8.611100,1,-20.000000,-305.464157,7.941277,49.576644,175.255233,1
2026-02-05,sz.300562,14.6900,14.8000,14.5900,14.7000,14.6900,4436200,65251759.0000,3,2.735600,1,0.068100,41.998067,3.172402,3.263317,19.157891,0
2026-02-05,sz.300563,36.3800,36.6300,36.0900,36.1000,37.0300,3791989,137649433.0800,3,2.959100,1,-2.511500,100.400165,6.044031,7.681292,97.277438,0
2026-02-05,sz.300564,15.6000,15.6800,15.2900,15.3300,15.5000,2501600,38714694.0000,3,2.210100,1,-1.096800,169.262884,2.048184,7.582477,-27.858758,0
2026-02-05,sz.300565,12.6500,12.6500,12.2800,12.2900,12.6500,7834180,97334856.0000,3,3.433000,1,-2.845800,-21.113313,5.454355,4.793987,106.407638,0
2026-02-05,sz.300566,20.0200,20.2500,19.8200,19.8700,20.0700,5833850,116387130.3000,3,2.573600,1,-0.996500,27.719878,2.467945,2.406605,-77.443093,0
2026-02-05,sz.300567,128.6600,132.3200,123.8700,130.5400,130.1500,12612371,1611186938.0300,3,5.554900,1,0.299700,-457.904968,10.334170,12.151792,-55.514169,0
2026-02-05,sz.300568,13.6700,13.8500,13.4300,13.5900,13.7800,27438849,372791300.7600,3,2.254400,1,-1.378800,141.918015,1.854194,4.696938,-12.064509,0
2026-02-05,sz.300569,6.2700,6.2900,6.1000,6.1200,6.3200,26548415,163674291.8000,3,2.603800,1,-3.164600,-34.163326,1.208145,1.581022,-55.713536,0
2026-02-05,sz.300570,126.0000,128.4000,114.4000,116.5200,129.8900,32887204,3922528915.4900,3,17.111500,1,-10.293300,70.425579,15.939411,15.788302,282.154476,0
2026-02-05,sz.300571,28.1800,28.9500,28.0200,28.3600,28.3700,2889000,82481180.0000,3,2.498300,1,-0.035200,-34.536132,2.723250,4.143021,-27.092247,0
2026-02-05,sz.300572,28.5000,29.4200,28.2800,28.5800,28.4900,6616144,191972402.2000,3,3.603600,1,0.315900,-31.506542,3.694813,14.619231,-107.461151,0
2026-02-05,sz.300573,70.5600,70.9800,69.7000,70.0500,70.9700,5640841,395684065.8200,3,2.976200,1,-1.296300,26.713474,9.294383,7.169290,-131.693426,0
2026-02-05,sz.300575,6.5100,6.5700,6.4300,6.4400,6.5300,8107900,52686679.0000,3,2.365800,1,-1.378300,-20.043049,1.556077,1.221327,31.898015,0
2026-02-05,sz.300576,40.2000,40.2500,39.3400,39.9600,40.5200,6355061,253141637.7300,3,2.731500,1,-1.382000,126.186332,8.650139,14.000190,144.796310,0
2026-02-05,sz.300577,21.0100,21.3900,20.7300,21.0900,21.0000,1708034,36067051.3800,3,1.201400,1,0.428600,14.960586,2.320092,1.025115,7.586454,0
2026-02-05,sz.300578,24.5000,25.1500,24.4100,24.9900,24.7300,9716500,240887423.0000,3,4.902000,1,1.051400,297.754870,4.167250,10.977381,43.491249,0
2026-02-05,sz.300579,30.8700,31.0400,30.6100,30.6200,31.0500,2364800,72775188.0000,3,0.901600,1,-1.384900,-110.687787,10.574126,8.661854,34.471868,0
2026-02-05,sz.300580,24.1900,24.3200,23.7100,23.7300,24.3300,4452094,106358364.3800,3,0.945600,1,-2.466100,39.575257,3.653973,8.274836,815.928102,0
2026-02-05,sz.300581,15.7300,16.0900,15.7100,15.7600,15.9500,8920362,141283499.1700,3,1.621600,1,-1.191200,-190.454039,9.074352,71.120417,4208.486865,0
2026-02-05,sz.300582,17.9000,18.4900,17.7000,18.2300,18.0800,17289625,313777203.1700,3,7.804300,1,0.829600,-46.810386,4.108150,2.274503,72.286099,0
2026-02-05,sz.300583,14.6800,15.0000,14.6200,14.7900,14.7300,2618300,38919012.0000,3,1.406600,1,0.407300,-16.244900,1.588641,2.938652,31.739436,0
2026-02-05,sz.300584,44.0300,44.8500,44.0200,44.2400,44.5600,2100000,93164393.5600,3,2.557500,1,-0.718100,118.553964,5.088327,8.626732,139.903480,0
2026-02-05,sz.300585,17.2600,17.3500,17.0300,17.0500,17.3600,2743100,47065465.0000,3,1.603100,1,-1.785700,-1069.605433,4.095016,6.576410,52.976136,0
2026-02-05,sz.300586,10.0600,10.0600,9.8700,9.8900,10.0900,8226571,81786983.5300,3,1.538800,1,-1.982200,-185.516815,3.749972,4.117729,-69.146908,0
2026-02-05,sz.300587,6.1700,6.2400,6.0600,6.1100,6.1700,15160390,92907132.3100,3,1.441200,1,-0.972400,-118.474238,3.310475,4.987557,-144.039308,0
2026-02-05,sz.300588,25.0000,25.8800,24.8000,25.7000,25.0300,4296380,109828737.2000,3,2.429800,1,2.676800,-65.271465,17.957623,27.041127,-8339.389933,0
2026-02-05,sz.300589,18.8000,19.1800,18.2700,18.3800,19.1700,27635449,512249299.8700,3,11.932000,1,-4.121000,-139.306575,8.828597,6.966960,71.758853,0
2026-02-05,sz.300590,12.4200,12.5300,12.3600,12.3800,12.5300,4780640,59412458.6000,3,1.349100,1,-1.197100,65.982742,3.122301,6.655967,-256.665638,0
2026-02-05,sz.300591,8.5500,9.0900,8.5200,8.9100,8.5700,29216038,260240229.2800,3,8.336800,1,3.967300,-20.472076,14.229041,6.970331,-110.392743,0
2026-02-05,sz.300592,13.8000,14.3000,13.6500,13.9300,13.9400,11515300,161276029.0000,3,3.300600,1,-0.071700,185.992855,2.438642,0.583912,9.455266,0
2026-02-05,sz.300593,28.8100,29.4500,28.4100,28.8700,28.9400,14520064,418663141.9300,3,3.224800,1,-0.241900,-34.572575,6.561802,13.405004,-123.443283,0
2026-02-05,sz.300594,26.3000,26.8800,25.4500,25.7300,26.3800,4306700,112376771.0000,3,4.732700,1,-2.464000,-50.701496,2.861046,2.835673,19.844757,0
2026-02-05,sz.300595,15.9200,16.2800,15.8600,15.9600,15.9300,11810818,189826102.9000,3,1.766800,1,0.188300,29.059922,2.891047,7.870832,-93.502415,0
2026-02-05,sz.300596,45.1800,45.3700,44.1800,44.5400,45.2000,2679102,119520099.4000,3,1.201100,1,-1.460200,20.270356,2.145505,1.724399,19.728436,0
2026-02-05,sz.300597,9.9600,10.0900,9.9000,9.9600,9.9600,7900400,78849433.0000,3,2.911300,1,0.000000,-85.631693,2.875418,5.544247,-427.875663,0
2026-02-05,sz.300598,43.4000,43.7400,43.1300,43.2100,43.7000,3438360,149148141.7000,3,1.585100,1,-1.121300,-84.062222,6.321122,4.346286,286.643259,0
2026-02-05,sz.300599,11.1300,11.3200,10.8200,11.2000,11.1400,9250100,103209274.0000,3,4.356200,1,0.538600,-47.158342,2.023124,4.150223,-28.835099,0
2026-02-05,sz.300600,14.4000,14.4900,14.1600,14.1800,14.4100,4403496,62881582.7600,3,1.496600,1,-1.596100,-79.708787,3.416022,17.182615,53.419199,0
2026-02-05,sz.300601,15.6800,15.8100,15.4900,15.6000,15.6800,11456074,179340024.3200,3,1.272400,1,-0.510200,-173.744702,1.914831,6.460651,18.349002,0
2026-02-05,sz.300602,34.0500,34.1600,31.9200,32.3200,34.3000,25723417,838843414.6400,3,6.505600,1,-5.772600,54.571825,4.737559,3.085412,-60.809538,0
2026-02-05,sz.300603,9.9000,10.3400,9.8700,10.0900,10.0000,12148919,123430166.0100,3,3.249000,1,0.900000,-118.524821,3.341134,5.623585,-46.826717,0
2026-02-05,sz.300604,127.0000,129.5000,124.0100,128.2500,129.6400,19214027,2432567460.6600,3,3.925600,1,-1.072200,84.187811,18.924817,16.655453,282.729997,0
2026-02-05,sz.300605,16.0400,16.2800,15.8900,16.0200,16.0400,5570893,89804619.3400,3,4.662400,1,-0.124700,-51.119321,5.541937,6.968832,101.199088,0
2026-02-05,sz.300606,30.5000,30.7700,29.7200,29.8200,31.5200,10742810,322882649.5000,3,9.129300,1,-5.393400,-260.762805,6.111989,7.247814,755.990569,0
2026-02-05,sz.300607,30.1700,30.2600,29.5000,29.5200,30.3800,9626047,286389678.0600,3,2.899000,1,-2.830800,-68.708022,4.942498,6.058074,146.597901,0
2026-02-05,sz.300608,11.7700,12.4000,11.7500,11.9800,11.8500,8439772,101913809.6000,3,2.934800,1,1.097000,-54.377768,2.971389,5.027348,-20.558869,0
2026-02-05,sz.300609,37.7000,39.4800,37.7000,38.0100,37.9700,3786700,146074164.0000,3,3.157400,1,0.105300,-218.567529,4.581307,12.594523,669.369126,0
2026-02-05,sz.300610,12.2200,12.2800,12.0500,12.1000,12.1700,3586910,43543726.3000,3,2.224700,1,-0.575200,37.154184,2.254767,2.960838,201.228523,0
2026-02-05,sz.300611,27.8800,27.8800,27.0900,27.1200,27.9900,4137764,113014647.4800,3,2.790100,1,-3.108300,39.235897,4.658170,3.027124,87.170545,0
2026-02-05,sz.300612,19.0000,22.4500,18.9000,21.0000,19.3000,58865492,1244092390.6700,3,32.725000,1,8.808300,-119.066861,7.729909,7.413906,166.238704,0
2026-02-05,sz.300613,46.5000,47.7900,45.8000,47.2200,47.0600,6469549,301428745.6600,3,2.949700,1,0.340000,71.295307,3.989095,6.741733,37.729312,0
2026-02-05,sz.300614,15.2300,15.6400,15.1000,15.2800,15.1400,8136396,124372464.1800,3,5.071300,1,0.924700,-8.625463,2.317431,5.970459,683.201319,0
2026-02-05,sz.300615,14.0800,14.1800,13.9300,13.9800,14.0800,3986700,56059712.0000,3,3.182900,1,-0.710200,195.625982,5.071326,6.016921,279.902396,0
2026-02-05,sz.300616,14.8200,15.1500,14.8000,14.8000,14.9800,4127980,61756474.8000,3,2.663100,1,-1.201600,-18.389622,1.056323,0.921238,27.401160,0
2026-02-05,sz.300617,46.7000,47.3700,43.9900,44.3300,47.4800,8709794,389943682.3400,3,6.269500,1,-6.634400,60.615508,2.495078,8.412171,35.946700,0
2026-02-05,sz.300618,46.1300,46.4300,44.2500,44.4800,46.7900,11081989,499217435.6400,3,4.066800,1,-4.937000,50.499295,2.470720,2.074803,-16.404043,0
2026-02-05,sz.300619,49.5000,50.7200,48.2000,48.9700,50.0200,4924305,241954685.2800,3,3.385200,1,-2.099200,-144.224866,5.401385,5.317413,-61.072966,0
2026-02-05,sz.300620,169.0000,172.7200,160.6800,160.6900,177.4800,20180483,3339014013.7600,3,8.166700,1,-9.460200,316.570952,19.282909,31.820490,173.726239,0
2026-02-05,sz.300621,9.0900,9.2000,9.0000,9.1100,9.0800,3797650,34637928.5000,3,1.875100,1,0.330400,-126.549181,2.203670,0.227083,3544.418820,0
2026-02-05,sz.300622,29.8700,30.2200,29.8300,30.0300,30.1000,5066695,152206943.9500,3,3.252600,1,-0.232600,63.370621,8.068358,5.001633,65.112148,0
2026-02-05,sz.300623,33.1000,35.8800,32.3000,35.5200,33.5000,60791772,2087971874.7100,3,7.921800,1,6.029900,60.647620,5.009122,8.848356,-341.981363,0
2026-02-05,sz.300624,90.0000,92.6000,88.7100,89.2000,92.2500,11029417,992508066.4500,3,6.441200,1,-3.306200,-78.549456,15.970168,11.277149,-2342.724857,0
2026-02-05,sz.300625,13.0300,13.1000,12.9100,12.9600,13.1100,3214500,41795177.0000,3,1.984600,1,-1.144200,-152.319499,1.821426,1.888369,-42.905877,0
2026-02-05,sz.300626,20.1300,20.6000,19.9300,20.3700,20.3700,8808500,178984354.0000,3,4.896300,1,0.000000,-589.172206,6.929925,4.559335,-106.819691,0
2026-02-05,sz.300627,38.0800,38.4000,37.6200,37.8800,38.3300,10886842,413326588.7900,3,1.679800,1,-1.174000,43.431129,7.488527,8.275803,176.715521,0
2026-02-05,sz.300628,37.3000,37.5400,36.6700,36.7700,37.6000,8885257,328733763.0900,3,1.224400,1,-2.207400,18.328015,5.369666,8.016913,217.362587,0
2026-02-05,sz.300629,25.6200,26.2000,25.3600,25.4400,26.0400,12506912,320629312.2300,3,5.768000,1,-2.304100,340.663188,3.759311,18.450404,333.998604,0
2026-02-05,sz.300631,28.6100,28.7300,27.9200,28.0700,28.6000,2286100,64434826.0000,3,1.895600,1,-1.853100,43.199408,2.678289,5.786948,36.133381,0
2026-02-05,sz.300632,13.7800,13.8400,13.6200,13.6500,13.8400,5325230,73006611.0000,3,2.407300,1,-1.372800,168.639819,2.329788,5.335296,29.784868,0
2026-02-05,sz.300633,27.3500,27.6000,27.0800,27.2700,27.3100,2498906,68200740.4600,3,0.577500,1,-0.146500,176.323999,3.783105,5.686858,-98.425442,0
2026-02-05,sz.300634,29.1500,29.7600,28.9500,29.2900,30.0600,17276198,506546971.4200,3,3.975400,1,-2.561500,57.130851,4.535332,7.412029,-3961.119021,0
2026-02-05,sz.300635,14.0800,14.2200,13.9100,13.9700,14.0900,3432600,48336113.0000,3,2.850700,1,-0.851700,-38.646673,5.182352,2.948696,41.828875,0
2026-02-05,sz.300636,8.1500,8.3600,8.1500,8.2000,8.1500,6091972,50286860.5300,3,1.658300,1,0.613500,36.435520,1.449445,4.173060,27.288363,0
2026-02-05,sz.300637,12.6400,12.7200,12.4100,12.4500,12.6700,4536600,56804284.0000,3,1.934500,1,-1.736400,249.742305,3.988413,3.202226,-108.276810,0
2026-02-05,sz.300638,28.7500,29.0300,28.5800,28.7500,29.0100,12109687,348463829.6200,3,2.282900,1,-0.896200,77.821780,7.042710,3.523324,-249.586521,0
2026-02-05,sz.300639,6.9000,7.0400,6.8300,6.9300,7.1400,38987125,270309751.2700,3,6.138100,1,-2.941200,-8.605237,1.166479,6.482252,-20.262062,0
2026-02-05,sz.300640,7.8400,8.2800,7.7900,8.0600,7.8800,25104400,203676477.0000,3,11.372400,1,2.284300,207.669941,3.085045,2.483036,38.232328,0
2026-02-05,sz.300641,20.3900,20.8600,19.7600,19.7600,20.6200,14604932,295121093.6000,3,2.779000,1,-4.170700,9.986329,3.285442,3.736899,310.950643,0
2026-02-05,sz.300642,18.5200,18.7800,18.4200,18.6000,18.6200,2517840,46880624.8000,3,1.828400,1,-0.107400,189.942053,2.055180,8.095090,24.948508,0
2026-02-05,sz.300643,19.1200,19.1200,18.8000,18.8300,19.1200,2638800,49948113.0000,3,1.143100,1,-1.516700,26.229031,3.442019,3.694595,53.558712,0
2026-02-05,sz.300644,33.6600,33.8700,33.0600,33.2200,33.7800,2346500,78379062.7000,3,2.691700,1,-1.657800,28.494689,3.654276,1.326572,189.442416,0
2026-02-05,sz.300645,19.8200,20.0400,19.7000,19.7100,19.8800,2898900,57599309.0000,3,2.080700,1,-0.855100,318.989574,2.710463,2.310041,1277.104900,0
2026-02-05,sz.300647,6.8800,6.9100,6.7700,6.7900,6.9000,10733400,73266541.0000,3,2.350500,1,-1.594200,-8.414041,5.423643,3.943205,13.568548,0
2026-02-05,sz.300648,57.5600,60.9800,57.5600,59.8500,57.1800,10053772,600438722.5600,3,7.577100,1,4.669500,-148.785507,7.659039,9.142300,70.093081,0
2026-02-05,sz.300649,15.1200,15.2600,14.9700,14.9800,15.0900,2529533,38189673.3400,3,2.383700,1,-0.729000,-146.447849,3.968203,12.906333,-27.270891,0
2026-02-05,sz.300650,18.8900,19.4300,18.7100,19.0600,19.2300,9123434,173610954.6600,3,5.355800,1,-0.884000,76.205061,3.270582,1.548828,-22.264281,0
2026-02-05,sz.300651,25.0200,26.5400,25.0000,25.9600,25.1200,9275488,240431428.1900,3,10.608700,1,3.343900,91.003256,3.387219,9.838600,-19.870595,0
2026-02-05,sz.300652,50.2100,50.8600,50.1900,50.5000,50.8200,1620370,81842812.6000,3,1.353500,1,-0.629700,40.870009,4.452290,6.533958,-58.041656,0
2026-02-05,sz.300653,20.7300,20.9700,20.6600,20.7600,20.7300,2342100,48711110.0000,3,1.301200,1,0.144700,48.538943,4.273207,10.750433,-50.805461,0
2026-02-05,sz.300654,12.4000,12.9200,12.4000,12.5700,12.5800,21312337,270680871.4900,3,6.050100,1,-0.079500,123.494057,5.390741,8.778644,23.326106,0
2026-02-05,sz.300655,17.0200,17.0800,16.6000,16.7100,17.2200,40190027,674095763.3400,3,3.768500,1,-2.961700,-345.524873,7.026886,11.481918,-173.605328,0
2026-02-05,sz.300656,27.7000,29.0200,27.3400,28.5600,28.3500,7496980,211617469.0200,3,5.641200,1,0.740700,-42.528283,4.988856,13.074524,-959.403782,0
2026-02-05,sz.300657,30.0100,30.2800,29.3200,29.7000,30.6600,18319113,545481914.3600,3,3.888500,1,-3.131100,154.722083,11.391353,2.054441,130.025245,0
2026-02-05,sz.300658,15.5000,16.0300,15.0200,15.2700,15.6200,19629960,302533056.8000,3,8.704500,1,-2.240700,138.952357,3.784539,2.942767,85.684949,0
2026-02-05,sz.300659,14.8000,15.0800,14.7400,14.8500,14.8500,5255400,78466248.0000,3,2.761200,1,0.000000,-44.644600,3.218863,4.687653,68.580623,0
2026-02-05,sz.300660,52.5900,52.7900,51.1500,51.2100,53.0500,5612779,290599519.1600,3,1.256300,1,-3.468400,71.920383,6.601769,5.652154,-118.375118,0
2026-02-05,sz.300661,68.6300,70.8900,68.3500,70.2500,69.7300,13997324,972151956.4100,3,2.361400,1,0.745700,77.728679,8.851131,11.725793,64.473658,0
2026-02-05,sz.300662,28.9400,29.3700,28.8100,29.0000,29.1800,3479200,101239947.0000,3,1.772500,1,-0.616900,19.691793,2.628017,0.406907,-31.102930,0
2026-02-05,sz.300663,17.0100,17.2800,16.9300,17.0900,17.1000,9860550,168702786.0000,3,2.155100,1,-0.058500,-15.189059,10.814202,15.303523,196.932778,0
2026-02-05,sz.300664,5.7400,5.8500,5.7200,5.7500,5.7600,14010300,80889554.5000,3,1.862500,1,-0.173600,19.807897,0.987225,2.508884,34.534416,0
2026-02-05,sz.300665,8.8200,8.9400,8.7600,8.8000,8.8400,5430346,48070450.3900,3,2.490200,1,-0.452500,-13.810721,3.488544,3.244478,38.367571,0
2026-02-05,sz.300666,113.4800,113.4800,113.4800,113.4800,113.4800,,,3,,0,,58.520827,6.187390,7.049664,63.086423,0
2026-02-05,sz.300667,20.0800,20.2600,19.5100,19.6600,20.1800,7071287,139893146.6000,3,4.096200,1,-2.576800,-26.788326,3.550634,5.585661,148.342558,0
2026-02-05,sz.300668,25.0000,25.0300,24.5500,24.7600,24.9000,3530400,87286461.0000,3,3.541200,1,-0.562200,-621.874272,3.802180,5.307886,46.077797,0
2026-02-05,sz.300669,32.6600,33.4000,32.2000,32.2700,32.9600,1467200,48014017.0000,3,0.803900,1,-2.093400,380.849030,7.114751,19.249488,-138.511641,0
2026-02-05,sz.300670,7.0200,7.0200,6.9000,6.9100,6.9800,7789300,54206729.5000,3,3.466600,1,-1.002900,-34.098117,3.841055,8.365516,57.386616,0
2026-02-05,sz.300671,47.8000,53.1500,47.3000,52.0000,49.7500,26099144,1333970171.2000,3,11.823300,1,4.522600,-48.745066,7.305210,14.807098,-252.076337,0
2026-02-05,sz.300672,138.5000,140.4000,134.1700,136.2000,139.5200,6581529,899740336.3400,3,3.129000,1,-2.379600,856.123154,7.263657,15.180575,-178.019570,0
2026-02-05,sz.300673,17.3200,17.7100,17.2400,17.4900,17.4000,3529700,61912537.0000,3,2.179400,1,0.517200,30.866270,2.358654,3.053607,-49.395799,0
2026-02-05,sz.300674,22.1000,22.2900,21.9200,22.0200,22.3000,9105061,200986458.2200,3,1.295200,1,-1.255600,39.067389,3.501851,4.086651,93.308746,0
2026-02-05,sz.300675,16.6900,16.9900,16.5500,16.5900,16.7600,4556200,76387831.0000,3,3.106500,1,-1.014300,-74.392458,4.558348,8.324698,134.724831,0
2026-02-05,sz.300676,50.0000,50.2000,49.3500,49.6000,50.3600,4300667,213751840.5000,3,1.033700,1,-1.509100,-25.938521,2.245168,5.585634,-22.797364,0
2026-02-05,sz.300677,41.1200,41.5000,40.3200,40.9400,41.1300,5709813,232884741.7200,3,1.226300,1,-0.461900,15.755452,1.477012,2.723201,-271.738955,0
2026-02-05,sz.300678,32.8200,32.9100,32.4000,32.5200,33.0100,4698594,153180709.7600,3,1.613100,1,-1.484400,1219.710546,11.390061,19.975460,120.896337,0
2026-02-05,sz.300679,41.5900,42.0900,41.1300,41.7300,41.5600,7175438,298255553.7700,3,1.997900,1,0.409000,33.043328,3.523818,3.302682,238.611677,0
2026-02-05,sz.300680,50.6800,51.5800,49.3900,49.4600,51.3800,7033999,354029303.9500,3,4.000300,1,-3.736900,40.076444,5.684010,4.392948,101.256714,0
2026-02-05,sz.300681,25.1800,26.0900,25.0600,25.4200,25.2500,9608716,245923783.1500,3,4.165000,1,0.673300,46.085900,3.372294,2.445547,131.257486,0
2026-02-05,sz.300682,17.9000,17.9100,17.2500,17.3000,18.1400,27731955,483788878.0800,3,2.687100,1,-4.630700,-61.227577,2.744720,4.413914,-29.320003,0
2026-02-05,sz.300683,32.5000,32.9300,32.0100,32.3100,32.7200,7652100,248338217.0000,3,6.268900,1,-1.253100,-22.531958,1.893405,6.822576,-12.994152,0
2026-02-05,sz.300684,54.5000,54.5000,51.7300,52.0100,55.2500,11312340,594824649.6700,3,5.537000,1,-5.864300,48.524479,7.436769,8.808066,-2564.569235,0
2026-02-05,sz.300685,21.3200,21.5200,21.2200,21.3000,21.3300,5022987,107375834.4100,3,1.289300,1,-0.140600,28.747856,4.257300,7.402465,77.362396,0
2026-02-05,sz.300686,15.4100,15.8700,15.3100,15.3300,15.4100,3805400,59161160.0000,3,2.242400,1,-0.519100,-28.760208,4.243669,2.481633,317.383271,0
2026-02-05,sz.300687,22.0200,22.2400,21.8700,21.9200,22.1300,7938855,174889042.6500,3,2.412400,1,-0.948900,123.765200,3.239258,4.084892,-112.169608,0
2026-02-05,sz.300688,30.6400,30.8900,30.1000,30.2400,30.9800,6713892,204390104.5600,3,4.524800,1,-2.388600,-57.971267,12.653616,30.629620,-53.347608,0
2026-02-05,sz.300689,56.0300,57.0400,54.0000,55.4000,57.8500,5375230,298567849.1000,3,5.312400,1,-4.235100,271.544849,9.273315,15.205548,-106.314713,0
2026-02-05,sz.300690,31.0000,31.1500,30.5800,30.6100,31.2000,2377518,73214765.8800,3,2.146100,1,-1.891000,30.430976,3.200107,4.861803,83.613048,0
2026-02-05,sz.300691,17.0900,17.3500,17.0500,17.1700,17.1800,3108558,53538403.7400,3,1.408300,1,-0.058200,-214.183498,2.867653,2.323815,-42.436232,0
2026-02-05,sz.300692,8.8200,8.8500,8.7000,8.7200,8.8600,6408562,56191545.5400,3,1.558600,1,-1.580100,57.715193,1.802932,4.103133,-77.372137,0
2026-02-05,sz.300693,38.5700,38.6300,37.3000,37.4300,38.7600,8299704,313372393.1000,3,3.087100,1,-3.431400,26.913603,5.953857,3.708245,39.966100,0
2026-02-05,sz.300694,13.0100,13.0900,12.8400,12.8500,13.0600,5807300,75254762.0000,3,2.675300,1,-1.608000,88.974616,2.013460,1.998899,-130.216369,0
2026-02-05,sz.300695,78.3000,78.3000,76.9300,76.9300,78.3400,639815,49609398.4000,3,0.625700,1,-1.799800,22.428050,2.761482,11.391526,-7.919646,0
2026-02-05,sz.300696,31.5000,32.8800,31.5000,32.2900,32.1000,9844750,317451643.2300,3,3.702600,1,0.591900,234.025891,5.001830,20.948923,-72.392564,0
2026-02-05,sz.300697,17.9100,18.1400,17.3600,17.4600,18.5200,21343633,377922994.5000,3,10.592800,1,-5.723500,45.485187,6.159618,2.474183,82.019101,0
2026-02-05,sz.300698,40.3000,40.6900,39.9800,40.1000,40.6500,1827900,73611935.0000,3,1.541900,1,-1.353000,125.645921,10.437305,7.336169,-3323.336934,0
2026-02-05,sz.300699,40.4100,41.3500,39.9100,40.0700,40.8800,17956939,724419620.9600,3,2.186000,1,-1.981400,55.388918,6.031407,11.653599,92.533803,0
2026-02-05,sz.300700,14.5500,14.6800,13.9500,14.0700,14.6700,13948868,197232591.2400,3,5.154600,1,-4.090000,-21.898530,6.451030,13.567638,-36.903535,0
2026-02-05,sz.300701,12.6800,12.7600,12.4400,12.5300,12.7300,4148025,52137724.2500,3,1.665100,1,-1.571100,55.473069,3.639303,8.068576,-258.455332,0
2026-02-05,sz.300702,23.8300,24.8000,23.7500,24.3000,23.8100,4492220,109363566.4200,3,2.127400,1,2.058000,44.097384,2.272898,2.832229,-145.914376,0
2026-02-05,sz.300703,25.8100,27.5000,25.7700,26.9400,25.9300,10190300,274662871.5000,3,6.006300,1,3.895100,37.998020,5.208359,2.254188,32.690811,0
2026-02-05,sz.300705,15.4300,15.5200,15.3600,15.4000,15.4300,3828296,59094145.8000,3,1.037600,1,-0.194400,16.427295,2.923308,2.523722,125.444255,0
2026-02-05,sz.300706,39.5500,42.4900,38.8900,41.2500,39.1400,26153910,1059679346.9000,3,23.011400,1,5.390900,-95.748741,9.008794,4.696466,70.198403,0
2026-02-05,sz.300707,18.4400,18.4800,17.8000,17.9200,18.5300,11795962,213075100.8400,3,8.232500,1,-3.292000,134.146197,2.753887,3.984750,-120.813901,0
2026-02-05,sz.300708,10.1000,10.2600,9.9800,10.1600,10.2500,35246959,356143203.1300,3,4.964300,1,-0.878000,45.633940,3.382341,2.947336,-62.749231,0
2026-02-05,sz.300709,39.4000,39.8200,38.4100,38.6800,39.6000,5915839,230011844.9900,3,3.962800,1,-2.323200,42.138628,3.135635,2.525263,50.913561,0
2026-02-05,sz.300710,30.0800,30.5800,29.9200,30.1700,30.2300,1691270,51137463.7000,3,2.267700,1,-0.198500,-13.463824,6.492397,10.547172,34.886833,0
2026-02-05,sz.300711,27.9400,28.8300,27.8000,27.9000,28.4100,9728060,274400250.4800,3,3.915900,1,-1.795100,78.682823,9.392826,10.834049,-197.389099,0
2026-02-05,sz.300712,29.4600,29.6600,29.1100,29.3600,29.5700,4430223,130226963.6400,3,2.372400,1,-0.710200,138.366268,4.274176,2.956662,77.719688,0
2026-02-05,sz.300713,17.3500,17.5800,17.2500,17.2600,17.5100,2816987,48966622.0400,3,3.161300,1,-1.427800,-32.416102,5.368376,7.099528,134.059870,0
2026-02-05,sz.300715,12.3000,12.5800,12.1300,12.3500,12.3400,7705400,95225642.0000,3,2.305900,1,0.081000,-9.725245,2.511728,1.956316,44.326141,0
2026-02-05,sz.300716,12.6600,13.0500,12.6600,12.6600,12.9500,3885150,49781456.0000,3,2.427900,1,-2.239400,-18.757242,-1927.053642,31.865928,-481.582060,1
2026-02-05,sz.300717,21.0400,21.5500,21.0400,21.2000,21.2600,2130400,45498353.0000,3,2.091600,1,-0.282200,38.234639,3.006136,6.129470,87.678992,0
2026-02-05,sz.300718,79.2900,79.2900,78.0000,78.0000,79.3200,2696233,211194938.4100,3,1.390900,1,-1.664100,94.078498,13.913334,18.832398,137124.251715,0
2026-02-05,sz.300719,18.3800,19.1200,18.3800,18.9400,18.6800,29338392,552891745.9600,3,16.333600,1,1.391900,528.814735,4.640947,6.744045,133.267000,0
2026-02-05,sz.300720,33.0800,34.1000,32.7800,33.0800,33.3400,2678900,89105022.0000,3,1.533900,1,-0.779800,166.531332,11.009820,28.754589,113.243602,0
2026-02-05,sz.300721,16.2800,17.6200,16.1400,16.8400,16.3800,21220818,355895474.5400,3,15.338300,1,2.808300,-29.307326,2.459435,1.793829,-47.123080,0
2026-02-05,sz.300722,32.3000,32.9700,32.0800,32.2200,32.5700,3106984,100844859.8600,3,1.122600,1,-1.074600,144.721779,14.043766,22.976074,-724.059850,0
2026-02-05,sz.300723,34.3400,34.5500,33.7100,33.9000,34.2600,4659500,158277551.0300,3,1.115600,1,-1.050800,-35.644751,8.745831,14.947502,-154.139740,0
2026-02-05,sz.300724,138.1500,138.6300,129.4000,129.4000,147.7000,44840243,5982547855.6600,3,15.585000,1,-12.390000,13.143236,3.372731,2.293723,293.332628,0
2026-02-05,sz.300725,41.3900,41.7000,40.9300,41.1000,41.5000,5794721,238855822.5000,3,2.858600,1,-0.963900,47.775175,1.344171,4.853808,-300.407350,0
2026-02-05,sz.300726,48.8900,50.2700,48.2000,49.7300,49.1900,8404826,414577227.8300,3,3.919500,1,1.097800,59.392716,4.075115,11.329196,347.009220,0
2026-02-05,sz.300727,34.5300,34.8200,33.5500,33.8400,34.7100,2766032,94027644.6600,3,1.708700,1,-2.506500,50.115867,4.698091,4.472374,-78.606489,0
2026-02-05,sz.300729,14.2400,14.3300,14.1900,14.1900,14.2300,2642402,37670903.5800,3,0.829800,1,-0.281100,20.243443,1.331255,0.741024,28.738449,0
2026-02-05,sz.300730,12.6600,13.0400,12.6300,12.7600,12.7900,5120375,65832711.0000,3,2.648700,1,-0.234600,-51.016861,12.274854,12.014843,-85.316748,0
2026-02-05,sz.300731,64.2400,65.0000,61.2100,61.8600,65.0000,8980900,560000056.0000,3,7.472900,1,-4.830800,232.494392,12.633107,6.496300,186.243800,0
2026-02-05,sz.300732,7.7000,7.7600,7.6500,7.6500,7.7200,5360676,41293462.7400,3,1.448200,1,-0.906700,-22.130038,0.972791,1.724910,29.696685,0
2026-02-05,sz.300733,18.3100,18.3100,17.7500,17.7900,18.3400,3600500,64644998.0000,3,1.596800,1,-2.998900,60.944300,3.180708,2.821689,74.628644,0
2026-02-05,sz.300735,25.0900,25.0900,24.6700,24.7000,25.0900,7033909,174385513.8100,3,0.928700,1,-1.554400,58.174358,3.837584,2.381805,-142.519046,0
2026-02-05,sz.300736,18.2000,19.0600,18.0000,18.7500,18.2600,8008000,150174057.0000,3,6.402000,1,2.683500,-142.606882,29.245243,5.658477,-61.165385,0
2026-02-05,sz.300737,7.3700,8.1700,7.3700,7.8200,7.5500,85051910,674817587.3900,3,9.589700,1,3.576200,-139.893992,1.926908,1.357104,-39.817073,0
2026-02-05,sz.300738,21.5200,22.1700,21.2300,21.8700,22.0400,54920715,1191969735.6300,3,5.576300,1,-0.771300,131.707691,6.132769,8.950760,541.203778,0
2026-02-05,sz.300739,19.9000,20.5500,19.6300,19.7000,20.2000,13737762,273732531.8900,3,4.003300,1,-2.475200,141.845402,2.829840,4.199558,53.250690,0
2026-02-05,sz.300740,23.1700,24.1700,22.9500,23.5500,23.1100,21852655,516720135.0500,3,6.087400,1,1.903900,60.634549,4.435969,1.996072,42.076837,0
2026-02-05,sz.300741,18.7500,19.0800,18.6300,18.6600,18.7700,3011454,56659372.1400,3,0.489000,1,-0.586000,-28.843547,1.679575,8.982473,-17.586397,0
2026-02-05,sz.300743,20.1000,20.4000,20.0100,20.1000,20.1700,2615700,52862086.0000,3,2.053000,1,-0.347100,27.791920,4.895721,3.492369,-36.632779,0
2026-02-05,sz.300745,26.2000,26.2000,25.5600,25.7100,26.2200,2913630,75122030.4000,3,2.061200,1,-1.945100,-38.110758,1.914563,1.655699,-863.232401,0
2026-02-05,sz.300746,13.7400,13.9100,13.5500,13.5600,13.8400,2802800,38517859.0000,3,1.253800,1,-2.023100,-7.489491,3.979713,2.571487,277.506300,0
2026-02-05,sz.300747,30.4700,30.9200,30.0600,30.3000,30.8800,10822902,329448652.5200,3,2.125200,1,-1.878200,123.974383,5.042886,5.073548,32.392304,0
2026-02-05,sz.300748,35.8500,36.1300,34.4000,34.7100,36.3800,37290966,1305509753.8100,3,3.298100,1,-4.590400,78.322304,6.807152,6.703970,162.684549,0
2026-02-05,sz.300749,18.5000,18.9900,18.1500,18.7700,19.0400,13420760,248637477.4000,3,8.526800,1,-1.418100,-25.020856,6.789762,4.188734,48.449456,0
2026-02-05,sz.300750,365.7700,366.7500,356.0200,362.9400,365.0300,28427157,10268243283.1300,3,0.667800,1,-0.572600,25.971247,5.270955,4.290715,26.617152,0
2026-02-05,sz.300751,302.0000,313.9900,287.0000,294.2100,328.6000,17039642,5075297251.7900,3,8.812700,1,-10.465600,98.966821,10.459504,9.943730,-691.146381,0
2026-02-05,sz.300752,18.5300,18.7600,18.4100,18.5300,18.6600,3621528,67316607.0800,3,2.302800,1,-0.696700,55.999816,3.474881,2.878806,-31.142964,0
2026-02-05,sz.300753,33.0900,34.7000,32.6500,34.5700,33.2000,14173196,479616868.9900,3,16.123200,1,4.126500,-970.317008,6.408226,11.446099,55.100332,0
2026-02-05,sz.300755,17.2400,18.2700,17.1900,17.4300,17.5800,16139931,285437032.1300,3,3.875600,1,-0.853200,-22.560238,2.487230,1.068955,24.444074,0
2026-02-05,sz.300756,48.1000,48.6800,47.3800,48.0000,48.5900,2527100,121136002.0000,3,1.925700,1,-1.214200,92.801275,5.166457,11.024125,-54.140622,0
2026-02-05,sz.300757,406.0000,411.1900,375.8400,382.6000,419.5800,11129310,4318924737.0300,3,7.387400,1,-8.813600,-781.624586,38.511275,126.702988,505.367098,0
2026-02-05,sz.300758,17.6200,17.6600,16.5400,16.7000,17.8900,41178205,695731003.9000,3,11.241600,1,-6.651800,86.833145,3.785870,4.423351,132.591312,0
2026-02-05,sz.300759,30.3000,30.6700,30.0300,30.2900,30.3700,19751523,599834533.9000,3,1.390900,1,-0.263400,36.795140,3.808344,4.108891,-67.405227,0
2026-02-05,sz.300760,191.9600,193.5000,191.2500,192.1000,192.6600,5681961,1093047724.5100,3,0.468700,1,-0.290700,27.077972,5.926823,7.041906,156.684477,0
2026-02-05,sz.300761,19.8000,20.2900,19.7300,19.8500,19.8400,7240300,144696229.2000,3,1.152900,1,0.050400,25.676413,1.843027,0.896710,104.957995,0
2026-02-05,sz.300762,41.0300,42.5000,40.8000,41.4000,41.7800,30776196,1282899408.2900,3,4.900900,1,-0.909500,-321.955813,11.132532,53.985285,-44.535448,0
2026-02-05,sz.300763,84.0000,84.5000,80.6700,80.8000,85.1300,12963631,1058298741.3800,3,4.031100,1,-5.086300,36.230183,3.532298,4.566481,-176.372570,0
2026-02-05,sz.300765,35.7000,35.7400,34.5000,34.6700,35.8000,10087866,352506230.0800,3,0.718200,1,-3.156400,-444.107264,13.205107,23.246235,-100.524422,0
2026-02-05,sz.300766,40.7800,43.0100,40.7800,42.0700,41.9600,31163564,1311395969.1700,3,8.698800,1,0.262200,-132.546256,10.576113,35.225603,2381.808172,0
2026-02-05,sz.300767,18.2000,18.4500,18.1100,18.1700,18.2500,3292207,60214473.1300,3,1.372400,1,-0.438400,-47.137163,3.105869,9.575397,148.970293,0
2026-02-05,sz.300768,18.2100,18.4000,18.1100,18.1500,18.3100,3619941,66008375.6100,3,0.860500,1,-0.873800,71.965666,3.440895,9.687825,-19.467353,0
2026-02-05,sz.300769,40.3900,41.0000,39.4400,39.6500,40.8300,8885396,355647733.3100,3,3.529300,1,-2.890000,-10.479435,2.135973,1.560606,-12.722994,0
2026-02-05,sz.300770,44.7500,45.9700,44.5800,45.4500,44.9300,4623774,210530112.5700,3,2.029400,1,1.157400,13.952895,2.655298,6.311188,-7.516838,0
2026-02-05,sz.300771,15.1000,15.3200,15.0300,15.1100,15.1200,5344670,81071542.5000,3,2.949600,1,-0.066100,48.503601,1.839347,6.384710,40.825652,0
2026-02-05,sz.300772,18.1800,18.2400,17.1900,18.0000,18.3300,22083158,392623635.3500,3,3.164600,1,-1.800300,31.512262,2.144231,0.529359,6.486791,0
2026-02-05,sz.300773,27.3900,27.7000,27.0200,27.0300,27.8200,33357612,908547724.1200,3,4.541200,1,-2.839700,118.366071,5.847423,3.859246,73.713918,0
2026-02-05,sz.300774,22.7200,22.7800,21.6600,21.9000,22.7300,9348318,205859383.4700,3,4.797000,1,-3.651600,105.557345,5.938102,8.027860,195.900446,0
2026-02-05,sz.300775,47.2900,49.2900,46.0000,46.7300,46.3500,83125694,3924615055.6600,3,15.637400,1,0.819800,56.029474,4.373775,17.362792,-31.354329,0
2026-02-05,sz.300776,89.0000,89.6800,82.0500,83.4000,91.5100,13922107,1176537558.6200,3,8.284800,1,-8.862400,35.689772,6.116003,9.701306,162.670428,0
2026-02-05,sz.300777,42.9000,44.8900,42.7800,43.7000,43.4600,14171243,619507880.5900,3,3.345300,1,0.552200,46.306530,4.296054,19.931180,-86.302721,0
2026-02-05,sz.300778,14.7400,15.2200,14.4600,14.4900,14.6300,9301835,137239821.3500,3,4.568200,1,-0.956900,-56.304592,2.388117,21.343875,21.193471,0
2026-02-05,sz.300779,102.4700,108.7300,100.7600,101.5700,102.4800,7561373,788014806.6700,3,4.695300,1,-0.888000,761.898950,15.457593,17.566027,-211.479810,0
2026-02-05,sz.300780,26.5700,27.6900,26.4200,26.5000,27.3800,17479500,470031178.0000,3,16.254700,1,-3.214000,-30.822697,3.796588,6.837750,-103.856446,0
2026-02-05,sz.300781,46.5000,48.9600,46.5000,48.0000,48.8400,13243869,636992564.1000,3,10.930300,1,-1.719900,-146.119193,11.801173,8.369977,-1232.124538,0
2026-02-05,sz.300782,73.6100,74.2700,73.1800,73.9900,74.2000,4957542,365148978.8200,3,1.106000,1,-0.283000,-203.684972,3.951217,10.178827,124.866044,0
2026-02-05,sz.300783,23.9600,24.8500,23.9100,24.4400,24.1000,16259366,398416356.4000,3,5.801400,1,1.410800,43.208315,3.302789,0.875594,-104.320330,0
2026-02-05,sz.300784,57.0000,58.4300,56.6100,57.0100,57.1600,1268200,72794267.0000,3,7.491400,1,-0.262400,50.257429,4.006170,6.151748,-26.568697,0
2026-02-05,sz.300785,64.0700,69.7900,64.0100,67.7700,67.6500,19761118,1325974143.4300,3,16.153400,1,0.177400,158.761759,7.136467,10.276243,127.415908,0
2026-02-05,sz.300786,16.2700,16.2900,15.9500,16.0200,16.3800,3919200,63061532.0000,3,2.678200,1,-2.197800,-91.118538,2.655325,5.522371,-61.679319,0
2026-02-05,sz.300787,12.8100,12.9900,12.6600,12.6800,12.9300,10521520,134508957.6500,3,5.509800,1,-1.933500,34.989506,2.636385,1.294665,42.362081,0
2026-02-05,sz.300788,29.3600,30.1000,29.2900,29.7000,29.4700,2466700,73610380.0000,3,1.297200,1,0.780500,37.802719,2.494019,3.278815,-97.778894,0
2026-02-05,sz.300789,22.8900,24.1600,22.8800,23.0100,23.0000,3741544,87436857.8400,3,3.783300,1,0.043500,57.347098,3.106536,5.590563,-29.493557,0
2026-02-05,sz.300790,26.5000,26.7800,26.2800,26.3200,26.6700,5574670,147337112.2000,3,1.717300,1,-1.312300,41.338651,3.798029,3.164186,507.696749,0
2026-02-05,sz.300791,21.7700,22.2700,21.7300,21.9800,21.8700,3629061,79962346.9300,3,1.414700,1,0.503000,19.569523,2.757192,1.518218,-449.428028,0
2026-02-05,sz.300792,40.8300,43.6200,40.8100,42.5900,42.0600,11460399,486548137.2200,3,5.392300,1,1.260100,126.569280,3.446911,9.030050,33.659548,0
2026-02-05,sz.300793,15.7600,15.9200,15.6900,15.7300,15.8500,7072460,111774847.4000,3,1.900800,1,-0.757100,-3049.511791,2.001845,2.772235,-335.283381,0
2026-02-05,sz.300795,14.0800,14.6400,14.0200,14.2800,14.0400,7695359,110581480.6300,3,4.441400,1,1.709400,35.083099,7.646103,5.868786,55.490458,0
2026-02-05,sz.300796,9.4900,9.5900,9.4000,9.4100,9.5000,4703518,44683152.3000,3,1.302400,1,-0.947400,-851.060739,1.975727,2.316349,-33.444681,0
2026-02-05,sz.300797,17.9500,18.3500,17.8000,18.0800,18.0900,4576150,82875723.0000,3,1.209000,1,-0.055300,43.770859,5.470279,5.855788,210.728570,0
2026-02-05,sz.300798,9.0200,9.2900,8.8100,9.0800,9.1400,40671300,368800734.0000,3,10.663500,1,-0.656500,-231.425669,2.534011,3.622012,-66.465313,0
2026-02-05,sz.300800,12.8600,13.1400,12.8000,12.9700,12.9100,4288451,55842649.0900,3,1.829700,1,0.464800,76.228086,1.529239,3.832692,27.658253,0
2026-02-05,sz.300801,29.4800,29.8000,28.8000,28.8100,29.7000,4032700,117435490.0000,3,2.954600,1,-2.996600,50.105033,2.508189,2.232780,191.946601,0
2026-02-05,sz.300802,19.7800,20.0000,19.6600,19.7500,19.8400,4104860,81326354.8000,3,2.108100,1,-0.453600,64.397075,3.795418,7.280378,-16.225449,0
2026-02-05,sz.300803,121.0100,124.4400,120.5000,122.4800,122.2900,17701166,2167175064.4900,3,2.924200,1,0.155400,327.696359,26.775695,34.800173,24.211531,0
2026-02-05,sz.300804,37.0700,37.7500,36.8800,36.9300,37.0100,795100,29629730.0000,3,2.891300,1,-0.216200,59.618321,2.008353,3.463682,7.799842,0
2026-02-05,sz.300805,13.7700,15.2000,13.7700,14.7700,14.0600,58003276,845094960.2800,3,20.115500,1,5.049800,150.987704,4.016369,2.521848,-58.136203,0
2026-02-05,sz.300806,51.6400,51.9100,48.5400,49.9500,52.1300,23609236,1174445465.8700,3,7.466300,1,-4.181900,488.180009,9.981191,7.747272,115.838951,0
2026-02-05,sz.300807,54.4900,56.3700,54.1100,55.5900,54.8900,1644579,91727642.8800,3,3.166200,1,1.275300,-173.620907,8.049059,19.345505,512.390189,0
2026-02-05,sz.300808,31.1800,32.3200,30.9700,31.6100,31.5500,3962200,124923827.0000,3,3.332400,1,0.190200,-98.697769,5.216209,14.875241,135.124769,0
2026-02-05,sz.300809,38.2000,38.5200,37.2100,37.4800,38.5700,3754800,141554421.8000,3,2.493700,1,-2.826000,201.180139,5.771799,18.729981,-396.349068,0
2026-02-05,sz.300810,43.0000,43.2300,41.7000,41.9700,43.1400,4349300,183748733.5000,3,3.815500,1,-2.712100,-442.904172,6.658718,20.719861,-114.063051,0
2026-02-05,sz.300811,77.1000,78.0100,73.1200,74.4000,78.0000,8838140,662195404.5100,3,3.719300,1,-4.615400,56.321506,7.439067,12.413498,201.757769,0
2026-02-05,sz.300812,31.0000,31.0000,29.5000,29.9500,31.2400,8473800,254609876.6200,3,9.140300,1,-4.129300,-69.068315,5.353272,9.621599,63.382405,0
2026-02-05,sz.300813,24.6000,24.8200,24.4500,24.6900,24.6400,1292423,31887509.5800,3,1.699400,1,0.202900,181.806850,3.787166,9.359472,-62.817298,0
2026-02-05,sz.300814,72.6000,77.5000,71.6400,73.1600,73.6000,8309545,617102744.3600,3,4.340800,1,-0.597800,402.696452,8.519919,7.934800,36.506007,0
2026-02-05,sz.300815,23.9600,24.0900,23.4700,23.5100,24.1200,5242489,124125747.0000,3,1.342900,1,-2.529000,18.346615,2.123159,1.229902,347.704631,0
2026-02-05,sz.300816,63.1900,66.9900,62.7000,63.2900,64.0300,3621900,235292467.0000,3,6.391400,1,-1.155700,69.937010,5.576395,5.036522,35.905436,0
2026-02-05,sz.300817,20.6100,20.7800,20.4000,20.4700,20.7300,1649400,33889095.0000,3,1.316800,1,-1.254200,69.497450,4.387140,4.921405,-312.907399,0
2026-02-05,sz.300818,38.8100,40.6500,38.6000,40.1000,40.8600,9690417,385428223.0600,3,8.851100,1,-1.860000,115.466850,3.736600,7.397603,27.560994,0
2026-02-05,sz.300819,39.9000,41.1400,38.7100,39.2500,39.2100,10255447,409816060.5300,3,7.610000,1,0.102000,99.150386,6.735139,10.361438,-311.512959,0
2026-02-05,sz.300820,61.0200,61.4900,58.0600,59.7800,62.1800,7248745,431139592.6900,3,6.485400,1,-3.859800,62.465734,5.285533,8.300063,147.244662,0
2026-02-05,sz.300821,12.6300,12.7700,11.7600,11.8800,12.3300,33171234,400576955.8700,3,2.764800,1,-3.649600,-492.061986,2.911657,3.431146,54.125572,0
2026-02-05,sz.300822,15.9400,16.0900,15.8500,15.8800,15.9900,1512810,24165907.6000,3,0.523500,1,-0.687900,177.305464,3.932537,5.809214,945.813628,0
2026-02-05,sz.300823,17.9300,18.1800,17.7500,17.8100,17.9300,3288120,59072351.8000,3,3.878000,1,-0.669300,72.590638,2.480124,5.687682,-41.988878,0
2026-02-05,sz.300824,11.2300,11.4200,11.2000,11.2800,11.2200,5074850,57464998.5000,3,1.603500,1,0.534800,33.297641,5.107348,3.875398,-43.417957,0
2026-02-05,sz.300825,10.0600,10.1600,10.0100,10.0500,10.1200,5479956,55288095.9500,3,1.131300,1,-0.691700,-17.567057,2.372896,4.591883,1152.333346,0
2026-02-05,sz.300826,17.0500,17.1700,17.0000,17.1200,17.0700,1536661,26275938.4200,3,0.906200,1,0.292900,194.120589,2.238603,4.368005,-88.523305,0
2026-02-05,sz.300827,38.0000,38.0000,36.6000,36.6600,38.7500,18660305,693602340.6800,3,4.843800,1,-5.393500,47.704275,8.461282,3.873240,-57.195376,0
2026-02-05,sz.300828,26.4900,26.4900,26.4900,26.4900,26.4900,,,3,,0,,97.077224,5.661956,7.068789,48.805315,0
2026-02-05,sz.300829,18.3800,18.5600,18.0000,18.0600,18.4000,4467480,81466442.4000,3,2.823200,1,-1.847800,60.345415,1.698754,2.567455,-61.088451,0
2026-02-05,sz.300830,13.0200,13.4200,12.8000,12.8300,13.5600,32556213,423775538.0400,3,9.658200,1,-5.383500,418.840168,4.244365,14.561707,528.628752,0
2026-02-05,sz.300831,13.3200,13.8900,13.2300,13.7900,13.4400,13298640,181349977.0000,3,7.208600,1,2.604200,448.107684,4.800675,37.113252,-1624.644203,0
2026-02-05,sz.300832,54.5500,54.9600,54.2300,54.3900,54.5500,3108061,169627722.1300,3,0.455700,1,-0.293300,25.905361,4.886914,9.394945,57.921474,0
2026-02-05,sz.300833,45.2700,45.7200,44.3500,44.9500,45.3200,1221000,55012504.0000,3,1.502700,1,-0.816400,32.016937,2.350599,5.330837,-13758.644755,0
2026-02-05,sz.300834,24.7400,24.8800,24.5500,24.6000,24.8400,929200,22919329.0000,3,0.482900,1,-0.966200,72.478674,1.617677,3.338404,-15.448245,0
2026-02-05,sz.300835,75.2000,80.7700,74.9000,76.7700,76.2900,4562025,355582010.6500,3,5.544300,1,0.629200,63.154592,7.666225,7.229397,203.377317,0
2026-02-05,sz.300836,57.8100,58.7200,57.2500,58.0300,58.5800,976895,56628476.6500,3,1.545500,1,-0.938900,89.730176,9.433583,8.840530,-1119.289766,0
2026-02-05,sz.300837,46.7000,46.7000,43.5100,44.6600,46.9000,5944839,265911081.2000,3,7.864700,1,-4.776100,108.069020,3.238882,7.424079,470.392035,0
2026-02-05,sz.300838,16.5900,16.6500,16.3700,16.4100,16.5000,2231200,36805747.0000,3,2.192700,1,-0.545500,460.869616,2.293856,2.398550,127.595059,0
2026-02-05,sz.300839,11.8900,12.6500,11.7100,12.2700,11.7700,13106461,161537748.1300,3,4.524300,1,4.248100,-17.193025,4.805091,1.292640,-7.565591,0
2026-02-05,sz.300840,19.2200,19.5100,19.1300,19.1400,19.3900,5841200,112631476.0000,3,3.298500,1,-1.289300,-176.822898,3.592931,6.782372,27.801039,0
2026-02-05,sz.300841,68.7800,68.7800,67.2600,68.0000,68.7800,1563669,105888158.5700,3,1.314800,1,-1.134100,48.588853,2.519879,7.293395,-127.676856,0
2026-02-05,sz.300842,113.9000,114.9900,104.2400,107.7100,120.9100,17897895,1942539959.0000,3,13.805600,1,-10.917200,162.060994,8.778579,0.944635,-327.551888,0
2026-02-05,sz.300843,55.8400,56.5900,53.4100,54.2800,56.2700,7356554,400373171.3600,3,4.683000,1,-3.536500,75.325328,5.610519,5.526340,20.792537,0
2026-02-05,sz.300844,42.0100,42.8600,41.9700,42.1700,42.9500,674824,28595781.4000,3,0.749500,1,-1.816100,-132.833250,5.360773,8.273512,43.488817,0
2026-02-05,sz.300845,11.9900,12.1200,11.8800,12.0400,11.9800,4738767,57018579.4600,3,3.276900,1,0.500800,50.026130,3.099238,6.399158,41.091226,0
2026-02-05,sz.300846,24.4900,25.0000,23.8000,24.6000,25.2000,35534510,870461067.9700,3,9.055000,1,-2.381000,-48.301953,14.538543,9.742041,-120.256497,0
2026-02-05,sz.300847,17.8100,18.1400,17.8000,17.8800,17.9800,6787850,122101803.5000,3,2.293100,1,-0.556200,46.037873,3.615891,4.464049,72.865099,0
2026-02-05,sz.300848,16.7200,16.9900,16.3200,16.4200,16.7900,6080500,100259003.4500,3,2.402200,1,-2.203700,82.371133,4.550842,4.137412,-44.434953,0
2026-02-05,sz.300849,19.1800,19.4700,18.9300,19.1000,19.2000,1696600,32453017.0000,3,1.396700,1,-0.520800,-86.835550,4.861847,9.206391,223.558827,0
2026-02-05,sz.300850,44.3000,44.3700,42.7200,43.0300,44.6400,11756888,509402972.6000,3,3.908700,1,-3.606600,23.282256,2.597209,3.874908,362.392402,0
2026-02-05,sz.300851,30.8600,31.0800,30.5000,30.6900,30.8600,1200000,36938483.0000,3,2.217700,1,-0.550900,51.156700,2.077642,7.748409,487.431244,0
2026-02-05,sz.300852,44.7600,46.9200,44.5500,45.2900,45.3300,5935311,270399982.5500,3,3.830300,1,-0.088200,48.974905,4.086539,4.104309,43.272672,0
2026-02-05,sz.300853,21.2900,21.5000,21.1500,21.3200,21.4200,1953560,41599548.0000,3,1.771800,1,-0.466900,-12.621738,5.136179,13.983976,-23.097567,0
2026-02-05,sz.300854,23.0500,23.1100,22.1600,22.2400,22.9300,3619640,81221592.2000,3,4.450000,1,-3.009200,-105.548973,2.323526,3.656914,67.481695,0
2026-02-05,sz.300855,39.8800,41.0700,39.0000,40.0200,40.4900,10439518,418003449.6100,3,3.563500,1,-1.160800,119.683835,8.030232,15.266478,331.262359,0
2026-02-05,sz.300856,13.6000,14.3000,13.5500,13.9500,13.6300,12607847,176817329.4700,3,2.742400,1,2.347800,52.567346,2.480345,4.324983,-40.792322,0
2026-02-05,sz.300857,199.9900,208.2800,199.9000,206.1300,205.8500,7671600,1562357056.2900,3,2.222800,1,0.136000,85.681347,18.155126,6.896075,628.236352,0
2026-02-05,sz.300858,18.5700,18.7700,18.4600,18.5000,18.5900,2865209,53310455.2600,3,1.463800,1,-0.484100,49.042246,2.669181,13.869447,-166.159277,0
2026-02-05,sz.300859,38.1300,39.5000,38.1000,39.0500,38.3500,8638628,338180213.5200,3,5.573300,1,1.825300,86.735846,7.475551,18.889693,15328.475342,0
2026-02-05,sz.300860,28.3000,28.9800,28.3000,28.7000,28.4100,3554572,102243039.5600,3,3.248600,1,1.020800,190.632371,1.717972,13.636338,14.310455,0
2026-02-05,sz.300861,18.1900,18.4200,17.8700,17.9000,18.7300,27035840,488567440.6600,3,6.408600,1,-4.431400,576.048929,1.900520,6.334929,-40.887229,0
2026-02-05,sz.300862,23.1900,23.3300,22.8000,22.9200,23.3100,3173300,73077807.0000,3,2.095000,1,-1.673100,-91.640062,2.125006,7.900353,-42.271237,0
2026-02-05,sz.300863,61.3400,62.5000,60.2200,60.9200,61.3400,2748452,167704823.4200,3,1.519600,1,-0.684700,68.146237,8.026210,2.914389,-382.260907,0
2026-02-05,sz.300864,22.6400,22.8600,22.0600,22.0700,22.7800,2904062,64716533.4700,3,1.839100,1,-3.116800,22.557374,2.641573,4.354801,-771.850362,0
2026-02-05,sz.300865,29.3300,29.6400,29.1100,29.1100,29.5200,954300,28015172.0000,3,1.696500,1,-1.388900,-291.420918,3.201758,8.900856,79.169431,0
2026-02-05,sz.300866,101.7700,104.9800,101.4000,104.2600,101.7800,5701010,591726418.6100,3,1.854400,1,2.436600,21.703296,5.652702,1.909107,140.297497,0
2026-02-05,sz.300867,19.1000,19.1800,18.9300,18.9900,19.1500,2630762,50097974.3800,3,1.372800,1,-0.835500,20.987805,1.332577,3.278348,92.084965,0
2026-02-05,sz.300868,31.8000,32.6700,31.3200,31.8700,31.9600,1294900,41520622.0000,3,1.603300,1,-0.281600,-144.954689,2.703375,6.330813,60.778274,0
2026-02-05,sz.300869,15.5600,15.6800,15.5000,15.5200,15.5800,2567959,40044983.2700,3,1.013600,1,-0.385100,-79.534901,3.591098,12.728772,24.050613,0
2026-02-05,sz.300870,242.0000,242.0000,220.0000,222.2000,240.9200,5787678,1306006429.4600,3,5.228900,1,-7.770200,73.850649,9.307519,5.440103,-108.608210,0
2026-02-05,sz.300871,27.6800,28.9900,27.2500,27.2500,27.6200,20168291,566080696.4400,3,9.967900,1,-1.339600,25.595784,2.615055,3.306864,409.094440,0
2026-02-05,sz.300872,17.0000,17.5800,16.9500,17.2300,17.0700,11980327,206879614.3200,3,2.838700,1,0.937300,168.202565,2.307596,4.473706,-55.658167,0
2026-02-05,sz.300873,24.3900,24.5700,24.1500,24.1800,24.5100,2817317,68580862.0900,3,1.688600,1,-1.346400,19.931745,1.773218,3.134542,24.812487,0
2026-02-05,sz.300875,39.5800,40.6500,39.4800,39.9300,39.8600,2469908,98804004.1400,3,2.813400,1,0.175600,-13.650723,4.222944,26.401353,-42.157599,0
2026-02-05,sz.300876,30.2100,30.6600,29.6800,29.7500,30.5100,1432130,43096560.7000,3,1.765800,1,-2.491000,-37.536940,4.124052,6.102989,-42.512850,0
2026-02-05,sz.300877,29.8000,32.8700,29.5600,31.5000,29.8900,8300816,261362699.0800,3,6.917400,1,5.386400,41.015862,2.266266,3.660643,22.649196,0
2026-02-05,sz.300878,27.1000,27.7200,27.0100,27.5700,27.1000,1985320,54562766.4000,3,1.377500,1,1.734300,-12.657399,3.937046,30.317947,-65.968215,0
2026-02-05,sz.300879,24.7100,25.3600,24.6400,24.7400,24.8500,4149624,103244199.5700,3,2.064200,1,-0.442700,42.183057,3.632755,1.450867,59.911233,0
2026-02-05,sz.300880,19.4400,19.4400,19.0200,19.0800,19.4400,1966500,37698301.6800,3,1.007900,1,-1.851900,41.835484,3.552846,5.025969,-24.123952,0
2026-02-05,sz.300881,41.7900,43.9500,40.9000,41.1600,41.8900,2784490,116326416.9000,3,4.850500,1,-1.742700,24.531696,4.140326,1.492198,106.939257,0
2026-02-05,sz.300882,22.3400,22.4600,21.7000,21.8900,22.5700,6694558,147044838.1700,3,2.513700,1,-3.012800,35.756402,4.780233,5.239127,-46.232400,0
2026-02-05,sz.300883,6.7900,6.8900,6.7500,6.7700,6.7800,8467683,57625329.0600,3,2.560700,1,-0.147500,-272.554476,1.647687,2.637350,105.433357,0
2026-02-05,sz.300884,15.6100,15.9100,15.4300,15.6500,15.7400,8353955,130853863.6500,3,4.364400,1,-0.571800,-123.981744,3.141210,6.010758,-22.984405,0
2026-02-05,sz.300885,26.5100,27.2000,26.3600,26.9800,26.9700,6292553,169148746.6600,3,3.767600,1,0.037100,98.303821,7.615642,23.675440,-409.664546,0
2026-02-05,sz.300886,28.7300,29.9700,28.7300,29.2000,28.8800,2805178,82700075.5600,3,6.427100,1,1.108000,75.026776,3.735561,6.048716,845.155365,0
2026-02-05,sz.300887,11.6500,11.8300,11.5400,11.6500,11.7900,10795900,125870372.0000,3,2.980700,1,-1.187400,-19.804204,2.215361,4.708358,-214.091987,0
2026-02-05,sz.300888,35.4600,36.1700,35.4200,35.8700,35.5800,4112073,147587746.4400,3,0.706900,1,0.815100,23.891108,1.817915,1.933214,-9.945430,0
2026-02-05,sz.300889,23.1100,23.8900,23.0900,23.7000,23.3800,6792188,159619604.3600,3,4.640500,1,1.368700,-76.949427,3.566478,4.785636,-62.186075,0
2026-02-05,sz.300890,30.2400,30.4600,29.7500,29.7700,30.4100,3074600,92124100.4500,3,2.824800,1,-2.104600,270.896230,1.728755,2.406835,77.946104,0
2026-02-05,sz.300891,9.5800,9.7700,9.4300,9.4500,9.6500,8039800,77012361.0000,3,2.418600,1,-2.072500,-198.308439,2.980441,2.150771,-274.711973,0
2026-02-05,sz.300892,31.9100,33.2800,31.8400,32.6200,32.1200,4734302,155308067.9900,3,7.332900,1,1.556700,131.165201,3.105343,3.942730,-850.547146,0
2026-02-05,sz.300893,23.4600,24.2000,23.3000,23.8200,23.5800,4912267,117454756.7800,3,1.958100,1,1.017800,33.862184,5.821729,4.516321,-224.909616,0
2026-02-05,sz.300894,11.6500,11.7900,11.5800,11.6900,11.7000,2686100,31447419.0000,3,0.913400,1,-0.085500,-21.374189,4.319480,5.051578,-12.042224,0
2026-02-05,sz.300895,49.1700,49.6500,48.0000,49.2000,49.7400,4229804,206775099.8300,3,3.061300,1,-1.085600,-57.242177,8.852679,26.259479,-526.808190,0
2026-02-05,sz.300896,149.7000,158.8000,148.0900,153.9600,148.3200,9458061,1464492720.2200,3,4.534200,1,3.802600,31.792540,6.303488,18.523129,-112.447264,0
2026-02-05,sz.300897,26.1100,26.7000,25.9100,26.3400,26.2400,1203859,31668794.8200,3,1.377100,1,0.381100,85.310653,3.765580,6.673145,80.209593,0
2026-02-05,sz.300898,29.3800,30.2700,29.2600,29.5300,29.5200,6115299,182409723.9100,3,5.329900,1,0.033900,38.095077,3.735089,4.686442,-31.968684,0
2026-02-05,sz.300899,34.3800,34.5500,33.6600,33.8000,34.4000,459900,15652664.0000,3,1.123500,1,-1.744200,97.202876,3.241070,13.949881,-19.569122,1
2026-02-05,sz.300900,38.9000,41.9900,38.4800,39.8300,38.7400,42259548,1699567646.1300,3,18.526900,1,2.813600,-143.507986,9.233466,10.250548,-96.928548,0
2026-02-05,sz.300901,18.3500,19.8700,18.2000,19.0200,18.4500,8185957,156884586.6500,3,3.410800,1,3.089400,-218.840115,4.713510,13.673659,-65.713474,0
2026-02-05,sz.300902,20.8900,21.1000,20.7100,20.7400,21.0000,2819900,58888820.0000,3,2.325600,1,-1.238100,-302.104231,4.593099,11.851623,82.632678,0
2026-02-05,sz.300903,28.5100,29.3500,27.5500,28.3500,29.5700,22814691,646685366.9200,3,6.947300,1,-4.125800,-42.797800,7.155122,3.385450,-66.608473,0
2026-02-05,sz.300904,61.7000,61.7100,59.9700,60.0400,61.7100,771715,46698851.0800,3,3.510500,1,-2.706200,-42.008565,6.594430,6.622401,135.330472,0
2026-02-05,sz.300905,36.7000,36.7000,35.5600,35.7700,36.7800,3061116,110117132.3400,3,2.201500,1,-2.746100,45.913673,3.308690,4.538371,-233.023321,0
2026-02-05,sz.300906,35.4600,36.6700,34.8400,35.4800,35.1100,2377242,85242982.6400,3,3.292700,1,1.053800,41.680974,3.151539,17.778880,-30.156455,0
2026-02-05,sz.300907,30.0100,31.4400,29.9500,30.4600,30.1800,2473400,76013173.0000,3,2.576500,1,0.927800,43.851355,3.659579,2.668183,1791.089228,0
2026-02-05,sz.300908,29.0000,29.8500,28.8900,29.7100,29.0500,3416338,101022934.7000,3,2.774100,1,2.271900,24.078731,2.464144,3.999485,-20.403161,0
2026-02-05,sz.300909,45.3000,46.0100,44.8000,45.5300,45.4900,1682500,76707106.5000,3,1.376700,1,0.087900,95.085239,3.905260,5.077349,-254.009760,0
2026-02-05,sz.300910,54.0500,54.9000,53.3900,53.6600,54.3000,2504161,135235659.2800,3,1.206900,1,-1.178600,19.930898,4.334799,4.660153,-295.116871,0
2026-02-05,sz.300911,35.1000,36.4700,34.6500,35.9200,35.4000,2903314,103375642.9000,3,1.694500,1,1.468900,-89.845632,5.611804,13.209785,-8.899970,0
2026-02-05,sz.300912,28.5800,28.5800,28.5800,28.5800,23.8200,744652,21282154.1600,3,0.866500,1,19.983200,-17.524008,6.661363,5.899173,-699.478194,0
2026-02-05,sz.300913,50.8000,51.5000,49.8200,50.0200,51.5300,3650531,183533456.8300,3,1.427200,1,-2.930300,85.142076,12.867908,8.532703,463.116915,0
2026-02-05,sz.300915,25.7200,26.0800,25.4500,25.7200,25.7200,1268316,32720307.2200,3,2.201900,1,0.000000,415.492933,2.104755,3.076588,13.651600,0
2026-02-05,sz.300916,31.3700,31.4500,31.0300,31.0900,31.3900,1410700,44061533.0000,3,1.510000,1,-0.955700,32.955109,3.291404,2.822408,11.627375,0
2026-02-05,sz.300917,42.0400,43.5500,41.8800,42.7700,42.5000,12842712,551985195.4200,3,7.599200,1,0.635300,55.337165,6.217344,2.478612,-35.666142,0
2026-02-05,sz.300918,16.9600,17.3800,16.8000,16.9300,17.1700,8961716,152762356.2400,3,1.770600,1,-1.397800,46.668431,2.255613,5.104972,-89.412954,0
2026-02-05,sz.300919,52.8000,52.8300,49.9500,50.5100,53.2600,13935942,708995802.7400,3,1.527200,1,-5.163300,41.914683,2.591002,1.214192,-12.920403,0
2026-02-05,sz.300920,41.0400,42.0700,41.0300,41.2300,41.2200,1269700,52637570.0000,3,2.292700,1,0.024300,117.965458,3.477673,9.335231,-18.211987,0
2026-02-05,sz.300921,27.3300,30.3100,26.7500,29.4200,27.8400,30781375,883206625.9300,3,26.836200,1,5.675300,155.335124,6.528320,9.576251,82.701504,0
2026-02-05,sz.300922,22.7100,23.0500,22.5300,22.6400,22.8000,2774621,63015569.3900,3,2.225400,1,-0.701800,84.984123,3.856589,14.482282,-48.617763,0
2026-02-05,sz.300923,28.8700,29.3200,28.4300,28.8000,28.7200,1433775,41489278.2500,3,1.875000,1,0.278600,45.952023,2.000465,4.273732,-17.421574,0
2026-02-05,sz.300925,21.2800,21.3800,21.0800,21.0800,21.4900,8451242,179068408.6800,3,2.417800,1,-1.907900,85.233276,4.118155,1.872983,-119.396976,0
2026-02-05,sz.300926,29.6000,29.9600,29.4300,29.5800,29.5600,4546493,135094734.4900,3,1.525700,1,0.067700,14.729044,3.927672,2.361804,-196.150297,0
2026-02-05,sz.300927,34.2500,35.2300,32.4500,32.8500,34.8600,13744996,458768584.4500,3,9.755900,1,-5.765900,17.437374,4.925169,3.716881,-184.216095,0
2026-02-05,sz.300928,32.2000,32.6000,31.9800,32.3400,32.2000,888100,28633264.0000,3,1.657300,1,0.434800,-27.266356,2.356429,2.537198,-19.985607,0
2026-02-05,sz.300929,12.1100,12.2800,12.0400,12.1000,12.1000,2739340,33344409.4000,3,2.161300,1,0.000000,-51.077512,1.986573,4.264596,-377.804997,0
2026-02-05,sz.300930,31.3700,31.7200,31.0100,31.1700,31.5600,1328200,41581473.5500,3,2.818500,1,-1.235700,55.202147,3.399702,4.538944,58.928266,0
2026-02-05,sz.300931,11.2000,11.5500,11.1800,11.3500,11.2500,5477400,62529841.0000,3,2.961100,1,0.888900,-41.225530,4.255726,6.285719,-24.513944,0
2026-02-05,sz.300932,13.9000,13.9500,13.3400,13.4700,14.1400,14148801,191062090.7100,3,6.205800,1,-4.738300,57.686875,2.457276,1.864431,64.683225,0
2026-02-05,sz.300933,9.0100,9.1100,8.6500,8.7400,9.1100,18298012,161240372.6900,3,3.344600,1,-4.061500,223.614631,2.320085,1.580788,38.783484,0
2026-02-05,sz.300935,36.7500,37.8800,35.4000,37.0000,36.1500,2659540,97277846.8000,3,4.412400,1,2.351300,-48.568362,3.706466,22.339500,-25.059558,0
2026-02-05,sz.300936,41.8000,42.3000,41.3400,41.6000,41.8100,1182800,49428458.0000,3,2.492200,1,-0.502300,-879.854022,3.129048,13.488246,28.552888,0
2026-02-05,sz.300937,34.0900,34.2500,33.4200,33.4200,34.2600,2070400,70027556.0000,3,3.107400,1,-2.451800,-539.183227,3.844575,0.728708,-95.124900,0
2026-02-05,sz.300938,35.6700,36.1900,34.7600,35.2000,35.6000,8117409,287537885.6100,3,3.852300,1,-1.123600,45.583499,4.722057,11.119800,-65.771923,0
2026-02-05,sz.300939,35.5000,35.7300,34.8600,34.9300,35.5800,1732750,60909514.0000,3,1.444000,1,-1.826900,51.604425,3.020016,3.349320,70.895006,0
2026-02-05,sz.300940,26.4900,26.8400,26.2700,26.5000,26.5100,3194920,84913912.8000,3,2.028800,1,-0.037700,44.592456,4.959978,7.072396,27.493858,0
2026-02-05,sz.300941,22.9700,23.5400,22.8800,23.4800,22.9600,6298254,147270989.1900,3,5.925600,1,2.264800,112.760872,3.765769,20.877114,222.840018,0
2026-02-05,sz.300942,9.7700,9.9700,9.7000,9.7500,9.8000,6056700,59492504.7200,3,1.495200,1,-0.510200,126.411365,4.669946,15.682581,21.223433,0
2026-02-05,sz.300943,32.3000,33.6000,31.5900,31.7500,33.9300,20866735,675918319.5000,3,15.532700,1,-6.425000,117.577701,6.535425,12.748353,-229.888640,0
2026-02-05,sz.300945,18.7900,19.5400,18.6000,18.6400,19.3600,24188886,456386607.7700,3,10.146300,1,-3.719000,40.292807,2.933758,1.715495,24.946021,0
2026-02-05,sz.300946,47.6600,48.0000,47.2800,47.5500,48.1500,1083904,51520743.7800,3,1.429900,1,-1.246100,141.678680,6.141714,11.923532,90.354987,0
2026-02-05,sz.300947,19.9200,21.0000,19.9000,20.6000,20.2100,7747062,160033764.2900,3,5.127900,1,1.929700,141.897243,2.491949,2.548567,-230.525665,0
2026-02-05,sz.300948,19.8100,20.4000,19.6300,19.8000,20.0000,5241057,104455192.4200,3,3.498900,1,-1.000000,-44.099020,4.118422,28.932220,20.683953,0
2026-02-05,sz.300949,42.7300,44.3300,42.5000,43.4200,42.7300,1318990,57380892.8000,3,3.845300,1,1.614800,-12.652173,3.919187,6.850788,1138.248948,0
2026-02-05,sz.300950,24.8400,24.9100,24.3700,24.4900,25.0000,2900889,71362852.3800,3,3.189100,1,-2.040000,52.943188,4.731077,7.977099,99.149791,0
2026-02-05,sz.300951,35.9600,36.3700,35.9300,36.0500,36.2900,751942,27146344.1200,3,0.496700,1,-0.661300,31.529407,2.623950,4.571320,68.404779,0
2026-02-05,sz.300952,46.3500,47.0800,45.5000,46.6600,46.8000,3386735,156291909.6300,3,3.232000,1,-0.299100,77.095258,4.753847,6.300787,-43.642066,0
2026-02-05,sz.300953,157.7900,158.0600,152.5900,155.7000,158.8300,3476961,538621919.7500,3,2.787100,1,-1.970700,54.734776,6.314930,3.102198,217.259993,0
2026-02-05,sz.300955,37.1300,37.9900,36.8300,37.4100,37.1300,1470610,55141945.5000,3,1.458900,1,0.754100,-68.049634,4.296779,3.454094,-51.654940,0
2026-02-05,sz.300956,17.7600,17.8900,17.4200,17.4300,17.8400,3932961,69300106.7100,3,1.868800,1,-2.298200,270.572670,2.734414,1.694905,-38.494297,0
2026-02-05,sz.300957,45.2000,49.3600,44.9100,47.4400,44.8300,25851151,1237791908.9000,3,6.102700,1,5.822000,55.795712,3.305343,3.877675,44.579349,0
2026-02-05,sz.300958,14.0500,14.2400,13.8800,13.8800,13.9700,4151517,58293873.3500,3,4.559600,1,-0.644200,-16.267845,1.746775,3.636139,24.226521,0
2026-02-05,sz.300959,91.1400,91.3900,89.6000,90.7000,92.0600,2122400,191881872.0000,3,4.053800,1,-1.477300,340.299360,6.498120,10.099640,230.968164,0
2026-02-05,sz.300960,25.5800,25.7600,25.3300,25.4300,25.5800,981768,25094173.6800,3,0.750100,1,-0.586400,83.032322,6.092324,8.056578,-38.992454,0
2026-02-05,sz.300961,14.5100,14.6500,14.3800,14.4300,14.5800,2342400,33955628.0000,3,1.535300,1,-1.028800,-9.496600,3.488086,7.867438,-3713.766448,0
2026-02-05,sz.300962,17.4100,17.5500,17.1700,17.1700,17.5100,3104190,53794823.3000,3,1.175800,1,-1.941700,44.100459,4.534139,12.424626,-39.969500,0
2026-02-05,sz.300963,20.2100,20.4300,19.9100,19.9700,20.4900,8025288,161288005.3800,3,2.773000,1,-2.537800,119.701377,8.299024,9.572821,-259.438256,0
2026-02-05,sz.300964,56.9700,57.5600,56.1600,56.2200,57.4500,1637391,92775947.2900,3,2.927500,1,-2.141000,121.916462,4.238428,5.564905,49.277458,0
2026-02-05,sz.300965,61.1700,61.7500,60.5100,60.8100,61.1700,630900,38451889.2400,3,1.132400,1,-0.588500,109.801465,2.967059,17.559302,-35.454047,0
2026-02-05,sz.300966,21.3200,21.5600,21.1500,21.2300,21.2900,1237600,26481009.0000,3,1.620600,1,-0.281800,-53.362741,3.158291,3.907882,-10051.602400,0
2026-02-05,sz.300967,22.1000,23.3600,22.0100,22.0300,22.2300,16059551,363150735.3300,3,12.876500,1,-0.899700,17.478457,5.041453,3.059521,104.809002,0
2026-02-05,sz.300968,13.8700,13.9000,13.6900,13.7000,13.8700,4246171,58495070.9600,3,1.027200,1,-1.225700,224.957331,2.984927,4.421408,-39.389806,0
2026-02-05,sz.300969,144.9300,146.3100,137.4000,140.7800,143.4300,2361600,334191521.4000,3,4.698500,1,-1.847600,87.962375,11.412239,16.812690,-115.734438,0
2026-02-05,sz.300970,22.1400,22.7300,21.7400,22.4000,22.1400,5659702,125454313.4700,3,5.949100,1,1.174300,711.910549,1.794725,2.358852,19.724819,0
2026-02-05,sz.300971,25.3900,25.6300,25.1100,25.1900,25.4900,2539820,64283772.0000,3,2.758800,1,-1.176900,40.167022,2.811762,5.813242,653.216239,0
2026-02-05,sz.300972,209.4700,216.8900,204.1200,213.5700,209.3000,2389878,507981762.0000,3,1.422600,1,2.040100,37.899478,19.758233,0.835609,20.973125,0
2026-02-05,sz.300973,44.0100,46.1500,43.5500,44.6700,44.2000,4221845,190230305.2300,3,3.623100,1,1.063300,24.190257,3.081795,1.774575,-19.331586,0
2026-02-05,sz.300975,15.2000,15.4300,14.8600,15.2900,15.6000,59351822,900540796.3900,3,12.061600,1,-1.987200,66.196005,4.611634,1.300973,55.427277,0
2026-02-05,sz.300976,60.5300,61.0300,59.6600,59.8400,60.6300,1113868,66887518.4000,3,1.292500,1,-1.303000,27.613863,2.276879,2.612008,224.554561,0
2026-02-05,sz.300977,23.5100,23.8100,22.8800,22.9400,23.5800,5418561,125991180.2600,3,5.715700,1,-2.714200,-232.917880,2.519255,7.603298,-249.178529,0
2026-02-05,sz.300978,12.4300,12.6000,12.3500,12.5100,12.4200,5217475,65256570.8300,3,2.728500,1,0.724600,36.303700,3.213081,2.531011,-78.578415,0
2026-02-05,sz.300979,50.2000,51.3500,50.1000,51.0400,50.1700,4581040,233457981.1400,3,0.392600,1,1.734100,17.352505,3.822144,2.366016,167.880625,0
2026-02-05,sz.300980,34.5000,35.1800,33.5200,34.0000,34.6700,2889205,98696862.2500,3,2.937900,1,-1.932500,103.566932,3.328739,8.046978,-38.574251,0
2026-02-05,sz.300981,12.8100,12.9400,12.7800,12.9300,12.8900,2364405,30448760.2700,3,0.601600,1,0.310300,-38.145231,1.032878,2.234158,-9.278576,0
2026-02-05,sz.300982,21.6100,21.6100,21.0400,21.1900,21.6200,3058100,64980039.0000,3,1.577200,1,-1.988900,485.600973,1.510734,2.556966,-592.116834,0
2026-02-05,sz.300983,25.9200,25.9200,25.4700,25.5200,25.6700,348046,8919591.3200,3,0.294200,1,-0.584300,-22.688652,1.555830,25.236890,-97.470786,0
2026-02-05,sz.300984,74.0000,78.0500,73.8900,76.3900,74.6400,4305599,328731636.3800,3,5.557600,1,2.344600,223.567373,9.072124,7.623006,-485.805580,0
2026-02-05,sz.300985,24.2100,24.8500,22.9400,23.1000,25.1000,18601126,435106210.7500,3,10.027000,1,-7.968100,-22.303540,4.269310,3.102561,68.722442,0
2026-02-05,sz.300986,41.5000,42.9200,36.5100,39.1100,42.8000,60567597,2478172172.0900,3,14.713900,1,-8.621500,121.855409,7.565146,5.870371,3610.229015,0
2026-02-05,sz.300987,20.7800,21.6100,20.5000,21.2200,20.9000,11091999,235206466.0800,3,6.398000,1,1.531100,166.498429,4.641706,11.121389,74.106970,0
2026-02-05,sz.300988,25.2000,25.3200,24.7300,24.8000,25.2800,2628300,65708787.0000,3,2.464000,1,-1.898700,33.822789,2.733639,1.812149,-72.659994,0
2026-02-05,sz.300989,16.2300,16.5000,16.1600,16.3100,16.2900,3353796,54931937.9700,3,2.226800,1,0.122800,-480.140428,3.461794,11.225825,34.436648,0
2026-02-05,sz.300990,84.0300,85.4200,81.0000,81.1500,85.5100,2659602,218536475.1400,3,3.448500,1,-5.098800,52.439130,6.831849,4.827479,-210.409566,0
2026-02-05,sz.300991,42.9900,43.4700,41.8100,42.1500,43.2200,2763200,116612731.7900,3,2.998800,1,-2.475700,238.339539,9.510029,8.440345,96.652683,0
2026-02-05,sz.300992,30.7700,31.3600,30.4500,30.8000,31.0000,2164200,66622244.7400,3,2.792800,1,-0.645200,295.541754,3.395628,3.399826,44.997198,0
2026-02-05,sz.300993,14.6800,14.7700,14.5300,14.5400,14.6800,3043364,44589354.0000,3,1.263900,1,-0.953700,26.660340,2.930218,5.802700,-31.007248,0
2026-02-05,sz.300994,16.9300,17.0800,16.7700,16.8700,16.8500,2324635,39388566.0000,3,1.992600,1,0.118700,23.202896,3.280777,1.167384,27.474475,0
2026-02-05,sz.300995,37.5900,38.0500,37.4100,37.7400,37.7000,890900,33568088.0000,3,1.483800,1,0.106100,199.633150,5.072020,8.778677,394.607335,0
2026-02-05,sz.300996,16.9500,17.1200,16.8600,16.9100,17.0600,4743282,80556294.1000,3,2.020300,1,-0.879200,44.355802,3.795416,5.675700,-45.354507,0
2026-02-05,sz.300997,24.3000,27.5000,24.3000,26.0700,24.6300,23499247,610963055.5800,3,6.087800,1,5.846500,153.818210,11.225590,7.326556,231.504836,0
2026-02-05,sz.300998,23.4600,23.7900,23.3400,23.5900,23.5200,1515100,35747233.0000,3,1.407000,1,0.297600,-220.302603,2.567092,2.608454,-37.288156,0
2026-02-05,sz.300999,29.5700,30.2400,29.5000,30.0700,29.6000,16043627,481611517.9000,3,2.956500,1,1.587800,42.682421,1.694645,0.658210,110.526655,0
2026-02-05,sz.301000,39.5000,39.5000,38.0700,38.1100,39.9600,5512060,212931572.3400,3,2.404200,1,-4.629600,64.162775,7.440601,11.169179,589.396582,0
2026-02-05,sz.301001,34.8900,36.0800,34.1200,35.5500,35.1800,5656103,200707503.1700,3,11.244700,1,1.051700,313.108350,3.641639,8.030218,-32.279795,0
2026-02-05,sz.301002,39.0800,40.8500,38.8400,40.3700,39.6100,5742343,230281482.0800,3,6.887500,1,1.918700,-210.456408,6.803689,5.819916,-1564.502423,0
2026-02-05,sz.301003,46.7400,47.8000,46.0000,46.5400,46.7400,1709660,80110775.1000,3,2.275300,1,-0.427900,37.120690,4.071021,7.711179,-36.889804,0
2026-02-05,sz.301004,49.5600,51.9400,49.5600,51.8500,49.8100,1451869,74419880.8700,3,1.068500,1,4.095600,13.275679,4.347557,2.820411,269.303425,0
2026-02-05,sz.301005,168.6300,169.9000,163.2600,166.2900,169.9700,8963065,1494930854.0200,3,6.771200,1,-2.165100,1647.443134,29.026304,28.453021,-809.439409,0
2026-02-05,sz.301006,18.4700,18.6200,18.2700,18.5100,18.4700,1971100,36404565.0000,3,2.289700,1,0.216600,29.221257,2.018739,6.740001,40.070735,0
2026-02-05,sz.301007,37.8800,38.4300,37.3500,37.6300,38.0900,2144635,80810179.0500,3,1.401800,1,-1.207700,112.387285,8.417214,8.990745,81.767077,0
2026-02-05,sz.301008,37.0700,37.0700,34.4000,34.5000,35.6100,4522849,160835140.0800,3,3.904300,1,-3.117100,133.153043,3.019427,3.937094,-939.418876,0
2026-02-05,sz.301009,13.3600,13.6900,13.3100,13.3900,13.3500,4460397,60225322.9800,3,2.953200,1,0.299600,98.155309,2.729792,3.253315,20.023598,0
2026-02-05,sz.301010,22.8100,23.2100,22.6900,22.9900,22.9500,2101900,48377846.4900,3,1.946200,1,0.174300,114.805853,2.996931,2.443549,1175.704722,0
2026-02-05,sz.301011,25.9600,26.4000,25.7200,26.0400,25.9600,1756047,45941441.8000,3,1.253500,1,0.308200,48.923638,4.277504,3.978749,76.457044,0
2026-02-05,sz.301012,28.1600,28.3600,27.2800,27.3000,28.3200,5282124,145609270.2800,3,2.681800,1,-3.601700,104.564880,4.610592,3.809731,-55.538720,0
2026-02-05,sz.301013,24.2100,24.2600,23.7700,23.8200,24.3400,4675752,112053594.0800,3,2.470800,1,-2.136400,-75.111329,7.255256,10.211753,-5192.719625,0
2026-02-05,sz.301015,23.6600,24.4000,23.5400,23.9300,23.6000,6310932,151529738.5500,3,1.200800,1,1.398300,23.866377,5.280971,1.659908,20.520014,0
2026-02-05,sz.301016,24.7100,25.1600,24.5800,24.6600,24.8800,2255174,55966172.9400,3,1.088700,1,-0.884200,81.817409,5.392167,14.190822,-36.338986,0
2026-02-05,sz.301017,16.5800,16.6900,16.1100,16.2200,16.8000,11094870,181417802.0000,3,4.554400,1,-3.452400,-98.974148,3.313225,0.662011,-16.831070,0
2026-02-05,sz.301018,69.9800,70.3400,64.0500,67.3300,71.0100,14902888,989685710.2000,3,7.488900,1,-5.182400,145.893600,6.751361,5.050569,3069.720778,0
2026-02-05,sz.301019,23.1500,23.4700,23.0100,23.1200,23.3000,1430010,33188956.1000,3,1.367000,1,-0.772500,34.254676,3.520777,8.091731,351.069255,0
2026-02-05,sz.301020,23.3500,23.5700,23.2500,23.3200,23.4400,1163700,27269308.0000,3,0.794900,1,-0.511900,38.295516,3.540664,6.110206,30.369526,0
2026-02-05,sz.301021,58.0000,59.2000,56.0200,57.3900,58.5200,5270982,302479063.6400,3,3.451000,1,-1.931000,203.717009,8.773362,17.599929,-232.587203,0
2026-02-05,sz.301022,35.3400,35.5500,34.5900,34.6000,35.4800,2115234,73929572.6300,3,3.148300,1,-2.480300,78.694378,2.430600,4.371262,-204.177991,0
2026-02-05,sz.301023,46.1000,46.5800,45.6100,45.7300,46.6900,2267620,104280112.1300,3,5.424100,1,-2.056100,44.257360,4.202142,12.691916,130.933785,0
2026-02-05,sz.301024,38.2500,39.6300,37.7200,37.7400,38.3300,943750,36210676.0000,3,1.533100,1,-1.539300,-27.929287,6.001610,17.464561,-18.844424,0
2026-02-05,sz.301025,10.8500,11.5800,10.8300,11.1900,10.9200,17602611,198150232.7800,3,6.351300,1,2.472500,726.945458,7.237910,12.112016,-31.837865,0
2026-02-05,sz.301026,31.2100,31.4500,30.3400,30.8600,32.0300,8028539,247385392.7000,3,7.023500,1,-3.652800,36.251327,3.016804,1.831042,42.280077,0
2026-02-05,sz.301027,18.4100,18.8100,18.1500,18.5800,18.5300,4010300,74387167.0000,3,3.391600,1,0.269800,139.395512,2.867502,4.012324,-64.704005,0
2026-02-05,sz.301028,15.2100,15.2100,14.8700,14.9600,15.2100,3777700,56667004.0000,3,1.520400,1,-1.643700,25.405174,3.482969,4.829607,610.533373,0
2026-02-05,sz.301029,27.8500,27.9900,26.9600,27.2800,27.9400,8476229,231797404.0600,3,1.835200,1,-2.362200,35.053506,4.067214,6.082566,-418.445747,0
2026-02-05,sz.301030,13.2100,14.9900,13.1200,14.0300,13.3400,26693169,381114396.8700,3,13.207500,1,5.172400,-2.488774,3.375894,-56.899812,-10.515633,0
2026-02-05,sz.301031,142.1800,143.6400,137.2700,138.1100,144.9900,2858495,397964765.3500,3,4.153700,1,-4.745200,43.939145,9.652985,7.188433,169.818822,0
2026-02-05,sz.301032,13.4700,13.6000,13.3600,13.4100,13.5500,5267656,71116649.6000,3,3.294900,1,-1.033200,35.306327,2.680742,1.389236,97.170848,0
2026-02-05,sz.301033,72.9800,73.6400,71.0000,71.1000,72.8500,1019055,73342473.7500,3,1.804600,1,-2.402200,46.780966,6.344708,14.157436,15325.524458,0
2026-02-05,sz.301035,81.2900,81.3900,79.7400,80.2100,81.3800,1229100,98902183.0000,3,0.438400,1,-1.437700,22.560071,3.083502,1.561498,-797.563056,0
2026-02-05,sz.301036,34.7200,35.3300,33.6100,33.6100,35.0700,3152900,108300322.0000,3,4.476400,1,-4.163100,45.964998,2.028537,2.214684,132.583857,0
2026-02-05,sz.301037,16.2100,16.3300,16.0100,16.0800,16.1500,1371324,22127203.6400,3,2.016700,1,-0.433400,-30.543940,3.523326,1.214820,-60.638552,0
2026-02-05,sz.301038,23.0000,23.2900,22.9200,22.9600,23.1200,1758059,40550624.7600,3,0.788100,1,-0.692000,70.597888,5.731200,6.447992,137.992684,0
2026-02-05,sz.301039,10.1300,10.1800,9.9400,10.0600,10.1700,15265096,153067700.6100,3,1.051000,1,-1.081600,21.812768,1.297376,0.933941,-169.484978,0
2026-02-05,sz.301040,31.7600,36.6500,31.4700,35.0200,31.4700,15152290,526325553.5600,3,16.079700,1,11.280600,-22.966442,4.792681,5.059764,64.037425,0
2026-02-05,sz.301041,27.9900,28.3800,27.8200,27.8500,28.1000,2015638,56539316.3200,3,2.554000,1,-0.889700,120.410855,4.452562,4.156672,-72.853664,0
2026-02-05,sz.301042,87.8000,87.8000,83.0200,84.6800,86.1400,1382440,117111713.4600,3,2.093900,1,-1.694900,525.512091,5.616617,12.532290,-193.591775,0
2026-02-05,sz.301043,66.2300,66.5000,64.3000,65.2800,66.4900,781800,50914594.0000,3,1.377700,1,-1.819800,51.591882,5.294306,7.518014,-155.159628,0
2026-02-05,sz.301045,39.9200,40.2600,37.9000,38.3600,39.3800,3693927,143097703.0400,3,5.775600,1,-2.590100,130.530799,4.127974,6.997071,-25.917095,0
2026-02-05,sz.301046,25.9300,25.9300,25.2200,25.3200,26.1000,2097100,53385201.8700,3,1.628000,1,-2.988500,172.937670,5.230092,3.473957,-66.013503,0
2026-02-05,sz.301047,73.8900,74.8400,73.6700,73.7000,73.7100,1017693,75515548.7200,3,0.851100,1,-0.013600,67.508870,1.698821,13.579337,-16.334077,0
2026-02-05,sz.301048,11.7300,11.7900,11.5100,11.5100,11.7500,3838000,44653827.0000,3,0.719600,1,-2.042600,29.088870,2.238635,1.887965,17.211270,0
2026-02-05,sz.301049,24.3600,24.7500,24.1700,24.2500,24.3500,1285700,31354583.0000,3,3.002100,1,-0.410700,-18.750172,3.825382,10.631506,-552.322832,0
2026-02-05,sz.301050,54.9500,56.3500,54.7100,55.5100,55.4900,8700571,482645329.6300,3,4.135900,1,0.036000,109.248264,4.436600,19.655773,73.778550,0
2026-02-05,sz.301051,19.4600,20.0800,19.3700,19.4400,19.5600,3415512,67372602.6000,3,2.121300,1,-0.613500,-16.820291,1.789766,2.244180,-494.733087,0
2026-02-05,sz.301052,38.0500,39.1200,37.9200,38.6200,38.2600,3848338,148868165.3300,3,4.798700,1,0.940900,120.705548,5.304051,5.568532,-192.296240,0
2026-02-05,sz.301053,35.6200,36.7900,35.3500,36.1000,35.8000,1877576,67795821.7600,3,2.428400,1,0.838000,109.710002,4.471007,4.539779,-32.554005,0
2026-02-05,sz.301055,21.7800,21.9300,21.4300,21.4600,21.7100,1802300,38915013.0000,3,1.155300,1,-1.151500,73.066280,5.115538,3.356042,48.170267,0
2026-02-05,sz.301056,17.3500,17.6300,16.9800,17.2500,17.4900,4018057,69542951.9700,3,2.283000,1,-1.372200,63.315671,5.612159,7.903613,-38.548403,0
2026-02-05,sz.301057,40.5900,41.5100,39.6000,41.3000,40.7500,3071900,125415827.0000,3,3.719600,1,1.349700,129.702746,6.349608,5.329142,102.455852,0
2026-02-05,sz.301058,11.6200,11.7400,11.4300,11.4400,11.7300,12554300,144960678.0000,3,2.450700,1,-2.472300,24.799078,2.679686,1.930122,108.182262,0
2026-02-05,sz.301059,14.1600,16.0800,14.1200,15.1500,14.1000,27464377,417671791.5800,3,13.284700,1,7.446800,50.783679,5.732172,8.023054,30.579265,0
2026-02-05,sz.301060,11.2900,11.4600,11.2200,11.2600,11.3300,5143355,58271523.7500,3,1.428000,1,-0.617800,-64.870665,2.858376,2.958721,73.174356,0
2026-02-05,sz.301061,90.7400,91.8800,89.1700,89.6100,90.5600,671419,60750000.9700,3,0.462000,1,-1.049000,21.550912,4.867434,6.106184,27.270787,0
2026-02-05,sz.301062,10.1600,10.2600,9.8600,9.8900,10.2600,14056000,140518757.0000,3,4.510800,1,-3.606200,-73.647966,2.935322,3.571136,-537.052842,0
2026-02-05,sz.301063,26.0900,26.4900,25.8800,25.9500,26.2600,1955800,51127084.0000,3,1.947100,1,-1.180500,45.577408,1.727219,1.516472,-56.110098,0
2026-02-05,sz.301065,23.8300,24.0800,23.7200,23.8700,23.8600,1611696,38574556.3200,3,1.867800,1,0.041900,36.179519,1.885272,3.885411,-105.148129,0
2026-02-05,sz.301066,18.5800,19.0900,18.5000,18.8500,18.6000,9718747,183266622.4300,3,4.169000,1,1.344100,161.853716,3.534569,6.363556,83.414608,0
2026-02-05,sz.301067,34.2000,34.7900,33.5800,34.4800,34.2100,2180804,74541505.4800,3,3.416600,1,0.789200,2517.191088,4.042580,4.190552,223.793906,0
2026-02-05,sz.301068,25.9100,26.7800,25.9100,26.6500,26.0900,928170,24532678.6000,3,0.921000,1,2.146400,-154.286634,4.763615,4.077172,43.333520,0
2026-02-05,sz.301069,24.7700,24.9000,24.2200,24.2200,24.9000,7407617,181372048.8900,3,1.735700,1,-2.730900,91.849720,6.976834,10.909970,383.625948,0
2026-02-05,sz.301070,60.2100,61.1100,59.8400,60.0000,60.2000,1117740,67511705.2000,3,1.883200,1,-0.332200,1968.291251,6.882023,18.582419,-573.737743,0
2026-02-05,sz.301071,41.4400,41.5700,39.7200,39.9600,42.0500,9966758,401811533.9200,3,5.121800,1,-4.970300,148.118751,1.964974,18.921909,200.873219,0
2026-02-05,sz.301072,23.6600,24.0300,23.5800,23.7300,23.6700,1344800,32019430.0000,3,2.003000,1,0.253500,-47.760786,3.325312,3.215159,89.672530,0
2026-02-05,sz.301073,32.1900,35.0000,32.0000,34.6600,32.1900,13141468,448535074.0600,3,7.375400,1,7.673200,401.414873,7.059422,9.929510,260.420481,0
2026-02-05,sz.301075,61.7200,62.8700,61.0000,61.2100,62.1200,528300,32481119.0000,3,0.660400,1,-1.464900,-61.419065,8.203613,35.743587,-32.433495,0
2026-02-05,sz.301076,43.1400,43.4500,42.0000,42.1400,43.5600,3040184,129271433.9300,3,2.768500,1,-3.259900,112.151268,6.285774,16.602457,-272.223635,0
2026-02-05,sz.301077,30.3000,30.5900,29.8600,29.9700,30.4100,1786300,53764591.0800,3,1.872400,1,-1.446900,33.976882,4.451291,6.522398,-13.450116,0
2026-02-05,sz.301078,10.9000,11.2100,10.8600,11.1400,10.9600,68188190,757455677.5100,3,5.436800,1,1.642300,54.225240,3.382167,1.420947,71.990598,0
2026-02-05,sz.301079,42.0000,43.8800,41.8800,43.2600,43.4000,7959527,343224944.8000,3,11.448400,1,-0.322600,-583.673569,9.965609,17.637388,17919.801778,0
2026-02-05,sz.301080,50.5000,51.0200,49.2300,49.5800,50.7500,3709730,184580958.3200,3,2.944300,1,-2.305400,47.975497,3.136719,10.432272,33.981666,0
2026-02-05,sz.301081,12.7800,12.9100,12.5300,12.8200,12.7800,5816492,74204997.6600,3,2.668500,1,0.313000,203.443355,2.706119,3.289484,-11.964034,0
2026-02-05,sz.301082,18.9900,19.0400,18.5600,18.6000,19.0900,5367084,100577013.9200,3,2.565100,1,-2.566800,-181.389280,4.068085,1.779991,179.865885,0
2026-02-05,sz.301083,19.4100,19.6400,19.3400,19.3900,19.5500,1742500,33947780.0000,3,2.035400,1,-0.818400,89.675743,4.129048,9.171577,122.122404,0
2026-02-05,sz.301085,59.0000,60.9900,58.5000,59.3300,60.5000,4566007,272927983.9600,3,7.750600,1,-1.933900,-191.439443,4.798264,4.692061,179.651926,0
2026-02-05,sz.301086,134.4200,134.9800,124.6800,127.1800,135.8800,3617295,466421806.3700,3,7.641400,1,-6.402700,140.704932,5.924510,13.213728,78.071988,0
2026-02-05,sz.301087,53.8800,55.3000,53.1500,54.3900,53.5900,4505165,244495216.8800,3,2.319300,1,1.492800,35.500224,2.410423,3.627602,-24.117936,0
2026-02-05,sz.301088,16.9100,17.2100,16.8600,16.9000,16.9800,1598700,27175786.0000,3,0.851100,1,-0.471100,45.818503,1.534740,6.018062,-106.566536,0
2026-02-05,sz.301089,29.2800,29.7900,28.9800,29.3300,29.3200,3127900,91617410.5200,3,3.438100,1,0.034100,-78.315689,2.438026,10.099623,-28.045983,0
2026-02-05,sz.301090,7.6300,7.6700,7.5400,7.5400,7.6600,5980565,45390006.2000,3,0.406600,1,-1.566600,-26.963096,1.744690,0.756783,-13.297860,0
2026-02-05,sz.301091,25.1300,25.6200,25.0200,25.1300,25.1300,4693150,118561206.1000,3,0.890100,1,0.000000,147.898388,5.596949,10.976297,75.409121,0
2026-02-05,sz.301092,35.9200,35.9300,35.1000,35.3800,35.9300,1161400,41177402.0000,3,1.913700,1,-1.530800,45.452230,2.455142,7.436563,-42.969657,0
2026-02-05,sz.301093,82.8800,82.8900,78.0200,81.3700,83.1500,4241354,341045609.4300,3,2.702600,1,-2.140700,263.784828,6.146376,22.089491,53.009371,0
2026-02-05,sz.301095,73.0300,73.8600,71.8000,72.9600,74.2500,3678451,267299458.5100,3,2.107900,1,-1.737400,133.355019,4.658865,21.262516,-10.411555,0
2026-02-05,sz.301096,50.8000,50.9300,49.3500,49.6100,50.9100,1778068,88827072.4400,3,2.147800,1,-2.553500,-28.781425,2.095871,9.179325,41.123069,0
2026-02-05,sz.301097,55.8800,57.5400,55.8800,56.8300,56.3300,662000,37575597.0000,3,2.287400,1,0.887600,257.540256,2.834686,6.778183,-52.537445,0
2026-02-05,sz.301098,9.5200,9.6700,9.4800,9.5100,9.5300,4632384,44362646.1100,3,3.094700,1,-0.209900,-19.720471,1.463995,2.107371,55.914546,0
2026-02-05,sz.301099,46.3500,46.7800,45.1000,45.4100,46.9900,4127361,188887301.0800,3,4.597200,1,-3.362400,63.916383,5.139407,1.110500,-23.700592,0
2026-02-05,sz.301100,21.1400,21.1700,20.5100,20.6600,21.0700,1373300,28596196.3600,3,1.569500,1,-1.945900,-68.020514,2.070886,3.414654,40.272504,0
2026-02-05,sz.301101,40.7300,40.8500,40.2400,40.2900,40.7900,1807548,73198080.1800,3,0.946800,1,-1.225800,42.984756,4.725082,9.981645,430.552666,0
2026-02-05,sz.301102,12.2000,12.9500,12.1500,12.8500,12.3300,16522175,210548450.6500,3,4.069500,1,4.217400,124.636756,1.734969,8.621375,-58.000102,0
2026-02-05,sz.301103,21.3800,21.8000,21.3000,21.6000,21.3800,2136300,46282109.0000,3,1.351900,1,1.029000,321.359108,1.787412,3.143044,-3.341734,0
2026-02-05,sz.301105,49.5900,51.5000,48.4600,50.5300,49.7400,1570986,78464998.7200,3,9.557300,1,1.588300,-109.269420,3.027363,14.073408,-777.916413,0
2026-02-05,sz.301106,33.4000,33.9200,32.9900,33.3600,33.6200,1435460,48028397.8000,3,1.405700,1,-0.773300,35.430296,2.662765,3.748351,-19.103382,0
2026-02-05,sz.301107,30.5700,31.2500,30.5000,30.6800,30.8800,1151442,35574117.4400,3,1.932700,1,-0.647700,39.031379,3.305788,4.394011,279.099828,0
2026-02-05,sz.301108,32.4000,34.4700,32.3700,33.8600,32.4800,2843780,95756422.4000,3,4.382300,1,4.248800,72.339626,2.028089,5.411582,20.757046,0
2026-02-05,sz.301109,15.4900,15.6200,15.4200,15.4700,15.5700,5117590,79352977.8000,3,2.219000,1,-0.642300,16.620501,1.597215,4.301205,-50.005533,0
2026-02-05,sz.301110,75.5800,78.1600,75.1300,77.5000,76.5000,3882452,300124096.1200,3,5.939500,1,1.307200,73.235609,4.917725,5.250231,-53.315841,0
2026-02-05,sz.301111,20.2600,20.8800,20.2600,20.4600,20.5100,5238796,108140055.2800,3,3.274200,1,-0.243800,-181.190060,4.375256,11.762452,60.299254,0
2026-02-05,sz.301112,37.1600,37.4300,36.6200,36.6500,37.1800,1125600,41691950.0000,3,1.020800,1,-1.425500,-57718.728965,3.338705,7.662735,52.330842,0
2026-02-05,sz.301113,26.3600,26.7600,26.0000,26.4200,26.2500,1013570,26783026.4000,3,1.838900,1,0.647600,326.842324,3.502655,7.085653,55.146990,0
2026-02-05,sz.301115,18.3900,18.4900,18.0900,18.1000,18.3000,2050289,37376362.6900,3,1.682200,1,-1.092900,108.671327,1.304767,2.350421,26.933503,0
2026-02-05,sz.301116,11.4700,11.7000,11.4100,11.5000,11.4700,5801900,67072477.0000,3,1.292200,1,0.261600,-15.687959,3.500804,0.269587,-22.480821,0
2026-02-05,sz.301117,54.8400,56.2800,54.2800,55.2100,55.2300,4827612,267217703.3200,3,6.076300,1,-0.036200,361.373047,5.463925,20.669892,-53.934590,0
2026-02-05,sz.301118,26.9300,27.0300,25.8500,26.0700,26.9200,3316800,86988512.1600,3,3.157300,1,-3.157500,-324.985398,2.143440,1.933845,24.246416,0
2026-02-05,sz.301119,58.0000,59.5900,56.0000,57.1900,57.7000,6129792,353137713.2000,3,7.287800,1,-0.883900,51.416285,5.830331,12.961501,-111.930287,0
2026-02-05,sz.301120,21.8000,22.0000,20.3300,20.3600,22.0900,26289755,546506623.3300,3,12.025300,1,-7.831600,-341.458687,4.904479,18.279010,58.005767,0
2026-02-05,sz.301121,41.0100,41.2900,39.9500,40.0300,41.2900,1285620,52013282.4000,3,2.541200,1,-3.051600,103.095023,2.379717,3.101261,-25.032754,0
2026-02-05,sz.301122,29.7200,30.4100,29.6600,29.6800,29.8400,1622270,48556671.2600,3,2.144700,1,-0.536200,932.315942,2.028815,10.622930,42.401789,0
2026-02-05,sz.301123,58.6600,59.6800,57.0300,57.6100,59.8000,5299006,306140277.3000,3,2.268400,1,-3.662200,-476.549556,4.667369,6.314960,-41.643429,0
2026-02-05,sz.301125,21.4600,22.0500,21.2700,21.5000,21.5800,3231036,70032806.6400,3,2.753200,1,-0.370700,496.017467,5.039686,5.151311,-73.933118,0
2026-02-05,sz.301126,12.3500,12.6600,12.2800,12.3600,12.3500,7070059,88157062.8800,3,5.127600,1,0.081000,-531.335698,1.454802,0.471871,-37.228787,0
2026-02-05,sz.301127,17.3700,18.1800,17.2400,17.9400,17.5400,20799552,373134127.7500,3,3.179200,1,2.280500,42.626303,3.733532,6.293442,-58.792100,0
2026-02-05,sz.301128,102.0000,102.7700,98.7000,99.8200,102.8400,2527793,252395290.7200,3,2.865000,1,-2.936600,76.995236,11.603592,6.027404,-26316.408381,0
2026-02-05,sz.301129,26.2600,26.6400,26.1000,26.1800,26.3800,1221800,32128002.0000,3,1.843300,1,-0.758200,51.326454,2.111032,7.608243,-531.262482,0
2026-02-05,sz.301130,31.7900,32.2500,31.5000,31.7800,31.5400,1603550,51149723.3900,3,2.717100,1,0.760900,61.781088,2.651813,9.617477,-35.794557,0
2026-02-05,sz.301131,47.6400,48.0800,47.2400,47.4300,47.6400,918141,43793201.2200,3,2.744900,1,-0.440800,48.013846,2.830063,1.428486,28.396983,0
2026-02-05,sz.301132,36.0000,37.1700,35.9700,36.1200,36.4500,2467100,90014531.0000,3,2.604200,1,-0.905300,39.082736,2.945634,3.386653,-19.377797,0
2026-02-05,sz.301133,37.0400,37.2700,36.2600,36.5900,37.1300,2143576,78539625.7200,3,1.928800,1,-1.454300,98.049011,4.382643,3.972399,-643.469951,0
2026-02-05,sz.301135,30.4000,30.4600,29.8500,29.9000,30.4000,1125969,33865311.2400,3,1.472600,1,-1.644700,76.394680,2.438709,2.184499,-29.828197,0
2026-02-05,sz.301136,17.7600,20.4400,17.6300,19.9700,17.7100,38496712,744622041.0200,3,13.988400,1,12.761200,1842.764183,3.768868,9.350326,-77.330022,0
2026-02-05,sz.301137,53.5000,53.5500,51.2200,51.5100,53.3600,6414509,333908385.1200,3,3.528100,1,-3.467000,188.732100,6.830793,5.362411,-92.566623,0
2026-02-05,sz.301138,39.6000,39.6000,38.7000,38.7200,39.6200,1918306,74888320.0200,3,2.798000,1,-2.271600,39.365211,3.954247,6.257323,14.660118,0
2026-02-05,sz.301139,18.7100,19.0800,18.5100,18.7400,19.6800,6689879,125952304.5000,3,8.783200,1,-4.776400,171.459285,1.166738,2.032538,-13.668780,0
2026-02-05,sz.301141,59.3100,59.9600,57.8400,58.1900,60.3000,3933378,229835560.2700,3,8.836500,1,-3.499200,182.543877,5.646233,10.138625,-47.216535,0
2026-02-05,sz.301148,51.5000,53.0100,43.0000,51.7400,51.4100,2108400,109795309.5200,3,3.581300,1,0.641900,105.744965,3.397961,11.452341,-13.158730,0
2026-02-05,sz.301149,12.4100,12.6500,12.1600,12.1700,12.5500,15043900,185953352.6200,3,5.758900,1,-3.027900,38.762611,2.563100,0.910000,12.435801,0
2026-02-05,sz.301150,39.9800,40.6800,38.9200,39.0500,40.3100,6265672,247140874.6000,3,2.815000,1,-3.125800,396.459194,2.558198,1.664288,-417.065088,0
2026-02-05,sz.301151,19.8900,20.0400,19.6200,19.6300,19.9200,1456400,28823877.0000,3,0.862600,1,-1.455800,40.998667,1.607844,3.759525,17.085843,0
2026-02-05,sz.301152,29.7000,29.8000,28.9000,29.0100,29.9400,2722021,79575663.3600,3,3.833900,1,-3.106200,-9.899402,2.558042,1.805345,-24.530107,0
2026-02-05,sz.301153,22.4800,22.8800,22.4000,22.6300,22.6600,4283900,97196886.0000,3,1.301200,1,-0.132400,239.001585,4.746743,11.487150,-15.065210,0
2026-02-05,sz.301155,74.5000,74.5000,71.3000,72.2500,74.5700,3505020,253829069.0600,3,2.841500,1,-3.111200,48.185367,2.731050,3.962024,-51.438907,0
2026-02-05,sz.301156,19.4400,19.6400,19.2100,19.3000,19.3400,2102260,40883409.2000,3,2.356100,1,-0.206800,46.140020,3.741198,5.032997,-57.239835,0
2026-02-05,sz.301157,53.1000,53.8600,52.5300,52.7500,53.1000,833957,44319187.4600,3,4.036600,1,-0.659100,90.462385,2.892925,11.907320,52.311059,0
2026-02-05,sz.301158,24.5000,24.9700,23.6500,23.7200,24.4700,5955809,143545497.8400,3,4.064800,1,-3.065000,27.195058,2.562900,5.000303,943.514989,0
2026-02-05,sz.301159,52.3600,53.0000,51.1700,51.9700,54.1700,6389742,332370335.7400,3,12.052700,1,-4.061300,-26.513616,6.891217,11.802819,-37.011843,0
2026-02-05,sz.301160,64.0000,64.4100,63.3100,63.6000,64.4300,1624695,103534220.1000,3,2.241200,1,-1.288200,32.470290,4.099276,4.704732,3935.172961,0
2026-02-05,sz.301161,35.4200,36.0000,34.4700,34.5800,35.5100,3239964,113547222.6400,3,2.700000,1,-2.619000,57.167129,4.502686,5.383862,-24.372761,0
2026-02-05,sz.301162,73.5000,76.9100,71.1000,76.4500,73.5000,4636148,342472997.1100,3,5.439900,1,4.013600,87.525538,6.628396,14.805772,-46.343747,0
2026-02-05,sz.301163,30.8800,30.9800,30.4700,30.6700,30.7300,1645415,50470308.1600,3,3.006700,1,-0.195200,69.456991,2.203437,3.052635,-16.887285,0
2026-02-05,sz.301165,75.1600,76.1900,73.0100,73.4600,76.6300,6656031,493483012.4700,3,0.836800,1,-4.136800,69.334386,11.778241,4.173214,-136.586112,0
2026-02-05,sz.301166,33.3800,33.6900,33.1800,33.4400,33.1600,1581185,52932254.1000,3,2.778000,1,0.844400,-152.456010,1.430311,2.718470,-31.152571,0
2026-02-05,sz.301167,18.3000,18.7300,18.2600,18.6800,18.3000,3543213,65541707.3300,3,4.982200,1,2.076500,94.180135,2.218929,6.100786,90.584680,0
2026-02-05,sz.301168,45.3000,45.5300,44.0000,44.3700,46.4400,2697500,120239005.0000,3,2.830100,1,-4.457400,117.599217,2.463238,3.629664,6979.792593,0
2026-02-05,sz.301169,58.8600,60.4500,57.8300,58.1300,58.8600,1178891,69465379.5000,3,1.636900,1,-1.240200,-71.179786,9.565804,12.445603,-52.803039,0
2026-02-05,sz.301170,30.4800,30.7800,30.1200,30.2700,30.4800,1139100,34656864.0000,3,3.392700,1,-0.689000,26.944868,1.713653,2.735241,-147.601330,0
2026-02-05,sz.301171,61.7500,63.9900,60.7000,60.9700,63.8500,51572330,3198972591.2200,3,13.540000,1,-4.510600,119.667837,7.686185,8.196135,78.234269,0
2026-02-05,sz.301172,27.8600,30.0000,27.6000,29.3400,28.0600,18514306,540110726.4200,3,18.745600,1,4.561700,153.389308,3.455163,12.014779,29.699160,0
2026-02-05,sz.301173,47.1700,47.3000,46.6900,47.1200,47.1700,398900,18780961.1400,3,2.246300,1,-0.106000,25.742771,2.814083,1.748842,29.031489,0
2026-02-05,sz.301175,6.1400,6.1500,6.0000,6.0200,6.1600,22639250,137107121.5000,3,3.640500,1,-2.272700,24.923664,2.451264,5.105444,-38.405875,0
2026-02-05,sz.301176,23.5200,23.9300,23.3100,23.3500,23.6500,1691400,39822254.0000,3,3.001300,1,-1.268500,-89.666526,2.602111,2.429327,-52.294547,0
2026-02-05,sz.301177,33.0000,33.3900,32.4500,32.4600,33.4600,4207928,137843371.8100,3,1.052000,1,-2.988600,95.972262,2.085950,8.507705,221.877574,0
2026-02-05,sz.301178,53.7500,53.9100,51.5100,51.6000,54.1900,2001600,104860564.8000,3,4.045600,1,-4.779500,-142.546477,4.474669,11.652956,48.351204,0
2026-02-05,sz.301179,17.0600,17.1500,16.8800,16.9100,17.1600,3232032,54957933.5200,3,1.360800,1,-1.456900,47.196158,2.818969,5.545077,-318.048259,0
2026-02-05,sz.301180,18.5100,18.5800,18.1500,18.2200,18.6600,3947800,72184553.0800,3,2.405200,1,-2.358000,-258.085670,5.529533,5.460358,268.427204,0
2026-02-05,sz.301181,42.5400,42.6900,41.2800,41.8700,42.9100,1563990,65546010.2000,3,1.734300,1,-2.423700,39.247809,3.376821,8.772768,-234.356651,0
2026-02-05,sz.301182,50.7300,52.8500,49.4000,51.8800,51.0000,9185330,471580154.1000,3,9.585900,1,1.725500,-47.027459,6.516246,7.387239,-64.497864,0
2026-02-05,sz.301183,165.0000,167.6500,152.0100,153.6500,172.3300,7110548,1129135777.1500,3,12.112700,1,-10.839700,128.600240,13.189961,15.005295,-94.260827,0
2026-02-05,sz.301185,20.2400,20.5600,20.1800,20.2800,20.3200,3483313,70929837.2400,3,2.490400,1,-0.196900,42.768840,2.907301,14.896174,55.069656,0
2026-02-05,sz.301186,49.5700,49.9900,49.0400,49.3100,50.1000,876688,43318427.4400,3,1.158900,1,-1.576800,30.481766,2.500408,5.192043,131.634230,0
2026-02-05,sz.301187,24.0000,24.3000,23.9100,24.1100,24.0700,1261800,30436863.6000,3,0.495000,1,0.166200,30.842858,4.052966,3.215361,-15.412419,0
2026-02-05,sz.301188,18.4800,18.5800,18.2400,18.2700,18.5600,2552600,46933586.8500,3,1.067700,1,-1.562500,93.973827,2.881963,4.498296,-14.581019,0
2026-02-05,sz.301189,44.5500,46.1600,44.4000,45.8100,44.7800,3900001,177102891.3600,3,3.489700,1,2.300100,-37.561929,2.536957,6.472579,-68.882116,0
2026-02-05,sz.301190,23.1000,23.4400,22.7000,22.7500,23.1200,1888100,43472518.0000,3,1.184800,1,-1.600300,69.891802,2.497215,7.744176,-21.720149,0
2026-02-05,sz.301191,108.0000,108.0000,103.0800,104.7600,108.9800,2673566,280587973.5600,3,5.121900,1,-3.872300,121.415176,4.369712,4.386560,-23.313089,0
2026-02-05,sz.301192,30.5700,30.9100,30.2500,30.6000,30.8000,903650,27601502.5000,3,1.887800,1,-0.649400,75.954993,4.929820,6.751102,97.135551,0
2026-02-05,sz.301193,23.8300,23.8400,23.3300,23.4400,23.8300,2951927,69610592.8700,3,2.131700,1,-1.636600,-54.496648,3.001645,1.853452,-70.501706,0
2026-02-05,sz.301195,35.2800,36.6800,35.0800,36.0200,35.5000,1770919,63935373.3100,3,2.019000,1,1.464800,28.727353,1.972411,4.634012,-226.895597,0
2026-02-05,sz.301196,76.0600,77.3500,74.6000,75.1100,77.3500,1853400,140056064.5200,3,2.261300,1,-2.895900,35.519925,2.843346,4.357997,63.998307,0
2026-02-05,sz.301197,21.9900,22.1800,21.7400,21.9400,22.0300,2366100,51919297.0000,3,2.876900,1,-0.408500,64.220640,2.058782,6.521212,141.580458,0
2026-02-05,sz.301198,14.2000,14.4200,14.1400,14.3100,14.1800,3121028,44687417.9300,3,2.006400,1,0.916800,-106.928539,2.646214,5.443471,-11.575599,0
2026-02-05,sz.301199,24.4300,24.4300,24.0300,24.0500,24.4400,1244560,30106702.0000,3,1.735800,1,-1.595700,38.195330,2.331094,4.283883,-30.513934,0
2026-02-05,sz.301200,156.5300,160.8500,152.5800,156.6000,158.2300,2535502,393619226.8600,3,0.601700,1,-1.030100,112.967475,11.834390,13.592478,-731.019625,0
2026-02-05,sz.301201,38.7600,39.2000,37.6900,37.7200,38.9800,2811433,107419377.9000,3,2.590100,1,-3.232400,-112.827786,2.740419,15.584704,17.861504,0
2026-02-05,sz.301202,41.4400,41.6800,40.7700,40.8000,41.4500,888600,36500033.0000,3,2.390000,1,-1.568200,60.749852,4.672982,4.295759,26.335856,0
2026-02-05,sz.301203,35.5000,36.8700,35.4300,35.8100,35.6500,1327800,48181417.0000,3,3.028600,1,0.448800,22.229306,2.009960,9.244997,-4.054423,0
2026-02-05,sz.301205,209.9900,219.5000,196.2500,197.5000,212.2800,10537504,2146910572.4100,3,15.505800,1,-6.962500,227.788728,16.155813,23.399626,-936.600692,0
2026-02-05,sz.301206,27.1400,27.5500,27.0100,27.2000,27.1800,1325000,36194306.5000,3,1.017000,1,0.073600,60.248343,1.275391,8.164367,29.533484,0
2026-02-05,sz.301207,22.0000,23.4800,21.8200,22.6900,21.7400,33847373,768733787.2100,3,5.635100,1,4.369800,193.535388,2.403118,13.966416,42.235832,0
2026-02-05,sz.301208,38.0000,38.3200,37.8100,38.0200,38.3000,921227,35075237.0200,3,1.394300,1,-0.731100,70.272603,2.970162,4.144987,25.688299,0
2026-02-05,sz.301209,93.0800,95.0000,93.0000,94.1900,93.0400,979580,92059956.2000,3,1.023800,1,1.236000,176.514725,13.820078,19.923564,-57.021910,0
2026-02-05,sz.301210,37.8500,40.2300,37.8500,38.7900,36.7100,7316229,284577692.0400,3,16.832900,1,5.666000,83.368845,2.405914,2.813659,117.541610,0
2026-02-05,sz.301211,12.8800,13.0500,12.8700,12.9300,12.8800,6333437,81964329.8400,3,1.516600,1,0.388200,142.773237,2.389921,12.534765,358.145555,0
2026-02-05,sz.301212,30.1700,30.4100,29.5200,29.6900,30.2700,807000,24114852.0000,3,0.860800,1,-1.916100,198.540805,2.391561,4.517134,28.515205,0
2026-02-05,sz.301213,75.8000,77.1500,74.4400,75.4300,76.3700,1374500,103894958.0000,3,2.658000,1,-1.230800,-448.465718,7.690881,38.832257,-84.126466,0
2026-02-05,sz.301215,7.0400,7.1400,6.9700,6.9900,7.0400,11144740,78478312.0200,3,0.842800,1,-0.710200,45.198964,3.169939,19.472039,-77.538440,0
2026-02-05,sz.301216,22.4000,22.5500,21.7300,21.7400,22.5900,7766677,171040640.7400,3,1.416400,1,-3.762700,-97.474150,2.108801,0.763650,-7.681387,0
2026-02-05,sz.301217,30.5100,30.7900,29.8600,29.9200,30.7900,11010377,331648073.5400,3,1.328100,1,-2.825600,3674.799258,4.583627,3.977860,-92.400595,0
2026-02-05,sz.301218,34.8600,36.0000,34.8000,35.0700,35.1600,5482944,193738481.0000,3,7.825100,1,-0.256000,-834.944763,4.356811,6.309486,229.943858,0
2026-02-05,sz.301219,69.2500,70.0000,66.8000,67.6000,70.2400,5899126,400501806.1800,3,2.041500,1,-3.758500,24.328030,2.129136,2.690390,37.174568,0
2026-02-05,sz.301220,36.7700,37.3300,36.6200,36.8700,36.7800,1036860,38367368.8000,3,1.332100,1,0.244700,31.607988,2.370695,4.193885,23.995821,0
2026-02-05,sz.301221,58.2700,59.1400,57.6000,58.5000,58.5800,1583094,92651109.5400,3,2.523900,1,-0.136600,85.135887,2.704665,7.896983,27.325528,0
2026-02-05,sz.301222,30.6700,35.8900,30.4800,35.0100,30.5200,11847367,398529858.5000,3,14.842300,1,14.711700,33.845247,2.449183,5.306877,-174.514077,0
2026-02-05,sz.301223,19.8300,19.9400,19.6900,19.7800,19.8000,1485400,29408549.0000,3,1.326100,1,-0.101000,23.079828,1.286851,1.226728,-21.034665,0
2026-02-05,sz.301225,142.0000,144.5000,140.6700,141.4900,142.8100,738300,105216036.0000,3,2.470700,1,-0.924300,105.430841,9.536538,14.890422,75.928198,0
2026-02-05,sz.301226,30.7100,30.9800,30.3700,30.5200,30.9200,1455600,44564279.6000,3,1.337900,1,-1.293700,116.330974,3.642669,6.493571,35.098069,0
2026-02-05,sz.301227,35.3000,35.3000,34.6400,34.9800,35.4200,1248300,43666869.0000,3,3.678500,1,-1.242200,-110.841827,2.031115,5.301235,-33.591555,0
2026-02-05,sz.301228,40.5700,41.2100,39.2000,39.2900,40.6100,2073400,82898040.1000,3,1.735900,1,-3.250400,-69.492177,6.829122,12.175867,-110.230451,0
2026-02-05,sz.301229,20.0000,20.1200,19.7300,19.7400,20.0400,2753147,54712584.2900,3,2.129600,1,-1.497000,92.696971,3.709478,3.384295,-75.829445,0
2026-02-05,sz.301230,48.0100,48.8000,46.6800,46.8800,49.5100,10124652,479545328.4300,3,8.060000,1,-5.312100,178.846022,6.376855,9.803915,-303.033749,0
2026-02-05,sz.301231,36.0000,37.4200,35.8100,36.5800,36.2900,6654005,244769533.2000,3,12.345300,1,0.799100,-126.196601,3.671470,9.626322,25.479330,0
2026-02-05,sz.301232,202.0000,216.1500,199.1000,208.7400,210.0000,4123035,861574350.7100,3,9.230600,1,-0.600000,-405.940502,11.115846,6.307644,275.791794,0
2026-02-05,sz.301233,55.6500,56.2000,55.0300,55.1100,55.5000,589600,32704069.0000,3,2.092200,1,-0.702700,32.559285,2.937119,6.425650,-83.610507,0
2026-02-05,sz.301234,41.0500,41.2800,40.6800,41.0700,41.0500,565300,23184437.0000,3,0.831300,1,0.048700,115.671596,3.671618,5.815204,-65.853170,0
2026-02-05,sz.301235,51.5300,52.7000,49.8000,50.5400,52.9400,7214429,366664083.8000,3,9.917700,1,-4.533400,50.280286,2.995443,2.644523,17.822392,0
2026-02-05,sz.301236,46.1900,47.1400,46.0100,46.5400,46.5000,14321452,668206696.5400,3,1.828700,1,0.086000,218.127692,4.278712,1.285826,110.009143,0
2026-02-05,sz.301237,63.5900,64.1800,61.4100,63.0700,62.0600,906852,57337980.3600,3,1.376900,1,1.627500,-105.882882,3.856830,8.562607,-81.504505,0
2026-02-05,sz.301238,20.4800,20.6500,20.0000,20.1000,20.6300,7501983,151596127.4900,3,1.023000,1,-2.569100,278.445270,2.035601,7.452736,-74.548380,0
2026-02-05,sz.301239,35.5500,37.0800,35.4300,36.0300,35.5600,2431942,88478902.4600,3,1.625400,1,1.321700,-53.187489,2.537994,1.965909,-51.993434,0
2026-02-05,sz.301246,21.1500,21.3100,20.9100,20.9500,21.3100,3739048,78653406.1600,3,2.336300,1,-1.689300,589.211080,1.932949,4.746436,-11.329346,0
2026-02-05,sz.301248,45.3800,47.2000,45.1000,45.9500,45.8300,4356113,201428609.2300,3,3.878000,1,0.261800,5680.899608,4.623555,8.995199,-123.713060,0
2026-02-05,sz.301251,61.4000,64.3000,59.3900,61.3000,60.7800,12533725,782072829.0100,3,23.213600,1,0.855500,105.137556,5.263319,5.875478,-73.920825,0
2026-02-05,sz.301252,31.7000,31.7000,30.8100,31.0700,31.6900,2140815,66618238.1000,3,4.527900,1,-1.956500,45.897315,4.063462,4.339397,39.060464,0
2026-02-05,sz.301255,28.0200,28.3900,28.0200,28.1000,28.3000,870793,24551450.9500,3,2.286700,1,-0.706700,103.236441,4.072758,9.890806,-30.309192,0
2026-02-05,sz.301256,15.8000,16.3300,15.5400,15.5600,15.9500,13536628,214751591.1000,3,2.820100,1,-2.445100,83.343943,4.373190,4.534477,-162.575685,0
2026-02-05,sz.301257,71.6900,71.7800,68.0000,69.2400,71.9900,2278991,157918326.3700,3,3.025800,1,-3.820000,45.005742,4.367076,6.678537,54.124488,0
2026-02-05,sz.301258,33.9900,34.8800,33.8900,34.1800,34.0400,1256800,43153728.0000,3,1.411100,1,0.411300,41.249855,1.639064,7.128124,61.246495,0
2026-02-05,sz.301259,33.6000,33.8700,33.3500,33.4400,33.9600,1698800,56983898.0000,3,1.718200,1,-1.531200,-1108.458793,6.304867,19.410661,-57.901027,0
2026-02-05,sz.301260,16.3700,16.5000,16.3000,16.3000,16.4100,1730155,28348940.3000,3,0.846300,1,-0.670300,-760.948772,1.763276,1.491130,71.793254,0
2026-02-05,sz.301261,89.3600,89.3600,87.6800,88.4000,89.9900,1485083,131440947.0900,3,3.962000,1,-1.766900,150.256362,4.947752,7.192570,-190.685944,0
2026-02-05,sz.301262,26.5800,28.4700,26.5800,28.0500,26.9700,12704837,354999703.1400,3,10.407400,1,4.004400,29.974949,3.045178,12.516124,-22.877399,0
2026-02-05,sz.301263,32.0000,33.4600,31.6000,33.0000,31.8500,6793920,223517526.2300,3,2.237900,1,3.610700,602.902171,8.096862,20.817882,697.695653,0
2026-02-05,sz.301265,14.1000,14.2400,13.9200,14.0800,14.2000,4112119,57792384.1900,3,2.421800,1,-0.845100,69.828341,2.016718,4.857512,-62.343304,0
2026-02-05,sz.301266,46.3000,46.7500,44.6100,45.6900,46.6900,6002904,273819751.7100,3,5.753700,1,-2.141800,111.812998,2.789377,1.642683,30.017320,0
2026-02-05,sz.301267,18.7600,19.2800,18.7200,18.9700,18.8000,5790965,110216888.3000,3,0.893100,1,0.904300,36.098500,2.656401,3.870556,-91.080693,0
2026-02-05,sz.301268,20.1600,20.1600,19.6400,19.9100,20.2600,3865148,76809627.3100,3,1.121300,1,-1.727500,-19.428244,4.742320,2.622683,-60.470752,0
2026-02-05,sz.301269,97.0100,98.9300,97.0100,98.1500,97.9800,3716854,365293846.3900,3,0.681400,1,0.173500,892.339104,10.302800,41.706980,-28.457443,0
2026-02-05,sz.301270,37.5000,38.4800,37.4100,37.8800,37.8000,2711114,102741754.0500,3,2.869100,1,0.211600,296.247411,3.886928,19.705182,25.818154,0
2026-02-05,sz.301272,42.5100,43.3300,42.1600,42.7000,42.5100,870100,37297657.0000,3,2.777300,1,0.447000,63.151937,2.465740,4.377436,-103.559976,0
2026-02-05,sz.301273,30.7300,31.5700,30.3300,30.5800,30.7300,1310773,40297719.9400,3,2.383800,1,-0.488100,-75.788031,2.377200,6.410826,-17.244072,0
2026-02-05,sz.301275,58.2500,59.2200,57.7000,58.7000,58.6200,2073090,121308191.3500,3,6.134900,1,0.136500,49.974110,6.199394,5.992213,46.178940,0
2026-02-05,sz.301276,29.6800,29.9500,28.5200,29.2500,28.9500,3909920,114476598.2000,3,8.488000,1,1.036300,28.108360,1.819038,3.383497,21.326055,0
2026-02-05,sz.301277,12.7100,12.8900,12.6900,12.7600,12.7300,2092086,26788802.2800,3,0.533600,1,0.235700,40.437549,3.286558,7.462226,41.184791,0
2026-02-05,sz.301278,39.1800,39.8900,38.2000,38.5200,39.9200,5669607,220031882.4400,3,11.029900,1,-3.507000,115.263729,2.428712,3.605784,35.245308,0
2026-02-05,sz.301279,31.5600,31.6300,30.8300,31.1800,31.6500,1539790,48011381.9000,3,1.570400,1,-1.485000,66.266326,3.004238,5.993626,-73.917672,0
2026-02-05,sz.301280,57.5000,61.3500,56.7000,60.4900,57.5000,3721772,222783127.9600,3,9.274800,1,5.200000,39.081101,4.433093,4.646619,22.215205,0
2026-02-05,sz.301281,32.9800,33.7900,32.5200,33.1700,33.3100,2233400,73869207.8400,3,3.243800,1,-0.420300,68.764029,2.620259,8.247472,-14.398349,0
2026-02-05,sz.301282,28.2200,28.2900,27.4400,27.5500,28.1100,3052257,84718543.3200,3,3.833700,1,-1.992200,49.155437,2.433028,2.193922,-73.921511,0
2026-02-05,sz.301283,49.2400,50.5000,49.2300,49.2400,49.4900,1093800,54381253.0000,3,2.385800,1,-0.505200,25.883785,2.419060,1.888041,67.847062,0
2026-02-05,sz.301285,71.1700,72.7400,69.2100,69.9200,71.1600,1885900,133000473.0000,3,2.402400,1,-1.742600,-258.780918,14.181485,16.433288,-100.700769,0
2026-02-05,sz.301286,58.1600,61.8000,57.6800,58.4100,59.2400,4270879,255159833.9100,3,2.648100,1,-1.401100,116.075504,12.234174,21.482416,226.946547,0
2026-02-05,sz.301287,45.5000,46.4600,45.2600,45.8100,45.6400,992700,45679802.3000,3,5.828700,1,0.372500,32.110136,2.638534,5.065037,-16.696272,0
2026-02-05,sz.301288,18.4800,19.2300,18.3500,18.8400,18.4600,1499400,28256873.0000,3,1.919600,1,2.058500,-196.016028,2.560672,16.705997,26.967111,1
2026-02-05,sz.301289,59.6000,59.6000,58.6400,58.7300,59.6600,611697,36086243.2100,3,0.788800,1,-1.558800,52.484051,4.635181,13.743225,96.977369,0
2026-02-05,sz.301290,28.9300,29.2800,28.7500,28.8100,28.9300,893208,25887050.1200,3,1.310400,1,-0.414800,-135.141546,1.353473,7.158042,-24.338673,0
2026-02-05,sz.301291,46.3000,46.4900,44.0400,44.2700,46.6800,8118367,363107922.0000,3,5.022600,1,-5.162800,19.904416,2.813886,1.829604,-31.669918,0
2026-02-05,sz.301292,53.1500,53.6600,51.8000,52.2100,53.7400,5256005,275641758.5000,3,6.178500,1,-2.847000,-64.112380,4.296771,2.466440,-77.742784,0
2026-02-05,sz.301293,76.2000,78.2800,74.2800,75.8900,77.5200,14372930,1089066439.6700,3,8.930300,1,-2.102700,185.864598,6.688019,9.509288,-38.439875,0
2026-02-05,sz.301295,34.6600,35.4700,34.3300,35.1800,34.7700,1410024,49205707.5400,3,4.796000,1,1.179200,169.362750,3.716533,4.886867,-7.452742,0
2026-02-05,sz.301296,8.8500,8.9600,8.8000,8.8800,8.8500,3181109,28292566.0100,3,1.099900,1,0.339000,29.363420,1.373054,1.492102,6.141817,0
2026-02-05,sz.301297,38.4000,40.1800,38.1400,39.4000,38.6900,7525402,294291769.7400,3,2.207200,1,1.835100,216.284808,5.588250,29.493521,35.455011,0
2026-02-05,sz.301298,17.1200,17.2300,16.9600,16.9800,17.0700,2557200,43682396.5000,3,2.363300,1,-0.527200,37.399072,2.652133,3.896787,72.855577,0
2026-02-05,sz.301299,58.8000,59.4000,58.5800,58.8800,59.0000,1290500,76116431.0000,3,2.137300,1,-0.203400,52.755384,5.986830,10.516816,211.544267,0
2026-02-05,sz.301300,45.5500,46.2700,45.3500,45.6000,45.6200,1024406,46979007.8800,3,3.312500,1,-0.043800,36.957601,3.607225,6.085476,-13.534108,0
2026-02-05,sz.301301,10.9600,11.0300,10.8800,10.9000,10.9900,8876684,97201053.1300,3,1.436900,1,-0.818900,25.975592,3.066871,5.130391,184.715258,0
2026-02-05,sz.301302,23.2700,23.7200,23.1800,23.1900,23.4400,2882294,67396674.8000,3,2.073700,1,-1.066600,-15.995445,2.301652,14.271571,-41.006399,0
2026-02-05,sz.301303,15.9500,16.0200,15.5200,15.5500,16.0100,6269894,98751798.8900,3,6.163000,1,-2.873200,18.805708,1.888893,3.686154,86.865582,0
2026-02-05,sz.301305,25.6600,25.9300,25.2800,25.2900,25.7600,2792003,71252336.1300,3,2.256800,1,-1.824500,22.477931,1.616707,3.401820,93.831183,0
2026-02-05,sz.301306,109.0000,120.8700,108.0000,115.6100,111.3000,11243863,1310113215.7200,3,19.286200,1,3.872400,-57.577057,10.660209,32.353795,-161.967682,0
2026-02-05,sz.301307,34.3300,35.1700,34.0200,34.2700,34.6000,4794000,165695704.6000,3,4.398500,1,-0.953800,-21.828278,2.525623,1.855287,-47.684047,0
2026-02-05,sz.301308,290.0000,295.8900,288.8800,292.7200,302.0000,9554162,2786962601.1600,3,3.481900,1,-3.072800,187.495683,16.299602,5.862091,902.938243,0
2026-02-05,sz.301309,30.7200,31.1000,30.6500,30.7000,30.7800,851150,26298977.0000,3,3.333300,1,-0.259900,26.162707,1.915011,3.541672,13.601479,0
2026-02-05,sz.301310,39.3800,39.8500,39.1600,39.6600,39.3800,996509,39409159.7500,3,1.983300,1,0.711000,47.226049,2.370519,1.524913,244.306961,0
2026-02-05,sz.301311,18.5500,18.8200,18.3500,18.3500,18.5900,2541700,47031814.0000,3,1.059000,1,-1.291000,-152.370890,2.461228,2.103543,923.200517,0
2026-02-05,sz.301312,69.0500,69.6000,66.0000,66.9400,70.7000,4677383,314625316.2700,3,7.724500,1,-5.318200,95.369162,6.581223,12.585483,117.640856,0
2026-02-05,sz.301313,30.2500,31.3700,30.0100,30.4000,30.5800,3819200,117413544.0000,3,5.059400,1,-0.588600,-20.070209,4.366794,5.811932,-1362.595288,0
2026-02-05,sz.301314,48.3500,52.6800,47.8400,50.2100,48.4400,4403089,221982640.1900,3,27.095900,1,3.654000,185.882396,2.650503,16.018797,-54.013196,0
2026-02-05,sz.301315,60.3800,62.3700,60.1600,62.2000,60.9800,3248753,200000497.7800,3,8.780400,1,2.000700,126.620240,5.381276,23.234903,18.381624,0
2026-02-05,sz.301316,43.1000,43.5000,42.7600,42.9600,43.4000,4683400,201359563.0000,3,1.170800,1,-1.013800,170.997705,15.763185,8.046140,111.368052,0
2026-02-05,sz.301317,38.1300,38.5500,37.4500,37.5800,38.6800,2857676,107730854.6300,3,5.474800,1,-2.843800,14.913985,4.391272,6.951161,-39.881390,0
2026-02-05,sz.301318,29.3400,29.7500,29.2100,29.4400,29.3400,1003120,29619802.8000,3,1.314300,1,0.340800,32.630315,2.123600,5.388958,22.308527,0
2026-02-05,sz.301319,46.1500,46.3900,45.1000,45.1800,46.1300,1571462,71580678.5800,3,1.681800,1,-2.059400,65.462291,4.793616,3.963974,-77.922287,0
2026-02-05,sz.301320,18.1100,18.3700,17.9900,18.2500,18.1100,2652100,48286574.0000,3,3.888200,1,0.773100,159.732447,3.133026,3.627750,-37.464296,0
2026-02-05,sz.301321,25.5000,25.5600,24.7900,25.0900,25.2400,10538132,264720063.5800,3,7.138700,1,-0.594300,-37.570652,4.814306,1.514822,-30.820142,0
2026-02-05,sz.301322,28.4900,28.7700,28.2800,28.2800,28.4900,1097110,31191313.2000,3,1.205700,1,-0.737100,46.124698,1.406224,5.108992,46.826967,0
2026-02-05,sz.301323,54.3200,54.4400,52.8000,53.3500,54.7000,1075972,57533819.6400,3,1.590000,1,-2.468000,39.435568,2.603979,5.972576,64.718048,0
2026-02-05,sz.301325,53.6600,54.5400,52.5500,53.6000,54.9000,4133862,220719269.5600,3,7.140300,1,-2.367900,-111.900037,2.723230,4.772577,-20.223659,0
2026-02-05,sz.301326,127.0000,128.0400,122.0000,124.1900,127.4500,1661800,206889205.0000,3,6.085700,1,-2.557900,-276.299604,7.042090,7.776969,139.208487,0
2026-02-05,sz.301327,58.0400,58.7000,56.1000,56.5500,58.3600,2007164,113860926.1500,3,2.631200,1,-3.101400,44.297950,1.590358,2.233652,7.413642,0
2026-02-05,sz.301328,52.6800,53.0200,52.0300,52.1500,53.0300,761350,39942139.0000,3,1.507100,1,-1.659400,57.867434,2.949686,8.645058,-20.025606,0
2026-02-05,sz.301329,24.8400,24.9800,24.4000,24.5100,25.2100,3303133,81333432.3000,3,5.510400,1,-2.776700,59.433421,2.690626,4.868169,-24.160154,0
2026-02-05,sz.301330,37.9800,38.2800,37.6100,37.8200,38.2200,3044779,115290308.1200,3,2.672900,1,-1.046600,46.704220,2.621452,4.491804,-49.248101,0
2026-02-05,sz.301331,29.4900,29.8000,29.0000,29.2300,29.2000,1125988,33154204.6800,3,1.096400,1,0.102700,57.770184,2.775375,3.384419,-28.409753,0
2026-02-05,sz.301332,9.9400,10.0300,9.9000,9.9300,9.9500,4147800,41346587.3200,3,1.565800,1,-0.201000,36.049539,1.571949,1.303588,-30.167796,0
2026-02-05,sz.301333,78.0000,78.0000,74.5100,76.8000,78.5000,1942409,148548139.2100,3,2.014000,1,-2.165600,49.001804,3.861346,9.395712,74.305373,0
2026-02-05,sz.301335,29.3800,30.3400,29.2100,29.4900,29.2400,2689170,80093734.4600,3,5.313100,1,0.855000,78.271437,1.938786,1.226077,129.121270,0
2026-02-05,sz.301336,59.9300,60.9600,59.2000,59.6500,60.3800,1567402,94058946.2000,3,5.150800,1,-1.209000,75.668354,2.878450,6.487966,-503.417875,0
2026-02-05,sz.301337,30.9900,31.3000,30.7200,30.7700,30.9900,1615200,50017313.0000,3,4.367100,1,-0.709900,-255.089946,2.923986,12.984062,-86.387168,0
2026-02-05,sz.301338,131.2600,137.0000,127.0000,131.5400,133.6400,3075796,402641032.8200,3,5.200000,1,-1.571400,94.736038,8.938484,13.276925,176.869977,0
2026-02-05,sz.301339,14.5100,14.8200,14.4800,14.5900,14.5600,4533454,66362737.5400,3,2.697500,1,0.206000,40.186737,3.047284,8.695776,-236.084569,0
2026-02-05,sz.301345,221.0000,221.7500,216.7000,220.2800,221.0000,997205,218997373.7400,3,3.431800,1,-0.325800,32.618146,7.032707,6.806390,188.588042,0
2026-02-05,sz.301348,27.7200,28.3200,27.3000,28.0300,28.2000,14956350,417898947.5500,3,9.640600,1,-0.602800,-585.833810,4.520355,9.266799,-18.000620,0
2026-02-05,sz.301349,46.4600,47.0200,45.7500,46.1700,47.0300,1405800,65048018.9800,3,2.874400,1,-1.828600,251.912575,1.727060,4.333048,-530.183096,0
2026-02-05,sz.301353,29.6100,29.9300,29.3000,29.5500,29.6000,975636,28960387.4000,3,3.060200,1,-0.168900,41.986911,2.240606,3.146536,102.057205,0
2026-02-05,sz.301355,13.1800,13.3800,13.0900,13.1700,13.1600,4067100,53846240.0000,3,4.058800,1,0.076000,367.180368,1.704146,1.497148,-13.019010,0
2026-02-05,sz.301356,22.5700,22.8700,22.3300,22.3600,22.5700,1312500,29602523.8000,3,2.394600,1,-0.930400,53.433687,1.609345,3.098802,-11.589737,0
2026-02-05,sz.301357,129.0100,129.8100,126.5000,126.9100,131.1300,1455468,186017177.8800,3,6.115400,1,-3.218200,1118.663558,10.620199,66.177393,-99.980828,0
2026-02-05,sz.301358,63.2900,64.5000,61.1300,61.3000,63.1800,13424343,833658670.8200,3,3.476700,1,-2.975600,62.337822,3.798007,1.557398,790.298954,0
2026-02-05,sz.301359,21.3700,21.6900,21.1600,21.3600,21.3900,1378160,29557625.4000,3,2.015000,1,-0.140300,60.967505,3.042665,7.643464,-126.653310,0
2026-02-05,sz.301360,83.1800,83.9200,81.4000,81.6900,83.5000,1543300,126681551.3800,3,6.061700,1,-2.167700,137.479098,3.769538,12.404633,-24.864345,0
2026-02-05,sz.301361,37.8700,38.0000,36.7300,36.7300,38.2000,2565051,95451206.3800,3,8.425500,1,-3.848200,43.246625,3.534112,15.088326,-55.562223,0
2026-02-05,sz.301362,85.6100,93.2900,85.0000,93.2900,77.7400,17148758,1530373643.3500,3,57.798300,1,20.002600,50.426755,3.918526,5.952410,-27.541924,0
2026-02-05,sz.301363,31.8900,32.2900,31.1000,31.3900,32.0200,10221365,322543482.1000,3,2.738800,1,-1.967500,56.845539,4.823612,10.940964,-53.979039,0
2026-02-05,sz.301365,24.7800,25.0400,24.4800,24.8100,24.8100,2231350,55399112.5000,3,2.200900,1,0.000000,77.223783,2.561041,6.841150,-11.844986,0
2026-02-05,sz.301366,35.2300,35.6300,34.7000,34.7000,35.5000,2040695,71553250.1500,3,2.674900,1,-2.253500,328.652372,3.400616,6.981599,231.852294,0
2026-02-05,sz.301367,83.6800,84.1400,82.9200,83.7300,83.6500,781926,65300287.9200,3,1.117900,1,0.095600,35.678921,2.517278,7.147582,7.913161,0
2026-02-05,sz.301368,62.9800,63.6000,62.1500,62.3900,63.7300,1767398,110556666.1000,3,2.756300,1,-2.102600,3728.348925,7.723062,14.827585,163.972295,0
2026-02-05,sz.301369,117.2500,118.7900,114.7000,118.3500,118.4300,849175,98932344.0000,3,2.335200,1,-0.067600,426.680420,5.560913,26.176847,-26.160928,0
2026-02-05,sz.301370,11.6000,11.7300,11.5400,11.5600,11.6100,3270000,37994840.0000,3,1.010000,1,-0.430700,55.369043,2.170546,0.753461,-35.258638,0
2026-02-05,sz.301371,24.7800,26.7800,24.6700,26.1200,24.8000,9664804,251459912.3400,3,12.424300,1,5.322600,28.754511,2.431412,7.352266,-7.364522,0
2026-02-05,sz.301372,28.4000,28.7100,28.0500,28.1500,28.3000,1172400,33243853.0000,3,2.847700,1,-0.530000,-25.328143,2.446314,7.420825,-17.936967,0
2026-02-05,sz.301373,34.8800,36.2800,34.8800,35.1900,35.0300,2633600,93783408.0000,3,6.845400,1,0.456800,26.756555,2.314726,7.603685,-62.406406,0
2026-02-05,sz.301376,19.8500,20.3400,19.8100,20.0900,19.8600,2750569,55481150.8700,3,1.420400,1,1.158100,24.667470,2.371302,0.953758,-219.715545,0
2026-02-05,sz.301377,172.0000,177.0000,169.0800,172.4500,173.3500,2546620,439981481.0000,3,3.585600,1,-0.519200,209.816979,26.609171,37.049507,2010.345878,0
2026-02-05,sz.301378,41.8800,42.8900,41.0000,41.9800,43.2400,6060950,254029052.9300,3,13.200500,1,-2.914000,-77.924237,3.106679,9.982081,31.361219,0
2026-02-05,sz.301379,27.0100,27.2900,26.6800,26.8000,27.3000,3151648,84624975.3600,3,2.475100,1,-1.831500,33.784465,3.758762,3.023754,-53.959023,0
2026-02-05,sz.301380,36.4500,37.3500,36.3800,36.8400,36.8700,1776825,65737496.2000,3,2.200700,1,-0.081400,64.164528,5.132140,3.389703,35.483495,0
2026-02-05,sz.301381,22.1300,22.6500,22.0300,22.3500,22.2300,4424559,99284552.7000,3,2.263600,1,0.539800,39.473804,3.387832,0.773210,46.879018,0
2026-02-05,sz.301382,38.0200,38.2800,37.1500,37.2500,38.2800,9358521,351359618.7000,3,5.308600,1,-2.690700,60.267236,5.742800,5.333337,152.129632,0
2026-02-05,sz.301383,33.6900,34.0800,33.6700,33.6900,33.9600,798200,27015849.0000,3,1.130400,1,-0.795100,159.142101,2.739500,2.693827,40.649775,0
2026-02-05,sz.301386,27.8000,28.2000,26.9200,27.0800,27.9500,6132342,167344928.2000,3,14.287500,1,-3.112700,39.106941,2.556337,7.077266,-25.882173,0
2026-02-05,sz.301387,57.3000,58.4900,56.4200,57.3000,58.0900,1546646,88508524.7600,3,3.623500,1,-1.360000,148.420864,3.713966,3.970171,-161.746732,0
2026-02-05,sz.301388,34.7000,35.3900,34.4200,34.5000,35.4300,4696614,163398837.4500,3,17.168100,1,-2.624900,156.852526,3.618776,7.207213,-77.366682,0
2026-02-05,sz.301389,47.5800,48.4000,47.2000,47.7500,47.8900,2953800,141338939.0000,3,3.492800,1,-0.292300,121.636136,6.083102,36.543159,-30.707532,0
2026-02-05,sz.301390,38.5800,39.6800,38.0000,39.1500,37.9000,2737665,107294206.1700,3,8.924500,1,3.298200,95.149591,2.464368,3.598268,26.070510,0
2026-02-05,sz.301391,72.6800,72.7000,71.2000,71.6500,73.0600,526091,37838838.6200,3,0.566700,1,-1.929900,323.732154,3.279841,10.865341,30.077239,0
2026-02-05,sz.301392,118.8000,119.7600,115.9300,117.9700,120.0000,2604874,306146926.9200,3,6.385100,1,-1.691700,554.958045,16.268057,30.020789,137.557877,0
2026-02-05,sz.301393,53.5000,56.6500,53.5000,54.0000,53.4000,2297317,126489668.4800,3,5.456200,1,1.123600,42.582998,2.482308,10.443862,22.272083,0
2026-02-05,sz.301395,13.7800,14.2500,13.7700,14.1100,13.8200,4403121,61976790.0200,3,3.422800,1,2.098400,65.495992,2.221557,1.500655,-16.277527,0
2026-02-05,sz.301396,87.6000,89.3300,85.8500,87.3800,89.3800,13452524,1176426841.1000,3,17.681800,1,-2.237600,214.143949,10.406449,6.755339,-61.795368,0
2026-02-05,sz.301397,30.5800,30.9500,30.1300,30.1600,30.5900,1747292,53114866.2800,3,2.470100,1,-1.405700,40.722083,2.395852,3.341829,-47.020971,0
2026-02-05,sz.301398,62.0900,62.1200,59.8000,60.3700,61.8200,1327460,80078883.4000,3,3.566600,1,-2.345500,97.532143,6.027274,16.376495,137.506991,0
2026-02-05,sz.301399,19.9900,20.0900,19.7400,19.7600,20.0100,1504901,29940134.5300,3,2.752000,1,-1.249400,92.987113,2.788297,7.478695,-17.713284,0
2026-02-05,sz.301408,21.3100,21.6000,20.7700,20.8300,21.7100,15247804,321117735.2700,3,10.221700,1,-4.053400,44.677559,3.975250,1.616375,-78.066380,0
2026-02-05,sz.301413,160.7100,167.1500,157.0000,165.3300,167.1500,4224240,687337385.6200,3,7.190200,1,-1.088800,174.240784,13.004898,14.264896,664.264662,0
2026-02-05,sz.301418,39.0100,39.3400,38.5000,39.1000,38.9200,721000,28147895.0000,3,2.449400,1,0.462500,183.558664,1.771791,8.429548,-48.810075,0
2026-02-05,sz.301419,34.4400,34.8700,33.9800,34.2000,34.7200,1636800,56345084.8000,3,3.849800,1,-1.497700,58.311049,4.322356,9.896040,501.439421,0
2026-02-05,sz.301421,93.0000,93.7500,91.8200,92.8000,93.8600,2012974,186666702.5300,3,4.346900,1,-1.129300,336.555782,8.995274,22.178177,999.592423,0
2026-02-05,sz.301428,37.6000,38.8000,37.1700,37.8500,38.6700,9109765,346383500.2900,3,14.886000,1,-2.120500,85.099887,2.935087,3.465998,-98.066487,0
2026-02-05,sz.301429,21.1900,21.5400,20.9400,21.2200,21.1300,1735942,37031327.6400,3,3.941600,1,0.425900,48.452003,1.843476,2.537832,17.638334,0
2026-02-05,sz.301439,16.5400,16.6100,16.0900,16.1800,16.6600,6685023,108771625.7700,3,3.648100,1,-2.881200,31.308428,2.126070,1.647261,-21.893247,0
2026-02-05,sz.301446,46.2200,46.8900,44.4100,44.6600,46.9000,1187066,53703202.2600,3,3.736200,1,-4.776100,53.088019,3.935329,8.651064,-47.483265,0
2026-02-05,sz.301448,43.9700,45.4900,43.9700,44.5100,44.1400,873890,39040065.5200,3,1.810000,1,0.838200,906.856136,6.862859,6.093061,-30.687871,0
2026-02-05,sz.301449,78.5800,78.7500,77.2000,77.8500,79.1800,750920,58633475.0600,3,5.397200,1,-1.679700,42.052007,8.275363,5.834663,172.731120,0
2026-02-05,sz.301456,29.9700,29.9700,29.3400,29.4900,29.9500,1032475,30540517.2500,3,1.706600,1,-1.535900,65.660369,2.015478,7.263997,-8.143360,0
2026-02-05,sz.301458,34.6100,34.9900,33.9900,34.2300,34.8700,3235373,111188437.8400,3,2.753900,1,-1.835400,70.988441,5.519356,12.219796,22.612821,0
2026-02-05,sz.301459,42.8600,42.8800,42.4000,42.4500,42.8400,738840,31481164.2000,3,2.830900,1,-0.910400,34.234120,3.546806,4.640596,-37.902344,0
2026-02-05,sz.301468,69.2500,70.3900,64.5800,65.4300,70.5100,7933961,527302070.9000,3,10.578200,1,-7.204700,190.035171,3.719676,18.499183,-28.704502,0
2026-02-05,sz.301469,33.8600,34.0100,33.1700,33.3700,34.3400,3381713,113294618.2700,3,7.342200,1,-2.824700,42.543504,2.167787,2.826170,-46.458288,0
2026-02-05,sz.301479,85.9900,86.7300,85.4100,86.1700,85.8700,496722,42847842.0000,3,2.365100,1,0.349400,42.445484,6.228835,5.111975,29.581492,0
2026-02-05,sz.301486,212.2600,215.9700,195.0300,196.4100,220.3800,7593905,1540610057.9500,3,10.481000,1,-10.876700,147.984604,9.670013,25.332800,574.202287,0
2026-02-05,sz.301487,23.6600,23.8700,23.1800,23.1900,24.0000,17706648,414200560.9600,3,6.490800,1,-3.375000,-147.539815,5.652833,5.047510,297.302541,0
2026-02-05,sz.301488,149.9900,151.8200,146.2400,146.2600,150.6600,1045743,154903776.3200,3,4.466700,1,-2.920500,140.190009,10.069131,7.832638,23.631998,0
2026-02-05,sz.301489,153.9900,156.3000,150.9000,152.2900,155.0000,1882040,287445796.6000,3,3.953800,1,-1.748400,165.662757,11.348781,13.633253,1781.926413,0
2026-02-05,sz.301491,56.4300,57.1000,56.1900,56.8000,56.4200,788501,44747816.7200,3,2.913200,1,0.673500,33.549646,3.503924,4.683409,6.702101,0
2026-02-05,sz.301498,62.4900,67.8300,61.0000,65.5700,63.8000,6116484,396846673.3800,3,3.408500,1,2.774300,39.350443,5.867682,4.160868,-127.290114,0
2026-02-05,sz.301499,30.5000,30.6800,30.0800,30.4200,30.5000,1608800,48915579.0000,3,4.654600,1,-0.262300,84.246112,3.288863,4.466887,29.046976,0
2026-02-05,sz.301500,19.1900,19.9000,18.9200,19.1100,19.9100,23582766,455454525.2600,3,16.371200,1,-4.018100,72.662801,2.291060,0.759650,-60.176788,0
2026-02-05,sz.301501,42.1800,43.1200,41.9300,42.3500,42.1800,1061226,45091853.7600,3,2.870100,1,0.403000,25.800244,3.034284,3.441817,-404.738177,0
2026-02-05,sz.301502,46.0100,46.7500,45.6200,46.2400,46.0600,784748,36350789.3700,3,3.327000,1,0.390800,79.867325,3.175042,6.147496,-94.133262,0
2026-02-05,sz.301503,39.6100,39.9600,39.1700,39.3000,39.2700,1020200,40470132.0000,3,3.141000,1,0.076400,25.233178,2.949536,2.150944,35.110468,0
2026-02-05,sz.301505,25.2600,25.5000,25.0600,25.0900,25.2700,2779755,70236454.3400,3,3.710200,1,-0.712300,135.815912,2.992764,9.935212,105.339630,0
2026-02-05,sz.301507,15.5700,15.8700,15.4700,15.5800,15.5700,4297900,67399472.1300,3,3.900600,1,0.064200,46.264820,3.429585,7.465995,-29.895809,0
2026-02-05,sz.301508,32.8600,33.1900,32.5500,32.8700,32.8000,1731100,57022561.0000,3,2.942200,1,0.213400,48.917797,3.711051,8.450071,80.998435,0
2026-02-05,sz.301509,36.8200,39.9900,36.7300,38.4800,36.3400,10275536,401080162.0100,3,18.109600,1,5.888800,45.108266,2.102662,7.756572,-20.192016,0
2026-02-05,sz.301510,36.5500,36.7500,35.8100,36.4400,36.8200,5651441,204710060.0300,3,2.024500,1,-1.032000,222.097667,10.346817,29.419557,-1376.486323,0
2026-02-05,sz.301511,28.9800,29.0600,28.3500,28.4400,29.1400,9854616,281822694.6700,3,2.630500,1,-2.402200,700.677044,4.411588,1.634955,-64.959750,0
2026-02-05,sz.301512,51.1800,51.8400,50.6000,50.7000,51.5000,732974,37464427.4600,3,2.953900,1,-1.553400,72.772408,2.681099,4.583360,17.831656,0
2026-02-05,sz.301515,25.3600,25.9000,25.0700,25.6900,25.3800,2436800,62477414.0000,3,3.716300,1,1.221400,-162.257722,2.109058,4.238726,-19.592943,0
2026-02-05,sz.301516,16.6600,16.7200,16.3400,16.3900,16.6800,2009400,33216757.0000,3,2.863400,1,-1.738600,-43.641236,3.564692,5.592498,117.338361,0
2026-02-05,sz.301517,64.9800,67.3700,64.4400,65.7500,65.7300,5293566,350999297.6200,3,5.393000,1,0.030400,-5574.747936,7.422181,17.373801,142.354431,0
2026-02-05,sz.301518,39.9700,40.4700,39.1000,39.5000,39.9600,2032300,80433332.4300,3,3.798800,1,-1.151200,56.986633,3.903667,2.019245,-51.959275,0
2026-02-05,sz.301519,15.0500,15.1500,14.8500,14.9300,14.9900,2297622,34483945.6100,3,3.044200,1,-0.400300,-125.123651,1.705853,3.762186,15.265820,0
2026-02-05,sz.301520,45.0900,45.1400,44.3000,44.3000,44.8300,709365,31730827.4300,3,3.163600,1,-1.182200,72.307967,1.952274,10.004096,-26.289673,0
2026-02-05,sz.301522,39.6200,40.7500,39.4300,39.6100,40.0500,6262929,249551402.2600,3,2.225500,1,-1.098600,129.846232,7.785334,6.058506,210.607234,0
2026-02-05,sz.301525,84.7000,85.3500,83.0200,83.1800,85.5000,1128000,94335493.5100,3,2.283300,1,-2.713500,51.100777,2.405898,6.116687,-32.584544,0
2026-02-05,sz.301526,9.4100,9.9500,9.3000,9.4000,9.7600,164828397,1568910475.1200,3,11.736600,1,-3.688500,464.688369,4.316546,4.226706,-47.969226,0
2026-02-05,sz.301528,66.7300,67.5000,66.2300,66.6200,67.1100,316300,21166655.0000,3,0.993100,1,-0.730100,68.445475,2.697540,20.909807,172.742678,0
2026-02-05,sz.301529,128.6700,129.8500,125.9400,126.4000,128.9700,1573000,200756693.0000,3,3.477100,1,-1.992700,70.420474,7.848512,6.462072,-151.869405,0
2026-02-05,sz.301533,38.6000,38.7600,37.7600,37.8100,39.3600,2717605,103652819.2000,3,9.556700,1,-3.938000,66.658623,3.281738,4.636104,-20.744483,0
2026-02-05,sz.301535,28.1200,28.4700,27.7300,28.2900,28.2200,6322134,178093068.5800,3,9.910200,1,0.248100,96.077297,10.440491,15.693140,-44.989990,0
2026-02-05,sz.301536,68.0300,68.9500,65.7000,66.5000,69.2700,8305292,554241318.1700,3,4.436700,1,-3.998800,106.954301,8.976212,10.359861,896.127567,0
2026-02-05,sz.301538,85.8000,85.8000,83.8800,84.1700,86.0600,1339017,113221293.0500,3,4.289000,1,-2.196100,33.377289,4.807439,6.581502,48.073172,0
2026-02-05,sz.301539,21.1100,21.3300,20.9800,21.0400,21.2000,1828385,38620123.4000,3,2.435800,1,-0.754700,50.954080,3.818181,2.941645,-25.634915,0
2026-02-05,sz.301548,67.9400,70.9900,67.0100,67.6600,68.9900,1736100,118829469.0000,3,6.617500,1,-1.927800,44.520429,3.898731,9.934198,111.540259,0
2026-02-05,sz.301550,163.8400,168.8000,161.0100,164.9000,164.6000,5406231,892221864.6400,3,3.832000,1,0.182300,197.591255,20.785577,47.749582,153.380184,0
2026-02-05,sz.301551,35.0900,36.2000,34.9400,35.6500,35.4900,7402172,265015322.4300,3,4.789400,1,0.450800,49.249419,5.574487,23.640427,-10.087131,0
2026-02-05,sz.301552,39.7200,40.9800,39.5900,40.1100,39.7700,1303220,52457316.9000,3,5.475700,1,0.854900,24.198978,3.316640,5.720901,27.633618,0
2026-02-05,sz.301555,33.4300,35.1200,33.4000,33.9700,33.7300,3276533,112308980.8200,3,6.777100,1,0.711500,42.507604,2.791114,1.471209,127.404922,0
2026-02-05,sz.301556,112.2700,112.5000,105.5800,105.8700,117.2500,5614532,609070854.0000,3,19.045200,1,-9.705800,65.348198,9.141532,16.577314,59.285347,0
2026-02-05,sz.301557,103.0300,103.0300,94.6300,95.1800,103.7000,1922916,186768683.5800,3,17.354800,1,-8.216000,46.323285,4.170654,3.635510,43.536263,0
2026-02-05,sz.301558,9.1000,9.4300,9.0200,9.3500,9.2700,21378310,198662307.0400,3,9.749200,1,0.863000,2296.111024,5.438337,4.207116,-256.036979,0
2026-02-05,sz.301559,17.8000,18.0600,17.7000,17.8300,17.8000,2762800,49402750.6400,3,3.069800,1,0.168500,47.908783,2.349299,3.896700,21.163048,0
2026-02-05,sz.301560,38.5000,38.9000,37.7400,38.0500,38.8000,1927911,73440105.3700,3,7.927300,1,-1.933000,52.000097,4.717669,4.352928,17.950477,0
2026-02-05,sz.301563,158.8900,161.3800,158.8900,160.6800,162.0000,684713,109665375.9200,3,4.907700,1,-0.814800,91.602632,8.720284,3.535724,24.451565,0
2026-02-05,sz.301565,24.5400,24.7000,24.2600,24.2700,24.7000,2334720,56997494.5900,3,1.823900,1,-1.740900,149.979316,4.031139,4.415080,-53.044304,0
2026-02-05,sz.301566,21.0100,22.1800,20.7200,22.1100,21.2400,18419126,397388755.4300,3,8.876700,1,4.096000,58.233725,6.146857,24.713297,85.638073,0
2026-02-05,sz.301567,48.2600,48.4200,47.3100,47.4500,48.2500,950097,45328089.8400,3,4.473200,1,-1.658000,115.749441,4.568862,8.492289,156.150218,0
2026-02-05,sz.301568,48.9600,49.2900,47.7000,48.1100,49.4000,2188400,105909345.0000,3,4.597500,1,-2.611300,48.351877,4.925635,11.188597,-26.878177,0
2026-02-05,sz.301571,55.4400,55.9300,54.6600,55.0000,55.6500,1473000,81239905.0000,3,1.236100,1,-1.168000,51.519631,5.029233,9.549106,-32.016985,0
2026-02-05,sz.301575,51.4600,52.9800,51.0300,52.1500,51.4600,1291600,67502089.0000,3,7.813200,1,1.340800,35.295506,3.292114,4.074029,9.009838,0
2026-02-05,sz.301577,62.6000,62.7000,61.4300,61.6000,62.3200,546300,33898828.3500,3,2.899500,1,-1.155300,97.197921,3.637468,6.428311,-80.358455,0
2026-02-05,sz.301578,36.0000,36.3000,35.8400,35.9800,36.0900,856655,30903821.4000,3,3.697300,1,-0.304800,81.629327,3.149438,3.414522,30.970733,0
2026-02-05,sz.301580,52.4200,52.7500,50.0000,50.7200,52.5000,2665018,135813209.9200,3,3.700500,1,-3.390500,29.873556,2.592781,5.439862,-4.106915,0
2026-02-05,sz.301581,48.3200,53.8800,48.0000,51.7400,48.2000,3945211,201501596.5100,3,8.071500,1,7.344400,57.782487,4.120760,5.028952,22.900529,0
2026-02-05,sz.301584,29.8100,29.8100,29.3500,29.3500,29.8200,1882289,55608481.5700,3,3.732900,1,-1.576100,41.264758,5.952575,0.640786,13.148817,0
2026-02-05,sz.301585,33.2100,33.4400,32.2800,32.4000,33.2100,2029772,66470831.2000,3,2.980200,1,-2.439000,51.131960,3.491094,7.379125,24.618033,0
2026-02-05,sz.301586,49.9000,51.5500,49.7900,50.1200,49.9700,1179936,59814408.7300,3,2.230000,1,0.300200,64.701752,3.256686,5.505899,-12.935875,0
2026-02-05,sz.301587,24.3000,24.4800,24.1100,24.3000,24.4100,1621400,39398777.0000,3,2.207400,1,-0.450600,77.615740,1.791541,5.466704,-28.181058,0
2026-02-05,sz.301588,23.9200,24.6800,23.5100,24.3600,23.8000,6033572,145262585.9000,3,8.224700,1,2.352900,63.703084,3.096497,3.361984,-18.289756,0
2026-02-05,sz.301589,176.8000,178.9700,176.3100,177.9800,178.3800,522300,92681867.0000,3,1.515500,1,-0.224200,28.481902,4.297075,4.951107,103.929104,0
2026-02-05,sz.301590,200.5200,200.9800,194.1300,195.0000,200.5300,313532,61468631.5500,3,3.644600,1,-2.757700,44.127308,4.218704,5.681054,67.380021,0
2026-02-05,sz.301591,47.7400,47.7500,45.8100,45.8900,47.9100,2470895,115044796.2700,3,7.278300,1,-4.216200,53.692037,4.307823,9.055660,82.544133,0
2026-02-05,sz.301592,118.3200,119.5800,117.8100,118.2300,119.0100,372700,44185134.0000,3,1.595600,1,-0.655400,130.969330,9.439845,16.331041,51.570320,0
2026-02-05,sz.301595,52.4000,53.6400,51.7300,52.1600,52.8400,1212095,63804763.0600,3,4.975100,1,-1.286900,76.546243,6.338619,5.262416,34.415257,0
2026-02-05,sz.301596,72.3900,72.7900,71.8100,71.9600,72.4300,497558,35964724.9800,3,1.588800,1,-0.648900,52.002998,6.541227,8.493528,-242.751258,0
2026-02-05,sz.301598,66.7800,66.7800,66.0000,66.3700,66.4900,270900,17966644.0000,3,1.543800,1,-0.180500,34.067069,4.131564,7.041393,16.119954,0
2026-02-05,sz.301600,123.1800,124.2600,121.5100,121.6600,123.6000,725635,88746163.0300,3,2.249400,1,-1.569600,72.057222,10.110535,13.187758,-124.869348,0
2026-02-05,sz.301601,28.5100,28.6800,28.3500,28.4300,28.6500,870500,24777630.0000,3,1.030400,1,-0.767900,95.763454,3.146745,7.742280,-36.431820,0
2026-02-05,sz.301602,22.2500,22.4600,22.2200,22.3100,22.3600,1189300,26576301.0000,3,0.570400,1,-0.223600,67.201177,7.341930,25.949885,22.457795,0
2026-02-05,sz.301603,68.0100,68.5400,67.2600,67.5800,68.5200,1402847,95069388.7300,3,3.717900,1,-1.371900,24.642296,3.507043,3.349261,-15.557488,0
2026-02-05,sz.301606,63.9400,64.4500,62.8800,63.6900,65.0000,3684736,234625861.5600,3,1.682400,1,-2.015400,43.510740,8.412971,3.211718,176.896575,0
2026-02-05,sz.301607,51.7500,51.9900,48.8800,49.8200,51.3000,5291966,264216992.9300,3,4.731500,1,-2.885000,51.957385,6.794597,2.339270,-28.416595,0
2026-02-05,sz.301608,92.0200,93.1800,91.2200,92.6800,92.4200,649832,60031639.4800,3,1.627100,1,0.281300,37.258134,3.899712,5.065760,2357.623375,0
2026-02-05,sz.301609,49.2000,49.4900,47.3000,47.3200,49.6500,3605469,172956583.9300,3,9.838100,1,-4.692800,58.037483,6.258885,10.992424,14.752166,0
2026-02-05,sz.301611,116.5400,131.4400,114.6800,127.2000,118.7900,13911789,1724577761.7000,3,9.490700,1,7.079700,168.214178,32.115718,53.574596,-122.829104,0
2026-02-05,sz.301613,50.6000,51.0000,49.7000,49.8100,50.8800,1873550,93815651.0000,3,2.233000,1,-2.103000,32.305263,4.516265,2.604134,95.522142,0
2026-02-05,sz.301616,52.2800,53.4300,51.9000,52.0800,52.3000,957700,50340339.0000,3,4.788500,1,-0.420700,20.867176,2.917892,4.314770,13.538870,0
2026-02-05,sz.301617,75.9800,79.9600,75.4400,76.8800,75.6000,2158045,166870557.2000,3,4.068700,1,1.693100,58.755864,6.083155,7.368556,414.492936,0
2026-02-05,sz.301618,51.5800,51.9800,51.3000,51.6600,51.6500,488449,25227242.0900,3,1.473300,1,0.019400,97.677229,4.937353,8.599381,-22.443010,0
2026-02-05,sz.301622,66.9000,66.9000,64.9400,65.3000,67.1700,1770395,116114490.3000,3,2.818200,1,-2.784000,46.648469,4.850584,5.557004,85.360936,0
2026-02-05,sz.301626,180.6700,181.4400,173.3900,174.7400,182.5000,1573170,276663788.7000,3,2.989700,1,-4.252100,107.755726,12.833686,18.887348,599.956528,0
2026-02-05,sz.301628,96.0000,97.7300,94.3800,95.1700,96.2700,1506858,144224227.6900,3,4.618900,1,-1.142600,55.476446,6.253717,7.845041,90.110452,0
2026-02-05,sz.301629,285.6900,297.2900,281.4600,294.7200,289.9000,1301354,377801363.1700,3,12.475000,1,1.662600,235.704955,10.554079,28.391542,34.339725,0
2026-02-05,sz.301630,176.6000,177.0300,174.7700,174.9800,176.8000,210799,36954789.4700,3,2.108000,1,-1.029400,51.453753,4.181212,6.151206,16.061261,0
2026-02-05,sz.301631,96.0100,98.3100,95.2900,97.7200,96.3100,1236381,120218054.9300,3,4.026600,1,1.464000,33.007034,3.573424,1.903934,47.523770,0
2026-02-05,sz.301632,24.5600,24.7600,24.3300,24.3500,24.9700,2438601,59678289.3500,3,3.541200,1,-2.483000,73.155444,3.823470,8.653978,14.625679,0
2026-02-05,sz.301633,68.0900,68.6600,67.7400,67.7700,68.4600,310300,21103904.0000,3,1.216400,1,-1.007900,47.328701,4.130495,6.401876,100.281988,0
2026-02-05,sz.301636,86.0000,102.0000,85.5000,92.6000,89.4700,9963793,930574052.8100,3,62.402600,1,3.498400,69.795907,5.479756,6.842551,30.620798,0
2026-02-05,sz.301638,21.0000,21.0100,20.3600,20.4500,21.1600,16609161,340854532.9300,3,7.068300,1,-3.355400,84.249989,8.101647,9.616748,104.393521,0
2026-02-05,sz.301656,26.2200,26.4600,26.1700,26.3000,26.3400,3217137,84692553.7800,3,1.927800,1,-0.151900,54.731260,6.840400,3.164721,20.531037,0
2026-02-05,sz.301658,33.3800,33.3800,32.4400,32.4900,33.8900,5734252,187932719.0700,3,13.905600,1,-4.131000,86.251185,4.241095,5.557472,336.009090,0
2026-02-05,sz.301662,181.6200,208.0000,181.6200,197.5000,173.5000,2768654,547689394.8100,3,16.650700,1,13.832900,125.605199,10.953606,9.483757,84.518228,0
2026-02-05,sz.301665,29.3500,29.9300,28.8700,28.9200,29.3300,2155950,62979011.8600,3,5.636500,1,-1.397900,27.879039,3.706226,2.550045,81.083741,0
2026-02-05,sz.301667,70.0000,70.0000,67.6800,67.6800,70.5500,2261535,155172243.2000,3,10.053700,1,-4.068000,69.567922,10.982659,4.364128,-69.158108,0
2026-02-05,sz.301668,52.7900,52.7900,51.3700,51.4400,52.8700,1406044,72688324.1600,3,6.100500,1,-2.704700,50.367754,5.410198,6.379443,9.517181,0
2026-02-05,sz.301678,74.4000,75.2500,73.5600,74.7400,75.5900,2042240,151880173.1000,3,4.262600,1,-1.124500,105.280745,9.376063,18.857706,30.156840,0
2026-02-05,sz.301687,60.0000,60.0000,58.5600,58.7000,60.6600,2832279,167095330.7000,3,9.589500,1,-3.231100,66.317411,11.036164,12.430767,53.894477,0
2026-02-05,sz.302132,77.7800,78.9900,77.0100,77.4300,78.3000,6513558,506781202.8200,3,1.111400,1,-1.111100,-193.958857,10.378711,45.050241,16.982771,0
