market,code,name,category,radar_scope,theme_group,theme_label,radar_enabled,active_at_review,history_from_at_review,review_status,source_url,crosscheck_url,reviewed_at,exclusion_reason
SH,510010,交银上证180公司治理ETF,equity_broad,EQUITY_ETF,sse180,SSE 180,true,true,2026-01-05,reviewed,https://www.sse.com.cn/assortment/fund/etf/list/,https://www.baostock.com/mainContent?file=DailyUpdates.md#query_daily_history_k_ETF,2026-07-31,
SH,510020,博时上证超大盘ETF,equity_broad,EQUITY_ETF,sse_large,SSE Large Cap,true,true,2026-01-05,reviewed,https://www.sse.com.cn/assortment/fund/etf/list/,https://www.baostock.com/mainContent?file=DailyUpdates.md#query_daily_history_k_ETF,2026-07-31,
SH,510030,上证180价值ETF,equity_strategy,EQUITY_ETF,value,Value,true,true,2026-01-05,reviewed,https://www.sse.com.cn/assortment/fund/etf/list/,https://www.baostock.com/mainContent?file=DailyUpdates.md#query_daily_history_k_ETF,2026-07-31,
SH,510040,鹏华上证180ETF,equity_broad,EQUITY_ETF,sse180,SSE 180,true,true,2026-01-05,reviewed,https://www.sse.com.cn/assortment/fund/etf/list/,https://www.baostock.com/mainContent?file=DailyUpdates.md#query_daily_history_k_ETF,2026-07-31,
SH,510050,华夏上证50ETF,equity_broad,EQUITY_ETF,sse50,SSE 50,true,true,2026-01-05,reviewed,https://www.sse.com.cn/assortment/fund/etf/list/,https://www.baostock.com/mainContent?file=DailyUpdates.md#query_daily_history_k_ETF,2026-07-31,
SH,510060,工银上证央企ETF,equity_strategy,EQUITY_ETF,central_soe,Central SOE,true,true,2026-01-05,reviewed,https://www.sse.com.cn/assortment/fund/etf/list/,https://www.baostock.com/mainContent?file=DailyUpdates.md#query_daily_history_k_ETF,2026-07-31,
SH,510090,建信上证社会责任ETF,equity_strategy,EQUITY_ETF,esg,ESG,true,true,2026-01-05,reviewed,https://www.sse.com.cn/assortment/fund/etf/list/,https://www.baostock.com/mainContent?file=DailyUpdates.md#query_daily_history_k_ETF,2026-07-31,
SH,510100,易方达上证50ETF,equity_broad,EQUITY_ETF,sse50,SSE 50,true,true,2026-01-05,reviewed,https://www.sse.com.cn/assortment/fund/etf/list/,https://www.baostock.com/mainContent?file=DailyUpdates.md#query_daily_history_k_ETF,2026-07-31,
SH,510130,易方达上证中盘ETF,equity_broad,EQUITY_ETF,sse_large,SSE Large Cap,true,true,2026-01-05,reviewed,https://www.sse.com.cn/assortment/fund/etf/list/,https://www.baostock.com/mainContent?file=DailyUpdates.md#query_daily_history_k_ETF,2026-07-31,
SH,510140,华夏上证综合ETF,equity_broad,EQUITY_ETF,sse_composite,SSE Composite,false,true,2026-07-03,reviewed,https://www.sse.com.cn/assortment/fund/etf/list/,https://www.baostock.com/mainContent?file=DailyUpdates.md#query_daily_history_k_ETF,2026-07-31,partial_144_session_history_at_review
SH,510150,招商上证消费80ETF,equity_sector,EQUITY_ETF,consumer,Consumer,true,true,2026-01-05,reviewed,https://www.sse.com.cn/assortment/fund/etf/list/,https://www.baostock.com/mainContent?file=DailyUpdates.md#query_daily_history_k_ETF,2026-07-31,
SH,510160,中证南方小康产业指数ETF,equity_theme,EQUITY_ETF,exposure_6d28234519f3,中证南方小康产业指数,true,true,2026-01-05,reviewed,https://www.sse.com.cn/assortment/fund/etf/list/,https://www.baostock.com/mainContent?file=DailyUpdates.md#query_daily_history_k_ETF,2026-07-31,
SH,510170,国联安上证商品ETF,equity_theme,EQUITY_ETF,exposure_60043459e47c,上证商品,true,true,2026-01-05,reviewed,https://www.sse.com.cn/assortment/fund/etf/list/,https://www.baostock.com/mainContent?file=DailyUpdates.md#query_daily_history_k_ETF,2026-07-31,
SH,510180,华安上证180ETF,equity_broad,EQUITY_ETF,sse180,SSE 180,true,true,2026-01-05,reviewed,https://www.sse.com.cn/assortment/fund/etf/list/,https://www.baostock.com/mainContent?file=DailyUpdates.md#query_daily_history_k_ETF,2026-07-31,
SH,510190,华安上证50ETF,equity_broad,EQUITY_ETF,sse50,SSE 50,true,true,2026-01-05,reviewed,https://www.sse.com.cn/assortment/fund/etf/list/,https://www.baostock.com/mainContent?file=DailyUpdates.md#query_daily_history_k_ETF,2026-07-31,
SH,510200,汇安上证证券ETF,equity_sector,EQUITY_ETF,securities,Securities,true,true,2026-01-05,reviewed,https://www.sse.com.cn/assortment/fund/etf/list/,https://www.baostock.com/mainContent?file=DailyUpdates.md#query_daily_history_k_ETF,2026-07-31,
SH,510210,上证综指ETF,equity_broad,EQUITY_ETF,sse_composite,SSE Composite,true,true,2026-01-05,reviewed,https://www.sse.com.cn/assortment/fund/etf/list/,https://www.baostock.com/mainContent?file=DailyUpdates.md#query_daily_history_k_ETF,2026-07-31,
SH,510230,国泰上证180金融ETF,equity_sector,EQUITY_ETF,finance,Finance,true,true,2026-01-05,reviewed,https://www.sse.com.cn/assortment/fund/etf/list/,https://www.baostock.com/mainContent?file=DailyUpdates.md#query_daily_history_k_ETF,2026-07-31,
SH,510270,中银上证国企100ETF,equity_strategy,EQUITY_ETF,central_soe,Central SOE,true,true,2026-01-05,reviewed,https://www.sse.com.cn/assortment/fund/etf/list/,https://www.baostock.com/mainContent?file=DailyUpdates.md#query_daily_history_k_ETF,2026-07-31,
SH,510290,南方上证380ETF,equity_broad,EQUITY_ETF,sse380,SSE 380,true,true,2026-01-05,reviewed,https://www.sse.com.cn/assortment/fund/etf/list/,https://www.baostock.com/mainContent?file=DailyUpdates.md#query_daily_history_k_ETF,2026-07-31,
SH,510300,华泰柏瑞沪深300ETF,equity_broad,EQUITY_ETF,csi300,CSI 300,true,true,2026-01-05,reviewed,https://www.sse.com.cn/assortment/fund/etf/list/,https://www.baostock.com/mainContent?file=DailyUpdates.md#query_daily_history_k_ETF,2026-07-31,
SH,510310,易方达沪深300ETF,equity_broad,EQUITY_ETF,csi300,CSI 300,true,true,2026-01-05,reviewed,https://www.sse.com.cn/assortment/fund/etf/list/,https://www.baostock.com/mainContent?file=DailyUpdates.md#query_daily_history_k_ETF,2026-07-31,
SH,510320,中金沪深300ETF,equity_broad,EQUITY_ETF,csi300,CSI 300,true,true,2026-01-05,reviewed,https://www.sse.com.cn/assortment/fund/etf/list/,https://www.baostock.com/mainContent?file=DailyUpdates.md#query_daily_history_k_ETF,2026-07-31,
SH,510330,华夏沪深300ETF,equity_broad,EQUITY_ETF,csi300,CSI 300,true,true,2026-01-05,reviewed,https://www.sse.com.cn/assortment/fund/etf/list/,https://www.baostock.com/mainContent?file=DailyUpdates.md#query_daily_history_k_ETF,2026-07-31,
SH,510350,工银沪深300ETF,equity_broad,EQUITY_ETF,csi300,CSI 300,true,true,2026-01-05,reviewed,https://www.sse.com.cn/assortment/fund/etf/list/,https://www.baostock.com/mainContent?file=DailyUpdates.md#query_daily_history_k_ETF,2026-07-31,
SH,510360,广发沪深300ETF,equity_broad,EQUITY_ETF,csi300,CSI 300,true,true,2026-01-05,reviewed,https://www.sse.com.cn/assortment/fund/etf/list/,https://www.baostock.com/mainContent?file=DailyUpdates.md#query_daily_history_k_ETF,2026-07-31,
SH,510370,兴业沪深300ETF,equity_broad,EQUITY_ETF,csi300,CSI 300,true,true,2026-01-05,reviewed,https://www.sse.com.cn/assortment/fund/etf/list/,https://www.baostock.com/mainContent?file=DailyUpdates.md#query_daily_history_k_ETF,2026-07-31,
SH,510380,国寿安保沪深300ETF,equity_broad,EQUITY_ETF,csi300,CSI 300,true,true,2026-01-05,reviewed,https://www.sse.com.cn/assortment/fund/etf/list/,https://www.baostock.com/mainContent?file=DailyUpdates.md#query_daily_history_k_ETF,2026-07-31,
SH,510390,平安沪深300ETF,equity_broad,EQUITY_ETF,csi300,CSI 300,true,true,2026-01-05,reviewed,https://www.sse.com.cn/assortment/fund/etf/list/,https://www.baostock.com/mainContent?file=DailyUpdates.md#query_daily_history_k_ETF,2026-07-31,
SH,510410,博时上证自然资源ETF,equity_theme,EQUITY_ETF,exposure_2b907fb2c004,上证自然资源,true,true,2026-01-05,reviewed,https://www.sse.com.cn/assortment/fund/etf/list/,https://www.baostock.com/mainContent?file=DailyUpdates.md#query_daily_history_k_ETF,2026-07-31,
SH,510500,南方中证500ETF,equity_broad,EQUITY_ETF,csi500,CSI 500,true,true,2026-01-05,reviewed,https://www.sse.com.cn/assortment/fund/etf/list/,https://www.baostock.com/mainContent?file=DailyUpdates.md#query_daily_history_k_ETF,2026-07-31,
SH,510510,广发中证500ETF,equity_broad,EQUITY_ETF,csi500,CSI 500,true,true,2026-01-05,reviewed,https://www.sse.com.cn/assortment/fund/etf/list/,https://www.baostock.com/mainContent?file=DailyUpdates.md#query_daily_history_k_ETF,2026-07-31,
SH,510530,工银中证500ETF,equity_broad,EQUITY_ETF,csi500,CSI 500,true,true,2026-01-05,reviewed,https://www.sse.com.cn/assortment/fund/etf/list/,https://www.baostock.com/mainContent?file=DailyUpdates.md#query_daily_history_k_ETF,2026-07-31,
SH,510550,方正富邦中证500ETF,equity_broad,EQUITY_ETF,csi500,CSI 500,true,true,2026-01-05,reviewed,https://www.sse.com.cn/assortment/fund/etf/list/,https://www.baostock.com/mainContent?file=DailyUpdates.md#query_daily_history_k_ETF,2026-07-31,
SH,510560,国寿安保中证500ETF,equity_broad,EQUITY_ETF,csi500,CSI 500,true,true,2026-01-05,reviewed,https://www.sse.com.cn/assortment/fund/etf/list/,https://www.baostock.com/mainContent?file=DailyUpdates.md#query_daily_history_k_ETF,2026-07-31,
SH,510570,兴业中证500ETF,equity_broad,EQUITY_ETF,csi500,CSI 500,true,true,2026-01-05,reviewed,https://www.sse.com.cn/assortment/fund/etf/list/,https://www.baostock.com/mainContent?file=DailyUpdates.md#query_daily_history_k_ETF,2026-07-31,
SH,510580,易方达中证500ETF,equity_broad,EQUITY_ETF,csi500,CSI 500,true,true,2026-01-05,reviewed,https://www.sse.com.cn/assortment/fund/etf/list/,https://www.baostock.com/mainContent?file=DailyUpdates.md#query_daily_history_k_ETF,2026-07-31,
SH,510590,平安中证500ETF,equity_broad,EQUITY_ETF,csi500,CSI 500,true,true,2026-01-05,reviewed,https://www.sse.com.cn/assortment/fund/etf/list/,https://www.baostock.com/mainContent?file=DailyUpdates.md#query_daily_history_k_ETF,2026-07-31,
SH,510600,申万菱信上证50ETF,equity_broad,EQUITY_ETF,sse50,SSE 50,true,true,2026-01-05,reviewed,https://www.sse.com.cn/assortment/fund/etf/list/,https://www.baostock.com/mainContent?file=DailyUpdates.md#query_daily_history_k_ETF,2026-07-31,
SH,510630,华夏消费ETF,equity_sector,EQUITY_ETF,consumer,Consumer,true,true,2026-01-05,reviewed,https://www.sse.com.cn/assortment/fund/etf/list/,https://www.baostock.com/mainContent?file=DailyUpdates.md#query_daily_history_k_ETF,2026-07-31,
SH,510650,上证金融地产发起式ETF,equity_sector,EQUITY_ETF,finance,Finance,true,true,2026-01-05,reviewed,https://www.sse.com.cn/assortment/fund/etf/list/,https://www.baostock.com/mainContent?file=DailyUpdates.md#query_daily_history_k_ETF,2026-07-31,
SH,510660,华夏医药ETF,equity_sector,EQUITY_ETF,healthcare,Healthcare,true,true,2026-01-05,reviewed,https://www.sse.com.cn/assortment/fund/etf/list/,https://www.baostock.com/mainContent?file=DailyUpdates.md#query_daily_history_k_ETF,2026-07-31,
SH,510670,华夏上证180ETF,equity_broad,EQUITY_ETF,sse180,SSE 180,true,true,2026-01-05,reviewed,https://www.sse.com.cn/assortment/fund/etf/list/,https://www.baostock.com/mainContent?file=DailyUpdates.md#query_daily_history_k_ETF,2026-07-31,
SH,510680,万家上证50ETF,equity_broad,EQUITY_ETF,sse50,SSE 50,true,true,2026-01-05,reviewed,https://www.sse.com.cn/assortment/fund/etf/list/,https://www.baostock.com/mainContent?file=DailyUpdates.md#query_daily_history_k_ETF,2026-07-31,
SH,510710,博时上证50ETF,equity_broad,EQUITY_ETF,sse50,SSE 50,true,true,2026-01-05,reviewed,https://www.sse.com.cn/assortment/fund/etf/list/,https://www.baostock.com/mainContent?file=DailyUpdates.md#query_daily_history_k_ETF,2026-07-31,
SH,510720,国泰上证国有企业红利ETF,equity_strategy,EQUITY_ETF,dividend,Dividend,true,true,2026-01-05,reviewed,https://www.sse.com.cn/assortment/fund/etf/list/,https://www.baostock.com/mainContent?file=DailyUpdates.md#query_daily_history_k_ETF,2026-07-31,
SH,510760,国泰上证综合交易ETF,equity_broad,EQUITY_ETF,sse_composite,SSE Composite,true,true,2026-01-05,reviewed,https://www.sse.com.cn/assortment/fund/etf/list/,https://www.baostock.com/mainContent?file=DailyUpdates.md#query_daily_history_k_ETF,2026-07-31,
SH,510770,申万菱信上证G60创新ETF,equity_theme,EQUITY_ETF,exposure_4acd56369e96,上证G60创新,true,true,2026-01-05,reviewed,https://www.sse.com.cn/assortment/fund/etf/list/,https://www.baostock.com/mainContent?file=DailyUpdates.md#query_daily_history_k_ETF,2026-07-31,
SH,510800,建信上证50ETF,equity_broad,EQUITY_ETF,sse50,SSE 50,true,true,2026-01-05,reviewed,https://www.sse.com.cn/assortment/fund/etf/list/,https://www.baostock.com/mainContent?file=DailyUpdates.md#query_daily_history_k_ETF,2026-07-31,
SH,510810,汇添富中证上海国企ETF,equity_strategy,EQUITY_ETF,central_soe,Central SOE,true,true,2026-01-05,reviewed,https://www.sse.com.cn/assortment/fund/etf/list/,https://www.baostock.com/mainContent?file=DailyUpdates.md#query_daily_history_k_ETF,2026-07-31,
SH,510850,工银瑞信上证50ETF,equity_broad,EQUITY_ETF,sse50,SSE 50,true,true,2026-01-05,reviewed,https://www.sse.com.cn/assortment/fund/etf/list/,https://www.baostock.com/mainContent?file=DailyUpdates.md#query_daily_history_k_ETF,2026-07-31,
SH,510880,华泰柏瑞上证红利ETF,equity_strategy,EQUITY_ETF,dividend,Dividend,true,true,2026-01-05,reviewed,https://www.sse.com.cn/assortment/fund/etf/list/,https://www.baostock.com/mainContent?file=DailyUpdates.md#query_daily_history_k_ETF,2026-07-31,
SH,510900,易方达恒生国企(QDII-ETF),overseas,CROSS_ASSET,hang_seng,Hang Seng,true,true,2026-01-05,reviewed,https://www.sse.com.cn/assortment/fund/etf/list/,https://www.baostock.com/mainContent?file=DailyUpdates.md#query_daily_history_k_ETF,2026-07-31,
SH,510910,南方上证综合ETF,equity_broad,EQUITY_ETF,sse_composite,SSE Composite,false,true,2026-06-03,reviewed,https://www.sse.com.cn/assortment/fund/etf/list/,https://www.baostock.com/mainContent?file=DailyUpdates.md#query_daily_history_k_ETF,2026-07-31,partial_144_session_history_at_review
SH,510950,广发上证50ETF,equity_broad,EQUITY_ETF,sse50,SSE 50,true,true,2026-01-05,reviewed,https://www.sse.com.cn/assortment/fund/etf/list/,https://www.baostock.com/mainContent?file=DailyUpdates.md#query_daily_history_k_ETF,2026-07-31,
SH,510980,汇添富上证综合ETF,equity_broad,EQUITY_ETF,sse_composite,SSE Composite,true,true,2026-01-05,reviewed,https://www.sse.com.cn/assortment/fund/etf/list/,https://www.baostock.com/mainContent?file=DailyUpdates.md#query_daily_history_k_ETF,2026-07-31,
SH,510990,工银瑞信中证180ESGETF,equity_strategy,EQUITY_ETF,esg,ESG,true,true,2026-01-05,reviewed,https://www.sse.com.cn/assortment/fund/etf/list/,https://www.baostock.com/mainContent?file=DailyUpdates.md#query_daily_history_k_ETF,2026-07-31,
SH,511010,国泰上证5年期国债ETF,bond,CROSS_ASSET,treasury_5y,5Y Treasury,true,true,2026-01-05,reviewed,https://www.sse.com.cn/assortment/fund/etf/list/,https://www.baostock.com/mainContent?file=DailyUpdates.md#query_daily_history_k_ETF,2026-07-31,
SH,511020,平安5-10年期国债活跃券ETF,bond,CROSS_ASSET,treasury_5_10y,5-10Y Treasury,true,true,2026-01-05,reviewed,https://www.sse.com.cn/assortment/fund/etf/list/,https://www.baostock.com/mainContent?file=DailyUpdates.md#query_daily_history_k_ETF,2026-07-31,
SH,511030,平安中高等级公司债利差因子ETF,bond,CROSS_ASSET,corporate_bond,Corporate Bond,true,true,2026-01-05,reviewed,https://www.sse.com.cn/assortment/fund/etf/list/,https://www.baostock.com/mainContent?file=DailyUpdates.md#query_daily_history_k_ETF,2026-07-31,
SH,511060,海富通上证5年期地方政府债ETF,bond,CROSS_ASSET,local_government_bond_5y,5Y Local Government Bond,true,true,2026-01-05,reviewed,https://www.sse.com.cn/assortment/fund/etf/list/,https://www.baostock.com/mainContent?file=DailyUpdates.md#query_daily_history_k_ETF,2026-07-31,
SH,511070,南方上证基准做市公司债ETF,bond,CROSS_ASSET,corporate_bond,Corporate Bond,true,true,2026-01-05,reviewed,https://www.sse.com.cn/assortment/fund/etf/list/,https://www.baostock.com/mainContent?file=DailyUpdates.md#query_daily_history_k_ETF,2026-07-31,
SH,511090,鹏扬中债-30年期国债ETF,bond,CROSS_ASSET,treasury_30y,30Y Treasury,true,true,2026-01-05,reviewed,https://www.sse.com.cn/assortment/fund/etf/list/,https://www.baostock.com/mainContent?file=DailyUpdates.md#query_daily_history_k_ETF,2026-07-31,
SH,511100,华夏上证基准做市国债ETF,bond,CROSS_ASSET,bond_market,Bond Market,true,true,2026-01-05,reviewed,https://www.sse.com.cn/assortment/fund/etf/list/,https://www.baostock.com/mainContent?file=DailyUpdates.md#query_daily_history_k_ETF,2026-07-31,
SH,511110,易方达上证基准做市公司债ETF,bond,CROSS_ASSET,corporate_bond,Corporate Bond,true,true,2026-01-05,reviewed,https://www.sse.com.cn/assortment/fund/etf/list/,https://www.baostock.com/mainContent?file=DailyUpdates.md#query_daily_history_k_ETF,2026-07-31,
SH,511120,广发上证AAA科技创新公司债ETF,bond,CROSS_ASSET,tech_innovation_bond,Tech Innovation Bond,true,true,2026-01-05,reviewed,https://www.sse.com.cn/assortment/fund/etf/list/,https://www.baostock.com/mainContent?file=DailyUpdates.md#query_daily_history_k_ETF,2026-07-31,
SH,511130,博时上证30年期国债ETF,bond,CROSS_ASSET,treasury_30y,30Y Treasury,true,true,2026-01-05,reviewed,https://www.sse.com.cn/assortment/fund/etf/list/,https://www.baostock.com/mainContent?file=DailyUpdates.md#query_daily_history_k_ETF,2026-07-31,
SH,511150,永赢上证AAA科技创新公司债ETF,bond,CROSS_ASSET,tech_innovation_bond,Tech Innovation Bond,true,true,2026-01-05,reviewed,https://www.sse.com.cn/assortment/fund/etf/list/,https://www.baostock.com/mainContent?file=DailyUpdates.md#query_daily_history_k_ETF,2026-07-31,
SH,511160,国债ETF东财,bond,CROSS_ASSET,bond_market,Bond Market,true,true,2026-01-05,reviewed,https://www.sse.com.cn/assortment/fund/etf/list/,https://www.baostock.com/mainContent?file=DailyUpdates.md#query_daily_history_k_ETF,2026-07-31,
SH,511180,海富通上证投资级可转债ETF,bond,CROSS_ASSET,convertible_bond,Convertible Bond,true,true,2026-01-05,reviewed,https://www.sse.com.cn/assortment/fund/etf/list/,https://www.baostock.com/mainContent?file=DailyUpdates.md#query_daily_history_k_ETF,2026-07-31,
SH,511190,海富通上证基准做市公司债ETF,bond,CROSS_ASSET,corporate_bond,Corporate Bond,true,true,2026-01-05,reviewed,https://www.sse.com.cn/assortment/fund/etf/list/,https://www.baostock.com/mainContent?file=DailyUpdates.md#query_daily_history_k_ETF,2026-07-31,
SH,511200,华夏上证基准做市公司债ETF,bond,CROSS_ASSET,corporate_bond,Corporate Bond,true,true,2026-01-05,reviewed,https://www.sse.com.cn/assortment/fund/etf/list/,https://www.baostock.com/mainContent?file=DailyUpdates.md#query_daily_history_k_ETF,2026-07-31,
SH,511220,海富通上证城投债ETF,bond,CROSS_ASSET,urban_investment_bond,Urban Investment Bond,true,true,2026-01-05,reviewed,https://www.sse.com.cn/assortment/fund/etf/list/,https://www.baostock.com/mainContent?file=DailyUpdates.md#query_daily_history_k_ETF,2026-07-31,
SH,511260,国泰上证10年期国债ETF,bond,CROSS_ASSET,treasury_10y,10Y Treasury,true,true,2026-01-05,reviewed,https://www.sse.com.cn/assortment/fund/etf/list/,https://www.baostock.com/mainContent?file=DailyUpdates.md#query_daily_history_k_ETF,2026-07-31,
SH,511270,海富通上证10年期地方政府债ETF,bond,CROSS_ASSET,local_government_bond_10y,10Y Local Government Bond,true,true,2026-01-05,reviewed,https://www.sse.com.cn/assortment/fund/etf/list/,https://www.baostock.com/mainContent?file=DailyUpdates.md#query_daily_history_k_ETF,2026-07-31,
SH,511360,海富通中证短融ETF,bond,CROSS_ASSET,bond_0_3y,0-3Y Bond,true,true,2026-01-05,reviewed,https://www.sse.com.cn/assortment/fund/etf/list/,https://www.baostock.com/mainContent?file=DailyUpdates.md#query_daily_history_k_ETF,2026-07-31,
SH,511380,博时可转债ETF,bond,CROSS_ASSET,convertible_bond,Convertible Bond,true,true,2026-01-05,reviewed,https://www.sse.com.cn/assortment/fund/etf/list/,https://www.baostock.com/mainContent?file=DailyUpdates.md#query_daily_history_k_ETF,2026-07-31,
SH,511520,富国中债7-10年政策性金融债ETF,bond,CROSS_ASSET,policy_financial_bond_7_10y,7-10Y Policy Financial Bond,true,true,2026-01-05,reviewed,https://www.sse.com.cn/assortment/fund/etf/list/,https://www.baostock.com/mainContent?file=DailyUpdates.md#query_daily_history_k_ETF,2026-07-31,
SH,511580,招商中证国债及政策性金融债0-3年ETF,bond,CROSS_ASSET,government_policy_bond_0_3y,0-3Y Government & Policy Bond,true,true,2026-01-05,reviewed,https://www.sse.com.cn/assortment/fund/etf/list/,https://www.baostock.com/mainContent?file=DailyUpdates.md#query_daily_history_k_ETF,2026-07-31,
SH,511600,华安日日鑫货币H,money,CROSS_ASSET,money_market,Money Market,true,true,2026-01-05,reviewed,https://www.sse.com.cn/assortment/fund/etf/list/,https://www.baostock.com/mainContent?file=DailyUpdates.md#query_daily_history_k_ETF,2026-07-31,
SH,511620,国泰瞬利货币A,money,CROSS_ASSET,money_market,Money Market,true,true,2026-01-05,reviewed,https://www.sse.com.cn/assortment/fund/etf/list/,https://www.baostock.com/mainContent?file=DailyUpdates.md#query_daily_history_k_ETF,2026-07-31,
SH,511650,华夏快线货币ETFE,money,CROSS_ASSET,money_market,Money Market,true,true,2026-01-05,reviewed,https://www.sse.com.cn/assortment/fund/etf/list/,https://www.baostock.com/mainContent?file=DailyUpdates.md#query_daily_history_k_ETF,2026-07-31,
SH,511660,建信现金添益货币H,money,CROSS_ASSET,money_market,Money Market,true,true,2026-01-05,reviewed,https://www.sse.com.cn/assortment/fund/etf/list/,https://www.baostock.com/mainContent?file=DailyUpdates.md#query_daily_history_k_ETF,2026-07-31,
SH,511670,华泰紫金天天金货币ETFA,money,CROSS_ASSET,money_market,Money Market,true,true,2026-01-05,reviewed,https://www.sse.com.cn/assortment/fund/etf/list/,https://www.baostock.com/mainContent?file=DailyUpdates.md#query_daily_history_k_ETF,2026-07-31,
SH,511690,大成添益交易型货币E,money,CROSS_ASSET,money_market,Money Market,true,true,2026-01-05,reviewed,https://www.sse.com.cn/assortment/fund/etf/list/,https://www.baostock.com/mainContent?file=DailyUpdates.md#query_daily_history_k_ETF,2026-07-31,
SH,511700,平安日鑫E,money,CROSS_ASSET,money_market,Money Market,true,true,2026-01-05,reviewed,https://www.sse.com.cn/assortment/fund/etf/list/,https://www.baostock.com/mainContent?file=DailyUpdates.md#query_daily_history_k_ETF,2026-07-31,
SH,511770,金鹰增益货币E,money,CROSS_ASSET,money_market,Money Market,true,true,2026-01-05,reviewed,https://www.sse.com.cn/assortment/fund/etf/list/,https://www.baostock.com/mainContent?file=DailyUpdates.md#query_daily_history_k_ETF,2026-07-31,
SH,511800,易方达货币E,money,CROSS_ASSET,money_market,Money Market,true,true,2026-01-05,reviewed,https://www.sse.com.cn/assortment/fund/etf/list/,https://www.baostock.com/mainContent?file=DailyUpdates.md#query_daily_history_k_ETF,2026-07-31,
SH,511810,南方理财金交易型货币H,money,CROSS_ASSET,money_market,Money Market,true,true,2026-01-05,reviewed,https://www.sse.com.cn/assortment/fund/etf/list/,https://www.baostock.com/mainContent?file=DailyUpdates.md#query_daily_history_k_ETF,2026-07-31,
SH,511820,鹏华添利交易型货币B,money,CROSS_ASSET,money_market,Money Market,true,true,2026-01-05,reviewed,https://www.sse.com.cn/assortment/fund/etf/list/,https://www.baostock.com/mainContent?file=DailyUpdates.md#query_daily_history_k_ETF,2026-07-31,
SH,511830,华泰柏瑞交易货币A,money,CROSS_ASSET,money_market,Money Market,true,true,2026-01-05,reviewed,https://www.sse.com.cn/assortment/fund/etf/list/,https://www.baostock.com/mainContent?file=DailyUpdates.md#query_daily_history_k_ETF,2026-07-31,
SH,511850,招商财富宝交易型货币E,money,CROSS_ASSET,money_market,Money Market,true,true,2026-01-05,reviewed,https://www.sse.com.cn/assortment/fund/etf/list/,https://www.baostock.com/mainContent?file=DailyUpdates.md#query_daily_history_k_ETF,2026-07-31,
SH,511860,博时保证金货币ETFA,money,CROSS_ASSET,money_market,Money Market,true,true,2026-01-05,reviewed,https://www.sse.com.cn/assortment/fund/etf/list/,https://www.baostock.com/mainContent?file=DailyUpdates.md#query_daily_history_k_ETF,2026-07-31,
SH,511880,银华日利A,money,CROSS_ASSET,money_market,Money Market,true,true,2026-01-05,reviewed,https://www.sse.com.cn/assortment/fund/etf/list/,https://www.baostock.com/mainContent?file=DailyUpdates.md#query_daily_history_k_ETF,2026-07-31,
SH,511900,富国收益宝交易型货币H,money,CROSS_ASSET,money_market,Money Market,true,true,2026-01-05,reviewed,https://www.sse.com.cn/assortment/fund/etf/list/,https://www.baostock.com/mainContent?file=DailyUpdates.md#query_daily_history_k_ETF,2026-07-31,
SH,511910,融通易支付货币E,money,CROSS_ASSET,money_market,Money Market,true,true,2026-01-05,reviewed,https://www.sse.com.cn/assortment/fund/etf/list/,https://www.baostock.com/mainContent?file=DailyUpdates.md#query_daily_history_k_ETF,2026-07-31,
SH,511920,广发货币E,money,CROSS_ASSET,money_market,Money Market,true,true,2026-01-05,reviewed,https://www.sse.com.cn/assortment/fund/etf/list/,https://www.baostock.com/mainContent?file=DailyUpdates.md#query_daily_history_k_ETF,2026-07-31,
SH,511930,国联日盈A,money,CROSS_ASSET,money_market,Money Market,true,true,2026-01-05,reviewed,https://www.sse.com.cn/assortment/fund/etf/list/,https://www.baostock.com/mainContent?file=DailyUpdates.md#query_daily_history_k_ETF,2026-07-31,
SH,511950,广发添利货币A,money,CROSS_ASSET,money_market,Money Market,true,true,2026-01-05,reviewed,https://www.sse.com.cn/assortment/fund/etf/list/,https://www.baostock.com/mainContent?file=DailyUpdates.md#query_daily_history_k_ETF,2026-07-31,
SH,511960,嘉实快线货币H,money,CROSS_ASSET,money_market,Money Market,true,true,2026-01-05,reviewed,https://www.sse.com.cn/assortment/fund/etf/list/,https://www.baostock.com/mainContent?file=DailyUpdates.md#query_daily_history_k_ETF,2026-07-31,
SH,511970,国寿安保货币E,money,CROSS_ASSET,money_market,Money Market,true,true,2026-01-05,reviewed,https://www.sse.com.cn/assortment/fund/etf/list/,https://www.baostock.com/mainContent?file=DailyUpdates.md#query_daily_history_k_ETF,2026-07-31,
SH,511980,汇添富添富通货币E,money,CROSS_ASSET,money_market,Money Market,true,true,2026-01-05,reviewed,https://www.sse.com.cn/assortment/fund/etf/list/,https://www.baostock.com/mainContent?file=DailyUpdates.md#query_daily_history_k_ETF,2026-07-31,
SH,511990,华宝添益A,money,CROSS_ASSET,money_market,Money Market,true,true,2026-01-05,reviewed,https://www.sse.com.cn/assortment/fund/etf/list/,https://www.baostock.com/mainContent?file=DailyUpdates.md#query_daily_history_k_ETF,2026-07-31,
SH,512000,华宝中证全指证券公司ETF,equity_sector,EQUITY_ETF,securities,Securities,true,true,2026-01-05,reviewed,https://www.sse.com.cn/assortment/fund/etf/list/,https://www.baostock.com/mainContent?file=DailyUpdates.md#query_daily_history_k_ETF,2026-07-31,
SH,512010,易方达沪深300医药ETF,equity_sector,EQUITY_ETF,healthcare,Healthcare,true,true,2026-01-05,reviewed,https://www.sse.com.cn/assortment/fund/etf/list/,https://www.baostock.com/mainContent?file=DailyUpdates.md#query_daily_history_k_ETF,2026-07-31,
SH,512020,鹏华中证A500ETF,equity_broad,EQUITY_ETF,csi_a500,CSI A500,true,true,2026-01-05,reviewed,https://www.sse.com.cn/assortment/fund/etf/list/,https://www.baostock.com/mainContent?file=DailyUpdates.md#query_daily_history_k_ETF,2026-07-31,
SH,512030,易方达中证A50增强策略ETF,equity_strategy,EQUITY_ETF,enhanced,Enhanced,true,true,2026-01-05,reviewed,https://www.sse.com.cn/assortment/fund/etf/list/,https://www.baostock.com/mainContent?file=DailyUpdates.md#query_daily_history_k_ETF,2026-07-31,
SH,512040,富国中证价值ETF,equity_strategy,EQUITY_ETF,value,Value,true,true,2026-01-05,reviewed,https://www.sse.com.cn/assortment/fund/etf/list/,https://www.baostock.com/mainContent?file=DailyUpdates.md#query_daily_history_k_ETF,2026-07-31,
SH,512050,华夏中证A500ETF,equity_broad,EQUITY_ETF,csi_a500,CSI A500,true,true,2026-01-05,reviewed,https://www.sse.com.cn/assortment/fund/etf/list/,https://www.baostock.com/mainContent?file=DailyUpdates.md#query_daily_history_k_ETF,2026-07-31,
SH,512060,天弘中证A100ETF,equity_broad,EQUITY_ETF,csi_a100,CSI A100,true,true,2026-01-05,reviewed,https://www.sse.com.cn/assortment/fund/etf/list/,https://www.baostock.com/mainContent?file=DailyUpdates.md#query_daily_history_k_ETF,2026-07-31,
SH,512070,易方达沪深300非银ETF,equity_broad,EQUITY_ETF,csi300,CSI 300,true,true,2026-01-05,reviewed,https://www.sse.com.cn/assortment/fund/etf/list/,https://www.baostock.com/mainContent?file=DailyUpdates.md#query_daily_history_k_ETF,2026-07-31,
SH,512080,中金中证A500ETF,equity_broad,EQUITY_ETF,csi_a500,CSI A500,true,true,2026-01-05,reviewed,https://www.sse.com.cn/assortment/fund/etf/list/,https://www.baostock.com/mainContent?file=DailyUpdates.md#query_daily_history_k_ETF,2026-07-31,
SH,512090,易方达MSCI中国A股国际通ETF,equity_broad,EQUITY_ETF,msci_china_a,MSCI China A,true,true,2026-01-05,reviewed,https://www.sse.com.cn/assortment/fund/etf/list/,https://www.baostock.com/mainContent?file=DailyUpdates.md#query_daily_history_k_ETF,2026-07-31,
SH,512100,南方中证1000ETF,equity_broad,EQUITY_ETF,csi1000,CSI 1000,true,true,2026-01-05,reviewed,https://www.sse.com.cn/assortment/fund/etf/list/,https://www.baostock.com/mainContent?file=DailyUpdates.md#query_daily_history_k_ETF,2026-07-31,
SH,512120,华安中证细分医药ETF,equity_sector,EQUITY_ETF,healthcare,Healthcare,true,true,2026-01-05,reviewed,https://www.sse.com.cn/assortment/fund/etf/list/,https://www.baostock.com/mainContent?file=DailyUpdates.md#query_daily_history_k_ETF,2026-07-31,
SH,512130,鹏华中证全指自由现金流ETF,equity_strategy,EQUITY_ETF,free_cash_flow,Free Cash Flow,true,true,2026-01-05,reviewed,https://www.sse.com.cn/assortment/fund/etf/list/,https://www.baostock.com/mainContent?file=DailyUpdates.md#query_daily_history_k_ETF,2026-07-31,
SH,512140,华安中证全指电力公用事业ETF,equity_sector,EQUITY_ETF,utilities,Utilities,false,true,2026-05-11,reviewed,https://www.sse.com.cn/assortment/fund/etf/list/,https://www.baostock.com/mainContent?file=DailyUpdates.md#query_daily_history_k_ETF,2026-07-31,partial_144_session_history_at_review
SH,512150,富时中国A50ETF,equity_broad,EQUITY_ETF,ftse_china_a50,FTSE China A50,true,true,2026-01-05,reviewed,https://www.sse.com.cn/assortment/fund/etf/list/,https://www.baostock.com/mainContent?file=DailyUpdates.md#query_daily_history_k_ETF,2026-07-31,
SH,512160,南方MSCI中国A股国际通ETF,equity_broad,EQUITY_ETF,msci_china_a,MSCI China A,true,true,2026-01-05,reviewed,https://www.sse.com.cn/assortment/fund/etf/list/,https://www.baostock.com/mainContent?file=DailyUpdates.md#query_daily_history_k_ETF,2026-07-31,
SH,512170,华宝中证医疗ETF,equity_sector,EQUITY_ETF,healthcare,Healthcare,true,true,2026-01-05,reviewed,https://www.sse.com.cn/assortment/fund/etf/list/,https://www.baostock.com/mainContent?file=DailyUpdates.md#query_daily_history_k_ETF,2026-07-31,
SH,512180,建信MSCI中国A股国际通ETF,equity_broad,EQUITY_ETF,msci_china_a,MSCI China A,true,true,2026-01-05,reviewed,https://www.sse.com.cn/assortment/fund/etf/list/,https://www.baostock.com/mainContent?file=DailyUpdates.md#query_daily_history_k_ETF,2026-07-31,
SH,512190,浙商汇金中证浙江凤凰行动50ETF,equity_theme,EQUITY_ETF,exposure_b503a952a2ef,中证浙江凤凰行动50,true,true,2026-01-05,reviewed,https://www.sse.com.cn/assortment/fund/etf/list/,https://www.baostock.com/mainContent?file=DailyUpdates.md#query_daily_history_k_ETF,2026-07-31,
SH,512200,南方中证房地产ETF,equity_sector,EQUITY_ETF,real_estate,Real Estate,true,true,2026-01-05,reviewed,https://www.sse.com.cn/assortment/fund/etf/list/,https://www.baostock.com/mainContent?file=DailyUpdates.md#query_daily_history_k_ETF,2026-07-31,
SH,512220,景顺长城中证科技传媒通信150ETF,equity_sector,EQUITY_ETF,media,Media,true,true,2026-01-05,reviewed,https://www.sse.com.cn/assortment/fund/etf/list/,https://www.baostock.com/mainContent?file=DailyUpdates.md#query_daily_history_k_ETF,2026-07-31,
SH,512240,鹏华中证A50ETF,equity_broad,EQUITY_ETF,csi_a50,CSI A50,true,true,2026-01-05,reviewed,https://www.sse.com.cn/assortment/fund/etf/list/,https://www.baostock.com/mainContent?file=DailyUpdates.md#query_daily_history_k_ETF,2026-07-31,
SH,512250,招商中证A50ETF,equity_broad,EQUITY_ETF,csi_a50,CSI A50,true,true,2026-01-05,reviewed,https://www.sse.com.cn/assortment/fund/etf/list/,https://www.baostock.com/mainContent?file=DailyUpdates.md#query_daily_history_k_ETF,2026-07-31,
SH,512260,华安中证500低波ETF,equity_strategy,EQUITY_ETF,low_volatility,Low Volatility,true,true,2026-01-05,reviewed,https://www.sse.com.cn/assortment/fund/etf/list/,https://www.baostock.com/mainContent?file=DailyUpdates.md#query_daily_history_k_ETF,2026-07-31,
SH,512290,国泰中证生物医药ETF,equity_theme,EQUITY_ETF,biotechnology,Biotechnology,true,true,2026-01-05,reviewed,https://www.sse.com.cn/assortment/fund/etf/list/,https://www.baostock.com/mainContent?file=DailyUpdates.md#query_daily_history_k_ETF,2026-07-31,
SH,512330,南方中证500信息技术ETF,equity_sector,EQUITY_ETF,information_technology,Information Technology,true,true,2026-01-05,reviewed,https://www.sse.com.cn/assortment/fund/etf/list/,https://www.baostock.com/mainContent?file=DailyUpdates.md#query_daily_history_k_ETF,2026-07-31,
SH,512360,平安MSCI中国A股国际ETF,equity_broad,EQUITY_ETF,msci_china_a,MSCI China A,true,true,2026-01-05,reviewed,https://www.sse.com.cn/assortment/fund/etf/list/,https://www.baostock.com/mainContent?file=DailyUpdates.md#query_daily_history_k_ETF,2026-07-31,
SH,512370,华夏中证A500增强策略ETF,equity_strategy,EQUITY_ETF,enhanced,Enhanced,true,true,2026-01-05,reviewed,https://www.sse.com.cn/assortment/fund/etf/list/,https://www.baostock.com/mainContent?file=DailyUpdates.md#query_daily_history_k_ETF,2026-07-31,
SH,512380,银华MSCI中国A股ETF,equity_broad,EQUITY_ETF,a_share,A Share,true,true,2026-01-05,reviewed,https://www.sse.com.cn/assortment/fund/etf/list/,https://www.baostock.com/mainContent?file=DailyUpdates.md#query_daily_history_k_ETF,2026-07-31,
SH,512390,平安MSCI中国A股低波动ETF,equity_strategy,EQUITY_ETF,low_volatility,Low Volatility,true,true,2026-01-05,reviewed,https://www.sse.com.cn/assortment/fund/etf/list/,https://www.baostock.com/mainContent?file=DailyUpdates.md#query_daily_history_k_ETF,2026-07-31,
SH,512400,南方中证申万有色金属ETF,equity_sector,EQUITY_ETF,nonferrous_metals,Non-ferrous Metals,true,true,2026-01-05,reviewed,https://www.sse.com.cn/assortment/fund/etf/list/,https://www.baostock.com/mainContent?file=DailyUpdates.md#query_daily_history_k_ETF,2026-07-31,
SH,512410,广发中证银行ETF,equity_sector,EQUITY_ETF,banking,Banking,false,true,2026-07-08,reviewed,https://www.sse.com.cn/assortment/fund/etf/list/,https://www.baostock.com/mainContent?file=DailyUpdates.md#query_daily_history_k_ETF,2026-07-31,partial_144_session_history_at_review
SH,512430,华泰柏瑞中证家居家电ETF,equity_sector,EQUITY_ETF,home_appliance,Home Appliance,false,true,2026-04-30,reviewed,https://www.sse.com.cn/assortment/fund/etf/list/,https://www.baostock.com/mainContent?file=DailyUpdates.md#query_daily_history_k_ETF,2026-07-31,partial_144_session_history_at_review
SH,512450,广发中证畜牧养殖产业ETF,equity_sector,EQUITY_ETF,livestock,Livestock,false,true,2026-04-01,reviewed,https://www.sse.com.cn/assortment/fund/etf/list/,https://www.baostock.com/mainContent?file=DailyUpdates.md#query_daily_history_k_ETF,2026-07-31,partial_144_session_history_at_review
SH,512460,华夏中证电池主题ETF,equity_theme,EQUITY_ETF,battery,Battery,false,true,2026-03-20,reviewed,https://www.sse.com.cn/assortment/fund/etf/list/,https://www.baostock.com/mainContent?file=DailyUpdates.md#query_daily_history_k_ETF,2026-07-31,partial_144_session_history_at_review
SH,512480,国联安半导体ETF,equity_theme,EQUITY_ETF,semiconductor,Semiconductor,true,true,2026-01-05,reviewed,https://www.sse.com.cn/assortment/fund/etf/list/,https://www.baostock.com/mainContent?file=DailyUpdates.md#query_daily_history_k_ETF,2026-07-31,
SH,512500,华夏中证500ETF,equity_broad,EQUITY_ETF,csi500,CSI 500,true,true,2026-01-05,reviewed,https://www.sse.com.cn/assortment/fund/etf/list/,https://www.baostock.com/mainContent?file=DailyUpdates.md#query_daily_history_k_ETF,2026-07-31,
SH,512510,华泰柏瑞中证500ETF,equity_broad,EQUITY_ETF,csi500,CSI 500,true,true,2026-01-05,reviewed,https://www.sse.com.cn/assortment/fund/etf/list/,https://www.baostock.com/mainContent?file=DailyUpdates.md#query_daily_history_k_ETF,2026-07-31,
SH,512520,华泰柏瑞MSCI中国A股国际通ETF,equity_broad,EQUITY_ETF,msci_china_a,MSCI China A,true,true,2026-01-05,reviewed,https://www.sse.com.cn/assortment/fund/etf/list/,https://www.baostock.com/mainContent?file=DailyUpdates.md#query_daily_history_k_ETF,2026-07-31,
SH,512530,建信沪深300红利ETF,equity_strategy,EQUITY_ETF,dividend,Dividend,true,true,2026-01-05,reviewed,https://www.sse.com.cn/assortment/fund/etf/list/,https://www.baostock.com/mainContent?file=DailyUpdates.md#query_daily_history_k_ETF,2026-07-31,
SH,512550,嘉实富时中国A50ETF,equity_broad,EQUITY_ETF,ftse_china_a50,FTSE China A50,true,true,2026-01-05,reviewed,https://www.sse.com.cn/assortment/fund/etf/list/,https://www.baostock.com/mainContent?file=DailyUpdates.md#query_daily_history_k_ETF,2026-07-31,
SH,512560,易方达中证军工ETF,equity_theme,EQUITY_ETF,defense,Defense,true,true,2026-01-05,reviewed,https://www.sse.com.cn/assortment/fund/etf/list/,https://www.baostock.com/mainContent?file=DailyUpdates.md#query_daily_history_k_ETF,2026-07-31,
SH,512570,易方达中证全指证券公司ETF,equity_sector,EQUITY_ETF,securities,Securities,true,true,2026-01-05,reviewed,https://www.sse.com.cn/assortment/fund/etf/list/,https://www.baostock.com/mainContent?file=DailyUpdates.md#query_daily_history_k_ETF,2026-07-31,
SH,512580,广发中证环保ETF,equity_theme,EQUITY_ETF,environmental,Environmental,true,true,2026-01-05,reviewed,https://www.sse.com.cn/assortment/fund/etf/list/,https://www.baostock.com/mainContent?file=DailyUpdates.md#query_daily_history_k_ETF,2026-07-31,
SH,512600,嘉实中证主要消费ETF,equity_sector,EQUITY_ETF,consumer,Consumer,true,true,2026-01-05,reviewed,https://www.sse.com.cn/assortment/fund/etf/list/,https://www.baostock.com/mainContent?file=DailyUpdates.md#query_daily_history_k_ETF,2026-07-31,
SH,512620,天弘中证农业主题ETF,equity_sector,EQUITY_ETF,agriculture,Agriculture,true,true,2026-01-05,reviewed,https://www.sse.com.cn/assortment/fund/etf/list/,https://www.baostock.com/mainContent?file=DailyUpdates.md#query_daily_history_k_ETF,2026-07-31,
SH,512630,广发中证卫星产业ETF,equity_theme,EQUITY_ETF,satellite_space,Satellite & Space,true,true,2026-01-05,reviewed,https://www.sse.com.cn/assortment/fund/etf/list/,https://www.baostock.com/mainContent?file=DailyUpdates.md#query_daily_history_k_ETF,2026-07-31,
SH,512640,嘉实中证金融地产ETF,equity_sector,EQUITY_ETF,finance,Finance,true,true,2026-01-05,reviewed,https://www.sse.com.cn/assortment/fund/etf/list/,https://www.baostock.com/mainContent?file=DailyUpdates.md#query_daily_history_k_ETF,2026-07-31,
SH,512650,添富中证长三角ETF,equity_theme,EQUITY_ETF,exposure_987c0f2bf590,中证长三角,true,true,2026-01-05,reviewed,https://www.sse.com.cn/assortment/fund/etf/list/,https://www.baostock.com/mainContent?file=DailyUpdates.md#query_daily_history_k_ETF,2026-07-31,
SH,512660,国泰中证军工ETF,equity_theme,EQUITY_ETF,defense,Defense,true,true,2026-01-05,reviewed,https://www.sse.com.cn/assortment/fund/etf/list/,https://www.baostock.com/mainContent?file=DailyUpdates.md#query_daily_history_k_ETF,2026-07-31,
SH,512670,鹏华中证国防ETF,equity_theme,EQUITY_ETF,defense,Defense,true,true,2026-01-05,reviewed,https://www.sse.com.cn/assortment/fund/etf/list/,https://www.baostock.com/mainContent?file=DailyUpdates.md#query_daily_history_k_ETF,2026-07-31,
SH,512680,广发中证军工ETF,equity_theme,EQUITY_ETF,defense,Defense,true,true,2026-01-05,reviewed,https://www.sse.com.cn/assortment/fund/etf/list/,https://www.baostock.com/mainContent?file=DailyUpdates.md#query_daily_history_k_ETF,2026-07-31,
SH,512690,鹏华中证酒ETF,equity_theme,EQUITY_ETF,liquor,Liquor,true,true,2026-01-05,reviewed,https://www.sse.com.cn/assortment/fund/etf/list/,https://www.baostock.com/mainContent?file=DailyUpdates.md#query_daily_history_k_ETF,2026-07-31,
SH,512700,南方中证银行ETF,equity_sector,EQUITY_ETF,banking,Banking,true,true,2026-01-05,reviewed,https://www.sse.com.cn/assortment/fund/etf/list/,https://www.baostock.com/mainContent?file=DailyUpdates.md#query_daily_history_k_ETF,2026-07-31,
SH,512710,富国中证军工龙头ETF,equity_theme,EQUITY_ETF,defense,Defense,true,true,2026-01-05,reviewed,https://www.sse.com.cn/assortment/fund/etf/list/,https://www.baostock.com/mainContent?file=DailyUpdates.md#query_daily_history_k_ETF,2026-07-31,
SH,512720,国泰中证计算机主题ETF,equity_sector,EQUITY_ETF,software,Software,true,true,2026-01-05,reviewed,https://www.sse.com.cn/assortment/fund/etf/list/,https://www.baostock.com/mainContent?file=DailyUpdates.md#query_daily_history_k_ETF,2026-07-31,
SH,512730,鹏华中证银行ETF,equity_sector,EQUITY_ETF,banking,Banking,true,true,2026-01-05,reviewed,https://www.sse.com.cn/assortment/fund/etf/list/,https://www.baostock.com/mainContent?file=DailyUpdates.md#query_daily_history_k_ETF,2026-07-31,
SH,512750,嘉实中证锐联基本面50ETF,equity_strategy,EQUITY_ETF,fundamental,Fundamental,true,true,2026-01-05,reviewed,https://www.sse.com.cn/assortment/fund/etf/list/,https://www.baostock.com/mainContent?file=DailyUpdates.md#query_daily_history_k_ETF,2026-07-31,
SH,512760,国泰CES芯片ETF,equity_theme,EQUITY_ETF,semiconductor,Semiconductor,true,true,2026-01-05,reviewed,https://www.sse.com.cn/assortment/fund/etf/list/,https://www.baostock.com/mainContent?file=DailyUpdates.md#query_daily_history_k_ETF,2026-07-31,
SH,512770,华夏战略新兴成指ETF,equity_theme,EQUITY_ETF,exposure_0e660396aa19,华夏战略新兴成指,true,true,2026-01-05,reviewed,https://www.sse.com.cn/assortment/fund/etf/list/,https://www.baostock.com/mainContent?file=DailyUpdates.md#query_daily_history_k_ETF,2026-07-31,
SH,512800,华宝中证银行ETF,equity_sector,EQUITY_ETF,banking,Banking,true,true,2026-01-05,reviewed,https://www.sse.com.cn/assortment/fund/etf/list/,https://www.baostock.com/mainContent?file=DailyUpdates.md#query_daily_history_k_ETF,2026-07-31,
SH,512810,华宝中证军工ETF,equity_theme,EQUITY_ETF,defense,Defense,true,true,2026-01-05,reviewed,https://www.sse.com.cn/assortment/fund/etf/list/,https://www.baostock.com/mainContent?file=DailyUpdates.md#query_daily_history_k_ETF,2026-07-31,
SH,512820,汇添富中证银行ETF,equity_sector,EQUITY_ETF,banking,Banking,true,true,2026-01-05,reviewed,https://www.sse.com.cn/assortment/fund/etf/list/,https://www.baostock.com/mainContent?file=DailyUpdates.md#query_daily_history_k_ETF,2026-07-31,
SH,512870,南华中证杭州湾区ETF,equity_theme,EQUITY_ETF,exposure_5194484b8af6,中证杭州湾区,true,true,2026-01-05,reviewed,https://www.sse.com.cn/assortment/fund/etf/list/,https://www.baostock.com/mainContent?file=DailyUpdates.md#query_daily_history_k_ETF,2026-07-31,
SH,512880,国泰中证全指证券公司ETF,equity_sector,EQUITY_ETF,securities,Securities,true,true,2026-01-05,reviewed,https://www.sse.com.cn/assortment/fund/etf/list/,https://www.baostock.com/mainContent?file=DailyUpdates.md#query_daily_history_k_ETF,2026-07-31,
SH,512890,华泰柏瑞中证红利低波动ETF,equity_strategy,EQUITY_ETF,dividend_low_vol,Dividend Low Vol,true,true,2026-01-05,reviewed,https://www.sse.com.cn/assortment/fund/etf/list/,https://www.baostock.com/mainContent?file=DailyUpdates.md#query_daily_history_k_ETF,2026-07-31,
SH,512900,南方中证全指证券公司ETF,equity_sector,EQUITY_ETF,securities,Securities,true,true,2026-01-05,reviewed,https://www.sse.com.cn/assortment/fund/etf/list/,https://www.baostock.com/mainContent?file=DailyUpdates.md#query_daily_history_k_ETF,2026-07-31,
SH,512910,广发中证A100ETF,equity_broad,EQUITY_ETF,csi_a100,CSI A100,true,true,2026-01-05,reviewed,https://www.sse.com.cn/assortment/fund/etf/list/,https://www.baostock.com/mainContent?file=DailyUpdates.md#query_daily_history_k_ETF,2026-07-31,
SH,512930,平安人工智能ETF,equity_theme,EQUITY_ETF,ai_computing,AI & Computing,true,true,2026-01-05,reviewed,https://www.sse.com.cn/assortment/fund/etf/list/,https://www.baostock.com/mainContent?file=DailyUpdates.md#query_daily_history_k_ETF,2026-07-31,
SH,512940,华安中证有色金属矿业主题ETF,equity_sector,EQUITY_ETF,nonferrous_metals,Non-ferrous Metals,false,true,2026-02-26,reviewed,https://www.sse.com.cn/assortment/fund/etf/list/,https://www.baostock.com/mainContent?file=DailyUpdates.md#query_daily_history_k_ETF,2026-07-31,partial_144_session_history_at_review
SH,512950,华夏中证央企ETF,equity_strategy,EQUITY_ETF,central_soe,Central SOE,true,true,2026-01-05,reviewed,https://www.sse.com.cn/assortment/fund/etf/list/,https://www.baostock.com/mainContent?file=DailyUpdates.md#query_daily_history_k_ETF,2026-07-31,
SH,512960,博时央企结构调整ETF,equity_strategy,EQUITY_ETF,central_soe,Central SOE,true,true,2026-01-05,reviewed,https://www.sse.com.cn/assortment/fund/etf/list/,https://www.baostock.com/mainContent?file=DailyUpdates.md#query_daily_history_k_ETF,2026-07-31,
SH,512970,平安粤港澳大湾区发展主题ETF,equity_theme,EQUITY_ETF,exposure_752c63a895dc,平安粤港澳大湾区发展主题,true,true,2026-01-05,reviewed,https://www.sse.com.cn/assortment/fund/etf/list/,https://www.baostock.com/mainContent?file=DailyUpdates.md#query_daily_history_k_ETF,2026-07-31,
SH,512980,广发中证传媒ETF,equity_sector,EQUITY_ETF,media,Media,true,true,2026-01-05,reviewed,https://www.sse.com.cn/assortment/fund/etf/list/,https://www.baostock.com/mainContent?file=DailyUpdates.md#query_daily_history_k_ETF,2026-07-31,
SH,512990,华夏MSCI中国A股国际通ETF,equity_broad,EQUITY_ETF,msci_china_a,MSCI China A,true,true,2026-01-05,reviewed,https://www.sse.com.cn/assortment/fund/etf/list/,https://www.baostock.com/mainContent?file=DailyUpdates.md#query_daily_history_k_ETF,2026-07-31,
SH,513000,易方达奥明日经225ETF(QDII),overseas,CROSS_ASSET,nikkei225,Nikkei 225,true,true,2026-01-05,reviewed,https://www.sse.com.cn/assortment/fund/etf/list/,https://www.baostock.com/mainContent?file=DailyUpdates.md#query_daily_history_k_ETF,2026-07-31,
SH,513010,易方达恒生科技ETF(QDII),overseas,CROSS_ASSET,hang_seng_tech,Hang Seng Tech,true,true,2026-01-05,reviewed,https://www.sse.com.cn/assortment/fund/etf/list/,https://www.baostock.com/mainContent?file=DailyUpdates.md#query_daily_history_k_ETF,2026-07-31,
SH,513020,国泰中证港股通科技ETF,overseas,CROSS_ASSET,hang_seng_tech,Hang Seng Tech,true,true,2026-01-05,reviewed,https://www.sse.com.cn/assortment/fund/etf/list/,https://www.baostock.com/mainContent?file=DailyUpdates.md#query_daily_history_k_ETF,2026-07-31,
SH,513030,华安德国(DAX)ETF(QDII),overseas,CROSS_ASSET,germany_equity,Germany Equity,true,true,2026-01-05,reviewed,https://www.sse.com.cn/assortment/fund/etf/list/,https://www.baostock.com/mainContent?file=DailyUpdates.md#query_daily_history_k_ETF,2026-07-31,
SH,513040,易方达中证港股通互联网ETF,overseas,CROSS_ASSET,hang_seng_internet,HK Internet,true,true,2026-01-05,reviewed,https://www.sse.com.cn/assortment/fund/etf/list/,https://www.baostock.com/mainContent?file=DailyUpdates.md#query_daily_history_k_ETF,2026-07-31,
SH,513050,易方达中证海外中国互联网50(QDII-ETF),overseas,CROSS_ASSET,hang_seng_internet,HK Internet,true,true,2026-01-05,reviewed,https://www.sse.com.cn/assortment/fund/etf/list/,https://www.baostock.com/mainContent?file=DailyUpdates.md#query_daily_history_k_ETF,2026-07-31,
SH,513060,博时恒生医疗保健(QDII-ETF),overseas,CROSS_ASSET,hk_healthcare,HK Healthcare,true,true,2026-01-05,reviewed,https://www.sse.com.cn/assortment/fund/etf/list/,https://www.baostock.com/mainContent?file=DailyUpdates.md#query_daily_history_k_ETF,2026-07-31,
SH,513070,易方达中证港股通消费主题ETF,overseas,CROSS_ASSET,hk_consumer,HK Consumer,true,true,2026-01-05,reviewed,https://www.sse.com.cn/assortment/fund/etf/list/,https://www.baostock.com/mainContent?file=DailyUpdates.md#query_daily_history_k_ETF,2026-07-31,
SH,513080,华安法国CAC40ETF(QDII),overseas,CROSS_ASSET,france_equity,France Equity,true,true,2026-01-05,reviewed,https://www.sse.com.cn/assortment/fund/etf/list/,https://www.baostock.com/mainContent?file=DailyUpdates.md#query_daily_history_k_ETF,2026-07-31,
SH,513090,易方达中证香港证券投资主题ETF,overseas,CROSS_ASSET,hk_finance,HK Finance,true,true,2026-01-05,reviewed,https://www.sse.com.cn/assortment/fund/etf/list/,https://www.baostock.com/mainContent?file=DailyUpdates.md#query_daily_history_k_ETF,2026-07-31,
SH,513100,国泰纳斯达克100(QDII-ETF),overseas,CROSS_ASSET,nasdaq100,NASDAQ 100,true,true,2026-01-05,reviewed,https://www.sse.com.cn/assortment/fund/etf/list/,https://www.baostock.com/mainContent?file=DailyUpdates.md#query_daily_history_k_ETF,2026-07-31,
SH,513110,华泰柏瑞纳斯达克100ETF(QDII),overseas,CROSS_ASSET,nasdaq100,NASDAQ 100,true,true,2026-01-05,reviewed,https://www.sse.com.cn/assortment/fund/etf/list/,https://www.baostock.com/mainContent?file=DailyUpdates.md#query_daily_history_k_ETF,2026-07-31,
SH,513120,广发中证香港创新药(QDII-ETF),overseas,CROSS_ASSET,hk_healthcare,HK Healthcare,true,true,2026-01-05,reviewed,https://www.sse.com.cn/assortment/fund/etf/list/,https://www.baostock.com/mainContent?file=DailyUpdates.md#query_daily_history_k_ETF,2026-07-31,
SH,513130,华泰柏瑞南方东英恒生科技指数ETF(QDII),overseas,CROSS_ASSET,hang_seng_tech,Hang Seng Tech,true,true,2026-01-05,reviewed,https://www.sse.com.cn/assortment/fund/etf/list/,https://www.baostock.com/mainContent?file=DailyUpdates.md#query_daily_history_k_ETF,2026-07-31,
SH,513140,华泰柏瑞中证港股通金融服务ETF(QDII),overseas,CROSS_ASSET,hk_finance,HK Finance,true,true,2026-01-05,reviewed,https://www.sse.com.cn/assortment/fund/etf/list/,https://www.baostock.com/mainContent?file=DailyUpdates.md#query_daily_history_k_ETF,2026-07-31,
SH,513150,华泰柏瑞中证港股通科技ETF,overseas,CROSS_ASSET,hang_seng_tech,Hang Seng Tech,true,true,2026-01-05,reviewed,https://www.sse.com.cn/assortment/fund/etf/list/,https://www.baostock.com/mainContent?file=DailyUpdates.md#query_daily_history_k_ETF,2026-07-31,
SH,513160,银华恒生港股通中国科技ETF,overseas,CROSS_ASSET,hang_seng,Hang Seng,true,true,2026-01-05,reviewed,https://www.sse.com.cn/assortment/fund/etf/list/,https://www.baostock.com/mainContent?file=DailyUpdates.md#query_daily_history_k_ETF,2026-07-31,
SH,513170,鹏华恒生中国央企(QDII),overseas,CROSS_ASSET,hk_finance,HK Finance,true,true,2026-01-05,reviewed,https://www.sse.com.cn/assortment/fund/etf/list/,https://www.baostock.com/mainContent?file=DailyUpdates.md#query_daily_history_k_ETF,2026-07-31,
SH,513180,华夏恒生科技ETF(QDII),overseas,CROSS_ASSET,hang_seng_tech,Hang Seng Tech,true,true,2026-01-05,reviewed,https://www.sse.com.cn/assortment/fund/etf/list/,https://www.baostock.com/mainContent?file=DailyUpdates.md#query_daily_history_k_ETF,2026-07-31,
SH,513190,华夏中证港股通内地金融ETF,overseas,CROSS_ASSET,exposure_010af642761f,中证港股通内地金融,true,true,2026-01-05,reviewed,https://www.sse.com.cn/assortment/fund/etf/list/,https://www.baostock.com/mainContent?file=DailyUpdates.md#query_daily_history_k_ETF,2026-07-31,
SH,513200,易方达中证港股通医药卫生综合ETF,overseas,CROSS_ASSET,hk_healthcare,HK Healthcare,true,true,2026-01-05,reviewed,https://www.sse.com.cn/assortment/fund/etf/list/,https://www.baostock.com/mainContent?file=DailyUpdates.md#query_daily_history_k_ETF,2026-07-31,
SH,513210,易方达恒生ETF(QDII),overseas,CROSS_ASSET,hang_seng,Hang Seng,true,true,2026-01-05,reviewed,https://www.sse.com.cn/assortment/fund/etf/list/,https://www.baostock.com/mainContent?file=DailyUpdates.md#query_daily_history_k_ETF,2026-07-31,
SH,513220,招商中证全球中国互联网ETF(QDII),overseas,CROSS_ASSET,exposure_c7cf7950502d,中证全球中国互联网,true,true,2026-01-05,reviewed,https://www.sse.com.cn/assortment/fund/etf/list/,https://www.baostock.com/mainContent?file=DailyUpdates.md#query_daily_history_k_ETF,2026-07-31,
SH,513230,华夏中证港股通消费主题ETF,overseas,CROSS_ASSET,hk_consumer,HK Consumer,true,true,2026-01-05,reviewed,https://www.sse.com.cn/assortment/fund/etf/list/,https://www.baostock.com/mainContent?file=DailyUpdates.md#query_daily_history_k_ETF,2026-07-31,
SH,513240,华安中证港股通信息技术综合ETF,overseas,CROSS_ASSET,exposure_6e6de2d1cbfb,中证港股通信息技术综合,false,true,2026-05-08,reviewed,https://www.sse.com.cn/assortment/fund/etf/list/,https://www.baostock.com/mainContent?file=DailyUpdates.md#query_daily_history_k_ETF,2026-07-31,partial_144_session_history_at_review
SH,513260,汇添富恒生科技ETF(QDII),overseas,CROSS_ASSET,hang_seng_tech,Hang Seng Tech,true,true,2026-01-05,reviewed,https://www.sse.com.cn/assortment/fund/etf/list/,https://www.baostock.com/mainContent?file=DailyUpdates.md#query_daily_history_k_ETF,2026-07-31,
SH,513280,汇添富恒生生物科技ETF(QDII),overseas,CROSS_ASSET,hk_healthcare,HK Healthcare,true,true,2026-01-05,reviewed,https://www.sse.com.cn/assortment/fund/etf/list/,https://www.baostock.com/mainContent?file=DailyUpdates.md#query_daily_history_k_ETF,2026-07-31,
SH,513290,汇添富纳斯达克生物科技ETF,overseas,CROSS_ASSET,exposure_70e62fcde665,纳斯达克生物科技,true,true,2026-01-05,reviewed,https://www.sse.com.cn/assortment/fund/etf/list/,https://www.baostock.com/mainContent?file=DailyUpdates.md#query_daily_history_k_ETF,2026-07-31,
SH,513300,华夏纳斯达克100ETF(QDII),overseas,CROSS_ASSET,nasdaq100,NASDAQ 100,true,true,2026-01-05,reviewed,https://www.sse.com.cn/assortment/fund/etf/list/,https://www.baostock.com/mainContent?file=DailyUpdates.md#query_daily_history_k_ETF,2026-07-31,
SH,513310,华泰柏瑞中证韩交所中韩半导体ETF(QDII),overseas,CROSS_ASSET,exposure_3920b90b3992,中证韩交所中韩半导体,true,true,2026-01-05,reviewed,https://www.sse.com.cn/assortment/fund/etf/list/,https://www.baostock.com/mainContent?file=DailyUpdates.md#query_daily_history_k_ETF,2026-07-31,
SH,513320,易方达恒生港股通新经济ETF,overseas,CROSS_ASSET,hang_seng,Hang Seng,true,true,2026-01-05,reviewed,https://www.sse.com.cn/assortment/fund/etf/list/,https://www.baostock.com/mainContent?file=DailyUpdates.md#query_daily_history_k_ETF,2026-07-31,
SH,513330,华夏恒生互联网科技业ETF(QDII),overseas,CROSS_ASSET,hang_seng_internet,HK Internet,true,true,2026-01-05,reviewed,https://www.sse.com.cn/assortment/fund/etf/list/,https://www.baostock.com/mainContent?file=DailyUpdates.md#query_daily_history_k_ETF,2026-07-31,
SH,513350,富国标普石油天然气勘探及生产精选行业ETF(QDII),overseas,CROSS_ASSET,exposure_2895bbaa74ca,标普石油天然气勘探及生产精选行业,true,true,2026-01-05,reviewed,https://www.sse.com.cn/assortment/fund/etf/list/,https://www.baostock.com/mainContent?file=DailyUpdates.md#query_daily_history_k_ETF,2026-07-31,
SH,513360,博时全球中国教育(QDII-ETF),overseas,CROSS_ASSET,exposure_367763b4fd93,博时全球中国教育,true,true,2026-01-05,reviewed,https://www.sse.com.cn/assortment/fund/etf/list/,https://www.baostock.com/mainContent?file=DailyUpdates.md#query_daily_history_k_ETF,2026-07-31,
SH,513380,广发恒生科技(QDII-ETF),overseas,CROSS_ASSET,hang_seng_tech,Hang Seng Tech,true,true,2026-01-05,reviewed,https://www.sse.com.cn/assortment/fund/etf/list/,https://www.baostock.com/mainContent?file=DailyUpdates.md#query_daily_history_k_ETF,2026-07-31,
SH,513390,博时纳斯达克100ETF,overseas,CROSS_ASSET,nasdaq100,NASDAQ 100,true,true,2026-01-05,reviewed,https://www.sse.com.cn/assortment/fund/etf/list/,https://www.baostock.com/mainContent?file=DailyUpdates.md#query_daily_history_k_ETF,2026-07-31,
SH,513400,鹏华道琼斯工业平均ETF(QDII),overseas,CROSS_ASSET,exposure_079452507397,鹏华道琼斯工业平均,true,true,2026-01-05,reviewed,https://www.sse.com.cn/assortment/fund/etf/list/,https://www.baostock.com/mainContent?file=DailyUpdates.md#query_daily_history_k_ETF,2026-07-31,
SH,513500,博时标普500ETF(QDII),overseas,CROSS_ASSET,sp500,S&P 500,true,true,2026-01-05,reviewed,https://www.sse.com.cn/assortment/fund/etf/list/,https://www.baostock.com/mainContent?file=DailyUpdates.md#query_daily_history_k_ETF,2026-07-31,
SH,513520,华夏野村日经225ETF(QDII),overseas,CROSS_ASSET,nikkei225,Nikkei 225,true,true,2026-01-05,reviewed,https://www.sse.com.cn/assortment/fund/etf/list/,https://www.baostock.com/mainContent?file=DailyUpdates.md#query_daily_history_k_ETF,2026-07-31,
SH,513530,华泰柏瑞中证港股通高股息投资ETF(QDII),overseas,CROSS_ASSET,hk_dividend,HK Dividend,true,true,2026-01-05,reviewed,https://www.sse.com.cn/assortment/fund/etf/list/,https://www.baostock.com/mainContent?file=DailyUpdates.md#query_daily_history_k_ETF,2026-07-31,
SH,513550,华泰柏瑞中证港股通50ETF,overseas,CROSS_ASSET,hang_seng,Hang Seng,true,true,2026-01-05,reviewed,https://www.sse.com.cn/assortment/fund/etf/list/,https://www.baostock.com/mainContent?file=DailyUpdates.md#query_daily_history_k_ETF,2026-07-31,
SH,513560,兴银中证港股通科技ETF,overseas,CROSS_ASSET,hang_seng_tech,Hang Seng Tech,true,true,2026-01-05,reviewed,https://www.sse.com.cn/assortment/fund/etf/list/,https://www.baostock.com/mainContent?file=DailyUpdates.md#query_daily_history_k_ETF,2026-07-31,
SH,513580,华安恒生科技(QDII-ETF),overseas,CROSS_ASSET,hang_seng_tech,Hang Seng Tech,true,true,2026-01-05,reviewed,https://www.sse.com.cn/assortment/fund/etf/list/,https://www.baostock.com/mainContent?file=DailyUpdates.md#query_daily_history_k_ETF,2026-07-31,
SH,513590,鹏华中证港股通消费主题ETF,overseas,CROSS_ASSET,hk_consumer,HK Consumer,true,true,2026-01-05,reviewed,https://www.sse.com.cn/assortment/fund/etf/list/,https://www.baostock.com/mainContent?file=DailyUpdates.md#query_daily_history_k_ETF,2026-07-31,
SH,513600,南方恒指ETF,overseas,CROSS_ASSET,hang_seng,Hang Seng,true,true,2026-01-05,reviewed,https://www.sse.com.cn/assortment/fund/etf/list/,https://www.baostock.com/mainContent?file=DailyUpdates.md#query_daily_history_k_ETF,2026-07-31,
SH,513620,银华中证港股通医疗主题ETF,overseas,CROSS_ASSET,hk_healthcare,HK Healthcare,false,true,2026-05-18,reviewed,https://www.sse.com.cn/assortment/fund/etf/list/,https://www.baostock.com/mainContent?file=DailyUpdates.md#query_daily_history_k_ETF,2026-07-31,partial_144_session_history_at_review
SH,513630,摩根标普港股通低波红利ETF,overseas,CROSS_ASSET,exposure_28048df159a4,标普港股通低波红利,true,true,2026-01-05,reviewed,https://www.sse.com.cn/assortment/fund/etf/list/,https://www.baostock.com/mainContent?file=DailyUpdates.md#query_daily_history_k_ETF,2026-07-31,
SH,513650,南方标普500ETF(QDII),overseas,CROSS_ASSET,sp500,S&P 500,true,true,2026-01-05,reviewed,https://www.sse.com.cn/assortment/fund/etf/list/,https://www.baostock.com/mainContent?file=DailyUpdates.md#query_daily_history_k_ETF,2026-07-31,
SH,513660,华夏沪港通恒生ETF,overseas,CROSS_ASSET,hang_seng,Hang Seng,true,true,2026-01-05,reviewed,https://www.sse.com.cn/assortment/fund/etf/list/,https://www.baostock.com/mainContent?file=DailyUpdates.md#query_daily_history_k_ETF,2026-07-31,
SH,513690,博时恒生高股息ETF,overseas,CROSS_ASSET,hang_seng,Hang Seng,true,true,2026-01-05,reviewed,https://www.sse.com.cn/assortment/fund/etf/list/,https://www.baostock.com/mainContent?file=DailyUpdates.md#query_daily_history_k_ETF,2026-07-31,
SH,513700,鹏华中证港股通医药卫生综合交易ETF,overseas,CROSS_ASSET,hk_healthcare,HK Healthcare,true,true,2026-01-05,reviewed,https://www.sse.com.cn/assortment/fund/etf/list/,https://www.baostock.com/mainContent?file=DailyUpdates.md#query_daily_history_k_ETF,2026-07-31,
SH,513720,国泰中证港股通互联网ETF,overseas,CROSS_ASSET,hang_seng_internet,HK Internet,false,true,2026-01-09,reviewed,https://www.sse.com.cn/assortment/fund/etf/list/,https://www.baostock.com/mainContent?file=DailyUpdates.md#query_daily_history_k_ETF,2026-07-31,partial_144_session_history_at_review
SH,513730,华泰柏瑞南方东英新交所泛东南亚科技ETF(QDII),overseas,CROSS_ASSET,southeast_asia,Southeast Asia,true,true,2026-01-05,reviewed,https://www.sse.com.cn/assortment/fund/etf/list/,https://www.baostock.com/mainContent?file=DailyUpdates.md#query_daily_history_k_ETF,2026-07-31,
SH,513750,广发中证港股通非银ETF,overseas,CROSS_ASSET,exposure_8f15fe0fdf81,中证港股通非银,true,true,2026-01-05,reviewed,https://www.sse.com.cn/assortment/fund/etf/list/,https://www.baostock.com/mainContent?file=DailyUpdates.md#query_daily_history_k_ETF,2026-07-31,
SH,513770,华宝中证港股通互联网ETF,overseas,CROSS_ASSET,hang_seng_internet,HK Internet,true,true,2026-01-05,reviewed,https://www.sse.com.cn/assortment/fund/etf/list/,https://www.baostock.com/mainContent?file=DailyUpdates.md#query_daily_history_k_ETF,2026-07-31,
SH,513780,景顺长城中证港股通创新药ETF,overseas,CROSS_ASSET,exposure_48d8e25e4249,中证港股通创新药,true,true,2026-01-05,reviewed,https://www.sse.com.cn/assortment/fund/etf/list/,https://www.baostock.com/mainContent?file=DailyUpdates.md#query_daily_history_k_ETF,2026-07-31,
SH,513800,南方顶峰TOPIX(ETF-QDII),overseas,CROSS_ASSET,exposure_ae0977a90eaa,南方顶峰TOPIX,true,true,2026-01-05,reviewed,https://www.sse.com.cn/assortment/fund/etf/list/,https://www.baostock.com/mainContent?file=DailyUpdates.md#query_daily_history_k_ETF,2026-07-31,
SH,513810,华夏中证香港内地国有企业ETF(QDII),overseas,CROSS_ASSET,exposure_6bedd7dae4cb,中证香港内地国有企业,true,true,2026-01-05,reviewed,https://www.sse.com.cn/assortment/fund/etf/list/,https://www.baostock.com/mainContent?file=DailyUpdates.md#query_daily_history_k_ETF,2026-07-31,
SH,513820,汇添富中证港股通高股息投资ETF,overseas,CROSS_ASSET,hk_dividend,HK Dividend,true,true,2026-01-05,reviewed,https://www.sse.com.cn/assortment/fund/etf/list/,https://www.baostock.com/mainContent?file=DailyUpdates.md#query_daily_history_k_ETF,2026-07-31,
SH,513830,嘉实中证港股通高股息投资ETF,overseas,CROSS_ASSET,hk_dividend,HK Dividend,true,true,2026-01-05,reviewed,https://www.sse.com.cn/assortment/fund/etf/list/,https://www.baostock.com/mainContent?file=DailyUpdates.md#query_daily_history_k_ETF,2026-07-31,
SH,513850,易方达MSCI美国50ETF(QDII),overseas,CROSS_ASSET,exposure_fa4b569e7a1c,MSCI美国50,true,true,2026-01-05,reviewed,https://www.sse.com.cn/assortment/fund/etf/list/,https://www.baostock.com/mainContent?file=DailyUpdates.md#query_daily_history_k_ETF,2026-07-31,
SH,513860,海富通中证港股通科技ETF,overseas,CROSS_ASSET,hang_seng_tech,Hang Seng Tech,true,true,2026-01-05,reviewed,https://www.sse.com.cn/assortment/fund/etf/list/,https://www.baostock.com/mainContent?file=DailyUpdates.md#query_daily_history_k_ETF,2026-07-31,
SH,513870,富国纳斯达克100ETF(QDII),overseas,CROSS_ASSET,nasdaq100,NASDAQ 100,true,true,2026-01-05,reviewed,https://www.sse.com.cn/assortment/fund/etf/list/,https://www.baostock.com/mainContent?file=DailyUpdates.md#query_daily_history_k_ETF,2026-07-31,
SH,513880,华安日经225ETF(QDII),overseas,CROSS_ASSET,nikkei225,Nikkei 225,true,true,2026-01-05,reviewed,https://www.sse.com.cn/assortment/fund/etf/list/,https://www.baostock.com/mainContent?file=DailyUpdates.md#query_daily_history_k_ETF,2026-07-31,
SH,513890,摩根恒生科技ETF(QDII),overseas,CROSS_ASSET,hang_seng_tech,Hang Seng Tech,true,true,2026-01-05,reviewed,https://www.sse.com.cn/assortment/fund/etf/list/,https://www.baostock.com/mainContent?file=DailyUpdates.md#query_daily_history_k_ETF,2026-07-31,
SH,513900,华安CES港股通精选100ETF,overseas,CROSS_ASSET,hang_seng,Hang Seng,true,true,2026-01-05,reviewed,https://www.sse.com.cn/assortment/fund/etf/list/,https://www.baostock.com/mainContent?file=DailyUpdates.md#query_daily_history_k_ETF,2026-07-31,
SH,513910,华夏中证港股通央企红利ETF,overseas,CROSS_ASSET,exposure_6b259d14efb5,中证港股通央企红利,true,true,2026-01-05,reviewed,https://www.sse.com.cn/assortment/fund/etf/list/,https://www.baostock.com/mainContent?file=DailyUpdates.md#query_daily_history_k_ETF,2026-07-31,
SH,513920,华安恒生港股通中国央企红利ETF,overseas,CROSS_ASSET,hang_seng,Hang Seng,true,true,2026-01-05,reviewed,https://www.sse.com.cn/assortment/fund/etf/list/,https://www.baostock.com/mainContent?file=DailyUpdates.md#query_daily_history_k_ETF,2026-07-31,
SH,513930,华泰柏瑞恒生生物科技ETF,overseas,CROSS_ASSET,hk_healthcare,HK Healthcare,false,true,2026-03-18,reviewed,https://www.sse.com.cn/assortment/fund/etf/list/,https://www.baostock.com/mainContent?file=DailyUpdates.md#query_daily_history_k_ETF,2026-07-31,partial_144_session_history_at_review
SH,513950,富国恒生港股通高股息低波动ETF(QDII),overseas,CROSS_ASSET,hk_dividend,HK Dividend,true,true,2026-01-05,reviewed,https://www.sse.com.cn/assortment/fund/etf/list/,https://www.baostock.com/mainContent?file=DailyUpdates.md#query_daily_history_k_ETF,2026-07-31,
SH,513970,景顺长城恒生消费ETF(QDII),overseas,CROSS_ASSET,hk_consumer,HK Consumer,true,true,2026-01-05,reviewed,https://www.sse.com.cn/assortment/fund/etf/list/,https://www.baostock.com/mainContent?file=DailyUpdates.md#query_daily_history_k_ETF,2026-07-31,
SH,513980,景顺长城中证港股通科技ETF,overseas,CROSS_ASSET,hang_seng_tech,Hang Seng Tech,true,true,2026-01-05,reviewed,https://www.sse.com.cn/assortment/fund/etf/list/,https://www.baostock.com/mainContent?file=DailyUpdates.md#query_daily_history_k_ETF,2026-07-31,
SH,513990,招商上证港股通ETF,overseas,CROSS_ASSET,exposure_e47494f4c313,上证港股通,true,true,2026-01-05,reviewed,https://www.sse.com.cn/assortment/fund/etf/list/,https://www.baostock.com/mainContent?file=DailyUpdates.md#query_daily_history_k_ETF,2026-07-31,
SH,515000,华宝中证科技龙头ETF,equity_theme,EQUITY_ETF,technology,Technology,true,true,2026-01-05,reviewed,https://www.sse.com.cn/assortment/fund/etf/list/,https://www.baostock.com/mainContent?file=DailyUpdates.md#query_daily_history_k_ETF,2026-07-31,
SH,515010,华夏中证全指证券公司ETF,equity_sector,EQUITY_ETF,securities,Securities,true,true,2026-01-05,reviewed,https://www.sse.com.cn/assortment/fund/etf/list/,https://www.baostock.com/mainContent?file=DailyUpdates.md#query_daily_history_k_ETF,2026-07-31,
SH,515020,华夏中证银行ETF,equity_sector,EQUITY_ETF,banking,Banking,true,true,2026-01-05,reviewed,https://www.sse.com.cn/assortment/fund/etf/list/,https://www.baostock.com/mainContent?file=DailyUpdates.md#query_daily_history_k_ETF,2026-07-31,
SH,515030,华夏中证新能源汽车ETF,equity_theme,EQUITY_ETF,new_energy_vehicle,New Energy Vehicle,true,true,2026-01-05,reviewed,https://www.sse.com.cn/assortment/fund/etf/list/,https://www.baostock.com/mainContent?file=DailyUpdates.md#query_daily_history_k_ETF,2026-07-31,
SH,515040,华夏中证工业有色金属主题ETF,equity_sector,EQUITY_ETF,nonferrous_metals,Non-ferrous Metals,false,true,2026-07-17,reviewed,https://www.sse.com.cn/assortment/fund/etf/list/,https://www.baostock.com/mainContent?file=DailyUpdates.md#query_daily_history_k_ETF,2026-07-31,partial_144_session_history_at_review
SH,515050,华夏中证5G通信主题ETF,equity_theme,EQUITY_ETF,5g,5G,true,true,2026-01-05,reviewed,https://www.sse.com.cn/assortment/fund/etf/list/,https://www.baostock.com/mainContent?file=DailyUpdates.md#query_daily_history_k_ETF,2026-07-31,
SH,515060,华夏中证全指房地产ETF,equity_sector,EQUITY_ETF,real_estate,Real Estate,true,true,2026-01-05,reviewed,https://www.sse.com.cn/assortment/fund/etf/list/,https://www.baostock.com/mainContent?file=DailyUpdates.md#query_daily_history_k_ETF,2026-07-31,
SH,515070,华夏中证人工智能主题ETF,equity_theme,EQUITY_ETF,ai_computing,AI & Computing,true,true,2026-01-05,reviewed,https://www.sse.com.cn/assortment/fund/etf/list/,https://www.baostock.com/mainContent?file=DailyUpdates.md#query_daily_history_k_ETF,2026-07-31,
SH,515080,招商中证红利ETF,equity_strategy,EQUITY_ETF,dividend,Dividend,true,true,2026-01-05,reviewed,https://www.sse.com.cn/assortment/fund/etf/list/,https://www.baostock.com/mainContent?file=DailyUpdates.md#query_daily_history_k_ETF,2026-07-31,
SH,515090,博时可持续发展100ETF,equity_strategy,EQUITY_ETF,esg,ESG,true,true,2026-01-05,reviewed,https://www.sse.com.cn/assortment/fund/etf/list/,https://www.baostock.com/mainContent?file=DailyUpdates.md#query_daily_history_k_ETF,2026-07-31,
SH,515100,景顺长城中证红利低波动100ETF,equity_strategy,EQUITY_ETF,dividend_low_vol,Dividend Low Vol,true,true,2026-01-05,reviewed,https://www.sse.com.cn/assortment/fund/etf/list/,https://www.baostock.com/mainContent?file=DailyUpdates.md#query_daily_history_k_ETF,2026-07-31,
SH,515110,易方达中证国企一带一路ETF,equity_strategy,EQUITY_ETF,central_soe,Central SOE,true,true,2026-01-05,reviewed,https://www.sse.com.cn/assortment/fund/etf/list/,https://www.baostock.com/mainContent?file=DailyUpdates.md#query_daily_history_k_ETF,2026-07-31,
SH,515120,广发中证创新药产业ETF,equity_theme,EQUITY_ETF,innovative_drugs,Innovative Drugs,true,true,2026-01-05,reviewed,https://www.sse.com.cn/assortment/fund/etf/list/,https://www.baostock.com/mainContent?file=DailyUpdates.md#query_daily_history_k_ETF,2026-07-31,
SH,515130,博时沪深300ETF,equity_broad,EQUITY_ETF,csi300,CSI 300,true,true,2026-01-05,reviewed,https://www.sse.com.cn/assortment/fund/etf/list/,https://www.baostock.com/mainContent?file=DailyUpdates.md#query_daily_history_k_ETF,2026-07-31,
SH,515150,富国中证国企一带一路ETF,equity_strategy,EQUITY_ETF,central_soe,Central SOE,true,true,2026-01-05,reviewed,https://www.sse.com.cn/assortment/fund/etf/list/,https://www.baostock.com/mainContent?file=DailyUpdates.md#query_daily_history_k_ETF,2026-07-31,
SH,515160,招商MSCI中国A股国际通ETF,equity_broad,EQUITY_ETF,msci_china_a,MSCI China A,true,true,2026-01-05,reviewed,https://www.sse.com.cn/assortment/fund/etf/list/,https://www.baostock.com/mainContent?file=DailyUpdates.md#query_daily_history_k_ETF,2026-07-31,
SH,515170,华夏中证细分食品饮料产业主题ETF,equity_sector,EQUITY_ETF,food_beverage,Food & Beverage,true,true,2026-01-05,reviewed,https://www.sse.com.cn/assortment/fund/etf/list/,https://www.baostock.com/mainContent?file=DailyUpdates.md#query_daily_history_k_ETF,2026-07-31,
SH,515180,易方达中证红利ETF,equity_strategy,EQUITY_ETF,dividend,Dividend,true,true,2026-01-05,reviewed,https://www.sse.com.cn/assortment/fund/etf/list/,https://www.baostock.com/mainContent?file=DailyUpdates.md#query_daily_history_k_ETF,2026-07-31,
SH,515190,中银证券中证500ETF,equity_sector,EQUITY_ETF,securities,Securities,true,true,2026-01-05,reviewed,https://www.sse.com.cn/assortment/fund/etf/list/,https://www.baostock.com/mainContent?file=DailyUpdates.md#query_daily_history_k_ETF,2026-07-31,
SH,515200,申万菱信中证研发创新100ETF,equity_theme,EQUITY_ETF,exposure_eaff8935f448,中证研发创新100,true,true,2026-01-05,reviewed,https://www.sse.com.cn/assortment/fund/etf/list/,https://www.baostock.com/mainContent?file=DailyUpdates.md#query_daily_history_k_ETF,2026-07-31,
SH,515210,国泰中证钢铁ETF,equity_sector,EQUITY_ETF,steel,Steel,true,true,2026-01-05,reviewed,https://www.sse.com.cn/assortment/fund/etf/list/,https://www.baostock.com/mainContent?file=DailyUpdates.md#query_daily_history_k_ETF,2026-07-31,
SH,515220,国泰中证煤炭ETF,equity_sector,EQUITY_ETF,coal,Coal,true,true,2026-01-05,reviewed,https://www.sse.com.cn/assortment/fund/etf/list/,https://www.baostock.com/mainContent?file=DailyUpdates.md#query_daily_history_k_ETF,2026-07-31,
SH,515230,国泰中证全指软件ETF,equity_sector,EQUITY_ETF,software,Software,true,true,2026-01-05,reviewed,https://www.sse.com.cn/assortment/fund/etf/list/,https://www.baostock.com/mainContent?file=DailyUpdates.md#query_daily_history_k_ETF,2026-07-31,
SH,515250,富国中证智能汽车主题ETF,equity_theme,EQUITY_ETF,new_energy_vehicle,New Energy Vehicle,true,true,2026-01-05,reviewed,https://www.sse.com.cn/assortment/fund/etf/list/,https://www.baostock.com/mainContent?file=DailyUpdates.md#query_daily_history_k_ETF,2026-07-31,
SH,515260,华宝中证电子50ETF,equity_sector,EQUITY_ETF,information_technology,Information Technology,true,true,2026-01-05,reviewed,https://www.sse.com.cn/assortment/fund/etf/list/,https://www.baostock.com/mainContent?file=DailyUpdates.md#query_daily_history_k_ETF,2026-07-31,
SH,515290,天弘中证银行ETF,equity_sector,EQUITY_ETF,banking,Banking,true,true,2026-01-05,reviewed,https://www.sse.com.cn/assortment/fund/etf/list/,https://www.baostock.com/mainContent?file=DailyUpdates.md#query_daily_history_k_ETF,2026-07-31,
SH,515300,嘉实沪深300红利低波动ETF,equity_strategy,EQUITY_ETF,dividend_low_vol,Dividend Low Vol,true,true,2026-01-05,reviewed,https://www.sse.com.cn/assortment/fund/etf/list/,https://www.baostock.com/mainContent?file=DailyUpdates.md#query_daily_history_k_ETF,2026-07-31,
SH,515310,添富沪深300ETF,equity_broad,EQUITY_ETF,csi300,CSI 300,true,true,2026-01-05,reviewed,https://www.sse.com.cn/assortment/fund/etf/list/,https://www.baostock.com/mainContent?file=DailyUpdates.md#query_daily_history_k_ETF,2026-07-31,
SH,515320,华安中证电子50ETF,equity_sector,EQUITY_ETF,information_technology,Information Technology,true,true,2026-01-05,reviewed,https://www.sse.com.cn/assortment/fund/etf/list/,https://www.baostock.com/mainContent?file=DailyUpdates.md#query_daily_history_k_ETF,2026-07-31,
SH,515330,天弘沪深300ETF,equity_broad,EQUITY_ETF,csi300,CSI 300,true,true,2026-01-05,reviewed,https://www.sse.com.cn/assortment/fund/etf/list/,https://www.baostock.com/mainContent?file=DailyUpdates.md#query_daily_history_k_ETF,2026-07-31,
SH,515350,民生加银沪深300ETF,equity_broad,EQUITY_ETF,csi300,CSI 300,true,true,2026-01-05,reviewed,https://www.sse.com.cn/assortment/fund/etf/list/,https://www.baostock.com/mainContent?file=DailyUpdates.md#query_daily_history_k_ETF,2026-07-31,
SH,515360,方正富邦沪深300ETF,equity_broad,EQUITY_ETF,csi300,CSI 300,true,true,2026-01-05,reviewed,https://www.sse.com.cn/assortment/fund/etf/list/,https://www.baostock.com/mainContent?file=DailyUpdates.md#query_daily_history_k_ETF,2026-07-31,
SH,515370,华夏中证光伏产业ETF,equity_theme,EQUITY_ETF,solar,Solar,true,true,2026-01-05,reviewed,https://www.sse.com.cn/assortment/fund/etf/list/,https://www.baostock.com/mainContent?file=DailyUpdates.md#query_daily_history_k_ETF,2026-07-31,
SH,515380,泰康沪深300ETF,equity_broad,EQUITY_ETF,csi300,CSI 300,true,true,2026-01-05,reviewed,https://www.sse.com.cn/assortment/fund/etf/list/,https://www.baostock.com/mainContent?file=DailyUpdates.md#query_daily_history_k_ETF,2026-07-31,
SH,515390,华安沪深300ETF,equity_broad,EQUITY_ETF,csi300,CSI 300,true,true,2026-01-05,reviewed,https://www.sse.com.cn/assortment/fund/etf/list/,https://www.baostock.com/mainContent?file=DailyUpdates.md#query_daily_history_k_ETF,2026-07-31,
SH,515400,富国中证大数据产业ETF,equity_theme,EQUITY_ETF,data_digital,Data & Digital,true,true,2026-01-05,reviewed,https://www.sse.com.cn/assortment/fund/etf/list/,https://www.baostock.com/mainContent?file=DailyUpdates.md#query_daily_history_k_ETF,2026-07-31,
SH,515450,南方标普中国A股大盘红利低波50ETF,equity_strategy,EQUITY_ETF,dividend_low_vol,Dividend Low Vol,true,true,2026-01-05,reviewed,https://www.sse.com.cn/assortment/fund/etf/list/,https://www.baostock.com/mainContent?file=DailyUpdates.md#query_daily_history_k_ETF,2026-07-31,
SH,515460,南方中证全指红利质量ETF,equity_strategy,EQUITY_ETF,dividend_quality,Dividend Quality,false,true,2026-03-16,reviewed,https://www.sse.com.cn/assortment/fund/etf/list/,https://www.baostock.com/mainContent?file=DailyUpdates.md#query_daily_history_k_ETF,2026-07-31,partial_144_session_history_at_review
SH,515480,南方中证红利低波动100ETF,equity_strategy,EQUITY_ETF,dividend_low_vol,Dividend Low Vol,false,true,2026-07-06,reviewed,https://www.sse.com.cn/assortment/fund/etf/list/,https://www.baostock.com/mainContent?file=DailyUpdates.md#query_daily_history_k_ETF,2026-07-31,partial_144_session_history_at_review
SH,515530,泰康中证500ETF,equity_broad,EQUITY_ETF,csi500,CSI 500,true,true,2026-01-05,reviewed,https://www.sse.com.cn/assortment/fund/etf/list/,https://www.baostock.com/mainContent?file=DailyUpdates.md#query_daily_history_k_ETF,2026-07-31,
SH,515550,国联中证500ETF,equity_broad,EQUITY_ETF,csi500,CSI 500,true,true,2026-01-05,reviewed,https://www.sse.com.cn/assortment/fund/etf/list/,https://www.baostock.com/mainContent?file=DailyUpdates.md#query_daily_history_k_ETF,2026-07-31,
SH,515560,建信中证全指证券公司ETF,equity_sector,EQUITY_ETF,securities,Securities,true,true,2026-01-05,reviewed,https://www.sse.com.cn/assortment/fund/etf/list/,https://www.baostock.com/mainContent?file=DailyUpdates.md#query_daily_history_k_ETF,2026-07-31,
SH,515580,华泰柏瑞中证科技100ETF,equity_theme,EQUITY_ETF,technology,Technology,true,true,2026-01-05,reviewed,https://www.sse.com.cn/assortment/fund/etf/list/,https://www.baostock.com/mainContent?file=DailyUpdates.md#query_daily_history_k_ETF,2026-07-31,
SH,515590,前海开源中证500等权ETF,equity_strategy,EQUITY_ETF,equal_weight,Equal Weight,true,true,2026-01-05,reviewed,https://www.sse.com.cn/assortment/fund/etf/list/,https://www.baostock.com/mainContent?file=DailyUpdates.md#query_daily_history_k_ETF,2026-07-31,
SH,515600,广发中证央企创新驱动ETF,equity_strategy,EQUITY_ETF,central_soe,Central SOE,true,true,2026-01-05,reviewed,https://www.sse.com.cn/assortment/fund/etf/list/,https://www.baostock.com/mainContent?file=DailyUpdates.md#query_daily_history_k_ETF,2026-07-31,
SH,515630,鹏华中证800证保ETF,equity_broad,EQUITY_ETF,csi800,CSI 800,true,true,2026-01-05,reviewed,https://www.sse.com.cn/assortment/fund/etf/list/,https://www.baostock.com/mainContent?file=DailyUpdates.md#query_daily_history_k_ETF,2026-07-31,
SH,515640,华夏中证全指家用电器ETF,equity_sector,EQUITY_ETF,home_appliance,Home Appliance,false,true,2026-04-24,reviewed,https://www.sse.com.cn/assortment/fund/etf/list/,https://www.baostock.com/mainContent?file=DailyUpdates.md#query_daily_history_k_ETF,2026-07-31,partial_144_session_history_at_review
SH,515650,富国中证消费50ETF,equity_sector,EQUITY_ETF,consumer,Consumer,true,true,2026-01-05,reviewed,https://www.sse.com.cn/assortment/fund/etf/list/,https://www.baostock.com/mainContent?file=DailyUpdates.md#query_daily_history_k_ETF,2026-07-31,
SH,515660,国联安沪深300ETF,equity_broad,EQUITY_ETF,csi300,CSI 300,true,true,2026-01-05,reviewed,https://www.sse.com.cn/assortment/fund/etf/list/,https://www.baostock.com/mainContent?file=DailyUpdates.md#query_daily_history_k_ETF,2026-07-31,
SH,515680,嘉实央企创新驱动ETF,equity_strategy,EQUITY_ETF,central_soe,Central SOE,true,true,2026-01-05,reviewed,https://www.sse.com.cn/assortment/fund/etf/list/,https://www.baostock.com/mainContent?file=DailyUpdates.md#query_daily_history_k_ETF,2026-07-31,
SH,515700,平安中证新能源汽车产业ETF,equity_theme,EQUITY_ETF,new_energy_vehicle,New Energy Vehicle,true,true,2026-01-05,reviewed,https://www.sse.com.cn/assortment/fund/etf/list/,https://www.baostock.com/mainContent?file=DailyUpdates.md#query_daily_history_k_ETF,2026-07-31,
SH,515710,华宝中证细分食品饮料产业主题ETF,equity_sector,EQUITY_ETF,food_beverage,Food & Beverage,true,true,2026-01-05,reviewed,https://www.sse.com.cn/assortment/fund/etf/list/,https://www.baostock.com/mainContent?file=DailyUpdates.md#query_daily_history_k_ETF,2026-07-31,
SH,515720,富国中证金融科技主题ETF,equity_theme,EQUITY_ETF,technology,Technology,true,true,2026-01-05,reviewed,https://www.sse.com.cn/assortment/fund/etf/list/,https://www.baostock.com/mainContent?file=DailyUpdates.md#query_daily_history_k_ETF,2026-07-31,
SH,515730,永赢中证家居家电ETF,equity_sector,EQUITY_ETF,home_appliance,Home Appliance,true,true,2026-01-05,reviewed,https://www.sse.com.cn/assortment/fund/etf/list/,https://www.baostock.com/mainContent?file=DailyUpdates.md#query_daily_history_k_ETF,2026-07-31,
SH,515750,富国中证科技50策略ETF,equity_theme,EQUITY_ETF,technology,Technology,true,true,2026-01-05,reviewed,https://www.sse.com.cn/assortment/fund/etf/list/,https://www.baostock.com/mainContent?file=DailyUpdates.md#query_daily_history_k_ETF,2026-07-31,
SH,515760,华夏中证浙江国资创新发展ETF,equity_theme,EQUITY_ETF,exposure_50862f57157c,中证浙江国资创新发展,true,true,2026-01-05,reviewed,https://www.sse.com.cn/assortment/fund/etf/list/,https://www.baostock.com/mainContent?file=DailyUpdates.md#query_daily_history_k_ETF,2026-07-31,
SH,515770,摩根MSCI中国A股ETF,equity_broad,EQUITY_ETF,a_share,A Share,true,true,2026-01-05,reviewed,https://www.sse.com.cn/assortment/fund/etf/list/,https://www.baostock.com/mainContent?file=DailyUpdates.md#query_daily_history_k_ETF,2026-07-31,
SH,515790,华泰柏瑞中证光伏产业ETF,equity_theme,EQUITY_ETF,solar,Solar,true,true,2026-01-05,reviewed,https://www.sse.com.cn/assortment/fund/etf/list/,https://www.baostock.com/mainContent?file=DailyUpdates.md#query_daily_history_k_ETF,2026-07-31,
SH,515800,添富中证800ETF,equity_broad,EQUITY_ETF,csi800,CSI 800,true,true,2026-01-05,reviewed,https://www.sse.com.cn/assortment/fund/etf/list/,https://www.baostock.com/mainContent?file=DailyUpdates.md#query_daily_history_k_ETF,2026-07-31,
SH,515810,易方达中证800ETF,equity_broad,EQUITY_ETF,csi800,CSI 800,true,true,2026-01-05,reviewed,https://www.sse.com.cn/assortment/fund/etf/list/,https://www.baostock.com/mainContent?file=DailyUpdates.md#query_daily_history_k_ETF,2026-07-31,
SH,515840,南方中证全指食品ETF,equity_sector,EQUITY_ETF,food_beverage,Food & Beverage,false,true,2026-07-23,reviewed,https://www.sse.com.cn/assortment/fund/etf/list/,https://www.baostock.com/mainContent?file=DailyUpdates.md#query_daily_history_k_ETF,2026-07-31,partial_144_session_history_at_review
SH,515850,富国中证全指证券公司ETF,equity_sector,EQUITY_ETF,securities,Securities,true,true,2026-01-05,reviewed,https://www.sse.com.cn/assortment/fund/etf/list/,https://www.baostock.com/mainContent?file=DailyUpdates.md#query_daily_history_k_ETF,2026-07-31,
SH,515860,嘉实新兴科技100ETF,equity_theme,EQUITY_ETF,technology,Technology,true,true,2026-01-05,reviewed,https://www.sse.com.cn/assortment/fund/etf/list/,https://www.baostock.com/mainContent?file=DailyUpdates.md#query_daily_history_k_ETF,2026-07-31,
SH,515880,国泰中证全指通信设备ETF,equity_sector,EQUITY_ETF,communications,Communications,true,true,2026-01-05,reviewed,https://www.sse.com.cn/assortment/fund/etf/list/,https://www.baostock.com/mainContent?file=DailyUpdates.md#query_daily_history_k_ETF,2026-07-31,
SH,515890,博时中证红利ETF,equity_strategy,EQUITY_ETF,dividend,Dividend,true,true,2026-01-05,reviewed,https://www.sse.com.cn/assortment/fund/etf/list/,https://www.baostock.com/mainContent?file=DailyUpdates.md#query_daily_history_k_ETF,2026-07-31,
SH,515900,博时央企创新驱动ETF,equity_strategy,EQUITY_ETF,central_soe,Central SOE,true,true,2026-01-05,reviewed,https://www.sse.com.cn/assortment/fund/etf/list/,https://www.baostock.com/mainContent?file=DailyUpdates.md#query_daily_history_k_ETF,2026-07-31,
SH,515910,中金MSCI中国A股国际质量ETF,equity_strategy,EQUITY_ETF,quality,Quality,true,true,2026-01-05,reviewed,https://www.sse.com.cn/assortment/fund/etf/list/,https://www.baostock.com/mainContent?file=DailyUpdates.md#query_daily_history_k_ETF,2026-07-31,
SH,515920,博时智能消费ETF,equity_sector,EQUITY_ETF,consumer,Consumer,true,true,2026-01-05,reviewed,https://www.sse.com.cn/assortment/fund/etf/list/,https://www.baostock.com/mainContent?file=DailyUpdates.md#query_daily_history_k_ETF,2026-07-31,
SH,515950,富国中证医药50ETF,equity_sector,EQUITY_ETF,healthcare,Healthcare,true,true,2026-01-05,reviewed,https://www.sse.com.cn/assortment/fund/etf/list/,https://www.baostock.com/mainContent?file=DailyUpdates.md#query_daily_history_k_ETF,2026-07-31,
SH,515960,嘉实医药健康100ETF,equity_sector,EQUITY_ETF,healthcare,Healthcare,true,true,2026-01-05,reviewed,https://www.sse.com.cn/assortment/fund/etf/list/,https://www.baostock.com/mainContent?file=DailyUpdates.md#query_daily_history_k_ETF,2026-07-31,
SH,515970,华夏中证工程机械主题ETF,equity_sector,EQUITY_ETF,machinery,Machinery,false,true,2026-02-12,reviewed,https://www.sse.com.cn/assortment/fund/etf/list/,https://www.baostock.com/mainContent?file=DailyUpdates.md#query_daily_history_k_ETF,2026-07-31,partial_144_session_history_at_review
SH,515980,华富中证人工智能产业ETF,equity_theme,EQUITY_ETF,ai_computing,AI & Computing,true,true,2026-01-05,reviewed,https://www.sse.com.cn/assortment/fund/etf/list/,https://www.baostock.com/mainContent?file=DailyUpdates.md#query_daily_history_k_ETF,2026-07-31,
SH,515990,添富中证国企一带一路ETF,equity_strategy,EQUITY_ETF,central_soe,Central SOE,true,true,2026-01-05,reviewed,https://www.sse.com.cn/assortment/fund/etf/list/,https://www.baostock.com/mainContent?file=DailyUpdates.md#query_daily_history_k_ETF,2026-07-31,
SH,516000,华夏中证大数据产业ETF,equity_theme,EQUITY_ETF,data_digital,Data & Digital,true,true,2026-01-05,reviewed,https://www.sse.com.cn/assortment/fund/etf/list/,https://www.baostock.com/mainContent?file=DailyUpdates.md#query_daily_history_k_ETF,2026-07-31,
SH,516010,国泰中证动漫游戏ETF,equity_theme,EQUITY_ETF,gaming,Gaming,true,true,2026-01-05,reviewed,https://www.sse.com.cn/assortment/fund/etf/list/,https://www.baostock.com/mainContent?file=DailyUpdates.md#query_daily_history_k_ETF,2026-07-31,
SH,516020,华宝化工ETF,equity_sector,EQUITY_ETF,chemicals,Chemicals,true,true,2026-01-05,reviewed,https://www.sse.com.cn/assortment/fund/etf/list/,https://www.baostock.com/mainContent?file=DailyUpdates.md#query_daily_history_k_ETF,2026-07-31,
SH,516050,工银中证科技龙头ETF,equity_theme,EQUITY_ETF,technology,Technology,true,true,2026-01-05,reviewed,https://www.sse.com.cn/assortment/fund/etf/list/,https://www.baostock.com/mainContent?file=DailyUpdates.md#query_daily_history_k_ETF,2026-07-31,
SH,516060,工银瑞信中证创新药产业ETF,equity_theme,EQUITY_ETF,innovative_drugs,Innovative Drugs,true,true,2026-01-05,reviewed,https://www.sse.com.cn/assortment/fund/etf/list/,https://www.baostock.com/mainContent?file=DailyUpdates.md#query_daily_history_k_ETF,2026-07-31,
SH,516070,易方达中证内地低碳经济主题ETF,equity_theme,EQUITY_ETF,low_carbon,Low Carbon,true,true,2026-01-05,reviewed,https://www.sse.com.cn/assortment/fund/etf/list/,https://www.baostock.com/mainContent?file=DailyUpdates.md#query_daily_history_k_ETF,2026-07-31,
SH,516080,易方达中证创新药产业ETF,equity_theme,EQUITY_ETF,innovative_drugs,Innovative Drugs,true,true,2026-01-05,reviewed,https://www.sse.com.cn/assortment/fund/etf/list/,https://www.baostock.com/mainContent?file=DailyUpdates.md#query_daily_history_k_ETF,2026-07-31,
SH,516090,易方达中证新能源ETF,equity_theme,EQUITY_ETF,new_energy,New Energy,true,true,2026-01-05,reviewed,https://www.sse.com.cn/assortment/fund/etf/list/,https://www.baostock.com/mainContent?file=DailyUpdates.md#query_daily_history_k_ETF,2026-07-31,
SH,516100,华夏中证金融科技主题ETF,equity_theme,EQUITY_ETF,technology,Technology,true,true,2026-01-05,reviewed,https://www.sse.com.cn/assortment/fund/etf/list/,https://www.baostock.com/mainContent?file=DailyUpdates.md#query_daily_history_k_ETF,2026-07-31,
SH,516110,国泰中证800汽车与零部件ETF,equity_sector,EQUITY_ETF,automobile,Automobile,true,true,2026-01-05,reviewed,https://www.sse.com.cn/assortment/fund/etf/list/,https://www.baostock.com/mainContent?file=DailyUpdates.md#query_daily_history_k_ETF,2026-07-31,
SH,516120,富国中证细分化工产业主题ETF,equity_sector,EQUITY_ETF,chemicals,Chemicals,true,true,2026-01-05,reviewed,https://www.sse.com.cn/assortment/fund/etf/list/,https://www.baostock.com/mainContent?file=DailyUpdates.md#query_daily_history_k_ETF,2026-07-31,
SH,516130,华宝中证消费龙头ETF,equity_sector,EQUITY_ETF,consumer,Consumer,true,true,2026-01-05,reviewed,https://www.sse.com.cn/assortment/fund/etf/list/,https://www.baostock.com/mainContent?file=DailyUpdates.md#query_daily_history_k_ETF,2026-07-31,
SH,516150,嘉实中证稀土产业ETF,equity_theme,EQUITY_ETF,rare_metals,Rare Metals,true,true,2026-01-05,reviewed,https://www.sse.com.cn/assortment/fund/etf/list/,https://www.baostock.com/mainContent?file=DailyUpdates.md#query_daily_history_k_ETF,2026-07-31,
SH,516160,南方中证新能源ETF,equity_theme,EQUITY_ETF,new_energy,New Energy,true,true,2026-01-05,reviewed,https://www.sse.com.cn/assortment/fund/etf/list/,https://www.baostock.com/mainContent?file=DailyUpdates.md#query_daily_history_k_ETF,2026-07-31,
SH,516180,平安中证光伏产业ETF,equity_theme,EQUITY_ETF,solar,Solar,true,true,2026-01-05,reviewed,https://www.sse.com.cn/assortment/fund/etf/list/,https://www.baostock.com/mainContent?file=DailyUpdates.md#query_daily_history_k_ETF,2026-07-31,
SH,516190,华夏中证文娱传媒ETF,equity_sector,EQUITY_ETF,media,Media,true,true,2026-01-05,reviewed,https://www.sse.com.cn/assortment/fund/etf/list/,https://www.baostock.com/mainContent?file=DailyUpdates.md#query_daily_history_k_ETF,2026-07-31,
SH,516200,华安中证全指证券公司ETF,equity_sector,EQUITY_ETF,securities,Securities,true,true,2026-01-05,reviewed,https://www.sse.com.cn/assortment/fund/etf/list/,https://www.baostock.com/mainContent?file=DailyUpdates.md#query_daily_history_k_ETF,2026-07-31,
SH,516210,华安中证银行ETF,equity_sector,EQUITY_ETF,banking,Banking,true,true,2026-01-05,reviewed,https://www.sse.com.cn/assortment/fund/etf/list/,https://www.baostock.com/mainContent?file=DailyUpdates.md#query_daily_history_k_ETF,2026-07-31,
SH,516220,国泰中证细分化工产业主题ETF,equity_sector,EQUITY_ETF,chemicals,Chemicals,true,true,2026-01-05,reviewed,https://www.sse.com.cn/assortment/fund/etf/list/,https://www.baostock.com/mainContent?file=DailyUpdates.md#query_daily_history_k_ETF,2026-07-31,
SH,516230,招商中证光伏产业ETF,equity_theme,EQUITY_ETF,solar,Solar,false,true,2026-02-03,reviewed,https://www.sse.com.cn/assortment/fund/etf/list/,https://www.baostock.com/mainContent?file=DailyUpdates.md#query_daily_history_k_ETF,2026-07-31,partial_144_session_history_at_review
SH,516250,富国中证工程机械主题ETF,equity_sector,EQUITY_ETF,machinery,Machinery,true,true,2026-01-05,reviewed,https://www.sse.com.cn/assortment/fund/etf/list/,https://www.baostock.com/mainContent?file=DailyUpdates.md#query_daily_history_k_ETF,2026-07-31,
SH,516260,华夏中证物联网主题ETF,equity_theme,EQUITY_ETF,internet_of_things,Internet of Things,true,true,2026-01-05,reviewed,https://www.sse.com.cn/assortment/fund/etf/list/,https://www.baostock.com/mainContent?file=DailyUpdates.md#query_daily_history_k_ETF,2026-07-31,
SH,516270,华安中证内地新能源主题ETF,equity_theme,EQUITY_ETF,new_energy,New Energy,true,true,2026-01-05,reviewed,https://www.sse.com.cn/assortment/fund/etf/list/,https://www.baostock.com/mainContent?file=DailyUpdates.md#query_daily_history_k_ETF,2026-07-31,
SH,516290,汇添富中证光伏产业ETF,equity_theme,EQUITY_ETF,solar,Solar,true,true,2026-01-05,reviewed,https://www.sse.com.cn/assortment/fund/etf/list/,https://www.baostock.com/mainContent?file=DailyUpdates.md#query_daily_history_k_ETF,2026-07-31,
SH,516300,华泰柏瑞中证1000ETF,equity_broad,EQUITY_ETF,csi1000,CSI 1000,true,true,2026-01-05,reviewed,https://www.sse.com.cn/assortment/fund/etf/list/,https://www.baostock.com/mainContent?file=DailyUpdates.md#query_daily_history_k_ETF,2026-07-31,
SH,516310,易方达中证银行ETF,equity_sector,EQUITY_ETF,banking,Banking,true,true,2026-01-05,reviewed,https://www.sse.com.cn/assortment/fund/etf/list/,https://www.baostock.com/mainContent?file=DailyUpdates.md#query_daily_history_k_ETF,2026-07-31,
SH,516320,华夏中证装备产业ETF,equity_sector,EQUITY_ETF,machinery,Machinery,true,true,2026-01-05,reviewed,https://www.sse.com.cn/assortment/fund/etf/list/,https://www.baostock.com/mainContent?file=DailyUpdates.md#query_daily_history_k_ETF,2026-07-31,
SH,516330,华泰柏瑞中证物联网主题ETF,equity_theme,EQUITY_ETF,internet_of_things,Internet of Things,true,true,2026-01-05,reviewed,https://www.sse.com.cn/assortment/fund/etf/list/,https://www.baostock.com/mainContent?file=DailyUpdates.md#query_daily_history_k_ETF,2026-07-31,
SH,516350,易方达中证芯片产业ETF,equity_theme,EQUITY_ETF,semiconductor,Semiconductor,true,true,2026-01-05,reviewed,https://www.sse.com.cn/assortment/fund/etf/list/,https://www.baostock.com/mainContent?file=DailyUpdates.md#query_daily_history_k_ETF,2026-07-31,
SH,516360,华宝新材料ETF,equity_sector,EQUITY_ETF,materials,Materials,true,true,2026-01-05,reviewed,https://www.sse.com.cn/assortment/fund/etf/list/,https://www.baostock.com/mainContent?file=DailyUpdates.md#query_daily_history_k_ETF,2026-07-31,
SH,516370,汇添富中证全指电力公用事业ETF,equity_sector,EQUITY_ETF,utilities,Utilities,false,true,2026-04-03,reviewed,https://www.sse.com.cn/assortment/fund/etf/list/,https://www.baostock.com/mainContent?file=DailyUpdates.md#query_daily_history_k_ETF,2026-07-31,partial_144_session_history_at_review
SH,516380,华宝智能电动汽车ETF,equity_sector,EQUITY_ETF,automobile,Automobile,true,true,2026-01-05,reviewed,https://www.sse.com.cn/assortment/fund/etf/list/,https://www.baostock.com/mainContent?file=DailyUpdates.md#query_daily_history_k_ETF,2026-07-31,
SH,516390,汇添富中证新能源汽车产业ETF,equity_theme,EQUITY_ETF,new_energy_vehicle,New Energy Vehicle,true,true,2026-01-05,reviewed,https://www.sse.com.cn/assortment/fund/etf/list/,https://www.baostock.com/mainContent?file=DailyUpdates.md#query_daily_history_k_ETF,2026-07-31,
SH,516440,南方中证工程机械主题ETF,equity_sector,EQUITY_ETF,machinery,Machinery,false,true,2026-07-09,reviewed,https://www.sse.com.cn/assortment/fund/etf/list/,https://www.baostock.com/mainContent?file=DailyUpdates.md#query_daily_history_k_ETF,2026-07-31,partial_144_session_history_at_review
SH,516460,鹏华中证800自由现金流ETF,equity_strategy,EQUITY_ETF,free_cash_flow,Free Cash Flow,true,true,2026-01-05,reviewed,https://www.sse.com.cn/assortment/fund/etf/list/,https://www.baostock.com/mainContent?file=DailyUpdates.md#query_daily_history_k_ETF,2026-07-31,
SH,516500,华夏中证生物科技主题ETF,equity_theme,EQUITY_ETF,technology,Technology,true,true,2026-01-05,reviewed,https://www.sse.com.cn/assortment/fund/etf/list/,https://www.baostock.com/mainContent?file=DailyUpdates.md#query_daily_history_k_ETF,2026-07-31,
SH,516510,易方达中证云计算与大数据主题ETF,equity_theme,EQUITY_ETF,cloud_computing,Cloud Computing,true,true,2026-01-05,reviewed,https://www.sse.com.cn/assortment/fund/etf/list/,https://www.baostock.com/mainContent?file=DailyUpdates.md#query_daily_history_k_ETF,2026-07-31,
SH,516520,华泰柏瑞中证智能汽车主题ETF,equity_theme,EQUITY_ETF,new_energy_vehicle,New Energy Vehicle,true,true,2026-01-05,reviewed,https://www.sse.com.cn/assortment/fund/etf/list/,https://www.baostock.com/mainContent?file=DailyUpdates.md#query_daily_history_k_ETF,2026-07-31,
SH,516530,银华中证现代物流ETF,equity_sector,EQUITY_ETF,transportation,Transportation,true,true,2026-01-05,reviewed,https://www.sse.com.cn/assortment/fund/etf/list/,https://www.baostock.com/mainContent?file=DailyUpdates.md#query_daily_history_k_ETF,2026-07-31,
SH,516550,嘉实中证大农业ETF,equity_sector,EQUITY_ETF,agriculture,Agriculture,true,true,2026-01-05,reviewed,https://www.sse.com.cn/assortment/fund/etf/list/,https://www.baostock.com/mainContent?file=DailyUpdates.md#query_daily_history_k_ETF,2026-07-31,
SH,516560,华宝中证养老产业ETF,equity_theme,EQUITY_ETF,elderly_care,Elderly Care,true,true,2026-01-05,reviewed,https://www.sse.com.cn/assortment/fund/etf/list/,https://www.baostock.com/mainContent?file=DailyUpdates.md#query_daily_history_k_ETF,2026-07-31,
SH,516570,易方达中证石化产业ETF,equity_sector,EQUITY_ETF,oil_gas,Oil & Gas,true,true,2026-01-05,reviewed,https://www.sse.com.cn/assortment/fund/etf/list/,https://www.baostock.com/mainContent?file=DailyUpdates.md#query_daily_history_k_ETF,2026-07-31,
SH,516580,博时中证新能源ETF,equity_theme,EQUITY_ETF,new_energy,New Energy,true,true,2026-01-05,reviewed,https://www.sse.com.cn/assortment/fund/etf/list/,https://www.baostock.com/mainContent?file=DailyUpdates.md#query_daily_history_k_ETF,2026-07-31,
SH,516590,易方达中证智能电动汽车ETF,equity_sector,EQUITY_ETF,automobile,Automobile,true,true,2026-01-05,reviewed,https://www.sse.com.cn/assortment/fund/etf/list/,https://www.baostock.com/mainContent?file=DailyUpdates.md#query_daily_history_k_ETF,2026-07-31,
SH,516600,工银瑞信中证消费服务领先ETF,equity_sector,EQUITY_ETF,consumer,Consumer,true,true,2026-01-05,reviewed,https://www.sse.com.cn/assortment/fund/etf/list/,https://www.baostock.com/mainContent?file=DailyUpdates.md#query_daily_history_k_ETF,2026-07-31,
SH,516610,大成中证全指医疗保健设备与服务ETF,equity_sector,EQUITY_ETF,healthcare,Healthcare,true,true,2026-01-05,reviewed,https://www.sse.com.cn/assortment/fund/etf/list/,https://www.baostock.com/mainContent?file=DailyUpdates.md#query_daily_history_k_ETF,2026-07-31,
SH,516620,国泰中证影视主题ETF,equity_sector,EQUITY_ETF,media,Media,true,true,2026-01-05,reviewed,https://www.sse.com.cn/assortment/fund/etf/list/,https://www.baostock.com/mainContent?file=DailyUpdates.md#query_daily_history_k_ETF,2026-07-31,
SH,516630,华夏中证云计算与大数据主题ETF,equity_theme,EQUITY_ETF,cloud_computing,Cloud Computing,true,true,2026-01-05,reviewed,https://www.sse.com.cn/assortment/fund/etf/list/,https://www.baostock.com/mainContent?file=DailyUpdates.md#query_daily_history_k_ETF,2026-07-31,
SH,516640,富国中证芯片产业ETF,equity_theme,EQUITY_ETF,semiconductor,Semiconductor,true,true,2026-01-05,reviewed,https://www.sse.com.cn/assortment/fund/etf/list/,https://www.baostock.com/mainContent?file=DailyUpdates.md#query_daily_history_k_ETF,2026-07-31,
SH,516650,华夏中证细分有色金属产业主题ETF,equity_sector,EQUITY_ETF,nonferrous_metals,Non-ferrous Metals,true,true,2026-01-05,reviewed,https://www.sse.com.cn/assortment/fund/etf/list/,https://www.baostock.com/mainContent?file=DailyUpdates.md#query_daily_history_k_ETF,2026-07-31,
SH,516660,华安中证新能源汽车ETF,equity_theme,EQUITY_ETF,new_energy_vehicle,New Energy Vehicle,true,true,2026-01-05,reviewed,https://www.sse.com.cn/assortment/fund/etf/list/,https://www.baostock.com/mainContent?file=DailyUpdates.md#query_daily_history_k_ETF,2026-07-31,
SH,516670,招商中证畜牧养殖ETF,equity_sector,EQUITY_ETF,livestock,Livestock,true,true,2026-01-05,reviewed,https://www.sse.com.cn/assortment/fund/etf/list/,https://www.baostock.com/mainContent?file=DailyUpdates.md#query_daily_history_k_ETF,2026-07-31,
SH,516700,华宝大数据ETF,equity_theme,EQUITY_ETF,data_digital,Data & Digital,true,true,2026-01-05,reviewed,https://www.sse.com.cn/assortment/fund/etf/list/,https://www.baostock.com/mainContent?file=DailyUpdates.md#query_daily_history_k_ETF,2026-07-31,
SH,516710,华夏中证新材料主题ETF,equity_sector,EQUITY_ETF,materials,Materials,true,true,2026-01-05,reviewed,https://www.sse.com.cn/assortment/fund/etf/list/,https://www.baostock.com/mainContent?file=DailyUpdates.md#query_daily_history_k_ETF,2026-07-31,
SH,516720,浦银安盛中证ESG120策略ETF,equity_strategy,EQUITY_ETF,esg,ESG,true,true,2026-01-05,reviewed,https://www.sse.com.cn/assortment/fund/etf/list/,https://www.baostock.com/mainContent?file=DailyUpdates.md#query_daily_history_k_ETF,2026-07-31,
SH,516730,浦银安盛中证证券公司30ETF,equity_sector,EQUITY_ETF,securities,Securities,true,true,2026-01-05,reviewed,https://www.sse.com.cn/assortment/fund/etf/list/,https://www.baostock.com/mainContent?file=DailyUpdates.md#query_daily_history_k_ETF,2026-07-31,
SH,516750,富国中证全指建筑材料ETF,equity_theme,EQUITY_ETF,construction,Construction,true,true,2026-01-05,reviewed,https://www.sse.com.cn/assortment/fund/etf/list/,https://www.baostock.com/mainContent?file=DailyUpdates.md#query_daily_history_k_ETF,2026-07-31,
SH,516760,平安中证畜牧养殖ETF,equity_sector,EQUITY_ETF,livestock,Livestock,true,true,2026-01-05,reviewed,https://www.sse.com.cn/assortment/fund/etf/list/,https://www.baostock.com/mainContent?file=DailyUpdates.md#query_daily_history_k_ETF,2026-07-31,
SH,516770,华泰柏瑞中证动漫游戏ETF,equity_theme,EQUITY_ETF,gaming,Gaming,true,true,2026-01-05,reviewed,https://www.sse.com.cn/assortment/fund/etf/list/,https://www.baostock.com/mainContent?file=DailyUpdates.md#query_daily_history_k_ETF,2026-07-31,
SH,516780,华泰柏瑞中证稀土产业ETF,equity_theme,EQUITY_ETF,rare_metals,Rare Metals,true,true,2026-01-05,reviewed,https://www.sse.com.cn/assortment/fund/etf/list/,https://www.baostock.com/mainContent?file=DailyUpdates.md#query_daily_history_k_ETF,2026-07-31,
SH,516790,华泰柏瑞中证全指医疗保健设备与服务ETF,equity_sector,EQUITY_ETF,healthcare,Healthcare,true,true,2026-01-05,reviewed,https://www.sse.com.cn/assortment/fund/etf/list/,https://www.baostock.com/mainContent?file=DailyUpdates.md#query_daily_history_k_ETF,2026-07-31,
SH,516800,华宝中证智能制造ETF,equity_theme,EQUITY_ETF,exposure_d474d879146a,中证智能制造,true,true,2026-01-05,reviewed,https://www.sse.com.cn/assortment/fund/etf/list/,https://www.baostock.com/mainContent?file=DailyUpdates.md#query_daily_history_k_ETF,2026-07-31,
SH,516810,华夏中证农业主题ETF,equity_sector,EQUITY_ETF,agriculture,Agriculture,true,true,2026-01-05,reviewed,https://www.sse.com.cn/assortment/fund/etf/list/,https://www.baostock.com/mainContent?file=DailyUpdates.md#query_daily_history_k_ETF,2026-07-31,
SH,516820,平安中证医药及医疗器械创新ETF,equity_theme,EQUITY_ETF,medical_devices,Medical Devices,true,true,2026-01-05,reviewed,https://www.sse.com.cn/assortment/fund/etf/list/,https://www.baostock.com/mainContent?file=DailyUpdates.md#query_daily_history_k_ETF,2026-07-31,
SH,516830,富国沪深300ESG基准ETF,equity_strategy,EQUITY_ETF,esg,ESG,true,true,2026-01-05,reviewed,https://www.sse.com.cn/assortment/fund/etf/list/,https://www.baostock.com/mainContent?file=DailyUpdates.md#query_daily_history_k_ETF,2026-07-31,
SH,516840,南方中证全指汽车ETF,equity_sector,EQUITY_ETF,automobile,Automobile,false,true,2026-05-13,reviewed,https://www.sse.com.cn/assortment/fund/etf/list/,https://www.baostock.com/mainContent?file=DailyUpdates.md#query_daily_history_k_ETF,2026-07-31,partial_144_session_history_at_review
SH,516850,华夏中证新能源ETF,equity_theme,EQUITY_ETF,new_energy,New Energy,true,true,2026-01-05,reviewed,https://www.sse.com.cn/assortment/fund/etf/list/,https://www.baostock.com/mainContent?file=DailyUpdates.md#query_daily_history_k_ETF,2026-07-31,
SH,516860,博时金融科技ETF,equity_theme,EQUITY_ETF,technology,Technology,true,true,2026-01-05,reviewed,https://www.sse.com.cn/assortment/fund/etf/list/,https://www.baostock.com/mainContent?file=DailyUpdates.md#query_daily_history_k_ETF,2026-07-31,
SH,516880,银华中证光伏产业ETF,equity_theme,EQUITY_ETF,solar,Solar,true,true,2026-01-05,reviewed,https://www.sse.com.cn/assortment/fund/etf/list/,https://www.baostock.com/mainContent?file=DailyUpdates.md#query_daily_history_k_ETF,2026-07-31,
SH,516890,平安中证新材料主题ETF,equity_sector,EQUITY_ETF,materials,Materials,true,true,2026-01-05,reviewed,https://www.sse.com.cn/assortment/fund/etf/list/,https://www.baostock.com/mainContent?file=DailyUpdates.md#query_daily_history_k_ETF,2026-07-31,
SH,516900,华安中证申万食品饮料ETF,equity_sector,EQUITY_ETF,food_beverage,Food & Beverage,true,true,2026-01-05,reviewed,https://www.sse.com.cn/assortment/fund/etf/list/,https://www.baostock.com/mainContent?file=DailyUpdates.md#query_daily_history_k_ETF,2026-07-31,
SH,516910,富国中证现代物流ETF,equity_sector,EQUITY_ETF,transportation,Transportation,true,true,2026-01-05,reviewed,https://www.sse.com.cn/assortment/fund/etf/list/,https://www.baostock.com/mainContent?file=DailyUpdates.md#query_daily_history_k_ETF,2026-07-31,
SH,516920,汇添富中证芯片产业ETF,equity_theme,EQUITY_ETF,semiconductor,Semiconductor,true,true,2026-01-05,reviewed,https://www.sse.com.cn/assortment/fund/etf/list/,https://www.baostock.com/mainContent?file=DailyUpdates.md#query_daily_history_k_ETF,2026-07-31,
SH,516930,民生加银中证生物科技主题ETF,equity_theme,EQUITY_ETF,technology,Technology,true,true,2026-01-05,reviewed,https://www.sse.com.cn/assortment/fund/etf/list/,https://www.baostock.com/mainContent?file=DailyUpdates.md#query_daily_history_k_ETF,2026-07-31,
SH,516950,银华中证基建ETF,equity_theme,EQUITY_ETF,construction,Construction,true,true,2026-01-05,reviewed,https://www.sse.com.cn/assortment/fund/etf/list/,https://www.baostock.com/mainContent?file=DailyUpdates.md#query_daily_history_k_ETF,2026-07-31,
SH,516960,国泰中证细分机械设备产业主题ETF,equity_sector,EQUITY_ETF,machinery,Machinery,true,true,2026-01-05,reviewed,https://www.sse.com.cn/assortment/fund/etf/list/,https://www.baostock.com/mainContent?file=DailyUpdates.md#query_daily_history_k_ETF,2026-07-31,
SH,516970,广发中证基建工程ETF,equity_theme,EQUITY_ETF,construction,Construction,true,true,2026-01-05,reviewed,https://www.sse.com.cn/assortment/fund/etf/list/,https://www.baostock.com/mainContent?file=DailyUpdates.md#query_daily_history_k_ETF,2026-07-31,
SH,516980,华富中证证券公司先锋策略ETF,equity_sector,EQUITY_ETF,securities,Securities,true,true,2026-01-05,reviewed,https://www.sse.com.cn/assortment/fund/etf/list/,https://www.baostock.com/mainContent?file=DailyUpdates.md#query_daily_history_k_ETF,2026-07-31,
SH,517000,银华中证沪港深500ETF,overseas,CROSS_ASSET,exposure_2b10b23e44aa,中证沪港深500,true,true,2026-01-05,reviewed,https://www.sse.com.cn/assortment/fund/etf/list/,https://www.baostock.com/mainContent?file=DailyUpdates.md#query_daily_history_k_ETF,2026-07-31,
SH,517010,易方达中证沪港深500ETF,overseas,CROSS_ASSET,exposure_2b10b23e44aa,中证沪港深500,true,true,2026-01-05,reviewed,https://www.sse.com.cn/assortment/fund/etf/list/,https://www.baostock.com/mainContent?file=DailyUpdates.md#query_daily_history_k_ETF,2026-07-31,
SH,517030,易方达中证沪港深300ETF,overseas,CROSS_ASSET,exposure_9556222c14f7,中证沪港深300,true,true,2026-01-05,reviewed,https://www.sse.com.cn/assortment/fund/etf/list/,https://www.baostock.com/mainContent?file=DailyUpdates.md#query_daily_history_k_ETF,2026-07-31,
SH,517050,华泰柏瑞中证沪港深互联网ETF,overseas,CROSS_ASSET,exposure_6e067acc56ca,中证沪港深互联网,true,true,2026-01-05,reviewed,https://www.sse.com.cn/assortment/fund/etf/list/,https://www.baostock.com/mainContent?file=DailyUpdates.md#query_daily_history_k_ETF,2026-07-31,
SH,517080,汇添富中证沪港深500ETF,overseas,CROSS_ASSET,exposure_2b10b23e44aa,中证沪港深500,true,true,2026-01-05,reviewed,https://www.sse.com.cn/assortment/fund/etf/list/,https://www.baostock.com/mainContent?file=DailyUpdates.md#query_daily_history_k_ETF,2026-07-31,
SH,517090,国泰富时中国国企开放共赢ETF,equity_strategy,EQUITY_ETF,central_soe,Central SOE,true,true,2026-01-05,reviewed,https://www.sse.com.cn/assortment/fund/etf/list/,https://www.baostock.com/mainContent?file=DailyUpdates.md#query_daily_history_k_ETF,2026-07-31,
SH,517100,富国中证沪港深500ETF,overseas,CROSS_ASSET,exposure_2b10b23e44aa,中证沪港深500,true,true,2026-01-05,reviewed,https://www.sse.com.cn/assortment/fund/etf/list/,https://www.baostock.com/mainContent?file=DailyUpdates.md#query_daily_history_k_ETF,2026-07-31,
SH,517110,国泰中证沪港深创新药产业ETF,overseas,CROSS_ASSET,exposure_d7b426da123e,中证沪港深创新药产业,true,true,2026-01-05,reviewed,https://www.sse.com.cn/assortment/fund/etf/list/,https://www.baostock.com/mainContent?file=DailyUpdates.md#query_daily_history_k_ETF,2026-07-31,
SH,517120,华泰柏瑞中证沪港深创新药产业ETF,overseas,CROSS_ASSET,exposure_d7b426da123e,中证沪港深创新药产业,true,true,2026-01-05,reviewed,https://www.sse.com.cn/assortment/fund/etf/list/,https://www.baostock.com/mainContent?file=DailyUpdates.md#query_daily_history_k_ETF,2026-07-31,
SH,517130,嘉实中证沪港深云计算产业ETF,overseas,CROSS_ASSET,exposure_47db6df7b9f0,中证沪港深云计算产业,false,true,2026-06-01,reviewed,https://www.sse.com.cn/assortment/fund/etf/list/,https://www.baostock.com/mainContent?file=DailyUpdates.md#query_daily_history_k_ETF,2026-07-31,partial_144_session_history_at_review
SH,517160,南方中证长江保护主题ETF,equity_theme,EQUITY_ETF,exposure_3f56524a8e6f,中证长江保护主题,true,true,2026-01-05,reviewed,https://www.sse.com.cn/assortment/fund/etf/list/,https://www.baostock.com/mainContent?file=DailyUpdates.md#query_daily_history_k_ETF,2026-07-31,
SH,517170,华夏中证沪港深500ETF,overseas,CROSS_ASSET,exposure_2b10b23e44aa,中证沪港深500,true,true,2026-01-05,reviewed,https://www.sse.com.cn/assortment/fund/etf/list/,https://www.baostock.com/mainContent?file=DailyUpdates.md#query_daily_history_k_ETF,2026-07-31,
SH,517180,南方富时中国国企开放共赢ETF,equity_strategy,EQUITY_ETF,central_soe,Central SOE,true,true,2026-01-05,reviewed,https://www.sse.com.cn/assortment/fund/etf/list/,https://www.baostock.com/mainContent?file=DailyUpdates.md#query_daily_history_k_ETF,2026-07-31,
SH,517200,嘉实中证沪港深互联网ETF,overseas,CROSS_ASSET,exposure_6e067acc56ca,中证沪港深互联网,true,true,2026-01-05,reviewed,https://www.sse.com.cn/assortment/fund/etf/list/,https://www.baostock.com/mainContent?file=DailyUpdates.md#query_daily_history_k_ETF,2026-07-31,
SH,517300,国寿安保中证沪港深300ETF,overseas,CROSS_ASSET,exposure_9556222c14f7,中证沪港深300,true,true,2026-01-05,reviewed,https://www.sse.com.cn/assortment/fund/etf/list/,https://www.baostock.com/mainContent?file=DailyUpdates.md#query_daily_history_k_ETF,2026-07-31,
SH,517330,易方达中证长江保护主题ETF,equity_theme,EQUITY_ETF,exposure_3f56524a8e6f,中证长江保护主题,true,true,2026-01-05,reviewed,https://www.sse.com.cn/assortment/fund/etf/list/,https://www.baostock.com/mainContent?file=DailyUpdates.md#query_daily_history_k_ETF,2026-07-31,
SH,517350,广发中证沪港深科技龙头ETF,overseas,CROSS_ASSET,exposure_394756506b65,中证沪港深科技龙头,true,true,2026-01-05,reviewed,https://www.sse.com.cn/assortment/fund/etf/list/,https://www.baostock.com/mainContent?file=DailyUpdates.md#query_daily_history_k_ETF,2026-07-31,
SH,517360,华安中证沪港深科技100ETF,overseas,CROSS_ASSET,exposure_330efda39289,中证沪港深科技100,true,true,2026-01-05,reviewed,https://www.sse.com.cn/assortment/fund/etf/list/,https://www.baostock.com/mainContent?file=DailyUpdates.md#query_daily_history_k_ETF,2026-07-31,
SH,517380,天弘恒生沪深港创新药精选50ETF,overseas,CROSS_ASSET,hang_seng,Hang Seng,true,true,2026-01-05,reviewed,https://www.sse.com.cn/assortment/fund/etf/list/,https://www.baostock.com/mainContent?file=DailyUpdates.md#query_daily_history_k_ETF,2026-07-31,
SH,517390,天弘中证沪港深云计算产业ETF,overseas,CROSS_ASSET,exposure_47db6df7b9f0,中证沪港深云计算产业,true,true,2026-01-05,reviewed,https://www.sse.com.cn/assortment/fund/etf/list/,https://www.baostock.com/mainContent?file=DailyUpdates.md#query_daily_history_k_ETF,2026-07-31,
SH,517400,国泰中证沪深港黄金产业股票ETF,overseas,CROSS_ASSET,exposure_7732f7a38002,中证沪深港黄金产业股票,true,true,2026-01-05,reviewed,https://www.sse.com.cn/assortment/fund/etf/list/,https://www.baostock.com/mainContent?file=DailyUpdates.md#query_daily_history_k_ETF,2026-07-31,
SH,517520,永赢中证沪深港黄金产业股票ETF,overseas,CROSS_ASSET,exposure_7732f7a38002,中证沪深港黄金产业股票,true,true,2026-01-05,reviewed,https://www.sse.com.cn/assortment/fund/etf/list/,https://www.baostock.com/mainContent?file=DailyUpdates.md#query_daily_history_k_ETF,2026-07-31,
SH,517550,招商中证沪港深消费龙头ETF,overseas,CROSS_ASSET,exposure_ff357f010358,中证沪港深消费龙头,true,true,2026-01-05,reviewed,https://www.sse.com.cn/assortment/fund/etf/list/,https://www.baostock.com/mainContent?file=DailyUpdates.md#query_daily_history_k_ETF,2026-07-31,
SH,517660,天弘中证沪港深物联网主题ETF,overseas,CROSS_ASSET,exposure_a6d409c18c40,中证沪港深物联网主题,true,true,2026-01-05,reviewed,https://www.sse.com.cn/assortment/fund/etf/list/,https://www.baostock.com/mainContent?file=DailyUpdates.md#query_daily_history_k_ETF,2026-07-31,
SH,517770,浦银安盛中证沪港深游戏及文化传媒ETF,overseas,CROSS_ASSET,exposure_510fd7e9f85f,中证沪港深游戏及文化传媒,true,true,2026-01-05,reviewed,https://www.sse.com.cn/assortment/fund/etf/list/,https://www.baostock.com/mainContent?file=DailyUpdates.md#query_daily_history_k_ETF,2026-07-31,
SH,517800,方正富邦中证沪港深人工智能50ETF,overseas,CROSS_ASSET,exposure_0970e7317b2f,中证沪港深人工智能50,true,true,2026-01-05,reviewed,https://www.sse.com.cn/assortment/fund/etf/list/,https://www.baostock.com/mainContent?file=DailyUpdates.md#query_daily_history_k_ETF,2026-07-31,
SH,517850,汇添富中证沪港深张江自主创新50ETF,overseas,CROSS_ASSET,exposure_d3863bd73439,中证沪港深张江自主创新50,true,true,2026-01-05,reviewed,https://www.sse.com.cn/assortment/fund/etf/list/,https://www.baostock.com/mainContent?file=DailyUpdates.md#query_daily_history_k_ETF,2026-07-31,
SH,517880,华泰柏瑞中证沪港深品牌消费50ETF,overseas,CROSS_ASSET,exposure_849c1ddf3492,中证沪港深品牌消费50,true,true,2026-01-05,reviewed,https://www.sse.com.cn/assortment/fund/etf/list/,https://www.baostock.com/mainContent?file=DailyUpdates.md#query_daily_history_k_ETF,2026-07-31,
SH,517900,招商中证银行AH价格优选ETF,equity_sector,EQUITY_ETF,banking,Banking,true,true,2026-01-05,reviewed,https://www.sse.com.cn/assortment/fund/etf/list/,https://www.baostock.com/mainContent?file=DailyUpdates.md#query_daily_history_k_ETF,2026-07-31,
SH,517950,交银中证智选沪深港科技50ETF,overseas,CROSS_ASSET,exposure_1ac95d38e69d,中证智选沪深港科技50,true,true,2026-01-05,reviewed,https://www.sse.com.cn/assortment/fund/etf/list/,https://www.baostock.com/mainContent?file=DailyUpdates.md#query_daily_history_k_ETF,2026-07-31,
SH,517990,招商中证沪港深500医药卫生ETF,overseas,CROSS_ASSET,exposure_4becfd3ece55,中证沪港深500医药卫生,true,true,2026-01-05,reviewed,https://www.sse.com.cn/assortment/fund/etf/list/,https://www.baostock.com/mainContent?file=DailyUpdates.md#query_daily_history_k_ETF,2026-07-31,
SH,518600,广发上海金ETF,commodity,CROSS_ASSET,gold,Gold,true,true,2026-01-05,reviewed,https://www.sse.com.cn/assortment/fund/etf/list/,https://www.baostock.com/mainContent?file=DailyUpdates.md#query_daily_history_k_ETF,2026-07-31,
SH,518660,工银瑞信黄金ETF,commodity,CROSS_ASSET,gold,Gold,true,true,2026-01-05,reviewed,https://www.sse.com.cn/assortment/fund/etf/list/,https://www.baostock.com/mainContent?file=DailyUpdates.md#query_daily_history_k_ETF,2026-07-31,
SH,518680,富国上海金ETF,commodity,CROSS_ASSET,gold,Gold,true,true,2026-01-05,reviewed,https://www.sse.com.cn/assortment/fund/etf/list/,https://www.baostock.com/mainContent?file=DailyUpdates.md#query_daily_history_k_ETF,2026-07-31,
SH,518800,国泰黄金ETF,commodity,CROSS_ASSET,gold,Gold,true,true,2026-01-05,reviewed,https://www.sse.com.cn/assortment/fund/etf/list/,https://www.baostock.com/mainContent?file=DailyUpdates.md#query_daily_history_k_ETF,2026-07-31,
SH,518850,华夏黄金ETF,commodity,CROSS_ASSET,gold,Gold,true,true,2026-01-05,reviewed,https://www.sse.com.cn/assortment/fund/etf/list/,https://www.baostock.com/mainContent?file=DailyUpdates.md#query_daily_history_k_ETF,2026-07-31,
SH,518860,建信上海金ETF,commodity,CROSS_ASSET,gold,Gold,true,true,2026-01-05,reviewed,https://www.sse.com.cn/assortment/fund/etf/list/,https://www.baostock.com/mainContent?file=DailyUpdates.md#query_daily_history_k_ETF,2026-07-31,
SH,518880,华安黄金ETF,commodity,CROSS_ASSET,gold,Gold,true,true,2026-01-05,reviewed,https://www.sse.com.cn/assortment/fund/etf/list/,https://www.baostock.com/mainContent?file=DailyUpdates.md#query_daily_history_k_ETF,2026-07-31,
SH,518890,中银上海金ETF,commodity,CROSS_ASSET,gold,Gold,true,true,2026-01-05,reviewed,https://www.sse.com.cn/assortment/fund/etf/list/,https://www.baostock.com/mainContent?file=DailyUpdates.md#query_daily_history_k_ETF,2026-07-31,
SH,520500,华泰柏瑞恒生创新药ETF(QDII),overseas,CROSS_ASSET,hang_seng,Hang Seng,true,true,2026-01-05,reviewed,https://www.sse.com.cn/assortment/fund/etf/list/,https://www.baostock.com/mainContent?file=DailyUpdates.md#query_daily_history_k_ETF,2026-07-31,
SH,520510,华夏中证港股通医疗主题ETF,overseas,CROSS_ASSET,hk_healthcare,HK Healthcare,true,true,2026-01-05,reviewed,https://www.sse.com.cn/assortment/fund/etf/list/,https://www.baostock.com/mainContent?file=DailyUpdates.md#query_daily_history_k_ETF,2026-07-31,
SH,520520,华泰柏瑞恒生消费ETF(QDII),overseas,CROSS_ASSET,hk_consumer,HK Consumer,true,true,2026-01-05,reviewed,https://www.sse.com.cn/assortment/fund/etf/list/,https://www.baostock.com/mainContent?file=DailyUpdates.md#query_daily_history_k_ETF,2026-07-31,
SH,520530,港股通科技ETF东财,overseas,CROSS_ASSET,hang_seng_tech,Hang Seng Tech,true,true,2026-01-05,reviewed,https://www.sse.com.cn/assortment/fund/etf/list/,https://www.baostock.com/mainContent?file=DailyUpdates.md#query_daily_history_k_ETF,2026-07-31,
SH,520550,招商恒生港股通高股息低波动ETF,overseas,CROSS_ASSET,hk_dividend,HK Dividend,true,true,2026-01-05,reviewed,https://www.sse.com.cn/assortment/fund/etf/list/,https://www.baostock.com/mainContent?file=DailyUpdates.md#query_daily_history_k_ETF,2026-07-31,
SH,520560,华宝港股通恒生中国(香港上市)30ETF,overseas,CROSS_ASSET,hang_seng,Hang Seng,true,true,2026-01-05,reviewed,https://www.sse.com.cn/assortment/fund/etf/list/,https://www.baostock.com/mainContent?file=DailyUpdates.md#query_daily_history_k_ETF,2026-07-31,
SH,520570,南方恒生科技ETF(QDII),overseas,CROSS_ASSET,hang_seng_tech,Hang Seng Tech,true,true,2026-01-05,reviewed,https://www.sse.com.cn/assortment/fund/etf/list/,https://www.baostock.com/mainContent?file=DailyUpdates.md#query_daily_history_k_ETF,2026-07-31,
SH,520580,招商利安新兴亚洲精选ETF(QDII),overseas,CROSS_ASSET,exposure_97925430cc1f,招商利安新兴亚洲精选,true,true,2026-01-05,reviewed,https://www.sse.com.cn/assortment/fund/etf/list/,https://www.baostock.com/mainContent?file=DailyUpdates.md#query_daily_history_k_ETF,2026-07-31,
SH,520590,鹏华恒生科技ETF(QDII),overseas,CROSS_ASSET,hang_seng_tech,Hang Seng Tech,true,true,2026-01-05,reviewed,https://www.sse.com.cn/assortment/fund/etf/list/,https://www.baostock.com/mainContent?file=DailyUpdates.md#query_daily_history_k_ETF,2026-07-31,
SH,520600,广发中证港股通汽车ETF,overseas,CROSS_ASSET,hk_automobile,HK Automobile,true,true,2026-01-05,reviewed,https://www.sse.com.cn/assortment/fund/etf/list/,https://www.baostock.com/mainContent?file=DailyUpdates.md#query_daily_history_k_ETF,2026-07-31,
SH,520610,银华标普港股通低波红利ETF,overseas,CROSS_ASSET,exposure_28048df159a4,标普港股通低波红利,false,true,2026-02-09,reviewed,https://www.sse.com.cn/assortment/fund/etf/list/,https://www.baostock.com/mainContent?file=DailyUpdates.md#query_daily_history_k_ETF,2026-07-31,partial_144_session_history_at_review
SH,520620,嘉实恒生消费ETF,overseas,CROSS_ASSET,hk_consumer,HK Consumer,true,true,2026-01-05,reviewed,https://www.sse.com.cn/assortment/fund/etf/list/,https://www.baostock.com/mainContent?file=DailyUpdates.md#query_daily_history_k_ETF,2026-07-31,
SH,520630,广发中证港股通互联网ETF,overseas,CROSS_ASSET,hang_seng_internet,HK Internet,true,true,2026-01-05,reviewed,https://www.sse.com.cn/assortment/fund/etf/list/,https://www.baostock.com/mainContent?file=DailyUpdates.md#query_daily_history_k_ETF,2026-07-31,
SH,520650,南方中证港股通互联网ETF,overseas,CROSS_ASSET,hang_seng_internet,HK Internet,true,true,2026-01-05,reviewed,https://www.sse.com.cn/assortment/fund/etf/list/,https://www.baostock.com/mainContent?file=DailyUpdates.md#query_daily_history_k_ETF,2026-07-31,
SH,520660,南方中证国新港股通央企红利ETF,overseas,CROSS_ASSET,exposure_5c0271a72c8b,中证国新港股通央企红利,true,true,2026-01-05,reviewed,https://www.sse.com.cn/assortment/fund/etf/list/,https://www.baostock.com/mainContent?file=DailyUpdates.md#query_daily_history_k_ETF,2026-07-31,
SH,520670,嘉实恒生港股通科技主题ETF,overseas,CROSS_ASSET,hang_seng_tech,Hang Seng Tech,true,true,2026-01-05,reviewed,https://www.sse.com.cn/assortment/fund/etf/list/,https://www.baostock.com/mainContent?file=DailyUpdates.md#query_daily_history_k_ETF,2026-07-31,
SH,520680,南方中证港股通汽车产业主题ETF,overseas,CROSS_ASSET,hk_automobile,HK Automobile,false,true,2026-03-26,reviewed,https://www.sse.com.cn/assortment/fund/etf/list/,https://www.baostock.com/mainContent?file=DailyUpdates.md#query_daily_history_k_ETF,2026-07-31,partial_144_session_history_at_review
SH,520690,博时恒生港股通创新药精选ETF,overseas,CROSS_ASSET,hang_seng,Hang Seng,true,true,2026-01-05,reviewed,https://www.sse.com.cn/assortment/fund/etf/list/,https://www.baostock.com/mainContent?file=DailyUpdates.md#query_daily_history_k_ETF,2026-07-31,
SH,520700,万家中证港股通创新药ETF,overseas,CROSS_ASSET,exposure_48d8e25e4249,中证港股通创新药,true,true,2026-01-05,reviewed,https://www.sse.com.cn/assortment/fund/etf/list/,https://www.baostock.com/mainContent?file=DailyUpdates.md#query_daily_history_k_ETF,2026-07-31,
SH,520710,广发中证港股通信息技术综合ETF,overseas,CROSS_ASSET,exposure_6e6de2d1cbfb,中证港股通信息技术综合,false,true,2026-06-01,reviewed,https://www.sse.com.cn/assortment/fund/etf/list/,https://www.baostock.com/mainContent?file=DailyUpdates.md#query_daily_history_k_ETF,2026-07-31,partial_144_session_history_at_review
SH,520720,国泰中证港股通汽车产业主题ETF,overseas,CROSS_ASSET,hk_automobile,HK Automobile,true,true,2026-01-05,reviewed,https://www.sse.com.cn/assortment/fund/etf/list/,https://www.baostock.com/mainContent?file=DailyUpdates.md#query_daily_history_k_ETF,2026-07-31,
SH,520730,万家恒生港股通汽车主题ETF,overseas,CROSS_ASSET,hk_automobile,HK Automobile,false,true,2026-05-15,reviewed,https://www.sse.com.cn/assortment/fund/etf/list/,https://www.baostock.com/mainContent?file=DailyUpdates.md#query_daily_history_k_ETF,2026-07-31,partial_144_session_history_at_review
SH,520750,华富中证港股通信息技术综合ETF,overseas,CROSS_ASSET,exposure_6e6de2d1cbfb,中证港股通信息技术综合,false,true,2026-07-10,reviewed,https://www.sse.com.cn/assortment/fund/etf/list/,https://www.baostock.com/mainContent?file=DailyUpdates.md#query_daily_history_k_ETF,2026-07-31,partial_144_session_history_at_review
SH,520760,摩根恒生生物科技ETF,overseas,CROSS_ASSET,hk_healthcare,HK Healthcare,false,true,2026-03-02,reviewed,https://www.sse.com.cn/assortment/fund/etf/list/,https://www.baostock.com/mainContent?file=DailyUpdates.md#query_daily_history_k_ETF,2026-07-31,partial_144_session_history_at_review
SH,520770,建信恒指港股通ETF,overseas,CROSS_ASSET,hang_seng,Hang Seng,false,true,2026-01-26,reviewed,https://www.sse.com.cn/assortment/fund/etf/list/,https://www.baostock.com/mainContent?file=DailyUpdates.md#query_daily_history_k_ETF,2026-07-31,partial_144_session_history_at_review
SH,520780,华宝中证港股通汽车产业主题ETF,overseas,CROSS_ASSET,hk_automobile,HK Automobile,true,true,2026-01-05,reviewed,https://www.sse.com.cn/assortment/fund/etf/list/,https://www.baostock.com/mainContent?file=DailyUpdates.md#query_daily_history_k_ETF,2026-07-31,
SH,520790,兴业中证港股通互联网ETF,overseas,CROSS_ASSET,hang_seng_internet,HK Internet,false,true,2026-03-30,reviewed,https://www.sse.com.cn/assortment/fund/etf/list/,https://www.baostock.com/mainContent?file=DailyUpdates.md#query_daily_history_k_ETF,2026-07-31,partial_144_session_history_at_review
SH,520810,易方达中证港股通高股息投资ETF,overseas,CROSS_ASSET,hk_dividend,HK Dividend,false,true,2026-01-12,reviewed,https://www.sse.com.cn/assortment/fund/etf/list/,https://www.baostock.com/mainContent?file=DailyUpdates.md#query_daily_history_k_ETF,2026-07-31,partial_144_session_history_at_review
SH,520820,汇添富恒指港股通ETF,overseas,CROSS_ASSET,hang_seng,Hang Seng,true,true,2026-01-05,reviewed,https://www.sse.com.cn/assortment/fund/etf/list/,https://www.baostock.com/mainContent?file=DailyUpdates.md#query_daily_history_k_ETF,2026-07-31,
SH,520830,华泰柏瑞南方东英沙特阿拉伯ETF(QDII),overseas,CROSS_ASSET,saudi_equity,Saudi Equity,true,true,2026-01-05,reviewed,https://www.sse.com.cn/assortment/fund/etf/list/,https://www.baostock.com/mainContent?file=DailyUpdates.md#query_daily_history_k_ETF,2026-07-31,
SH,520840,华安恒生港股通科技主题ETF,overseas,CROSS_ASSET,hang_seng_tech,Hang Seng Tech,true,true,2026-01-05,reviewed,https://www.sse.com.cn/assortment/fund/etf/list/,https://www.baostock.com/mainContent?file=DailyUpdates.md#query_daily_history_k_ETF,2026-07-31,
SH,520850,易方达中证港股通医疗主题ETF,overseas,CROSS_ASSET,hk_healthcare,HK Healthcare,false,true,2026-01-19,reviewed,https://www.sse.com.cn/assortment/fund/etf/list/,https://www.baostock.com/mainContent?file=DailyUpdates.md#query_daily_history_k_ETF,2026-07-31,partial_144_session_history_at_review
SH,520860,富国中证港股通科技ETF,overseas,CROSS_ASSET,hang_seng_tech,Hang Seng Tech,true,true,2026-01-05,reviewed,https://www.sse.com.cn/assortment/fund/etf/list/,https://www.baostock.com/mainContent?file=DailyUpdates.md#query_daily_history_k_ETF,2026-07-31,
SH,520870,易方达伊塔乌巴西IBOVESPAETF(QDII),overseas,CROSS_ASSET,brazil_equity,Brazil Equity,true,true,2026-01-05,reviewed,https://www.sse.com.cn/assortment/fund/etf/list/,https://www.baostock.com/mainContent?file=DailyUpdates.md#query_daily_history_k_ETF,2026-07-31,
SH,520880,华宝恒生港股通创新药精选ETF,overseas,CROSS_ASSET,hang_seng,Hang Seng,true,true,2026-01-05,reviewed,https://www.sse.com.cn/assortment/fund/etf/list/,https://www.baostock.com/mainContent?file=DailyUpdates.md#query_daily_history_k_ETF,2026-07-31,
SH,520890,华泰柏瑞恒生港股通高股息低波动ETF,overseas,CROSS_ASSET,hk_dividend,HK Dividend,true,true,2026-01-05,reviewed,https://www.sse.com.cn/assortment/fund/etf/list/,https://www.baostock.com/mainContent?file=DailyUpdates.md#query_daily_history_k_ETF,2026-07-31,
SH,520900,广发中证国新港股通央企红利ETF,overseas,CROSS_ASSET,exposure_5c0271a72c8b,中证国新港股通央企红利,true,true,2026-01-05,reviewed,https://www.sse.com.cn/assortment/fund/etf/list/,https://www.baostock.com/mainContent?file=DailyUpdates.md#query_daily_history_k_ETF,2026-07-31,
SH,520910,华夏中证港股通互联网ETF,overseas,CROSS_ASSET,hang_seng_internet,HK Internet,false,true,2026-02-02,reviewed,https://www.sse.com.cn/assortment/fund/etf/list/,https://www.baostock.com/mainContent?file=DailyUpdates.md#query_daily_history_k_ETF,2026-07-31,partial_144_session_history_at_review
SH,520920,天弘恒生科技ETF,overseas,CROSS_ASSET,hang_seng_tech,Hang Seng Tech,true,true,2026-01-05,reviewed,https://www.sse.com.cn/assortment/fund/etf/list/,https://www.baostock.com/mainContent?file=DailyUpdates.md#query_daily_history_k_ETF,2026-07-31,
SH,520930,国泰恒生生物科技ETF,overseas,CROSS_ASSET,hk_healthcare,HK Healthcare,false,true,2026-02-24,reviewed,https://www.sse.com.cn/assortment/fund/etf/list/,https://www.baostock.com/mainContent?file=DailyUpdates.md#query_daily_history_k_ETF,2026-07-31,partial_144_session_history_at_review
SH,520940,华安恒指港股通ETF,overseas,CROSS_ASSET,hang_seng,Hang Seng,true,true,2026-01-05,reviewed,https://www.sse.com.cn/assortment/fund/etf/list/,https://www.baostock.com/mainContent?file=DailyUpdates.md#query_daily_history_k_ETF,2026-07-31,
SH,520950,摩根恒生港股通50ETF,overseas,CROSS_ASSET,hang_seng,Hang Seng,true,true,2026-01-05,reviewed,https://www.sse.com.cn/assortment/fund/etf/list/,https://www.baostock.com/mainContent?file=DailyUpdates.md#query_daily_history_k_ETF,2026-07-31,
SH,520960,嘉实恒指港股通ETF,overseas,CROSS_ASSET,hang_seng,Hang Seng,true,true,2026-01-05,reviewed,https://www.sse.com.cn/assortment/fund/etf/list/,https://www.baostock.com/mainContent?file=DailyUpdates.md#query_daily_history_k_ETF,2026-07-31,
SH,520970,嘉实中证港股通创新药ETF,overseas,CROSS_ASSET,exposure_48d8e25e4249,中证港股通创新药,true,true,2026-01-05,reviewed,https://www.sse.com.cn/assortment/fund/etf/list/,https://www.baostock.com/mainContent?file=DailyUpdates.md#query_daily_history_k_ETF,2026-07-31,
SH,520980,汇添富恒生港股通中国科技ETF,overseas,CROSS_ASSET,hang_seng,Hang Seng,true,true,2026-01-05,reviewed,https://www.sse.com.cn/assortment/fund/etf/list/,https://www.baostock.com/mainContent?file=DailyUpdates.md#query_daily_history_k_ETF,2026-07-31,
SH,520990,景顺长城中证国新港股通央企红利ETF,overseas,CROSS_ASSET,exposure_5c0271a72c8b,中证国新港股通央企红利,true,true,2026-01-05,reviewed,https://www.sse.com.cn/assortment/fund/etf/list/,https://www.baostock.com/mainContent?file=DailyUpdates.md#query_daily_history_k_ETF,2026-07-31,
SH,526000,华夏中证港股通信息技术综合ETF,overseas,CROSS_ASSET,exposure_6e6de2d1cbfb,中证港股通信息技术综合,false,true,2026-04-10,reviewed,https://www.sse.com.cn/assortment/fund/etf/list/,https://www.baostock.com/mainContent?file=DailyUpdates.md#query_daily_history_k_ETF,2026-07-31,partial_144_session_history_at_review
SH,526010,汇添富中证港股通医疗主题ETF,overseas,CROSS_ASSET,hk_healthcare,HK Healthcare,false,true,2026-04-17,reviewed,https://www.sse.com.cn/assortment/fund/etf/list/,https://www.baostock.com/mainContent?file=DailyUpdates.md#query_daily_history_k_ETF,2026-07-31,partial_144_session_history_at_review
SH,526030,汇添富中证港股通信息技术综合ETF,overseas,CROSS_ASSET,exposure_6e6de2d1cbfb,中证港股通信息技术综合,false,true,2026-06-26,reviewed,https://www.sse.com.cn/assortment/fund/etf/list/,https://www.baostock.com/mainContent?file=DailyUpdates.md#query_daily_history_k_ETF,2026-07-31,partial_144_session_history_at_review
SH,526050,招商中证港股通信息技术综合ETF,overseas,CROSS_ASSET,exposure_6e6de2d1cbfb,中证港股通信息技术综合,false,true,2026-04-30,reviewed,https://www.sse.com.cn/assortment/fund/etf/list/,https://www.baostock.com/mainContent?file=DailyUpdates.md#query_daily_history_k_ETF,2026-07-31,partial_144_session_history_at_review
SH,526070,博时恒指港股通ETF,overseas,CROSS_ASSET,hang_seng,Hang Seng,false,true,2026-05-29,reviewed,https://www.sse.com.cn/assortment/fund/etf/list/,https://www.baostock.com/mainContent?file=DailyUpdates.md#query_daily_history_k_ETF,2026-07-31,partial_144_session_history_at_review
SH,530000,天弘上证50ETF,equity_broad,EQUITY_ETF,sse50,SSE 50,true,true,2026-01-05,reviewed,https://www.sse.com.cn/assortment/fund/etf/list/,https://www.baostock.com/mainContent?file=DailyUpdates.md#query_daily_history_k_ETF,2026-07-31,
SH,530050,上证50ETF东财,equity_broad,EQUITY_ETF,sse50,SSE 50,true,true,2026-01-05,reviewed,https://www.sse.com.cn/assortment/fund/etf/list/,https://www.baostock.com/mainContent?file=DailyUpdates.md#query_daily_history_k_ETF,2026-07-31,
SH,530060,易方达上证综合ETF,equity_broad,EQUITY_ETF,sse_composite,SSE Composite,false,true,2026-02-10,reviewed,https://www.sse.com.cn/assortment/fund/etf/list/,https://www.baostock.com/mainContent?file=DailyUpdates.md#query_daily_history_k_ETF,2026-07-31,partial_144_session_history_at_review
SH,530080,天弘上证180ETF,equity_broad,EQUITY_ETF,sse180,SSE 180,true,true,2026-01-05,reviewed,https://www.sse.com.cn/assortment/fund/etf/list/,https://www.baostock.com/mainContent?file=DailyUpdates.md#query_daily_history_k_ETF,2026-07-31,
SH,530100,易方达上证580ETF,equity_broad,EQUITY_ETF,sse580,SSE 580,true,true,2026-01-05,reviewed,https://www.sse.com.cn/assortment/fund/etf/list/,https://www.baostock.com/mainContent?file=DailyUpdates.md#query_daily_history_k_ETF,2026-07-31,
SH,530180,易方达上证180ETF,equity_broad,EQUITY_ETF,sse180,SSE 180,true,true,2026-01-05,reviewed,https://www.sse.com.cn/assortment/fund/etf/list/,https://www.baostock.com/mainContent?file=DailyUpdates.md#query_daily_history_k_ETF,2026-07-31,
SH,530280,平安上证180ETF,equity_broad,EQUITY_ETF,sse180,SSE 180,true,true,2026-01-05,reviewed,https://www.sse.com.cn/assortment/fund/etf/list/,https://www.baostock.com/mainContent?file=DailyUpdates.md#query_daily_history_k_ETF,2026-07-31,
SH,530300,华泰柏瑞上证180ETF,equity_broad,EQUITY_ETF,sse180,SSE 180,true,true,2026-01-05,reviewed,https://www.sse.com.cn/assortment/fund/etf/list/,https://www.baostock.com/mainContent?file=DailyUpdates.md#query_daily_history_k_ETF,2026-07-31,
SH,530380,易方达上证380ETF,equity_broad,EQUITY_ETF,sse380,SSE 380,true,true,2026-01-05,reviewed,https://www.sse.com.cn/assortment/fund/etf/list/,https://www.baostock.com/mainContent?file=DailyUpdates.md#query_daily_history_k_ETF,2026-07-31,
SH,530530,华夏上证580ETF,equity_broad,EQUITY_ETF,sse580,SSE 580,true,true,2026-01-05,reviewed,https://www.sse.com.cn/assortment/fund/etf/list/,https://www.baostock.com/mainContent?file=DailyUpdates.md#query_daily_history_k_ETF,2026-07-31,
SH,530580,南方上证180ETF,equity_broad,EQUITY_ETF,sse180,SSE 180,true,true,2026-01-05,reviewed,https://www.sse.com.cn/assortment/fund/etf/list/,https://www.baostock.com/mainContent?file=DailyUpdates.md#query_daily_history_k_ETF,2026-07-31,
SH,530680,兴业上证180ETF,equity_broad,EQUITY_ETF,sse180,SSE 180,true,true,2026-01-05,reviewed,https://www.sse.com.cn/assortment/fund/etf/list/,https://www.baostock.com/mainContent?file=DailyUpdates.md#query_daily_history_k_ETF,2026-07-31,
SH,530800,银华上证180ETF,equity_broad,EQUITY_ETF,sse180,SSE 180,true,true,2026-01-05,reviewed,https://www.sse.com.cn/assortment/fund/etf/list/,https://www.baostock.com/mainContent?file=DailyUpdates.md#query_daily_history_k_ETF,2026-07-31,
SH,530880,银河上证国有企业红利ETF,equity_strategy,EQUITY_ETF,dividend,Dividend,true,true,2026-01-05,reviewed,https://www.sse.com.cn/assortment/fund/etf/list/,https://www.baostock.com/mainContent?file=DailyUpdates.md#query_daily_history_k_ETF,2026-07-31,
SH,551000,博时上证AAA科创债ETF,bond,CROSS_ASSET,tech_innovation_bond,Tech Innovation Bond,true,true,2026-01-05,reviewed,https://www.sse.com.cn/assortment/fund/etf/list/,https://www.baostock.com/mainContent?file=DailyUpdates.md#query_daily_history_k_ETF,2026-07-31,
SH,551030,鹏华上证AAA科创债ETF,bond,CROSS_ASSET,tech_innovation_bond,Tech Innovation Bond,true,true,2026-01-05,reviewed,https://www.sse.com.cn/assortment/fund/etf/list/,https://www.baostock.com/mainContent?file=DailyUpdates.md#query_daily_history_k_ETF,2026-07-31,
SH,551060,中银上证AAA科创债ETF,bond,CROSS_ASSET,tech_innovation_bond,Tech Innovation Bond,true,true,2026-01-05,reviewed,https://www.sse.com.cn/assortment/fund/etf/list/,https://www.baostock.com/mainContent?file=DailyUpdates.md#query_daily_history_k_ETF,2026-07-31,
SH,551300,摩根上证AAA科技创新公司债ETF,bond,CROSS_ASSET,tech_innovation_bond,Tech Innovation Bond,true,true,2026-01-05,reviewed,https://www.sse.com.cn/assortment/fund/etf/list/,https://www.baostock.com/mainContent?file=DailyUpdates.md#query_daily_history_k_ETF,2026-07-31,
SH,551500,易方达中证AAA科技创新公司债ETF,bond,CROSS_ASSET,tech_innovation_bond,Tech Innovation Bond,true,true,2026-01-05,reviewed,https://www.sse.com.cn/assortment/fund/etf/list/,https://www.baostock.com/mainContent?file=DailyUpdates.md#query_daily_history_k_ETF,2026-07-31,
SH,551510,华泰柏瑞中证AAA科技创新公司债ETF,bond,CROSS_ASSET,tech_innovation_bond,Tech Innovation Bond,true,true,2026-01-05,reviewed,https://www.sse.com.cn/assortment/fund/etf/list/,https://www.baostock.com/mainContent?file=DailyUpdates.md#query_daily_history_k_ETF,2026-07-31,
SH,551520,汇添富中证AAA科创债ETF,bond,CROSS_ASSET,tech_innovation_bond,Tech Innovation Bond,true,true,2026-01-05,reviewed,https://www.sse.com.cn/assortment/fund/etf/list/,https://www.baostock.com/mainContent?file=DailyUpdates.md#query_daily_history_k_ETF,2026-07-31,
SH,551550,华夏中证AAA科技创新公司债ETF,bond,CROSS_ASSET,tech_innovation_bond,Tech Innovation Bond,true,true,2026-01-05,reviewed,https://www.sse.com.cn/assortment/fund/etf/list/,https://www.baostock.com/mainContent?file=DailyUpdates.md#query_daily_history_k_ETF,2026-07-31,
SH,551560,兴业中证AAA科技创新公司债ETF,bond,CROSS_ASSET,tech_innovation_bond,Tech Innovation Bond,true,true,2026-01-05,reviewed,https://www.sse.com.cn/assortment/fund/etf/list/,https://www.baostock.com/mainContent?file=DailyUpdates.md#query_daily_history_k_ETF,2026-07-31,
SH,551580,泰康中证AAA科技创新公司债ETF,bond,CROSS_ASSET,tech_innovation_bond,Tech Innovation Bond,true,true,2026-01-05,reviewed,https://www.sse.com.cn/assortment/fund/etf/list/,https://www.baostock.com/mainContent?file=DailyUpdates.md#query_daily_history_k_ETF,2026-07-31,
SH,551800,国泰中证AAA科技创新公司债ETF,bond,CROSS_ASSET,tech_innovation_bond,Tech Innovation Bond,true,true,2026-01-05,reviewed,https://www.sse.com.cn/assortment/fund/etf/list/,https://www.baostock.com/mainContent?file=DailyUpdates.md#query_daily_history_k_ETF,2026-07-31,
SH,551900,招商中证AAA科技创新公司债ETF,bond,CROSS_ASSET,tech_innovation_bond,Tech Innovation Bond,true,true,2026-01-05,reviewed,https://www.sse.com.cn/assortment/fund/etf/list/,https://www.baostock.com/mainContent?file=DailyUpdates.md#query_daily_history_k_ETF,2026-07-31,
SH,560000,sh.560000,other,,,,false,false,2026-01-05,reviewed,https://www.sse.com.cn/assortment/fund/etf/list/,https://www.baostock.com/mainContent?file=DailyUpdates.md#query_daily_history_k_ETF,2026-07-31,official_name_unavailable_in_current_catalog
SH,560010,广发中证1000ETF,equity_broad,EQUITY_ETF,csi1000,CSI 1000,true,true,2026-01-05,reviewed,https://www.sse.com.cn/assortment/fund/etf/list/,https://www.baostock.com/mainContent?file=DailyUpdates.md#query_daily_history_k_ETF,2026-07-31,
SH,560020,汇添富中证红利ETF,equity_strategy,EQUITY_ETF,dividend,Dividend,true,true,2026-01-05,reviewed,https://www.sse.com.cn/assortment/fund/etf/list/,https://www.baostock.com/mainContent?file=DailyUpdates.md#query_daily_history_k_ETF,2026-07-31,
SH,560030,汇添富中证800价值ETF,equity_strategy,EQUITY_ETF,value,Value,true,true,2026-01-05,reviewed,https://www.sse.com.cn/assortment/fund/etf/list/,https://www.baostock.com/mainContent?file=DailyUpdates.md#query_daily_history_k_ETF,2026-07-31,
SH,560050,汇添富MSCI中国A50互联互通ETF,equity_broad,EQUITY_ETF,msci_china_a50,MSCI China A50,true,true,2026-01-05,reviewed,https://www.sse.com.cn/assortment/fund/etf/list/,https://www.baostock.com/mainContent?file=DailyUpdates.md#query_daily_history_k_ETF,2026-07-31,
SH,560060,汇添富中证上海环交所碳中和ETF,equity_theme,EQUITY_ETF,carbon_neutral,Carbon Neutral,true,true,2026-01-05,reviewed,https://www.sse.com.cn/assortment/fund/etf/list/,https://www.baostock.com/mainContent?file=DailyUpdates.md#query_daily_history_k_ETF,2026-07-31,
SH,560070,汇添富中证国新央企股东回报ETF,equity_strategy,EQUITY_ETF,central_soe,Central SOE,true,true,2026-01-05,reviewed,https://www.sse.com.cn/assortment/fund/etf/list/,https://www.baostock.com/mainContent?file=DailyUpdates.md#query_daily_history_k_ETF,2026-07-31,
SH,560080,汇添富中证中药ETF,equity_theme,EQUITY_ETF,traditional_medicine,Traditional Medicine,true,true,2026-01-05,reviewed,https://www.sse.com.cn/assortment/fund/etf/list/,https://www.baostock.com/mainContent?file=DailyUpdates.md#query_daily_history_k_ETF,2026-07-31,
SH,560090,汇添富中证全指证券公司ETF,equity_sector,EQUITY_ETF,securities,Securities,true,true,2026-01-05,reviewed,https://www.sse.com.cn/assortment/fund/etf/list/,https://www.baostock.com/mainContent?file=DailyUpdates.md#query_daily_history_k_ETF,2026-07-31,
SH,560100,南方中证500增强策略ETF,equity_strategy,EQUITY_ETF,enhanced,Enhanced,true,true,2026-01-05,reviewed,https://www.sse.com.cn/assortment/fund/etf/list/,https://www.baostock.com/mainContent?file=DailyUpdates.md#query_daily_history_k_ETF,2026-07-31,
SH,560110,汇添富中证1000ETF,equity_broad,EQUITY_ETF,csi1000,CSI 1000,true,true,2026-01-05,reviewed,https://www.sse.com.cn/assortment/fund/etf/list/,https://www.baostock.com/mainContent?file=DailyUpdates.md#query_daily_history_k_ETF,2026-07-31,
SH,560120,华夏中证500自由现金流ETF,equity_strategy,EQUITY_ETF,free_cash_flow,Free Cash Flow,true,true,2026-01-05,reviewed,https://www.sse.com.cn/assortment/fund/etf/list/,https://www.baostock.com/mainContent?file=DailyUpdates.md#query_daily_history_k_ETF,2026-07-31,
SH,560130,鹏华中证全指食品ETF,equity_sector,EQUITY_ETF,food_beverage,Food & Beverage,false,true,2026-01-13,reviewed,https://www.sse.com.cn/assortment/fund/etf/list/,https://www.baostock.com/mainContent?file=DailyUpdates.md#query_daily_history_k_ETF,2026-07-31,partial_144_session_history_at_review
SH,560150,泰康中证红利低波动ETF,equity_strategy,EQUITY_ETF,dividend_low_vol,Dividend Low Vol,true,true,2026-01-05,reviewed,https://www.sse.com.cn/assortment/fund/etf/list/,https://www.baostock.com/mainContent?file=DailyUpdates.md#query_daily_history_k_ETF,2026-07-31,
SH,560160,易方达中证全指食品ETF,equity_sector,EQUITY_ETF,food_beverage,Food & Beverage,false,true,2026-01-27,reviewed,https://www.sse.com.cn/assortment/fund/etf/list/,https://www.baostock.com/mainContent?file=DailyUpdates.md#query_daily_history_k_ETF,2026-07-31,partial_144_session_history_at_review
SH,560170,南方中证国新央企科技引领ETF,equity_strategy,EQUITY_ETF,central_soe,Central SOE,true,true,2026-01-05,reviewed,https://www.sse.com.cn/assortment/fund/etf/list/,https://www.baostock.com/mainContent?file=DailyUpdates.md#query_daily_history_k_ETF,2026-07-31,
SH,560180,南方沪深300ESG基准ETF,equity_strategy,EQUITY_ETF,esg,ESG,true,true,2026-01-05,reviewed,https://www.sse.com.cn/assortment/fund/etf/list/,https://www.baostock.com/mainContent?file=DailyUpdates.md#query_daily_history_k_ETF,2026-07-31,
SH,560190,鹏华中证全指公用事业ETF,equity_sector,EQUITY_ETF,utilities,Utilities,true,true,2026-01-05,reviewed,https://www.sse.com.cn/assortment/fund/etf/list/,https://www.baostock.com/mainContent?file=DailyUpdates.md#query_daily_history_k_ETF,2026-07-31,
SH,560210,景顺长城农牧渔ETF,equity_sector,EQUITY_ETF,agriculture,Agriculture,false,true,2026-03-20,reviewed,https://www.sse.com.cn/assortment/fund/etf/list/,https://www.baostock.com/mainContent?file=DailyUpdates.md#query_daily_history_k_ETF,2026-07-31,partial_144_session_history_at_review
SH,560220,广发中证2000ETF,equity_broad,EQUITY_ETF,csi2000,CSI 2000,true,true,2026-01-05,reviewed,https://www.sse.com.cn/assortment/fund/etf/list/,https://www.baostock.com/mainContent?file=DailyUpdates.md#query_daily_history_k_ETF,2026-07-31,
SH,560230,富国中证光伏产业ETF,equity_theme,EQUITY_ETF,solar,Solar,false,true,2026-02-06,reviewed,https://www.sse.com.cn/assortment/fund/etf/list/,https://www.baostock.com/mainContent?file=DailyUpdates.md#query_daily_history_k_ETF,2026-07-31,partial_144_session_history_at_review
SH,560250,富国中证全指红利质量ETF,equity_strategy,EQUITY_ETF,dividend_quality,Dividend Quality,false,true,2026-05-22,reviewed,https://www.sse.com.cn/assortment/fund/etf/list/,https://www.baostock.com/mainContent?file=DailyUpdates.md#query_daily_history_k_ETF,2026-07-31,partial_144_session_history_at_review
SH,560260,广发中证医疗ETF,equity_sector,EQUITY_ETF,healthcare,Healthcare,true,true,2026-01-05,reviewed,https://www.sse.com.cn/assortment/fund/etf/list/,https://www.baostock.com/mainContent?file=DailyUpdates.md#query_daily_history_k_ETF,2026-07-31,
SH,560270,工银瑞信中证全指电力公用事业ETF,equity_sector,EQUITY_ETF,utilities,Utilities,false,true,2026-03-06,reviewed,https://www.sse.com.cn/assortment/fund/etf/list/,https://www.baostock.com/mainContent?file=DailyUpdates.md#query_daily_history_k_ETF,2026-07-31,partial_144_session_history_at_review
SH,560280,广发中证工程机械主题ETF,equity_sector,EQUITY_ETF,machinery,Machinery,true,true,2026-01-05,reviewed,https://www.sse.com.cn/assortment/fund/etf/list/,https://www.baostock.com/mainContent?file=DailyUpdates.md#query_daily_history_k_ETF,2026-07-31,
SH,560290,景顺长城中证有色金属矿业主题ETF,equity_sector,EQUITY_ETF,nonferrous_metals,Non-ferrous Metals,false,true,2026-02-06,reviewed,https://www.sse.com.cn/assortment/fund/etf/list/,https://www.baostock.com/mainContent?file=DailyUpdates.md#query_daily_history_k_ETF,2026-07-31,partial_144_session_history_at_review
SH,560300,汇添富中证电信主题ETF,equity_sector,EQUITY_ETF,communications,Communications,true,true,2026-01-05,reviewed,https://www.sse.com.cn/assortment/fund/etf/list/,https://www.baostock.com/mainContent?file=DailyUpdates.md#query_daily_history_k_ETF,2026-07-31,
SH,560310,博时中证光伏产业ETF,equity_theme,EQUITY_ETF,solar,Solar,false,true,2026-03-02,reviewed,https://www.sse.com.cn/assortment/fund/etf/list/,https://www.baostock.com/mainContent?file=DailyUpdates.md#query_daily_history_k_ETF,2026-07-31,partial_144_session_history_at_review
SH,560320,富国中证全指食品ETF,equity_sector,EQUITY_ETF,food_beverage,Food & Beverage,false,true,2026-05-13,reviewed,https://www.sse.com.cn/assortment/fund/etf/list/,https://www.baostock.com/mainContent?file=DailyUpdates.md#query_daily_history_k_ETF,2026-07-31,partial_144_session_history_at_review
SH,560330,申万菱信沪深300价值ETF,equity_strategy,EQUITY_ETF,value,Value,true,true,2026-01-05,reviewed,https://www.sse.com.cn/assortment/fund/etf/list/,https://www.baostock.com/mainContent?file=DailyUpdates.md#query_daily_history_k_ETF,2026-07-31,
SH,560350,摩根中证A50ETF,equity_broad,EQUITY_ETF,csi_a50,CSI A50,true,true,2026-01-05,reviewed,https://www.sse.com.cn/assortment/fund/etf/list/,https://www.baostock.com/mainContent?file=DailyUpdates.md#query_daily_history_k_ETF,2026-07-31,
SH,560360,万家中证软件服务ETF,equity_sector,EQUITY_ETF,software,Software,true,true,2026-01-05,reviewed,https://www.sse.com.cn/assortment/fund/etf/list/,https://www.baostock.com/mainContent?file=DailyUpdates.md#query_daily_history_k_ETF,2026-07-31,
SH,560370,易方达中证全指红利质量ETF,equity_strategy,EQUITY_ETF,dividend_quality,Dividend Quality,false,true,2026-02-26,reviewed,https://www.sse.com.cn/assortment/fund/etf/list/,https://www.baostock.com/mainContent?file=DailyUpdates.md#query_daily_history_k_ETF,2026-07-31,partial_144_session_history_at_review
SH,560380,南方中证A100ETF,equity_broad,EQUITY_ETF,csi_a100,CSI A100,true,true,2026-01-05,reviewed,https://www.sse.com.cn/assortment/fund/etf/list/,https://www.baostock.com/mainContent?file=DailyUpdates.md#query_daily_history_k_ETF,2026-07-31,
SH,560390,易方达恒生A股电网设备ETF,overseas,CROSS_ASSET,hang_seng,Hang Seng,false,true,2026-03-04,reviewed,https://www.sse.com.cn/assortment/fund/etf/list/,https://www.baostock.com/mainContent?file=DailyUpdates.md#query_daily_history_k_ETF,2026-07-31,partial_144_session_history_at_review
SH,560400,华泰柏瑞中证全指证券公司ETF,equity_sector,EQUITY_ETF,securities,Securities,false,true,2026-03-19,reviewed,https://www.sse.com.cn/assortment/fund/etf/list/,https://www.baostock.com/mainContent?file=DailyUpdates.md#query_daily_history_k_ETF,2026-07-31,partial_144_session_history_at_review
SH,560410,鹏华中证电池主题ETF,equity_theme,EQUITY_ETF,battery,Battery,false,true,2026-04-17,reviewed,https://www.sse.com.cn/assortment/fund/etf/list/,https://www.baostock.com/mainContent?file=DailyUpdates.md#query_daily_history_k_ETF,2026-07-31,partial_144_session_history_at_review
SH,560420,前海开源中证全指食品ETF,equity_sector,EQUITY_ETF,food_beverage,Food & Beverage,false,true,2026-05-19,reviewed,https://www.sse.com.cn/assortment/fund/etf/list/,https://www.baostock.com/mainContent?file=DailyUpdates.md#query_daily_history_k_ETF,2026-07-31,partial_144_session_history_at_review
SH,560450,天弘中证全指电力公用事业ETF,equity_sector,EQUITY_ETF,utilities,Utilities,false,true,2026-04-30,reviewed,https://www.sse.com.cn/assortment/fund/etf/list/,https://www.baostock.com/mainContent?file=DailyUpdates.md#query_daily_history_k_ETF,2026-07-31,partial_144_session_history_at_review
SH,560460,平安中证全指电力公用事业ETF,equity_sector,EQUITY_ETF,utilities,Utilities,false,true,2026-05-15,reviewed,https://www.sse.com.cn/assortment/fund/etf/list/,https://www.baostock.com/mainContent?file=DailyUpdates.md#query_daily_history_k_ETF,2026-07-31,partial_144_session_history_at_review
SH,560470,易方达中证细分有色金属产业主题ETF,equity_sector,EQUITY_ETF,nonferrous_metals,Non-ferrous Metals,false,true,2026-04-30,reviewed,https://www.sse.com.cn/assortment/fund/etf/list/,https://www.baostock.com/mainContent?file=DailyUpdates.md#query_daily_history_k_ETF,2026-07-31,partial_144_session_history_at_review
SH,560480,招商中证全指电力公用事业ETF,equity_sector,EQUITY_ETF,utilities,Utilities,false,true,2026-05-26,reviewed,https://www.sse.com.cn/assortment/fund/etf/list/,https://www.baostock.com/mainContent?file=DailyUpdates.md#query_daily_history_k_ETF,2026-07-31,partial_144_session_history_at_review
SH,560490,华泰柏瑞中证工业有色金属主题ETF,equity_sector,EQUITY_ETF,nonferrous_metals,Non-ferrous Metals,false,true,2026-05-26,reviewed,https://www.sse.com.cn/assortment/fund/etf/list/,https://www.baostock.com/mainContent?file=DailyUpdates.md#query_daily_history_k_ETF,2026-07-31,partial_144_session_history_at_review
SH,560500,鹏扬中证500质量成长ETF,equity_strategy,EQUITY_ETF,growth,Growth,true,true,2026-01-05,reviewed,https://www.sse.com.cn/assortment/fund/etf/list/,https://www.baostock.com/mainContent?file=DailyUpdates.md#query_daily_history_k_ETF,2026-07-31,
SH,560510,泰康中证A500ETF,equity_broad,EQUITY_ETF,csi_a500,CSI A500,true,true,2026-01-05,reviewed,https://www.sse.com.cn/assortment/fund/etf/list/,https://www.baostock.com/mainContent?file=DailyUpdates.md#query_daily_history_k_ETF,2026-07-31,
SH,560520,大成中证红利低波动100ETF,equity_strategy,EQUITY_ETF,dividend_low_vol,Dividend Low Vol,true,true,2026-01-05,reviewed,https://www.sse.com.cn/assortment/fund/etf/list/,https://www.baostock.com/mainContent?file=DailyUpdates.md#query_daily_history_k_ETF,2026-07-31,
SH,560530,摩根中证A500ETF,equity_broad,EQUITY_ETF,csi_a500,CSI A500,true,true,2026-01-05,reviewed,https://www.sse.com.cn/assortment/fund/etf/list/,https://www.baostock.com/mainContent?file=DailyUpdates.md#query_daily_history_k_ETF,2026-07-31,
SH,560550,广发中证上海环交所碳中和ETF,equity_theme,EQUITY_ETF,carbon_neutral,Carbon Neutral,true,true,2026-01-05,reviewed,https://www.sse.com.cn/assortment/fund/etf/list/,https://www.baostock.com/mainContent?file=DailyUpdates.md#query_daily_history_k_ETF,2026-07-31,
SH,560560,泰康中证内地低碳经济ETF,equity_theme,EQUITY_ETF,low_carbon,Low Carbon,true,true,2026-01-05,reviewed,https://www.sse.com.cn/assortment/fund/etf/list/,https://www.baostock.com/mainContent?file=DailyUpdates.md#query_daily_history_k_ETF,2026-07-31,
SH,560570,国联安中证A500红利低波ETF,equity_strategy,EQUITY_ETF,dividend_low_vol,Dividend Low Vol,true,true,2026-01-05,reviewed,https://www.sse.com.cn/assortment/fund/etf/list/,https://www.baostock.com/mainContent?file=DailyUpdates.md#query_daily_history_k_ETF,2026-07-31,
SH,560580,南方中证全指电力公用事业ETF,equity_sector,EQUITY_ETF,utilities,Utilities,true,true,2026-01-05,reviewed,https://www.sse.com.cn/assortment/fund/etf/list/,https://www.baostock.com/mainContent?file=DailyUpdates.md#query_daily_history_k_ETF,2026-07-31,
SH,560590,鹏华中证1000增强策略ETF,equity_strategy,EQUITY_ETF,enhanced,Enhanced,true,true,2026-01-05,reviewed,https://www.sse.com.cn/assortment/fund/etf/list/,https://www.baostock.com/mainContent?file=DailyUpdates.md#query_daily_history_k_ETF,2026-07-31,
SH,560610,招商中证A500ETF,equity_broad,EQUITY_ETF,csi_a500,CSI A500,true,true,2026-01-05,reviewed,https://www.sse.com.cn/assortment/fund/etf/list/,https://www.baostock.com/mainContent?file=DailyUpdates.md#query_daily_history_k_ETF,2026-07-31,
SH,560620,万家中证全指公用事业ETF,equity_sector,EQUITY_ETF,utilities,Utilities,true,true,2026-01-05,reviewed,https://www.sse.com.cn/assortment/fund/etf/list/,https://www.baostock.com/mainContent?file=DailyUpdates.md#query_daily_history_k_ETF,2026-07-31,
SH,560630,万家中证机器人ETF,equity_theme,EQUITY_ETF,robotics,Robotics,true,true,2026-01-05,reviewed,https://www.sse.com.cn/assortment/fund/etf/list/,https://www.baostock.com/mainContent?file=DailyUpdates.md#query_daily_history_k_ETF,2026-07-31,
SH,560650,sh.560650,other,,,,false,false,2026-01-05,reviewed,https://www.sse.com.cn/assortment/fund/etf/list/,https://www.baostock.com/mainContent?file=DailyUpdates.md#query_daily_history_k_ETF,2026-07-31,official_name_unavailable_in_current_catalog
SH,560660,新华中证云计算50ETF,equity_theme,EQUITY_ETF,cloud_computing,Cloud Computing,true,true,2026-01-05,reviewed,https://www.sse.com.cn/assortment/fund/etf/list/,https://www.baostock.com/mainContent?file=DailyUpdates.md#query_daily_history_k_ETF,2026-07-31,
SH,560670,华泰柏瑞中证银行ETF,equity_sector,EQUITY_ETF,banking,Banking,false,true,2026-06-08,reviewed,https://www.sse.com.cn/assortment/fund/etf/list/,https://www.baostock.com/mainContent?file=DailyUpdates.md#query_daily_history_k_ETF,2026-07-31,partial_144_session_history_at_review
SH,560680,广发中证主要消费ETF,equity_sector,EQUITY_ETF,consumer,Consumer,true,true,2026-01-05,reviewed,https://www.sse.com.cn/assortment/fund/etf/list/,https://www.baostock.com/mainContent?file=DailyUpdates.md#query_daily_history_k_ETF,2026-07-31,
SH,560690,鹏华中证电信主题ETF,equity_sector,EQUITY_ETF,communications,Communications,true,true,2026-01-05,reviewed,https://www.sse.com.cn/assortment/fund/etf/list/,https://www.baostock.com/mainContent?file=DailyUpdates.md#query_daily_history_k_ETF,2026-07-31,
SH,560700,广发中证国新央企股东回报ETF,equity_strategy,EQUITY_ETF,central_soe,Central SOE,true,true,2026-01-05,reviewed,https://www.sse.com.cn/assortment/fund/etf/list/,https://www.baostock.com/mainContent?file=DailyUpdates.md#query_daily_history_k_ETF,2026-07-31,
SH,560710,富国中证智选船舶产业ETF,equity_sector,EQUITY_ETF,shipping,Shipping,false,true,2026-02-06,reviewed,https://www.sse.com.cn/assortment/fund/etf/list/,https://www.baostock.com/mainContent?file=DailyUpdates.md#query_daily_history_k_ETF,2026-07-31,partial_144_session_history_at_review
SH,560720,工银瑞信中证红利低波100ETF,equity_strategy,EQUITY_ETF,dividend_low_vol,Dividend Low Vol,false,true,2026-06-05,reviewed,https://www.sse.com.cn/assortment/fund/etf/list/,https://www.baostock.com/mainContent?file=DailyUpdates.md#query_daily_history_k_ETF,2026-07-31,partial_144_session_history_at_review
SH,560730,国泰海通中证红利低波动ETF,equity_strategy,EQUITY_ETF,dividend_low_vol,Dividend Low Vol,false,true,2026-07-16,reviewed,https://www.sse.com.cn/assortment/fund/etf/list/,https://www.baostock.com/mainContent?file=DailyUpdates.md#query_daily_history_k_ETF,2026-07-31,partial_144_session_history_at_review
SH,560750,申万菱信中证A500ETF,equity_broad,EQUITY_ETF,csi_a500,CSI A500,true,true,2026-01-05,reviewed,https://www.sse.com.cn/assortment/fund/etf/list/,https://www.baostock.com/mainContent?file=DailyUpdates.md#query_daily_history_k_ETF,2026-07-31,
SH,560770,招商中证机器人ETF,equity_theme,EQUITY_ETF,robotics,Robotics,true,true,2026-01-05,reviewed,https://www.sse.com.cn/assortment/fund/etf/list/,https://www.baostock.com/mainContent?file=DailyUpdates.md#query_daily_history_k_ETF,2026-07-31,
SH,560780,广发中证半导体材料设备主题ETF,equity_theme,EQUITY_ETF,semiconductor,Semiconductor,true,true,2026-01-05,reviewed,https://www.sse.com.cn/assortment/fund/etf/list/,https://www.baostock.com/mainContent?file=DailyUpdates.md#query_daily_history_k_ETF,2026-07-31,
SH,560790,鹏华中证软件服务ETF,equity_sector,EQUITY_ETF,software,Software,false,true,2026-05-25,reviewed,https://www.sse.com.cn/assortment/fund/etf/list/,https://www.baostock.com/mainContent?file=DailyUpdates.md#query_daily_history_k_ETF,2026-07-31,partial_144_session_history_at_review
SH,560800,鹏扬中证数字经济主题ETF,equity_theme,EQUITY_ETF,data_digital,Data & Digital,true,true,2026-01-05,reviewed,https://www.sse.com.cn/assortment/fund/etf/list/,https://www.baostock.com/mainContent?file=DailyUpdates.md#query_daily_history_k_ETF,2026-07-31,
SH,560810,融通中证诚通央企ESGETF,equity_strategy,EQUITY_ETF,esg,ESG,true,true,2026-01-05,reviewed,https://www.sse.com.cn/assortment/fund/etf/list/,https://www.baostock.com/mainContent?file=DailyUpdates.md#query_daily_history_k_ETF,2026-07-31,
SH,560820,新华中证A50ETF,equity_broad,EQUITY_ETF,csi_a50,CSI A50,true,true,2026-01-05,reviewed,https://www.sse.com.cn/assortment/fund/etf/list/,https://www.baostock.com/mainContent?file=DailyUpdates.md#query_daily_history_k_ETF,2026-07-31,
SH,560830,华夏中证全指电力公用事业ETF,equity_sector,EQUITY_ETF,utilities,Utilities,false,true,2026-05-26,reviewed,https://www.sse.com.cn/assortment/fund/etf/list/,https://www.baostock.com/mainContent?file=DailyUpdates.md#query_daily_history_k_ETF,2026-07-31,partial_144_session_history_at_review
SH,560850,汇添富中证信息技术应用创新产业ETF,equity_sector,EQUITY_ETF,information_technology,Information Technology,true,true,2026-01-05,reviewed,https://www.sse.com.cn/assortment/fund/etf/list/,https://www.baostock.com/mainContent?file=DailyUpdates.md#query_daily_history_k_ETF,2026-07-31,
SH,560860,万家中证工业有色金属主题ETF,equity_sector,EQUITY_ETF,nonferrous_metals,Non-ferrous Metals,true,true,2026-01-05,reviewed,https://www.sse.com.cn/assortment/fund/etf/list/,https://www.baostock.com/mainContent?file=DailyUpdates.md#query_daily_history_k_ETF,2026-07-31,
SH,560870,中银中证工业有色金属主题ETF,equity_sector,EQUITY_ETF,nonferrous_metals,Non-ferrous Metals,false,true,2026-05-25,reviewed,https://www.sse.com.cn/assortment/fund/etf/list/,https://www.baostock.com/mainContent?file=DailyUpdates.md#query_daily_history_k_ETF,2026-07-31,partial_144_session_history_at_review
SH,560880,广发中证全指家用电器ETF,equity_sector,EQUITY_ETF,home_appliance,Home Appliance,true,true,2026-01-05,reviewed,https://www.sse.com.cn/assortment/fund/etf/list/,https://www.baostock.com/mainContent?file=DailyUpdates.md#query_daily_history_k_ETF,2026-07-31,
SH,560890,sh.560890,other,,,,false,false,2026-01-05,reviewed,https://www.sse.com.cn/assortment/fund/etf/list/,https://www.baostock.com/mainContent?file=DailyUpdates.md#query_daily_history_k_ETF,2026-07-31,official_name_unavailable_in_current_catalog
SH,560900,摩根中证创新药产业ETF,equity_theme,EQUITY_ETF,innovative_drugs,Innovative Drugs,true,true,2026-01-05,reviewed,https://www.sse.com.cn/assortment/fund/etf/list/,https://www.baostock.com/mainContent?file=DailyUpdates.md#query_daily_history_k_ETF,2026-07-31,
SH,560910,华泰柏瑞中证电池主题ETF,equity_theme,EQUITY_ETF,battery,Battery,false,true,2026-05-21,reviewed,https://www.sse.com.cn/assortment/fund/etf/list/,https://www.baostock.com/mainContent?file=DailyUpdates.md#query_daily_history_k_ETF,2026-07-31,partial_144_session_history_at_review
SH,560920,招商中证工程机械主题ETF,equity_sector,EQUITY_ETF,machinery,Machinery,false,true,2026-07-03,reviewed,https://www.sse.com.cn/assortment/fund/etf/list/,https://www.baostock.com/mainContent?file=DailyUpdates.md#query_daily_history_k_ETF,2026-07-31,partial_144_session_history_at_review
SH,560930,易方达中证全指电力公用事业ETF,equity_sector,EQUITY_ETF,utilities,Utilities,false,true,2026-05-14,reviewed,https://www.sse.com.cn/assortment/fund/etf/list/,https://www.baostock.com/mainContent?file=DailyUpdates.md#query_daily_history_k_ETF,2026-07-31,partial_144_session_history_at_review
SH,560950,汇添富中证500增强策略ETF,equity_strategy,EQUITY_ETF,enhanced,Enhanced,true,true,2026-01-05,reviewed,https://www.sse.com.cn/assortment/fund/etf/list/,https://www.baostock.com/mainContent?file=DailyUpdates.md#query_daily_history_k_ETF,2026-07-31,
SH,560970,平安中证工业有色金属主题ETF,equity_sector,EQUITY_ETF,nonferrous_metals,Non-ferrous Metals,false,true,2026-06-08,reviewed,https://www.sse.com.cn/assortment/fund/etf/list/,https://www.baostock.com/mainContent?file=DailyUpdates.md#query_daily_history_k_ETF,2026-07-31,partial_144_session_history_at_review
SH,560980,广发中证光伏龙头30ETF,equity_theme,EQUITY_ETF,solar,Solar,true,true,2026-01-05,reviewed,https://www.sse.com.cn/assortment/fund/etf/list/,https://www.baostock.com/mainContent?file=DailyUpdates.md#query_daily_history_k_ETF,2026-07-31,
SH,560990,中金科技先锋ETF,equity_theme,EQUITY_ETF,technology,Technology,true,true,2026-01-05,reviewed,https://www.sse.com.cn/assortment/fund/etf/list/,https://www.baostock.com/mainContent?file=DailyUpdates.md#query_daily_history_k_ETF,2026-07-31,
SH,561000,华安沪深300增强策略ETF,equity_strategy,EQUITY_ETF,enhanced,Enhanced,true,true,2026-01-05,reviewed,https://www.sse.com.cn/assortment/fund/etf/list/,https://www.baostock.com/mainContent?file=DailyUpdates.md#query_daily_history_k_ETF,2026-07-31,
SH,561010,华安中证全指软件开发ETF,equity_sector,EQUITY_ETF,software,Software,true,true,2026-01-05,reviewed,https://www.sse.com.cn/assortment/fund/etf/list/,https://www.baostock.com/mainContent?file=DailyUpdates.md#query_daily_history_k_ETF,2026-07-31,
SH,561030,华泰柏瑞中证工程机械主题ETF,equity_sector,EQUITY_ETF,machinery,Machinery,false,true,2026-05-29,reviewed,https://www.sse.com.cn/assortment/fund/etf/list/,https://www.baostock.com/mainContent?file=DailyUpdates.md#query_daily_history_k_ETF,2026-07-31,partial_144_session_history_at_review
SH,561050,易方达中证稀有金属主题ETF,equity_theme,EQUITY_ETF,rare_metals,Rare Metals,false,true,2026-05-22,reviewed,https://www.sse.com.cn/assortment/fund/etf/list/,https://www.baostock.com/mainContent?file=DailyUpdates.md#query_daily_history_k_ETF,2026-07-31,partial_144_session_history_at_review
SH,561060,华安中证国有企业红利ETF,equity_strategy,EQUITY_ETF,dividend,Dividend,true,true,2026-01-05,reviewed,https://www.sse.com.cn/assortment/fund/etf/list/,https://www.baostock.com/mainContent?file=DailyUpdates.md#query_daily_history_k_ETF,2026-07-31,
SH,561080,华安中证全指自由现金流ETF,equity_strategy,EQUITY_ETF,free_cash_flow,Free Cash Flow,true,true,2026-01-05,reviewed,https://www.sse.com.cn/assortment/fund/etf/list/,https://www.baostock.com/mainContent?file=DailyUpdates.md#query_daily_history_k_ETF,2026-07-31,
SH,561090,华安中证A500增强策略ETF,equity_strategy,EQUITY_ETF,enhanced,Enhanced,true,true,2026-01-05,reviewed,https://www.sse.com.cn/assortment/fund/etf/list/,https://www.baostock.com/mainContent?file=DailyUpdates.md#query_daily_history_k_ETF,2026-07-31,
SH,561100,富国中证消费电子主题ETF,equity_theme,EQUITY_ETF,consumer_electronics,Consumer Electronics,true,true,2026-01-05,reviewed,https://www.sse.com.cn/assortment/fund/etf/list/,https://www.baostock.com/mainContent?file=DailyUpdates.md#query_daily_history_k_ETF,2026-07-31,
SH,561120,富国中证全指家用电器ETF,equity_sector,EQUITY_ETF,home_appliance,Home Appliance,true,true,2026-01-05,reviewed,https://www.sse.com.cn/assortment/fund/etf/list/,https://www.baostock.com/mainContent?file=DailyUpdates.md#query_daily_history_k_ETF,2026-07-31,
SH,561130,富国中证新华社民族品牌工程ETF,equity_theme,EQUITY_ETF,exposure_3e72f7628621,中证新华社民族品牌工程,true,true,2026-01-05,reviewed,https://www.sse.com.cn/assortment/fund/etf/list/,https://www.baostock.com/mainContent?file=DailyUpdates.md#query_daily_history_k_ETF,2026-07-31,
SH,561160,富国中证电池主题ETF,equity_theme,EQUITY_ETF,battery,Battery,true,true,2026-01-05,reviewed,https://www.sse.com.cn/assortment/fund/etf/list/,https://www.baostock.com/mainContent?file=DailyUpdates.md#query_daily_history_k_ETF,2026-07-31,
SH,561170,富国中证绿色电力ETF,equity_theme,EQUITY_ETF,green_power,Green Power,true,true,2026-01-05,reviewed,https://www.sse.com.cn/assortment/fund/etf/list/,https://www.baostock.com/mainContent?file=DailyUpdates.md#query_daily_history_k_ETF,2026-07-31,
SH,561180,富国中证A100ETF,equity_broad,EQUITY_ETF,csi_a100,CSI A100,true,true,2026-01-05,reviewed,https://www.sse.com.cn/assortment/fund/etf/list/,https://www.baostock.com/mainContent?file=DailyUpdates.md#query_daily_history_k_ETF,2026-07-31,
SH,561190,富国中证上海环交所碳中和ETF,equity_theme,EQUITY_ETF,carbon_neutral,Carbon Neutral,true,true,2026-01-05,reviewed,https://www.sse.com.cn/assortment/fund/etf/list/,https://www.baostock.com/mainContent?file=DailyUpdates.md#query_daily_history_k_ETF,2026-07-31,
SH,561200,工银中证A100ETF,equity_broad,EQUITY_ETF,csi_a100,CSI A100,true,true,2026-01-05,reviewed,https://www.sse.com.cn/assortment/fund/etf/list/,https://www.baostock.com/mainContent?file=DailyUpdates.md#query_daily_history_k_ETF,2026-07-31,
SH,561220,工银瑞信中证诚通国企数字经济ETF,equity_strategy,EQUITY_ETF,central_soe,Central SOE,true,true,2026-01-05,reviewed,https://www.sse.com.cn/assortment/fund/etf/list/,https://www.baostock.com/mainContent?file=DailyUpdates.md#query_daily_history_k_ETF,2026-07-31,
SH,561230,工银瑞信中证A50ETF,equity_broad,EQUITY_ETF,csi_a50,CSI A50,true,true,2026-01-05,reviewed,https://www.sse.com.cn/assortment/fund/etf/list/,https://www.baostock.com/mainContent?file=DailyUpdates.md#query_daily_history_k_ETF,2026-07-31,
SH,561250,鹏华中证稀有金属主题ETF,equity_theme,EQUITY_ETF,rare_metals,Rare Metals,false,true,2026-07-22,reviewed,https://www.sse.com.cn/assortment/fund/etf/list/,https://www.baostock.com/mainContent?file=DailyUpdates.md#query_daily_history_k_ETF,2026-07-31,partial_144_session_history_at_review
SH,561260,工银瑞信中证国新央企现代能源ETF,equity_strategy,EQUITY_ETF,central_soe,Central SOE,true,true,2026-01-05,reviewed,https://www.sse.com.cn/assortment/fund/etf/list/,https://www.baostock.com/mainContent?file=DailyUpdates.md#query_daily_history_k_ETF,2026-07-31,
SH,561280,工银中证1000增强策略ETF,equity_strategy,EQUITY_ETF,enhanced,Enhanced,true,true,2026-01-05,reviewed,https://www.sse.com.cn/assortment/fund/etf/list/,https://www.baostock.com/mainContent?file=DailyUpdates.md#query_daily_history_k_ETF,2026-07-31,
SH,561300,国泰沪深300增强策略ETF,equity_strategy,EQUITY_ETF,enhanced,Enhanced,true,true,2026-01-05,reviewed,https://www.sse.com.cn/assortment/fund/etf/list/,https://www.baostock.com/mainContent?file=DailyUpdates.md#query_daily_history_k_ETF,2026-07-31,
SH,561310,国泰中证消费电子主题ETF,equity_theme,EQUITY_ETF,consumer_electronics,Consumer Electronics,true,true,2026-01-05,reviewed,https://www.sse.com.cn/assortment/fund/etf/list/,https://www.baostock.com/mainContent?file=DailyUpdates.md#query_daily_history_k_ETF,2026-07-31,
SH,561320,国泰中证内地运输主题ETF,equity_sector,EQUITY_ETF,transportation,Transportation,true,true,2026-01-05,reviewed,https://www.sse.com.cn/assortment/fund/etf/list/,https://www.baostock.com/mainContent?file=DailyUpdates.md#query_daily_history_k_ETF,2026-07-31,
SH,561330,国泰中证有色金属矿业主题ETF,equity_sector,EQUITY_ETF,nonferrous_metals,Non-ferrous Metals,true,true,2026-01-05,reviewed,https://www.sse.com.cn/assortment/fund/etf/list/,https://www.baostock.com/mainContent?file=DailyUpdates.md#query_daily_history_k_ETF,2026-07-31,
SH,561350,国泰中证500ETF,equity_broad,EQUITY_ETF,csi500,CSI 500,true,true,2026-01-05,reviewed,https://www.sse.com.cn/assortment/fund/etf/list/,https://www.baostock.com/mainContent?file=DailyUpdates.md#query_daily_history_k_ETF,2026-07-31,
SH,561360,国泰中证油气产业ETF,equity_sector,EQUITY_ETF,oil_gas,Oil & Gas,true,true,2026-01-05,reviewed,https://www.sse.com.cn/assortment/fund/etf/list/,https://www.baostock.com/mainContent?file=DailyUpdates.md#query_daily_history_k_ETF,2026-07-31,
SH,561370,国泰中证2000ETF,equity_broad,EQUITY_ETF,csi2000,CSI 2000,true,true,2026-01-05,reviewed,https://www.sse.com.cn/assortment/fund/etf/list/,https://www.baostock.com/mainContent?file=DailyUpdates.md#query_daily_history_k_ETF,2026-07-31,
SH,561380,国泰恒生A股电网设备ETF,overseas,CROSS_ASSET,hang_seng,Hang Seng,true,true,2026-01-05,reviewed,https://www.sse.com.cn/assortment/fund/etf/list/,https://www.baostock.com/mainContent?file=DailyUpdates.md#query_daily_history_k_ETF,2026-07-31,
SH,561420,汇添富沪深300自由现金流ETF,equity_strategy,EQUITY_ETF,free_cash_flow,Free Cash Flow,false,true,2026-07-08,reviewed,https://www.sse.com.cn/assortment/fund/etf/list/,https://www.baostock.com/mainContent?file=DailyUpdates.md#query_daily_history_k_ETF,2026-07-31,partial_144_session_history_at_review
SH,561430,博时中证全指红利质量ETF,equity_strategy,EQUITY_ETF,dividend_quality,Dividend Quality,false,true,2026-06-30,reviewed,https://www.sse.com.cn/assortment/fund/etf/list/,https://www.baostock.com/mainContent?file=DailyUpdates.md#query_daily_history_k_ETF,2026-07-31,partial_144_session_history_at_review
SH,561460,天弘中证人工智能主题ETF,equity_theme,EQUITY_ETF,ai_computing,AI & Computing,false,true,2026-07-03,reviewed,https://www.sse.com.cn/assortment/fund/etf/list/,https://www.baostock.com/mainContent?file=DailyUpdates.md#query_daily_history_k_ETF,2026-07-31,partial_144_session_history_at_review
SH,561470,天弘中证畜牧养殖产业ETF,equity_sector,EQUITY_ETF,livestock,Livestock,false,true,2026-07-09,reviewed,https://www.sse.com.cn/assortment/fund/etf/list/,https://www.baostock.com/mainContent?file=DailyUpdates.md#query_daily_history_k_ETF,2026-07-31,partial_144_session_history_at_review
SH,561500,华泰柏瑞中证企业核心竞争力50ETF,equity_theme,EQUITY_ETF,exposure_01caf51b6c41,中证企业核心竞争力50,true,true,2026-01-05,reviewed,https://www.sse.com.cn/assortment/fund/etf/list/,https://www.baostock.com/mainContent?file=DailyUpdates.md#query_daily_history_k_ETF,2026-07-31,
SH,561510,华泰柏瑞中证中药ETF,equity_theme,EQUITY_ETF,traditional_medicine,Traditional Medicine,true,true,2026-01-05,reviewed,https://www.sse.com.cn/assortment/fund/etf/list/,https://www.baostock.com/mainContent?file=DailyUpdates.md#query_daily_history_k_ETF,2026-07-31,
SH,561550,华泰柏瑞中证500增强策略ETF,equity_strategy,EQUITY_ETF,enhanced,Enhanced,true,true,2026-01-05,reviewed,https://www.sse.com.cn/assortment/fund/etf/list/,https://www.baostock.com/mainContent?file=DailyUpdates.md#query_daily_history_k_ETF,2026-07-31,
SH,561560,华泰柏瑞中证全指电力公用事业ETF,equity_sector,EQUITY_ETF,utilities,Utilities,true,true,2026-01-05,reviewed,https://www.sse.com.cn/assortment/fund/etf/list/,https://www.baostock.com/mainContent?file=DailyUpdates.md#query_daily_history_k_ETF,2026-07-31,
SH,561570,华泰柏瑞中证油气产业ETF,equity_sector,EQUITY_ETF,oil_gas,Oil & Gas,true,true,2026-01-05,reviewed,https://www.sse.com.cn/assortment/fund/etf/list/,https://www.baostock.com/mainContent?file=DailyUpdates.md#query_daily_history_k_ETF,2026-07-31,
SH,561580,华泰柏瑞中证中央企业红利ETF,equity_strategy,EQUITY_ETF,dividend,Dividend,true,true,2026-01-05,reviewed,https://www.sse.com.cn/assortment/fund/etf/list/,https://www.baostock.com/mainContent?file=DailyUpdates.md#query_daily_history_k_ETF,2026-07-31,
SH,561590,华泰柏瑞中证1000增强策略ETF,equity_strategy,EQUITY_ETF,enhanced,Enhanced,true,true,2026-01-05,reviewed,https://www.sse.com.cn/assortment/fund/etf/list/,https://www.baostock.com/mainContent?file=DailyUpdates.md#query_daily_history_k_ETF,2026-07-31,
SH,561600,平安中证消费电子主题ETF,equity_theme,EQUITY_ETF,consumer_electronics,Consumer Electronics,true,true,2026-01-05,reviewed,https://www.sse.com.cn/assortment/fund/etf/list/,https://www.baostock.com/mainContent?file=DailyUpdates.md#query_daily_history_k_ETF,2026-07-31,
SH,561630,华泰柏瑞中证全指红利质量ETF,equity_strategy,EQUITY_ETF,dividend_quality,Dividend Quality,false,true,2026-07-22,reviewed,https://www.sse.com.cn/assortment/fund/etf/list/,https://www.baostock.com/mainContent?file=DailyUpdates.md#query_daily_history_k_ETF,2026-07-31,partial_144_session_history_at_review
SH,561660,平安中证通用航空主题ETF,equity_sector,EQUITY_ETF,aerospace,Aerospace,true,true,2026-01-05,reviewed,https://www.sse.com.cn/assortment/fund/etf/list/,https://www.baostock.com/mainContent?file=DailyUpdates.md#query_daily_history_k_ETF,2026-07-31,
SH,561680,平安中证A500红利低波动ETF,equity_strategy,EQUITY_ETF,dividend_low_vol,Dividend Low Vol,true,true,2026-01-05,reviewed,https://www.sse.com.cn/assortment/fund/etf/list/,https://www.baostock.com/mainContent?file=DailyUpdates.md#query_daily_history_k_ETF,2026-07-31,
SH,561700,博时中证全指电力公用事业ETF,equity_sector,EQUITY_ETF,utilities,Utilities,true,true,2026-01-05,reviewed,https://www.sse.com.cn/assortment/fund/etf/list/,https://www.baostock.com/mainContent?file=DailyUpdates.md#query_daily_history_k_ETF,2026-07-31,
SH,561750,博时中证A50ETF,equity_broad,EQUITY_ETF,csi_a50,CSI A50,true,true,2026-01-05,reviewed,https://www.sse.com.cn/assortment/fund/etf/list/,https://www.baostock.com/mainContent?file=DailyUpdates.md#query_daily_history_k_ETF,2026-07-31,
SH,561760,博时中证油气资源ETF,equity_sector,EQUITY_ETF,oil_gas,Oil & Gas,true,true,2026-01-05,reviewed,https://www.sse.com.cn/assortment/fund/etf/list/,https://www.baostock.com/mainContent?file=DailyUpdates.md#query_daily_history_k_ETF,2026-07-31,
SH,561770,博时中证A100ETF,equity_broad,EQUITY_ETF,csi_a100,CSI A100,true,true,2026-01-05,reviewed,https://www.sse.com.cn/assortment/fund/etf/list/,https://www.baostock.com/mainContent?file=DailyUpdates.md#query_daily_history_k_ETF,2026-07-31,
SH,561780,博时中证1000增强策略ETF,equity_strategy,EQUITY_ETF,enhanced,Enhanced,true,true,2026-01-05,reviewed,https://www.sse.com.cn/assortment/fund/etf/list/,https://www.baostock.com/mainContent?file=DailyUpdates.md#query_daily_history_k_ETF,2026-07-31,
SH,561790,博时中证国新央企现代能源ETF,equity_strategy,EQUITY_ETF,central_soe,Central SOE,true,true,2026-01-05,reviewed,https://www.sse.com.cn/assortment/fund/etf/list/,https://www.baostock.com/mainContent?file=DailyUpdates.md#query_daily_history_k_ETF,2026-07-31,
SH,561800,华富中证稀有金属主题ETF,equity_theme,EQUITY_ETF,rare_metals,Rare Metals,true,true,2026-01-05,reviewed,https://www.sse.com.cn/assortment/fund/etf/list/,https://www.baostock.com/mainContent?file=DailyUpdates.md#query_daily_history_k_ETF,2026-07-31,
SH,561870,华富中证全指自由现金流ETF,equity_strategy,EQUITY_ETF,free_cash_flow,Free Cash Flow,true,true,2026-01-05,reviewed,https://www.sse.com.cn/assortment/fund/etf/list/,https://www.baostock.com/mainContent?file=DailyUpdates.md#query_daily_history_k_ETF,2026-07-31,
SH,561880,华富中证A100ETF,equity_broad,EQUITY_ETF,csi_a100,CSI A100,true,true,2026-01-05,reviewed,https://www.sse.com.cn/assortment/fund/etf/list/,https://www.baostock.com/mainContent?file=DailyUpdates.md#query_daily_history_k_ETF,2026-07-31,
SH,561900,招商沪深300ESG基准ETF,equity_strategy,EQUITY_ETF,esg,ESG,true,true,2026-01-05,reviewed,https://www.sse.com.cn/assortment/fund/etf/list/,https://www.baostock.com/mainContent?file=DailyUpdates.md#query_daily_history_k_ETF,2026-07-31,
SH,561910,招商中证电池主题ETF,equity_theme,EQUITY_ETF,battery,Battery,true,true,2026-01-05,reviewed,https://www.sse.com.cn/assortment/fund/etf/list/,https://www.baostock.com/mainContent?file=DailyUpdates.md#query_daily_history_k_ETF,2026-07-31,
SH,561920,招商中证疫苗与生物技术ETF,equity_theme,EQUITY_ETF,biotechnology,Biotechnology,true,true,2026-01-05,reviewed,https://www.sse.com.cn/assortment/fund/etf/list/,https://www.baostock.com/mainContent?file=DailyUpdates.md#query_daily_history_k_ETF,2026-07-31,
SH,561930,招商沪深300ETF,equity_broad,EQUITY_ETF,csi300,CSI 300,true,true,2026-01-05,reviewed,https://www.sse.com.cn/assortment/fund/etf/list/,https://www.baostock.com/mainContent?file=DailyUpdates.md#query_daily_history_k_ETF,2026-07-31,
SH,561950,招商中证500增强策略ETF,equity_strategy,EQUITY_ETF,enhanced,Enhanced,true,true,2026-01-05,reviewed,https://www.sse.com.cn/assortment/fund/etf/list/,https://www.baostock.com/mainContent?file=DailyUpdates.md#query_daily_history_k_ETF,2026-07-31,
SH,561960,招商中证国新央企股东回报ETF,equity_strategy,EQUITY_ETF,central_soe,Central SOE,true,true,2026-01-05,reviewed,https://www.sse.com.cn/assortment/fund/etf/list/,https://www.baostock.com/mainContent?file=DailyUpdates.md#query_daily_history_k_ETF,2026-07-31,
SH,561980,招商中证半导体产业ETF,equity_theme,EQUITY_ETF,semiconductor,Semiconductor,true,true,2026-01-05,reviewed,https://www.sse.com.cn/assortment/fund/etf/list/,https://www.baostock.com/mainContent?file=DailyUpdates.md#query_daily_history_k_ETF,2026-07-31,
SH,561990,招商沪深300增强策略ETF,equity_strategy,EQUITY_ETF,enhanced,Enhanced,true,true,2026-01-05,reviewed,https://www.sse.com.cn/assortment/fund/etf/list/,https://www.baostock.com/mainContent?file=DailyUpdates.md#query_daily_history_k_ETF,2026-07-31,
SH,562000,华宝中证A100ETF,equity_broad,EQUITY_ETF,csi_a100,CSI A100,true,true,2026-01-05,reviewed,https://www.sse.com.cn/assortment/fund/etf/list/,https://www.baostock.com/mainContent?file=DailyUpdates.md#query_daily_history_k_ETF,2026-07-31,
SH,562010,华宝中证绿色能源ETF,equity_theme,EQUITY_ETF,new_energy,New Energy,true,true,2026-01-05,reviewed,https://www.sse.com.cn/assortment/fund/etf/list/,https://www.baostock.com/mainContent?file=DailyUpdates.md#query_daily_history_k_ETF,2026-07-31,
SH,562030,华宝中证信息技术应用创新产业ETF,equity_sector,EQUITY_ETF,information_technology,Information Technology,true,true,2026-01-05,reviewed,https://www.sse.com.cn/assortment/fund/etf/list/,https://www.baostock.com/mainContent?file=DailyUpdates.md#query_daily_history_k_ETF,2026-07-31,
SH,562050,华宝中证制药ETF,equity_sector,EQUITY_ETF,healthcare,Healthcare,true,true,2026-01-05,reviewed,https://www.sse.com.cn/assortment/fund/etf/list/,https://www.baostock.com/mainContent?file=DailyUpdates.md#query_daily_history_k_ETF,2026-07-31,
SH,562060,华宝标普中国A股红利机会ETF,equity_strategy,EQUITY_ETF,dividend,Dividend,true,true,2026-01-05,reviewed,https://www.sse.com.cn/assortment/fund/etf/list/,https://www.baostock.com/mainContent?file=DailyUpdates.md#query_daily_history_k_ETF,2026-07-31,
SH,562070,华宝沪深300增强策略ETF,equity_strategy,EQUITY_ETF,enhanced,Enhanced,true,true,2026-01-05,reviewed,https://www.sse.com.cn/assortment/fund/etf/list/,https://www.baostock.com/mainContent?file=DailyUpdates.md#query_daily_history_k_ETF,2026-07-31,
SH,562080,华宝沪深300自由现金流ETF,equity_strategy,EQUITY_ETF,free_cash_flow,Free Cash Flow,true,true,2026-01-05,reviewed,https://www.sse.com.cn/assortment/fund/etf/list/,https://www.baostock.com/mainContent?file=DailyUpdates.md#query_daily_history_k_ETF,2026-07-31,
SH,562300,银华中证内地低碳经济主题ETF,equity_theme,EQUITY_ETF,low_carbon,Low Carbon,true,true,2026-01-05,reviewed,https://www.sse.com.cn/assortment/fund/etf/list/,https://www.baostock.com/mainContent?file=DailyUpdates.md#query_daily_history_k_ETF,2026-07-31,
SH,562310,银华沪深300成长ETF,equity_strategy,EQUITY_ETF,growth,Growth,true,true,2026-01-05,reviewed,https://www.sse.com.cn/assortment/fund/etf/list/,https://www.baostock.com/mainContent?file=DailyUpdates.md#query_daily_history_k_ETF,2026-07-31,
SH,562320,银华沪深300价值ETF,equity_strategy,EQUITY_ETF,value,Value,true,true,2026-01-05,reviewed,https://www.sse.com.cn/assortment/fund/etf/list/,https://www.baostock.com/mainContent?file=DailyUpdates.md#query_daily_history_k_ETF,2026-07-31,
SH,562330,银华中证500价值ETF,equity_strategy,EQUITY_ETF,value,Value,true,true,2026-01-05,reviewed,https://www.sse.com.cn/assortment/fund/etf/list/,https://www.baostock.com/mainContent?file=DailyUpdates.md#query_daily_history_k_ETF,2026-07-31,
SH,562340,银华中证500质量成长ETF,equity_strategy,EQUITY_ETF,growth,Growth,true,true,2026-01-05,reviewed,https://www.sse.com.cn/assortment/fund/etf/list/,https://www.baostock.com/mainContent?file=DailyUpdates.md#query_daily_history_k_ETF,2026-07-31,
SH,562350,银华中证全指电力公用事业ETF,equity_sector,EQUITY_ETF,utilities,Utilities,true,true,2026-01-05,reviewed,https://www.sse.com.cn/assortment/fund/etf/list/,https://www.baostock.com/mainContent?file=DailyUpdates.md#query_daily_history_k_ETF,2026-07-31,
SH,562360,银华中证机器人ETF,equity_theme,EQUITY_ETF,robotics,Robotics,true,true,2026-01-05,reviewed,https://www.sse.com.cn/assortment/fund/etf/list/,https://www.baostock.com/mainContent?file=DailyUpdates.md#query_daily_history_k_ETF,2026-07-31,
SH,562380,银华中证国新央企科技引领ETF,equity_strategy,EQUITY_ETF,central_soe,Central SOE,true,true,2026-01-05,reviewed,https://www.sse.com.cn/assortment/fund/etf/list/,https://www.baostock.com/mainContent?file=DailyUpdates.md#query_daily_history_k_ETF,2026-07-31,
SH,562390,银华中证中药ETF,equity_theme,EQUITY_ETF,traditional_medicine,Traditional Medicine,true,true,2026-01-05,reviewed,https://www.sse.com.cn/assortment/fund/etf/list/,https://www.baostock.com/mainContent?file=DailyUpdates.md#query_daily_history_k_ETF,2026-07-31,
SH,562500,华夏中证机器人ETF,equity_theme,EQUITY_ETF,robotics,Robotics,true,true,2026-01-05,reviewed,https://www.sse.com.cn/assortment/fund/etf/list/,https://www.baostock.com/mainContent?file=DailyUpdates.md#query_daily_history_k_ETF,2026-07-31,
SH,562510,华夏中证旅游主题ETF,equity_theme,EQUITY_ETF,tourism,Tourism,true,true,2026-01-05,reviewed,https://www.sse.com.cn/assortment/fund/etf/list/,https://www.baostock.com/mainContent?file=DailyUpdates.md#query_daily_history_k_ETF,2026-07-31,
SH,562520,华夏中证智选1000成长创新策略ETF,equity_strategy,EQUITY_ETF,growth,Growth,true,true,2026-01-05,reviewed,https://www.sse.com.cn/assortment/fund/etf/list/,https://www.baostock.com/mainContent?file=DailyUpdates.md#query_daily_history_k_ETF,2026-07-31,
SH,562530,华夏中证智选1000价值稳健策略ETF,equity_strategy,EQUITY_ETF,value,Value,true,true,2026-01-05,reviewed,https://www.sse.com.cn/assortment/fund/etf/list/,https://www.baostock.com/mainContent?file=DailyUpdates.md#query_daily_history_k_ETF,2026-07-31,
SH,562550,华夏中证绿色电力ETF,equity_theme,EQUITY_ETF,green_power,Green Power,true,true,2026-01-05,reviewed,https://www.sse.com.cn/assortment/fund/etf/list/,https://www.baostock.com/mainContent?file=DailyUpdates.md#query_daily_history_k_ETF,2026-07-31,
SH,562560,华夏中证全指信息技术ETF,equity_sector,EQUITY_ETF,information_technology,Information Technology,true,true,2026-01-05,reviewed,https://www.sse.com.cn/assortment/fund/etf/list/,https://www.baostock.com/mainContent?file=DailyUpdates.md#query_daily_history_k_ETF,2026-07-31,
SH,562570,华夏中证信息技术应用创新产业ETF,equity_sector,EQUITY_ETF,information_technology,Information Technology,true,true,2026-01-05,reviewed,https://www.sse.com.cn/assortment/fund/etf/list/,https://www.baostock.com/mainContent?file=DailyUpdates.md#query_daily_history_k_ETF,2026-07-31,
SH,562580,华夏中证全指可选消费ETF,equity_sector,EQUITY_ETF,consumer,Consumer,true,true,2026-01-05,reviewed,https://www.sse.com.cn/assortment/fund/etf/list/,https://www.baostock.com/mainContent?file=DailyUpdates.md#query_daily_history_k_ETF,2026-07-31,
SH,562590,华夏中证半导体材料设备主题ETF,equity_theme,EQUITY_ETF,semiconductor,Semiconductor,true,true,2026-01-05,reviewed,https://www.sse.com.cn/assortment/fund/etf/list/,https://www.baostock.com/mainContent?file=DailyUpdates.md#query_daily_history_k_ETF,2026-07-31,
SH,562600,华夏中证全指医疗器械ETF,equity_theme,EQUITY_ETF,medical_devices,Medical Devices,true,true,2026-01-05,reviewed,https://www.sse.com.cn/assortment/fund/etf/list/,https://www.baostock.com/mainContent?file=DailyUpdates.md#query_daily_history_k_ETF,2026-07-31,
SH,562660,华夏中证2000ETF,equity_broad,EQUITY_ETF,csi2000,CSI 2000,true,true,2026-01-05,reviewed,https://www.sse.com.cn/assortment/fund/etf/list/,https://www.baostock.com/mainContent?file=DailyUpdates.md#query_daily_history_k_ETF,2026-07-31,
SH,562700,华夏中证汽车零部件主题ETF,equity_sector,EQUITY_ETF,automobile,Automobile,true,true,2026-01-05,reviewed,https://www.sse.com.cn/assortment/fund/etf/list/,https://www.baostock.com/mainContent?file=DailyUpdates.md#query_daily_history_k_ETF,2026-07-31,
SH,562800,嘉实中证稀有金属主题ETF,equity_theme,EQUITY_ETF,rare_metals,Rare Metals,true,true,2026-01-05,reviewed,https://www.sse.com.cn/assortment/fund/etf/list/,https://www.baostock.com/mainContent?file=DailyUpdates.md#query_daily_history_k_ETF,2026-07-31,
SH,562810,嘉实上证综合增强策略ETF,equity_strategy,EQUITY_ETF,enhanced,Enhanced,true,true,2026-01-05,reviewed,https://www.sse.com.cn/assortment/fund/etf/list/,https://www.baostock.com/mainContent?file=DailyUpdates.md#query_daily_history_k_ETF,2026-07-31,
SH,562820,嘉实中证全指集成电路ETF,equity_theme,EQUITY_ETF,semiconductor,Semiconductor,true,true,2026-01-05,reviewed,https://www.sse.com.cn/assortment/fund/etf/list/,https://www.baostock.com/mainContent?file=DailyUpdates.md#query_daily_history_k_ETF,2026-07-31,
SH,562850,嘉实中证国新央企现代能源ETF,equity_strategy,EQUITY_ETF,central_soe,Central SOE,true,true,2026-01-05,reviewed,https://www.sse.com.cn/assortment/fund/etf/list/,https://www.baostock.com/mainContent?file=DailyUpdates.md#query_daily_history_k_ETF,2026-07-31,
SH,562860,嘉实中证疫苗与生物技术ETF,equity_theme,EQUITY_ETF,biotechnology,Biotechnology,true,true,2026-01-05,reviewed,https://www.sse.com.cn/assortment/fund/etf/list/,https://www.baostock.com/mainContent?file=DailyUpdates.md#query_daily_history_k_ETF,2026-07-31,
SH,562870,嘉实中证全指证券公司ETF,equity_sector,EQUITY_ETF,securities,Securities,true,true,2026-01-05,reviewed,https://www.sse.com.cn/assortment/fund/etf/list/,https://www.baostock.com/mainContent?file=DailyUpdates.md#query_daily_history_k_ETF,2026-07-31,
SH,562880,嘉实中证电池主题ETF,equity_theme,EQUITY_ETF,battery,Battery,true,true,2026-01-05,reviewed,https://www.sse.com.cn/assortment/fund/etf/list/,https://www.baostock.com/mainContent?file=DailyUpdates.md#query_daily_history_k_ETF,2026-07-31,
SH,562890,嘉实中证A50ETF,equity_broad,EQUITY_ETF,csi_a50,CSI A50,true,true,2026-01-05,reviewed,https://www.sse.com.cn/assortment/fund/etf/list/,https://www.baostock.com/mainContent?file=DailyUpdates.md#query_daily_history_k_ETF,2026-07-31,
SH,562900,易方达中证现代农业主题ETF,equity_sector,EQUITY_ETF,agriculture,Agriculture,true,true,2026-01-05,reviewed,https://www.sse.com.cn/assortment/fund/etf/list/,https://www.baostock.com/mainContent?file=DailyUpdates.md#query_daily_history_k_ETF,2026-07-31,
SH,562910,易方达中证装备产业ETF,equity_sector,EQUITY_ETF,machinery,Machinery,true,true,2026-01-05,reviewed,https://www.sse.com.cn/assortment/fund/etf/list/,https://www.baostock.com/mainContent?file=DailyUpdates.md#query_daily_history_k_ETF,2026-07-31,
SH,562920,易方达中证信息安全主题ETF,equity_theme,EQUITY_ETF,cybersecurity,Cybersecurity,true,true,2026-01-05,reviewed,https://www.sse.com.cn/assortment/fund/etf/list/,https://www.baostock.com/mainContent?file=DailyUpdates.md#query_daily_history_k_ETF,2026-07-31,
SH,562930,易方达中证软件服务ETF,equity_sector,EQUITY_ETF,software,Software,true,true,2026-01-05,reviewed,https://www.sse.com.cn/assortment/fund/etf/list/,https://www.baostock.com/mainContent?file=DailyUpdates.md#query_daily_history_k_ETF,2026-07-31,
SH,562950,易方达中证消费电子主题ETF,equity_theme,EQUITY_ETF,consumer_electronics,Consumer Electronics,true,true,2026-01-05,reviewed,https://www.sse.com.cn/assortment/fund/etf/list/,https://www.baostock.com/mainContent?file=DailyUpdates.md#query_daily_history_k_ETF,2026-07-31,
SH,562960,易方达中证绿色电力ETF,equity_theme,EQUITY_ETF,green_power,Green Power,true,true,2026-01-05,reviewed,https://www.sse.com.cn/assortment/fund/etf/list/,https://www.baostock.com/mainContent?file=DailyUpdates.md#query_daily_history_k_ETF,2026-07-31,
SH,562970,易方达中证光伏产业ETF,equity_theme,EQUITY_ETF,solar,Solar,true,true,2026-01-05,reviewed,https://www.sse.com.cn/assortment/fund/etf/list/,https://www.baostock.com/mainContent?file=DailyUpdates.md#query_daily_history_k_ETF,2026-07-31,
SH,562990,易方达中证上海环交所碳中和ETF,equity_theme,EQUITY_ETF,carbon_neutral,Carbon Neutral,true,true,2026-01-05,reviewed,https://www.sse.com.cn/assortment/fund/etf/list/,https://www.baostock.com/mainContent?file=DailyUpdates.md#query_daily_history_k_ETF,2026-07-31,
SH,563000,易方达MSCI中国A50互联互通ETF,equity_broad,EQUITY_ETF,msci_china_a50,MSCI China A50,true,true,2026-01-05,reviewed,https://www.sse.com.cn/assortment/fund/etf/list/,https://www.baostock.com/mainContent?file=DailyUpdates.md#query_daily_history_k_ETF,2026-07-31,
SH,563010,易方达中证电信主题ETF,equity_sector,EQUITY_ETF,communications,Communications,true,true,2026-01-05,reviewed,https://www.sse.com.cn/assortment/fund/etf/list/,https://www.baostock.com/mainContent?file=DailyUpdates.md#query_daily_history_k_ETF,2026-07-31,
SH,563020,易方达中证红利低波动ETF,equity_strategy,EQUITY_ETF,dividend_low_vol,Dividend Low Vol,true,true,2026-01-05,reviewed,https://www.sse.com.cn/assortment/fund/etf/list/,https://www.baostock.com/mainContent?file=DailyUpdates.md#query_daily_history_k_ETF,2026-07-31,
SH,563030,易方达中证500增强策略ETF,equity_strategy,EQUITY_ETF,enhanced,Enhanced,true,true,2026-01-05,reviewed,https://www.sse.com.cn/assortment/fund/etf/list/,https://www.baostock.com/mainContent?file=DailyUpdates.md#query_daily_history_k_ETF,2026-07-31,
SH,563050,易方达中证国新央企科技引领ETF,equity_strategy,EQUITY_ETF,central_soe,Central SOE,true,true,2026-01-05,reviewed,https://www.sse.com.cn/assortment/fund/etf/list/,https://www.baostock.com/mainContent?file=DailyUpdates.md#query_daily_history_k_ETF,2026-07-31,
SH,563060,易方达中证国资央企50ETF,equity_strategy,EQUITY_ETF,central_soe,Central SOE,true,true,2026-01-05,reviewed,https://www.sse.com.cn/assortment/fund/etf/list/,https://www.baostock.com/mainContent?file=DailyUpdates.md#query_daily_history_k_ETF,2026-07-31,
SH,563080,易方达中证A50ETF,equity_broad,EQUITY_ETF,csi_a50,CSI A50,true,true,2026-01-05,reviewed,https://www.sse.com.cn/assortment/fund/etf/list/,https://www.baostock.com/mainContent?file=DailyUpdates.md#query_daily_history_k_ETF,2026-07-31,
SH,563090,易方达上证50增强策略ETF,equity_strategy,EQUITY_ETF,enhanced,Enhanced,true,true,2026-01-05,reviewed,https://www.sse.com.cn/assortment/fund/etf/list/,https://www.baostock.com/mainContent?file=DailyUpdates.md#query_daily_history_k_ETF,2026-07-31,
SH,563150,银华中证油气资源ETF,equity_sector,EQUITY_ETF,oil_gas,Oil & Gas,true,true,2026-01-05,reviewed,https://www.sse.com.cn/assortment/fund/etf/list/,https://www.baostock.com/mainContent?file=DailyUpdates.md#query_daily_history_k_ETF,2026-07-31,
SH,563180,银华中证高股息策略ETF,equity_strategy,EQUITY_ETF,dividend,Dividend,true,true,2026-01-05,reviewed,https://www.sse.com.cn/assortment/fund/etf/list/,https://www.baostock.com/mainContent?file=DailyUpdates.md#query_daily_history_k_ETF,2026-07-31,
SH,563200,富国中证2000ETF,equity_broad,EQUITY_ETF,csi2000,CSI 2000,true,true,2026-01-05,reviewed,https://www.sse.com.cn/assortment/fund/etf/list/,https://www.baostock.com/mainContent?file=DailyUpdates.md#query_daily_history_k_ETF,2026-07-31,
SH,563210,富国恒生A股专精特新企业ETF,overseas,CROSS_ASSET,hang_seng,Hang Seng,true,true,2026-01-05,reviewed,https://www.sse.com.cn/assortment/fund/etf/list/,https://www.baostock.com/mainContent?file=DailyUpdates.md#query_daily_history_k_ETF,2026-07-31,
SH,563220,富国中证A500ETF,equity_broad,EQUITY_ETF,csi_a500,CSI A500,true,true,2026-01-05,reviewed,https://www.sse.com.cn/assortment/fund/etf/list/,https://www.baostock.com/mainContent?file=DailyUpdates.md#query_daily_history_k_ETF,2026-07-31,
SH,563230,富国中证卫星产业ETF,equity_theme,EQUITY_ETF,satellite_space,Satellite & Space,true,true,2026-01-05,reviewed,https://www.sse.com.cn/assortment/fund/etf/list/,https://www.baostock.com/mainContent?file=DailyUpdates.md#query_daily_history_k_ETF,2026-07-31,
SH,563280,富国MSCI中国A50互联互通增强策略ETF,equity_strategy,EQUITY_ETF,enhanced,Enhanced,true,true,2026-01-05,reviewed,https://www.sse.com.cn/assortment/fund/etf/list/,https://www.baostock.com/mainContent?file=DailyUpdates.md#query_daily_history_k_ETF,2026-07-31,
SH,563300,华泰柏瑞中证2000ETF,equity_broad,EQUITY_ETF,csi2000,CSI 2000,true,true,2026-01-05,reviewed,https://www.sse.com.cn/assortment/fund/etf/list/,https://www.baostock.com/mainContent?file=DailyUpdates.md#query_daily_history_k_ETF,2026-07-31,
SH,563320,华泰柏瑞中证通用航空主题ETF,equity_sector,EQUITY_ETF,aerospace,Aerospace,true,true,2026-01-05,reviewed,https://www.sse.com.cn/assortment/fund/etf/list/,https://www.baostock.com/mainContent?file=DailyUpdates.md#query_daily_history_k_ETF,2026-07-31,
SH,563330,华泰柏瑞中证A股ETF,equity_broad,EQUITY_ETF,a_share,A Share,true,true,2026-01-05,reviewed,https://www.sse.com.cn/assortment/fund/etf/list/,https://www.baostock.com/mainContent?file=DailyUpdates.md#query_daily_history_k_ETF,2026-07-31,
SH,563350,华泰柏瑞中证A50ETF,equity_broad,EQUITY_ETF,csi_a50,CSI A50,true,true,2026-01-05,reviewed,https://www.sse.com.cn/assortment/fund/etf/list/,https://www.baostock.com/mainContent?file=DailyUpdates.md#query_daily_history_k_ETF,2026-07-31,
SH,563360,华泰柏瑞中证A500ETF,equity_broad,EQUITY_ETF,csi_a500,CSI A500,true,true,2026-01-05,reviewed,https://www.sse.com.cn/assortment/fund/etf/list/,https://www.baostock.com/mainContent?file=DailyUpdates.md#query_daily_history_k_ETF,2026-07-31,
SH,563380,华泰柏瑞中证全指航空航天ETF,equity_theme,EQUITY_ETF,defense,Defense,true,true,2026-01-05,reviewed,https://www.sse.com.cn/assortment/fund/etf/list/,https://www.baostock.com/mainContent?file=DailyUpdates.md#query_daily_history_k_ETF,2026-07-31,
SH,563390,华泰柏瑞中证全指自由现金流ETF,equity_strategy,EQUITY_ETF,free_cash_flow,Free Cash Flow,true,true,2026-01-05,reviewed,https://www.sse.com.cn/assortment/fund/etf/list/,https://www.baostock.com/mainContent?file=DailyUpdates.md#query_daily_history_k_ETF,2026-07-31,
SH,563500,华宝中证A500ETF,equity_broad,EQUITY_ETF,csi_a500,CSI A500,true,true,2026-01-05,reviewed,https://www.sse.com.cn/assortment/fund/etf/list/,https://www.baostock.com/mainContent?file=DailyUpdates.md#query_daily_history_k_ETF,2026-07-31,
SH,563510,易方达中证A500红利低波动ETF,equity_strategy,EQUITY_ETF,dividend_low_vol,Dividend Low Vol,true,true,2026-01-05,reviewed,https://www.sse.com.cn/assortment/fund/etf/list/,https://www.baostock.com/mainContent?file=DailyUpdates.md#query_daily_history_k_ETF,2026-07-31,
SH,563520,沪深300ETF永赢,equity_broad,EQUITY_ETF,csi300,CSI 300,true,true,2026-01-05,reviewed,https://www.sse.com.cn/assortment/fund/etf/list/,https://www.baostock.com/mainContent?file=DailyUpdates.md#query_daily_history_k_ETF,2026-07-31,
SH,563530,易方达中证卫星产业ETF,equity_theme,EQUITY_ETF,satellite_space,Satellite & Space,true,true,2026-01-05,reviewed,https://www.sse.com.cn/assortment/fund/etf/list/,https://www.baostock.com/mainContent?file=DailyUpdates.md#query_daily_history_k_ETF,2026-07-31,
SH,563550,摩根中证A500增强策略ETF,equity_strategy,EQUITY_ETF,enhanced,Enhanced,true,true,2026-01-05,reviewed,https://www.sse.com.cn/assortment/fund/etf/list/,https://www.baostock.com/mainContent?file=DailyUpdates.md#query_daily_history_k_ETF,2026-07-31,
SH,563560,兴业中证科技优势成长50策略ETF,equity_strategy,EQUITY_ETF,growth,Growth,false,true,2026-02-27,reviewed,https://www.sse.com.cn/assortment/fund/etf/list/,https://www.baostock.com/mainContent?file=DailyUpdates.md#query_daily_history_k_ETF,2026-07-31,partial_144_session_history_at_review
SH,563570,兴业中证金融科技ETF,equity_theme,EQUITY_ETF,technology,Technology,true,true,2026-01-05,reviewed,https://www.sse.com.cn/assortment/fund/etf/list/,https://www.baostock.com/mainContent?file=DailyUpdates.md#query_daily_history_k_ETF,2026-07-31,
SH,563580,万家中证800自由现金流ETF,equity_strategy,EQUITY_ETF,free_cash_flow,Free Cash Flow,true,true,2026-01-05,reviewed,https://www.sse.com.cn/assortment/fund/etf/list/,https://www.baostock.com/mainContent?file=DailyUpdates.md#query_daily_history_k_ETF,2026-07-31,
SH,563590,国寿安保中证A500红利低波动ETF,equity_strategy,EQUITY_ETF,dividend_low_vol,Dividend Low Vol,true,true,2026-01-05,reviewed,https://www.sse.com.cn/assortment/fund/etf/list/,https://www.baostock.com/mainContent?file=DailyUpdates.md#query_daily_history_k_ETF,2026-07-31,
SH,563600,易方达中证A500增强策略ETF,equity_strategy,EQUITY_ETF,enhanced,Enhanced,true,true,2026-01-05,reviewed,https://www.sse.com.cn/assortment/fund/etf/list/,https://www.baostock.com/mainContent?file=DailyUpdates.md#query_daily_history_k_ETF,2026-07-31,
SH,563620,兴业中证全指自由现金流ETF,equity_strategy,EQUITY_ETF,free_cash_flow,Free Cash Flow,true,true,2026-01-05,reviewed,https://www.sse.com.cn/assortment/fund/etf/list/,https://www.baostock.com/mainContent?file=DailyUpdates.md#query_daily_history_k_ETF,2026-07-31,
SH,563630,国联安中证A500增强ETF,equity_strategy,EQUITY_ETF,enhanced,Enhanced,true,true,2026-01-05,reviewed,https://www.sse.com.cn/assortment/fund/etf/list/,https://www.baostock.com/mainContent?file=DailyUpdates.md#query_daily_history_k_ETF,2026-07-31,
SH,563650,兴业中证A500ETF,equity_broad,EQUITY_ETF,csi_a500,CSI A500,true,true,2026-01-05,reviewed,https://www.sse.com.cn/assortment/fund/etf/list/,https://www.baostock.com/mainContent?file=DailyUpdates.md#query_daily_history_k_ETF,2026-07-31,
SH,563660,银河中证A500ETF,equity_broad,EQUITY_ETF,csi_a500,CSI A500,true,true,2026-01-05,reviewed,https://www.sse.com.cn/assortment/fund/etf/list/,https://www.baostock.com/mainContent?file=DailyUpdates.md#query_daily_history_k_ETF,2026-07-31,
SH,563670,鹏华中证金融科技主题ETF,equity_theme,EQUITY_ETF,technology,Technology,true,true,2026-01-05,reviewed,https://www.sse.com.cn/assortment/fund/etf/list/,https://www.baostock.com/mainContent?file=DailyUpdates.md#query_daily_history_k_ETF,2026-07-31,
SH,563680,汇添富中证800自由现金流ETF,equity_strategy,EQUITY_ETF,free_cash_flow,Free Cash Flow,true,true,2026-01-05,reviewed,https://www.sse.com.cn/assortment/fund/etf/list/,https://www.baostock.com/mainContent?file=DailyUpdates.md#query_daily_history_k_ETF,2026-07-31,
SH,563690,永赢中证红利低波ETF,equity_strategy,EQUITY_ETF,dividend_low_vol,Dividend Low Vol,true,true,2026-01-05,reviewed,https://www.sse.com.cn/assortment/fund/etf/list/,https://www.baostock.com/mainContent?file=DailyUpdates.md#query_daily_history_k_ETF,2026-07-31,
SH,563700,易方达中证红利价值ETF,equity_strategy,EQUITY_ETF,dividend,Dividend,true,true,2026-01-05,reviewed,https://www.sse.com.cn/assortment/fund/etf/list/,https://www.baostock.com/mainContent?file=DailyUpdates.md#query_daily_history_k_ETF,2026-07-31,
SH,563750,汇添富中证500ETF,equity_broad,EQUITY_ETF,csi500,CSI 500,true,true,2026-01-05,reviewed,https://www.sse.com.cn/assortment/fund/etf/list/,https://www.baostock.com/mainContent?file=DailyUpdates.md#query_daily_history_k_ETF,2026-07-31,
SH,563760,中银中证全指自由现金流ETF,equity_strategy,EQUITY_ETF,free_cash_flow,Free Cash Flow,true,true,2026-01-05,reviewed,https://www.sse.com.cn/assortment/fund/etf/list/,https://www.baostock.com/mainContent?file=DailyUpdates.md#query_daily_history_k_ETF,2026-07-31,
SH,563770,招商中证全指自由现金流ETF,equity_strategy,EQUITY_ETF,free_cash_flow,Free Cash Flow,true,true,2026-01-05,reviewed,https://www.sse.com.cn/assortment/fund/etf/list/,https://www.baostock.com/mainContent?file=DailyUpdates.md#query_daily_history_k_ETF,2026-07-31,
SH,563780,方正富邦中证全指自由现金流ETF,equity_strategy,EQUITY_ETF,free_cash_flow,Free Cash Flow,true,true,2026-01-05,reviewed,https://www.sse.com.cn/assortment/fund/etf/list/,https://www.baostock.com/mainContent?file=DailyUpdates.md#query_daily_history_k_ETF,2026-07-31,
SH,563790,鹏华中证卫星产业ETF,equity_theme,EQUITY_ETF,satellite_space,Satellite & Space,true,true,2026-01-05,reviewed,https://www.sse.com.cn/assortment/fund/etf/list/,https://www.baostock.com/mainContent?file=DailyUpdates.md#query_daily_history_k_ETF,2026-07-31,
SH,563800,广发中证A500ETF,equity_broad,EQUITY_ETF,csi_a500,CSI A500,true,true,2026-01-05,reviewed,https://www.sse.com.cn/assortment/fund/etf/list/,https://www.baostock.com/mainContent?file=DailyUpdates.md#query_daily_history_k_ETF,2026-07-31,
SH,563830,博时中证全指自由现金流ETF,equity_strategy,EQUITY_ETF,free_cash_flow,Free Cash Flow,true,true,2026-01-05,reviewed,https://www.sse.com.cn/assortment/fund/etf/list/,https://www.baostock.com/mainContent?file=DailyUpdates.md#query_daily_history_k_ETF,2026-07-31,
SH,563850,广发中证全指食品ETF,equity_sector,EQUITY_ETF,food_beverage,Food & Beverage,true,true,2026-01-05,reviewed,https://www.sse.com.cn/assortment/fund/etf/list/,https://www.baostock.com/mainContent?file=DailyUpdates.md#query_daily_history_k_ETF,2026-07-31,
SH,563860,海富通中证A500ETF,equity_broad,EQUITY_ETF,csi_a500,CSI A500,true,true,2026-01-05,reviewed,https://www.sse.com.cn/assortment/fund/etf/list/,https://www.baostock.com/mainContent?file=DailyUpdates.md#query_daily_history_k_ETF,2026-07-31,
SH,563870,鹏华中证通用航空主题ETF,equity_sector,EQUITY_ETF,aerospace,Aerospace,false,true,2026-01-15,reviewed,https://www.sse.com.cn/assortment/fund/etf/list/,https://www.baostock.com/mainContent?file=DailyUpdates.md#query_daily_history_k_ETF,2026-07-31,partial_144_session_history_at_review
SH,563880,汇添富中证A500ETF,equity_broad,EQUITY_ETF,csi_a500,CSI A500,true,true,2026-01-05,reviewed,https://www.sse.com.cn/assortment/fund/etf/list/,https://www.baostock.com/mainContent?file=DailyUpdates.md#query_daily_history_k_ETF,2026-07-31,
SH,563890,创金合信中证国有企业红利ETF,equity_strategy,EQUITY_ETF,dividend,Dividend,true,true,2026-01-05,reviewed,https://www.sse.com.cn/assortment/fund/etf/list/,https://www.baostock.com/mainContent?file=DailyUpdates.md#query_daily_history_k_ETF,2026-07-31,
SH,563900,摩根沪深300自由现金流ETF,equity_strategy,EQUITY_ETF,free_cash_flow,Free Cash Flow,true,true,2026-01-05,reviewed,https://www.sse.com.cn/assortment/fund/etf/list/,https://www.baostock.com/mainContent?file=DailyUpdates.md#query_daily_history_k_ETF,2026-07-31,
SH,563930,招商上证综合增强策略ETF,equity_strategy,EQUITY_ETF,enhanced,Enhanced,false,true,2026-01-06,reviewed,https://www.sse.com.cn/assortment/fund/etf/list/,https://www.baostock.com/mainContent?file=DailyUpdates.md#query_daily_history_k_ETF,2026-07-31,partial_144_session_history_at_review
SH,563960,兴全沪深300质量ETF,equity_strategy,EQUITY_ETF,quality,Quality,false,true,2026-01-08,reviewed,https://www.sse.com.cn/assortment/fund/etf/list/,https://www.baostock.com/mainContent?file=DailyUpdates.md#query_daily_history_k_ETF,2026-07-31,partial_144_session_history_at_review
SH,563980,鑫元中证800红利低波动ETF,equity_strategy,EQUITY_ETF,dividend_low_vol,Dividend Low Vol,true,true,2026-01-05,reviewed,https://www.sse.com.cn/assortment/fund/etf/list/,https://www.baostock.com/mainContent?file=DailyUpdates.md#query_daily_history_k_ETF,2026-07-31,
SH,563990,富国中证800自由现金流ETF,equity_strategy,EQUITY_ETF,free_cash_flow,Free Cash Flow,true,true,2026-01-05,reviewed,https://www.sse.com.cn/assortment/fund/etf/list/,https://www.baostock.com/mainContent?file=DailyUpdates.md#query_daily_history_k_ETF,2026-07-31,
SH,588000,华夏上证科创板50成份ETF,equity_broad,EQUITY_ETF,star50,STAR 50,true,true,2026-01-05,reviewed,https://www.sse.com.cn/assortment/fund/etf/list/,https://www.baostock.com/mainContent?file=DailyUpdates.md#query_daily_history_k_ETF,2026-07-31,
SH,588010,博时上证科创板新材料ETF,equity_sector,EQUITY_ETF,materials,Materials,true,true,2026-01-05,reviewed,https://www.sse.com.cn/assortment/fund/etf/list/,https://www.baostock.com/mainContent?file=DailyUpdates.md#query_daily_history_k_ETF,2026-07-31,
SH,588020,易方达上证科创板成长ETF,equity_strategy,EQUITY_ETF,growth,Growth,true,true,2026-01-05,reviewed,https://www.sse.com.cn/assortment/fund/etf/list/,https://www.baostock.com/mainContent?file=DailyUpdates.md#query_daily_history_k_ETF,2026-07-31,
SH,588030,博时上证科创板100ETF,equity_broad,EQUITY_ETF,star100,STAR 100,true,true,2026-01-05,reviewed,https://www.sse.com.cn/assortment/fund/etf/list/,https://www.baostock.com/mainContent?file=DailyUpdates.md#query_daily_history_k_ETF,2026-07-31,
SH,588040,鹏华科创板50ETF,equity_broad,EQUITY_ETF,star50,STAR 50,true,true,2026-01-05,reviewed,https://www.sse.com.cn/assortment/fund/etf/list/,https://www.baostock.com/mainContent?file=DailyUpdates.md#query_daily_history_k_ETF,2026-07-31,
SH,588050,工银瑞信上证科创板50成份ETF,equity_broad,EQUITY_ETF,star50,STAR 50,true,true,2026-01-05,reviewed,https://www.sse.com.cn/assortment/fund/etf/list/,https://www.baostock.com/mainContent?file=DailyUpdates.md#query_daily_history_k_ETF,2026-07-31,
SH,588060,广发上证科创板50成份ETF,equity_broad,EQUITY_ETF,star50,STAR 50,true,true,2026-01-05,reviewed,https://www.sse.com.cn/assortment/fund/etf/list/,https://www.baostock.com/mainContent?file=DailyUpdates.md#query_daily_history_k_ETF,2026-07-31,
SH,588070,万家上证科创板成长ETF,equity_strategy,EQUITY_ETF,growth,Growth,true,true,2026-01-05,reviewed,https://www.sse.com.cn/assortment/fund/etf/list/,https://www.baostock.com/mainContent?file=DailyUpdates.md#query_daily_history_k_ETF,2026-07-31,
SH,588080,易方达上证科创板50ETF,equity_broad,EQUITY_ETF,star50,STAR 50,true,true,2026-01-05,reviewed,https://www.sse.com.cn/assortment/fund/etf/list/,https://www.baostock.com/mainContent?file=DailyUpdates.md#query_daily_history_k_ETF,2026-07-31,
SH,588090,华泰柏瑞上证科创板50成份ETF,equity_broad,EQUITY_ETF,star50,STAR 50,true,true,2026-01-05,reviewed,https://www.sse.com.cn/assortment/fund/etf/list/,https://www.baostock.com/mainContent?file=DailyUpdates.md#query_daily_history_k_ETF,2026-07-31,
SH,588100,嘉实上证科创板新一代信息技术ETF,equity_sector,EQUITY_ETF,information_technology,Information Technology,true,true,2026-01-05,reviewed,https://www.sse.com.cn/assortment/fund/etf/list/,https://www.baostock.com/mainContent?file=DailyUpdates.md#query_daily_history_k_ETF,2026-07-31,
SH,588110,广发上证科创板成长ETF,equity_strategy,EQUITY_ETF,growth,Growth,true,true,2026-01-05,reviewed,https://www.sse.com.cn/assortment/fund/etf/list/,https://www.baostock.com/mainContent?file=DailyUpdates.md#query_daily_history_k_ETF,2026-07-31,
SH,588120,国泰上证科创板100ETF,equity_broad,EQUITY_ETF,star100,STAR 100,true,true,2026-01-05,reviewed,https://www.sse.com.cn/assortment/fund/etf/list/,https://www.baostock.com/mainContent?file=DailyUpdates.md#query_daily_history_k_ETF,2026-07-31,
SH,588130,华夏上证科创板生物医药ETF,equity_theme,EQUITY_ETF,biotechnology,Biotechnology,true,true,2026-01-05,reviewed,https://www.sse.com.cn/assortment/fund/etf/list/,https://www.baostock.com/mainContent?file=DailyUpdates.md#query_daily_history_k_ETF,2026-07-31,
SH,588140,广发上证科创200ETF,equity_broad,EQUITY_ETF,star200,STAR 200,true,true,2026-01-05,reviewed,https://www.sse.com.cn/assortment/fund/etf/list/,https://www.baostock.com/mainContent?file=DailyUpdates.md#query_daily_history_k_ETF,2026-07-31,
SH,588150,南方上证科创板50成份ETF,equity_broad,EQUITY_ETF,star50,STAR 50,true,true,2026-01-05,reviewed,https://www.sse.com.cn/assortment/fund/etf/list/,https://www.baostock.com/mainContent?file=DailyUpdates.md#query_daily_history_k_ETF,2026-07-31,
SH,588160,南方上证科创板新材料ETF,equity_sector,EQUITY_ETF,materials,Materials,true,true,2026-01-05,reviewed,https://www.sse.com.cn/assortment/fund/etf/list/,https://www.baostock.com/mainContent?file=DailyUpdates.md#query_daily_history_k_ETF,2026-07-31,
SH,588170,华夏上证科创板半导体材料设备主题ETF,equity_theme,EQUITY_ETF,semiconductor,Semiconductor,true,true,2026-01-05,reviewed,https://www.sse.com.cn/assortment/fund/etf/list/,https://www.baostock.com/mainContent?file=DailyUpdates.md#query_daily_history_k_ETF,2026-07-31,
SH,588180,国联安科创ETF,equity_theme,EQUITY_ETF,exposure_ba292830515b,科创,true,true,2026-01-05,reviewed,https://www.sse.com.cn/assortment/fund/etf/list/,https://www.baostock.com/mainContent?file=DailyUpdates.md#query_daily_history_k_ETF,2026-07-31,
SH,588190,银华上证科创板100ETF,equity_broad,EQUITY_ETF,star100,STAR 100,true,true,2026-01-05,reviewed,https://www.sse.com.cn/assortment/fund/etf/list/,https://www.baostock.com/mainContent?file=DailyUpdates.md#query_daily_history_k_ETF,2026-07-31,
SH,588200,嘉实上证科创板芯片ETF,equity_theme,EQUITY_ETF,semiconductor,Semiconductor,true,true,2026-01-05,reviewed,https://www.sse.com.cn/assortment/fund/etf/list/,https://www.baostock.com/mainContent?file=DailyUpdates.md#query_daily_history_k_ETF,2026-07-31,
SH,588210,易方达上证科创板100ETF,equity_broad,EQUITY_ETF,star100,STAR 100,true,true,2026-01-05,reviewed,https://www.sse.com.cn/assortment/fund/etf/list/,https://www.baostock.com/mainContent?file=DailyUpdates.md#query_daily_history_k_ETF,2026-07-31,
SH,588220,鹏华上证科创板100ETF,equity_broad,EQUITY_ETF,star100,STAR 100,true,true,2026-01-05,reviewed,https://www.sse.com.cn/assortment/fund/etf/list/,https://www.baostock.com/mainContent?file=DailyUpdates.md#query_daily_history_k_ETF,2026-07-31,
SH,588230,华泰柏瑞上证科创板200ETF,equity_broad,EQUITY_ETF,star200,STAR 200,true,true,2026-01-05,reviewed,https://www.sse.com.cn/assortment/fund/etf/list/,https://www.baostock.com/mainContent?file=DailyUpdates.md#query_daily_history_k_ETF,2026-07-31,
SH,588240,鹏华上证科创板200ETF,equity_broad,EQUITY_ETF,star200,STAR 200,true,true,2026-01-05,reviewed,https://www.sse.com.cn/assortment/fund/etf/list/,https://www.baostock.com/mainContent?file=DailyUpdates.md#query_daily_history_k_ETF,2026-07-31,
SH,588250,鹏华上证科创板生物医药ETF,equity_theme,EQUITY_ETF,biotechnology,Biotechnology,true,true,2026-01-05,reviewed,https://www.sse.com.cn/assortment/fund/etf/list/,https://www.baostock.com/mainContent?file=DailyUpdates.md#query_daily_history_k_ETF,2026-07-31,
SH,588260,华安上证科创板新一代信息技术ETF,equity_sector,EQUITY_ETF,information_technology,Information Technology,true,true,2026-01-05,reviewed,https://www.sse.com.cn/assortment/fund/etf/list/,https://www.baostock.com/mainContent?file=DailyUpdates.md#query_daily_history_k_ETF,2026-07-31,
SH,588270,易方达上证科创板200ETF,equity_broad,EQUITY_ETF,star200,STAR 200,true,true,2026-01-05,reviewed,https://www.sse.com.cn/assortment/fund/etf/list/,https://www.baostock.com/mainContent?file=DailyUpdates.md#query_daily_history_k_ETF,2026-07-31,
SH,588280,华安上证科创板50ETF,equity_broad,EQUITY_ETF,star50,STAR 50,true,true,2026-01-05,reviewed,https://www.sse.com.cn/assortment/fund/etf/list/,https://www.baostock.com/mainContent?file=DailyUpdates.md#query_daily_history_k_ETF,2026-07-31,
SH,588290,华安上证科创板芯片ETF,equity_theme,EQUITY_ETF,semiconductor,Semiconductor,true,true,2026-01-05,reviewed,https://www.sse.com.cn/assortment/fund/etf/list/,https://www.baostock.com/mainContent?file=DailyUpdates.md#query_daily_history_k_ETF,2026-07-31,
SH,588300,招商中证科创创业50ETF,equity_broad,EQUITY_ETF,star_chinext50,STAR ChiNext 50,true,true,2026-01-05,reviewed,https://www.sse.com.cn/assortment/fund/etf/list/,https://www.baostock.com/mainContent?file=DailyUpdates.md#query_daily_history_k_ETF,2026-07-31,
SH,588310,方正富邦中证科创创业50ETF,equity_broad,EQUITY_ETF,star_chinext50,STAR ChiNext 50,true,true,2026-01-05,reviewed,https://www.sse.com.cn/assortment/fund/etf/list/,https://www.baostock.com/mainContent?file=DailyUpdates.md#query_daily_history_k_ETF,2026-07-31,
SH,588320,广发中证科创创业50增强策略ETF,equity_strategy,EQUITY_ETF,enhanced,Enhanced,true,true,2026-01-05,reviewed,https://www.sse.com.cn/assortment/fund/etf/list/,https://www.baostock.com/mainContent?file=DailyUpdates.md#query_daily_history_k_ETF,2026-07-31,
SH,588330,华宝双创龙头ETF,equity_theme,EQUITY_ETF,exposure_a2654ae18344,华宝双创龙头,true,true,2026-01-05,reviewed,https://www.sse.com.cn/assortment/fund/etf/list/,https://www.baostock.com/mainContent?file=DailyUpdates.md#query_daily_history_k_ETF,2026-07-31,
SH,588350,鹏扬中证科创创业50ETF,equity_broad,EQUITY_ETF,star_chinext50,STAR ChiNext 50,true,true,2026-01-05,reviewed,https://www.sse.com.cn/assortment/fund/etf/list/,https://www.baostock.com/mainContent?file=DailyUpdates.md#query_daily_history_k_ETF,2026-07-31,
SH,588360,国泰中证科创创业50ETF,equity_broad,EQUITY_ETF,star_chinext50,STAR ChiNext 50,true,true,2026-01-05,reviewed,https://www.sse.com.cn/assortment/fund/etf/list/,https://www.baostock.com/mainContent?file=DailyUpdates.md#query_daily_history_k_ETF,2026-07-31,
SH,588370,南方上证科创板50成份增强策略ETF,equity_strategy,EQUITY_ETF,enhanced,Enhanced,true,true,2026-01-05,reviewed,https://www.sse.com.cn/assortment/fund/etf/list/,https://www.baostock.com/mainContent?file=DailyUpdates.md#query_daily_history_k_ETF,2026-07-31,
SH,588380,富国中证科创创业50ETF,equity_broad,EQUITY_ETF,star_chinext50,STAR ChiNext 50,true,true,2026-01-05,reviewed,https://www.sse.com.cn/assortment/fund/etf/list/,https://www.baostock.com/mainContent?file=DailyUpdates.md#query_daily_history_k_ETF,2026-07-31,
SH,588390,博时中证科创创业50ETF,equity_broad,EQUITY_ETF,star_chinext50,STAR ChiNext 50,true,true,2026-01-05,reviewed,https://www.sse.com.cn/assortment/fund/etf/list/,https://www.baostock.com/mainContent?file=DailyUpdates.md#query_daily_history_k_ETF,2026-07-31,
SH,588400,嘉实中证科创创业50ETF,equity_broad,EQUITY_ETF,star_chinext50,STAR ChiNext 50,true,true,2026-01-05,reviewed,https://www.sse.com.cn/assortment/fund/etf/list/,https://www.baostock.com/mainContent?file=DailyUpdates.md#query_daily_history_k_ETF,2026-07-31,
SH,588410,鹏华中证科创创业人工智能ETF,equity_theme,EQUITY_ETF,ai_computing,AI & Computing,true,true,2026-01-05,reviewed,https://www.sse.com.cn/assortment/fund/etf/list/,https://www.baostock.com/mainContent?file=DailyUpdates.md#query_daily_history_k_ETF,2026-07-31,
SH,588420,摩根中证科创创业人工智能ETF,equity_theme,EQUITY_ETF,ai_computing,AI & Computing,true,true,2026-01-05,reviewed,https://www.sse.com.cn/assortment/fund/etf/list/,https://www.baostock.com/mainContent?file=DailyUpdates.md#query_daily_history_k_ETF,2026-07-31,
SH,588430,工银瑞信中证科创创业人工智能ETF,equity_theme,EQUITY_ETF,ai_computing,AI & Computing,true,true,2026-01-05,reviewed,https://www.sse.com.cn/assortment/fund/etf/list/,https://www.baostock.com/mainContent?file=DailyUpdates.md#query_daily_history_k_ETF,2026-07-31,
SH,588450,招商上证科创板50成份增强策略ETF,equity_strategy,EQUITY_ETF,enhanced,Enhanced,true,true,2026-01-05,reviewed,https://www.sse.com.cn/assortment/fund/etf/list/,https://www.baostock.com/mainContent?file=DailyUpdates.md#query_daily_history_k_ETF,2026-07-31,
SH,588460,鹏华上证科创板50成份增强策略ETF,equity_strategy,EQUITY_ETF,enhanced,Enhanced,true,true,2026-01-05,reviewed,https://www.sse.com.cn/assortment/fund/etf/list/,https://www.baostock.com/mainContent?file=DailyUpdates.md#query_daily_history_k_ETF,2026-07-31,
SH,588470,华安中证科创创业人工智能ETF,equity_theme,EQUITY_ETF,ai_computing,AI & Computing,false,true,2026-05-28,reviewed,https://www.sse.com.cn/assortment/fund/etf/list/,https://www.baostock.com/mainContent?file=DailyUpdates.md#query_daily_history_k_ETF,2026-07-31,partial_144_session_history_at_review
SH,588480,中金中证科创创业人工智能ETF,equity_theme,EQUITY_ETF,ai_computing,AI & Computing,false,true,2026-05-12,reviewed,https://www.sse.com.cn/assortment/fund/etf/list/,https://www.baostock.com/mainContent?file=DailyUpdates.md#query_daily_history_k_ETF,2026-07-31,partial_144_session_history_at_review
SH,588500,易方达上证科创板100增强策略ETF,equity_strategy,EQUITY_ETF,enhanced,Enhanced,true,true,2026-01-05,reviewed,https://www.sse.com.cn/assortment/fund/etf/list/,https://www.baostock.com/mainContent?file=DailyUpdates.md#query_daily_history_k_ETF,2026-07-31,
SH,588510,华夏中证科创创业人工智能ETF,equity_theme,EQUITY_ETF,ai_computing,AI & Computing,false,true,2026-05-29,reviewed,https://www.sse.com.cn/assortment/fund/etf/list/,https://www.baostock.com/mainContent?file=DailyUpdates.md#query_daily_history_k_ETF,2026-07-31,partial_144_session_history_at_review
SH,588520,永赢上证科创板综合价格增强策略ETF,equity_strategy,EQUITY_ETF,enhanced,Enhanced,true,true,2026-01-05,reviewed,https://www.sse.com.cn/assortment/fund/etf/list/,https://www.baostock.com/mainContent?file=DailyUpdates.md#query_daily_history_k_ETF,2026-07-31,
SH,588530,中银证券中证科创创业人工智能ETF,equity_theme,EQUITY_ETF,ai_computing,AI & Computing,false,true,2026-07-29,reviewed,https://www.sse.com.cn/assortment/fund/etf/list/,https://www.baostock.com/mainContent?file=DailyUpdates.md#query_daily_history_k_ETF,2026-07-31,partial_144_session_history_at_review
SH,588550,易方达上证科创板综合增强策略ETF,equity_strategy,EQUITY_ETF,enhanced,Enhanced,true,true,2026-01-05,reviewed,https://www.sse.com.cn/assortment/fund/etf/list/,https://www.baostock.com/mainContent?file=DailyUpdates.md#query_daily_history_k_ETF,2026-07-31,
SH,588660,兴银中证科创创业50ETF,equity_broad,EQUITY_ETF,star_chinext50,STAR ChiNext 50,true,true,2026-01-05,reviewed,https://www.sse.com.cn/assortment/fund/etf/list/,https://www.baostock.com/mainContent?file=DailyUpdates.md#query_daily_history_k_ETF,2026-07-31,
SH,588670,嘉实上证科创板综合增强策略ETF,equity_strategy,EQUITY_ETF,enhanced,Enhanced,true,true,2026-01-05,reviewed,https://www.sse.com.cn/assortment/fund/etf/list/,https://www.baostock.com/mainContent?file=DailyUpdates.md#query_daily_history_k_ETF,2026-07-31,
SH,588680,广发上证科创板100增强策略ETF,equity_strategy,EQUITY_ETF,enhanced,Enhanced,true,true,2026-01-05,reviewed,https://www.sse.com.cn/assortment/fund/etf/list/,https://www.baostock.com/mainContent?file=DailyUpdates.md#query_daily_history_k_ETF,2026-07-31,
SH,588690,银华上证科创板综合增强策略ETF,equity_strategy,EQUITY_ETF,enhanced,Enhanced,true,true,2026-01-05,reviewed,https://www.sse.com.cn/assortment/fund/etf/list/,https://www.baostock.com/mainContent?file=DailyUpdates.md#query_daily_history_k_ETF,2026-07-31,
SH,588700,嘉实上证科创板生物医药ETF,equity_theme,EQUITY_ETF,biotechnology,Biotechnology,true,true,2026-01-05,reviewed,https://www.sse.com.cn/assortment/fund/etf/list/,https://www.baostock.com/mainContent?file=DailyUpdates.md#query_daily_history_k_ETF,2026-07-31,
SH,588710,华泰柏瑞上证科创板半导体材料设备主题ETF,equity_theme,EQUITY_ETF,semiconductor,Semiconductor,true,true,2026-01-05,reviewed,https://www.sse.com.cn/assortment/fund/etf/list/,https://www.baostock.com/mainContent?file=DailyUpdates.md#query_daily_history_k_ETF,2026-07-31,
SH,588720,中银上证科创板50ETF,equity_broad,EQUITY_ETF,star50,STAR 50,true,true,2026-01-05,reviewed,https://www.sse.com.cn/assortment/fund/etf/list/,https://www.baostock.com/mainContent?file=DailyUpdates.md#query_daily_history_k_ETF,2026-07-31,
SH,588730,易方达上证科创板人工智能ETF,equity_theme,EQUITY_ETF,ai_computing,AI & Computing,true,true,2026-01-05,reviewed,https://www.sse.com.cn/assortment/fund/etf/list/,https://www.baostock.com/mainContent?file=DailyUpdates.md#query_daily_history_k_ETF,2026-07-31,
SH,588750,汇添富上证科创板芯片ETF,equity_theme,EQUITY_ETF,semiconductor,Semiconductor,true,true,2026-01-05,reviewed,https://www.sse.com.cn/assortment/fund/etf/list/,https://www.baostock.com/mainContent?file=DailyUpdates.md#query_daily_history_k_ETF,2026-07-31,
SH,588760,广发上证科创板人工智能ETF,equity_theme,EQUITY_ETF,ai_computing,AI & Computing,true,true,2026-01-05,reviewed,https://www.sse.com.cn/assortment/fund/etf/list/,https://www.baostock.com/mainContent?file=DailyUpdates.md#query_daily_history_k_ETF,2026-07-31,
SH,588770,摩根上证科创板新一代信息技术ETF,equity_sector,EQUITY_ETF,information_technology,Information Technology,true,true,2026-01-05,reviewed,https://www.sse.com.cn/assortment/fund/etf/list/,https://www.baostock.com/mainContent?file=DailyUpdates.md#query_daily_history_k_ETF,2026-07-31,
SH,588780,国联安科创芯片设计ETF,equity_theme,EQUITY_ETF,semiconductor,Semiconductor,true,true,2026-01-05,reviewed,https://www.sse.com.cn/assortment/fund/etf/list/,https://www.baostock.com/mainContent?file=DailyUpdates.md#query_daily_history_k_ETF,2026-07-31,
SH,588790,博时科创板人工智能ETF,equity_theme,EQUITY_ETF,ai_computing,AI & Computing,true,true,2026-01-05,reviewed,https://www.sse.com.cn/assortment/fund/etf/list/,https://www.baostock.com/mainContent?file=DailyUpdates.md#query_daily_history_k_ETF,2026-07-31,
SH,588800,华夏上证科创板100ETF,equity_broad,EQUITY_ETF,star100,STAR 100,true,true,2026-01-05,reviewed,https://www.sse.com.cn/assortment/fund/etf/list/,https://www.baostock.com/mainContent?file=DailyUpdates.md#query_daily_history_k_ETF,2026-07-31,
SH,588810,富国上证科创板芯片ETF,equity_theme,EQUITY_ETF,semiconductor,Semiconductor,true,true,2026-01-05,reviewed,https://www.sse.com.cn/assortment/fund/etf/list/,https://www.baostock.com/mainContent?file=DailyUpdates.md#query_daily_history_k_ETF,2026-07-31,
SH,588820,华夏上证科创板200ETF,equity_broad,EQUITY_ETF,star200,STAR 200,true,true,2026-01-05,reviewed,https://www.sse.com.cn/assortment/fund/etf/list/,https://www.baostock.com/mainContent?file=DailyUpdates.md#query_daily_history_k_ETF,2026-07-31,
SH,588830,鹏华上证科创板新能源ETF,equity_theme,EQUITY_ETF,new_energy,New Energy,true,true,2026-01-05,reviewed,https://www.sse.com.cn/assortment/fund/etf/list/,https://www.baostock.com/mainContent?file=DailyUpdates.md#query_daily_history_k_ETF,2026-07-31,
SH,588840,万家上证科创板50成份ETF,equity_broad,EQUITY_ETF,star50,STAR 50,true,true,2026-01-05,reviewed,https://www.sse.com.cn/assortment/fund/etf/list/,https://www.baostock.com/mainContent?file=DailyUpdates.md#query_daily_history_k_ETF,2026-07-31,
SH,588850,嘉实上证科创板工业机械ETF,equity_theme,EQUITY_ETF,exposure_5b22ea0a2509,上证科创板工业机械,true,true,2026-01-05,reviewed,https://www.sse.com.cn/assortment/fund/etf/list/,https://www.baostock.com/mainContent?file=DailyUpdates.md#query_daily_history_k_ETF,2026-07-31,
SH,588860,工银瑞信上证科创板生物医药ETF,equity_theme,EQUITY_ETF,biotechnology,Biotechnology,true,true,2026-01-05,reviewed,https://www.sse.com.cn/assortment/fund/etf/list/,https://www.baostock.com/mainContent?file=DailyUpdates.md#query_daily_history_k_ETF,2026-07-31,
SH,588870,汇添富上证科创板50成份ETF,equity_broad,EQUITY_ETF,star50,STAR 50,true,true,2026-01-05,reviewed,https://www.sse.com.cn/assortment/fund/etf/list/,https://www.baostock.com/mainContent?file=DailyUpdates.md#query_daily_history_k_ETF,2026-07-31,
SH,588880,华泰柏瑞上证科创板100ETF,equity_broad,EQUITY_ETF,star100,STAR 100,true,true,2026-01-05,reviewed,https://www.sse.com.cn/assortment/fund/etf/list/,https://www.baostock.com/mainContent?file=DailyUpdates.md#query_daily_history_k_ETF,2026-07-31,
SH,588890,南方上证科创板芯片ETF,equity_theme,EQUITY_ETF,semiconductor,Semiconductor,true,true,2026-01-05,reviewed,https://www.sse.com.cn/assortment/fund/etf/list/,https://www.baostock.com/mainContent?file=DailyUpdates.md#query_daily_history_k_ETF,2026-07-31,
SH,588900,南方上证科创板100ETF,equity_broad,EQUITY_ETF,star100,STAR 100,true,true,2026-01-05,reviewed,https://www.sse.com.cn/assortment/fund/etf/list/,https://www.baostock.com/mainContent?file=DailyUpdates.md#query_daily_history_k_ETF,2026-07-31,
SH,588910,建信上证智选科创板创新价值ETF,equity_strategy,EQUITY_ETF,value,Value,true,true,2026-01-05,reviewed,https://www.sse.com.cn/assortment/fund/etf/list/,https://www.baostock.com/mainContent?file=DailyUpdates.md#query_daily_history_k_ETF,2026-07-31,
SH,588920,鹏华上证科创板芯片ETF,equity_theme,EQUITY_ETF,semiconductor,Semiconductor,true,true,2026-01-05,reviewed,https://www.sse.com.cn/assortment/fund/etf/list/,https://www.baostock.com/mainContent?file=DailyUpdates.md#query_daily_history_k_ETF,2026-07-31,
SH,588930,银华上证科创板人工智能ETF,equity_theme,EQUITY_ETF,ai_computing,AI & Computing,true,true,2026-01-05,reviewed,https://www.sse.com.cn/assortment/fund/etf/list/,https://www.baostock.com/mainContent?file=DailyUpdates.md#query_daily_history_k_ETF,2026-07-31,
SH,588940,富国上证科创板50成份ETF,equity_broad,EQUITY_ETF,star50,STAR 50,true,true,2026-01-05,reviewed,https://www.sse.com.cn/assortment/fund/etf/list/,https://www.baostock.com/mainContent?file=DailyUpdates.md#query_daily_history_k_ETF,2026-07-31,
SH,588950,景顺长城上证科创板50成份ETF,equity_broad,EQUITY_ETF,star50,STAR 50,true,true,2026-01-05,reviewed,https://www.sse.com.cn/assortment/fund/etf/list/,https://www.baostock.com/mainContent?file=DailyUpdates.md#query_daily_history_k_ETF,2026-07-31,
SH,588960,富国上证科创板新能源ETF,equity_theme,EQUITY_ETF,new_energy,New Energy,true,true,2026-01-05,reviewed,https://www.sse.com.cn/assortment/fund/etf/list/,https://www.baostock.com/mainContent?file=DailyUpdates.md#query_daily_history_k_ETF,2026-07-31,
SH,588980,广发上证科创板100ETF,equity_broad,EQUITY_ETF,star100,STAR 100,true,true,2026-01-05,reviewed,https://www.sse.com.cn/assortment/fund/etf/list/,https://www.baostock.com/mainContent?file=DailyUpdates.md#query_daily_history_k_ETF,2026-07-31,
SH,588990,博时上证科创板芯片ETF,equity_theme,EQUITY_ETF,semiconductor,Semiconductor,true,true,2026-01-05,reviewed,https://www.sse.com.cn/assortment/fund/etf/list/,https://www.baostock.com/mainContent?file=DailyUpdates.md#query_daily_history_k_ETF,2026-07-31,
SH,589000,华夏上证科创板综合ETF,equity_broad,EQUITY_ETF,star_composite,STAR Composite,true,true,2026-01-05,reviewed,https://www.sse.com.cn/assortment/fund/etf/list/,https://www.baostock.com/mainContent?file=DailyUpdates.md#query_daily_history_k_ETF,2026-07-31,
SH,589010,华夏上证科创板人工智能ETF,equity_theme,EQUITY_ETF,ai_computing,AI & Computing,true,true,2026-01-05,reviewed,https://www.sse.com.cn/assortment/fund/etf/list/,https://www.baostock.com/mainContent?file=DailyUpdates.md#query_daily_history_k_ETF,2026-07-31,
SH,589020,鹏华科创板半导体材料设备主题ETF,equity_theme,EQUITY_ETF,semiconductor,Semiconductor,true,true,2026-01-05,reviewed,https://www.sse.com.cn/assortment/fund/etf/list/,https://www.baostock.com/mainContent?file=DailyUpdates.md#query_daily_history_k_ETF,2026-07-31,
SH,589030,易方达上证科创板芯片设计主题ETF,equity_theme,EQUITY_ETF,semiconductor,Semiconductor,false,true,2026-01-19,reviewed,https://www.sse.com.cn/assortment/fund/etf/list/,https://www.baostock.com/mainContent?file=DailyUpdates.md#query_daily_history_k_ETF,2026-07-31,partial_144_session_history_at_review
SH,589050,兴业科创价格ETF,equity_theme,EQUITY_ETF,exposure_165e1d688529,科创价格,true,true,2026-01-05,reviewed,https://www.sse.com.cn/assortment/fund/etf/list/,https://www.baostock.com/mainContent?file=DailyUpdates.md#query_daily_history_k_ETF,2026-07-31,
SH,589060,科创综指ETF东财,equity_broad,EQUITY_ETF,star_composite,STAR Composite,true,true,2026-01-05,reviewed,https://www.sse.com.cn/assortment/fund/etf/list/,https://www.baostock.com/mainContent?file=DailyUpdates.md#query_daily_history_k_ETF,2026-07-31,
SH,589070,天弘上证科创板芯片设计主题ETF,equity_theme,EQUITY_ETF,semiconductor,Semiconductor,false,true,2026-01-23,reviewed,https://www.sse.com.cn/assortment/fund/etf/list/,https://www.baostock.com/mainContent?file=DailyUpdates.md#query_daily_history_k_ETF,2026-07-31,partial_144_session_history_at_review
SH,589080,汇添富上证科创板综合ETF,equity_broad,EQUITY_ETF,star_composite,STAR Composite,true,true,2026-01-05,reviewed,https://www.sse.com.cn/assortment/fund/etf/list/,https://www.baostock.com/mainContent?file=DailyUpdates.md#query_daily_history_k_ETF,2026-07-31,
SH,589090,鹏华科创板人工智能ETF,equity_theme,EQUITY_ETF,ai_computing,AI & Computing,true,true,2026-01-05,reviewed,https://www.sse.com.cn/assortment/fund/etf/list/,https://www.baostock.com/mainContent?file=DailyUpdates.md#query_daily_history_k_ETF,2026-07-31,
SH,589100,国泰上证科创板芯片ETF,equity_theme,EQUITY_ETF,semiconductor,Semiconductor,true,true,2026-01-05,reviewed,https://www.sse.com.cn/assortment/fund/etf/list/,https://www.baostock.com/mainContent?file=DailyUpdates.md#query_daily_history_k_ETF,2026-07-31,
SH,589110,国泰上证科创板人工智能ETF,equity_theme,EQUITY_ETF,ai_computing,AI & Computing,true,true,2026-01-05,reviewed,https://www.sse.com.cn/assortment/fund/etf/list/,https://www.baostock.com/mainContent?file=DailyUpdates.md#query_daily_history_k_ETF,2026-07-31,
SH,589120,汇添富上证科创板创新药ETF,equity_theme,EQUITY_ETF,innovative_drugs,Innovative Drugs,true,true,2026-01-05,reviewed,https://www.sse.com.cn/assortment/fund/etf/list/,https://www.baostock.com/mainContent?file=DailyUpdates.md#query_daily_history_k_ETF,2026-07-31,
SH,589130,易方达上证科创板芯片ETF,equity_theme,EQUITY_ETF,semiconductor,Semiconductor,false,true,2026-01-08,reviewed,https://www.sse.com.cn/assortment/fund/etf/list/,https://www.baostock.com/mainContent?file=DailyUpdates.md#query_daily_history_k_ETF,2026-07-31,partial_144_session_history_at_review
SH,589150,平安上证科创板50成份ETF,equity_broad,EQUITY_ETF,star50,STAR 50,false,true,2026-01-06,reviewed,https://www.sse.com.cn/assortment/fund/etf/list/,https://www.baostock.com/mainContent?file=DailyUpdates.md#query_daily_history_k_ETF,2026-07-31,partial_144_session_history_at_review
SH,589160,广发上证科创板芯片ETF,equity_theme,EQUITY_ETF,semiconductor,Semiconductor,false,true,2026-01-30,reviewed,https://www.sse.com.cn/assortment/fund/etf/list/,https://www.baostock.com/mainContent?file=DailyUpdates.md#query_daily_history_k_ETF,2026-07-31,partial_144_session_history_at_review
SH,589170,鹏华上证科创板芯片设计主题ETF,equity_theme,EQUITY_ETF,semiconductor,Semiconductor,false,true,2026-02-06,reviewed,https://www.sse.com.cn/assortment/fund/etf/list/,https://www.baostock.com/mainContent?file=DailyUpdates.md#query_daily_history_k_ETF,2026-07-31,partial_144_session_history_at_review
SH,589180,汇添富上证科创板新材料ETF,equity_sector,EQUITY_ETF,materials,Materials,true,true,2026-01-05,reviewed,https://www.sse.com.cn/assortment/fund/etf/list/,https://www.baostock.com/mainContent?file=DailyUpdates.md#query_daily_history_k_ETF,2026-07-31,
SH,589190,华宝上证科创板芯片ETF,equity_theme,EQUITY_ETF,semiconductor,Semiconductor,false,true,2026-01-27,reviewed,https://www.sse.com.cn/assortment/fund/etf/list/,https://www.baostock.com/mainContent?file=DailyUpdates.md#query_daily_history_k_ETF,2026-07-31,partial_144_session_history_at_review
SH,589200,工银瑞信上证科创板200ETF,equity_broad,EQUITY_ETF,star200,STAR 200,true,true,2026-01-05,reviewed,https://www.sse.com.cn/assortment/fund/etf/list/,https://www.baostock.com/mainContent?file=DailyUpdates.md#query_daily_history_k_ETF,2026-07-31,
SH,589210,广发上证科创板芯片设计主题ETF,equity_theme,EQUITY_ETF,semiconductor,Semiconductor,true,true,2026-01-05,reviewed,https://www.sse.com.cn/assortment/fund/etf/list/,https://www.baostock.com/mainContent?file=DailyUpdates.md#query_daily_history_k_ETF,2026-07-31,
SH,589220,国泰上证科创板200ETF,equity_broad,EQUITY_ETF,star200,STAR 200,false,true,2026-01-26,reviewed,https://www.sse.com.cn/assortment/fund/etf/list/,https://www.baostock.com/mainContent?file=DailyUpdates.md#query_daily_history_k_ETF,2026-07-31,partial_144_session_history_at_review
SH,589230,南方上证科创板人工智能ETF,equity_theme,EQUITY_ETF,ai_computing,AI & Computing,false,true,2026-02-02,reviewed,https://www.sse.com.cn/assortment/fund/etf/list/,https://www.baostock.com/mainContent?file=DailyUpdates.md#query_daily_history_k_ETF,2026-07-31,partial_144_session_history_at_review
SH,589250,浦银安盛科创板芯片设计ETF,equity_theme,EQUITY_ETF,semiconductor,Semiconductor,false,true,2026-04-01,reviewed,https://www.sse.com.cn/assortment/fund/etf/list/,https://www.baostock.com/mainContent?file=DailyUpdates.md#query_daily_history_k_ETF,2026-07-31,partial_144_session_history_at_review
SH,589260,国泰上证科创板芯片设计主题ETF,equity_theme,EQUITY_ETF,semiconductor,Semiconductor,false,true,2026-04-02,reviewed,https://www.sse.com.cn/assortment/fund/etf/list/,https://www.baostock.com/mainContent?file=DailyUpdates.md#query_daily_history_k_ETF,2026-07-31,partial_144_session_history_at_review
SH,589270,前海开源上证科创板100ETF,equity_broad,EQUITY_ETF,star100,STAR 100,false,true,2026-04-28,reviewed,https://www.sse.com.cn/assortment/fund/etf/list/,https://www.baostock.com/mainContent?file=DailyUpdates.md#query_daily_history_k_ETF,2026-07-31,partial_144_session_history_at_review
SH,589280,华宝科创板综合增强策略ETF,equity_strategy,EQUITY_ETF,enhanced,Enhanced,false,true,2026-05-20,reviewed,https://www.sse.com.cn/assortment/fund/etf/list/,https://www.baostock.com/mainContent?file=DailyUpdates.md#query_daily_history_k_ETF,2026-07-31,partial_144_session_history_at_review
SH,589290,汇添富上证科创板芯片设计主题ETF,equity_theme,EQUITY_ETF,semiconductor,Semiconductor,false,true,2026-06-26,reviewed,https://www.sse.com.cn/assortment/fund/etf/list/,https://www.baostock.com/mainContent?file=DailyUpdates.md#query_daily_history_k_ETF,2026-07-31,partial_144_session_history_at_review
SH,589300,嘉实上证科创板综合ETF,equity_broad,EQUITY_ETF,star_composite,STAR Composite,true,true,2026-01-05,reviewed,https://www.sse.com.cn/assortment/fund/etf/list/,https://www.baostock.com/mainContent?file=DailyUpdates.md#query_daily_history_k_ETF,2026-07-31,
SH,589310,鑫元上证科创板人工智能ETF,equity_theme,EQUITY_ETF,ai_computing,AI & Computing,false,true,2026-07-03,reviewed,https://www.sse.com.cn/assortment/fund/etf/list/,https://www.baostock.com/mainContent?file=DailyUpdates.md#query_daily_history_k_ETF,2026-07-31,partial_144_session_history_at_review
SH,589320,嘉实上证科创板200ETF,equity_broad,EQUITY_ETF,star200,STAR 200,false,true,2026-05-28,reviewed,https://www.sse.com.cn/assortment/fund/etf/list/,https://www.baostock.com/mainContent?file=DailyUpdates.md#query_daily_history_k_ETF,2026-07-31,partial_144_session_history_at_review
SH,589330,科创200ETF东财,equity_broad,EQUITY_ETF,star200,STAR 200,false,true,2026-05-29,reviewed,https://www.sse.com.cn/assortment/fund/etf/list/,https://www.baostock.com/mainContent?file=DailyUpdates.md#query_daily_history_k_ETF,2026-07-31,partial_144_session_history_at_review
SH,589350,银华上证科创板芯片设计主题ETF,equity_theme,EQUITY_ETF,semiconductor,Semiconductor,false,true,2026-06-30,reviewed,https://www.sse.com.cn/assortment/fund/etf/list/,https://www.baostock.com/mainContent?file=DailyUpdates.md#query_daily_history_k_ETF,2026-07-31,partial_144_session_history_at_review
SH,589360,国泰上证科创板50成份ETF,equity_broad,EQUITY_ETF,star50,STAR 50,false,true,2026-06-26,reviewed,https://www.sse.com.cn/assortment/fund/etf/list/,https://www.baostock.com/mainContent?file=DailyUpdates.md#query_daily_history_k_ETF,2026-07-31,partial_144_session_history_at_review
SH,589380,富国上证科创板人工智能ETF,equity_theme,EQUITY_ETF,ai_computing,AI & Computing,true,true,2026-01-05,reviewed,https://www.sse.com.cn/assortment/fund/etf/list/,https://www.baostock.com/mainContent?file=DailyUpdates.md#query_daily_history_k_ETF,2026-07-31,
SH,589390,招商上证科创板芯片设计主题ETF,equity_theme,EQUITY_ETF,semiconductor,Semiconductor,false,true,2026-07-10,reviewed,https://www.sse.com.cn/assortment/fund/etf/list/,https://www.baostock.com/mainContent?file=DailyUpdates.md#query_daily_history_k_ETF,2026-07-31,partial_144_session_history_at_review
SH,589400,富国上证科创板芯片设计主题ETF,equity_theme,EQUITY_ETF,semiconductor,Semiconductor,false,true,2026-07-09,reviewed,https://www.sse.com.cn/assortment/fund/etf/list/,https://www.baostock.com/mainContent?file=DailyUpdates.md#query_daily_history_k_ETF,2026-07-31,partial_144_session_history_at_review
SH,589410,嘉实上证科创板人工智能ETF,equity_theme,EQUITY_ETF,ai_computing,AI & Computing,false,true,2026-07-16,reviewed,https://www.sse.com.cn/assortment/fund/etf/list/,https://www.baostock.com/mainContent?file=DailyUpdates.md#query_daily_history_k_ETF,2026-07-31,partial_144_session_history_at_review
SH,589420,永赢上证科创板芯片设计主题ETF,equity_theme,EQUITY_ETF,semiconductor,Semiconductor,false,true,2026-07-09,reviewed,https://www.sse.com.cn/assortment/fund/etf/list/,https://www.baostock.com/mainContent?file=DailyUpdates.md#query_daily_history_k_ETF,2026-07-31,partial_144_session_history_at_review
SH,589500,工银瑞信上证科创板综合价格ETF,equity_broad,EQUITY_ETF,star_composite,STAR Composite,true,true,2026-01-05,reviewed,https://www.sse.com.cn/assortment/fund/etf/list/,https://www.baostock.com/mainContent?file=DailyUpdates.md#query_daily_history_k_ETF,2026-07-31,
SH,589520,华宝上证科创板人工智能ETF,equity_theme,EQUITY_ETF,ai_computing,AI & Computing,true,true,2026-01-05,reviewed,https://www.sse.com.cn/assortment/fund/etf/list/,https://www.baostock.com/mainContent?file=DailyUpdates.md#query_daily_history_k_ETF,2026-07-31,
SH,589550,华夏上证智选科创板价值50策略ETF,equity_strategy,EQUITY_ETF,value,Value,true,true,2026-01-05,reviewed,https://www.sse.com.cn/assortment/fund/etf/list/,https://www.baostock.com/mainContent?file=DailyUpdates.md#query_daily_history_k_ETF,2026-07-31,
SH,589560,汇添富上证科创板人工智能ETF,equity_theme,EQUITY_ETF,ai_computing,AI & Computing,true,true,2026-01-05,reviewed,https://www.sse.com.cn/assortment/fund/etf/list/,https://www.baostock.com/mainContent?file=DailyUpdates.md#query_daily_history_k_ETF,2026-07-31,
SH,589580,兴银上证科创板综合价格ETF,equity_broad,EQUITY_ETF,star_composite,STAR Composite,true,true,2026-01-05,reviewed,https://www.sse.com.cn/assortment/fund/etf/list/,https://www.baostock.com/mainContent?file=DailyUpdates.md#query_daily_history_k_ETF,2026-07-31,
SH,589600,富国上证科创板综合价格ETF,equity_broad,EQUITY_ETF,star_composite,STAR Composite,true,true,2026-01-05,reviewed,https://www.sse.com.cn/assortment/fund/etf/list/,https://www.baostock.com/mainContent?file=DailyUpdates.md#query_daily_history_k_ETF,2026-07-31,
SH,589630,国泰上证科创板综合ETF,equity_broad,EQUITY_ETF,star_composite,STAR Composite,true,true,2026-01-05,reviewed,https://www.sse.com.cn/assortment/fund/etf/list/,https://www.baostock.com/mainContent?file=DailyUpdates.md#query_daily_history_k_ETF,2026-07-31,
SH,589660,南方上证科创板综合ETF,equity_broad,EQUITY_ETF,star_composite,STAR Composite,true,true,2026-01-05,reviewed,https://www.sse.com.cn/assortment/fund/etf/list/,https://www.baostock.com/mainContent?file=DailyUpdates.md#query_daily_history_k_ETF,2026-07-31,
SH,589680,鹏华科创板综合ETF,equity_broad,EQUITY_ETF,star_composite,STAR Composite,true,true,2026-01-05,reviewed,https://www.sse.com.cn/assortment/fund/etf/list/,https://www.baostock.com/mainContent?file=DailyUpdates.md#query_daily_history_k_ETF,2026-07-31,
SH,589700,南方上证科创板成长ETF,equity_strategy,EQUITY_ETF,growth,Growth,true,true,2026-01-05,reviewed,https://www.sse.com.cn/assortment/fund/etf/list/,https://www.baostock.com/mainContent?file=DailyUpdates.md#query_daily_history_k_ETF,2026-07-31,
SH,589720,国泰上证科创板创新药ETF,equity_theme,EQUITY_ETF,innovative_drugs,Innovative Drugs,true,true,2026-01-05,reviewed,https://www.sse.com.cn/assortment/fund/etf/list/,https://www.baostock.com/mainContent?file=DailyUpdates.md#query_daily_history_k_ETF,2026-07-31,
SH,589770,招商上证科创板综合ETF,equity_broad,EQUITY_ETF,star_composite,STAR Composite,true,true,2026-01-05,reviewed,https://www.sse.com.cn/assortment/fund/etf/list/,https://www.baostock.com/mainContent?file=DailyUpdates.md#query_daily_history_k_ETF,2026-07-31,
SH,589780,富国上证科创板200ETF,equity_broad,EQUITY_ETF,star200,STAR 200,true,true,2026-01-05,reviewed,https://www.sse.com.cn/assortment/fund/etf/list/,https://www.baostock.com/mainContent?file=DailyUpdates.md#query_daily_history_k_ETF,2026-07-31,
SH,589800,易方达上证科创板综合ETF,equity_broad,EQUITY_ETF,star_composite,STAR Composite,true,true,2026-01-05,reviewed,https://www.sse.com.cn/assortment/fund/etf/list/,https://www.baostock.com/mainContent?file=DailyUpdates.md#query_daily_history_k_ETF,2026-07-31,
SH,589820,建信上证科创板200ETF,equity_broad,EQUITY_ETF,star200,STAR 200,true,true,2026-01-05,reviewed,https://www.sse.com.cn/assortment/fund/etf/list/,https://www.baostock.com/mainContent?file=DailyUpdates.md#query_daily_history_k_ETF,2026-07-31,
SH,589850,科创50ETF东财,equity_broad,EQUITY_ETF,star50,STAR 50,true,true,2026-01-05,reviewed,https://www.sse.com.cn/assortment/fund/etf/list/,https://www.baostock.com/mainContent?file=DailyUpdates.md#query_daily_history_k_ETF,2026-07-31,
SH,589860,天弘上证科创板综合ETF,equity_broad,EQUITY_ETF,star_composite,STAR Composite,true,true,2026-01-05,reviewed,https://www.sse.com.cn/assortment/fund/etf/list/,https://www.baostock.com/mainContent?file=DailyUpdates.md#query_daily_history_k_ETF,2026-07-31,
SH,589880,建信上证科创板综合ETF,equity_broad,EQUITY_ETF,star_composite,STAR Composite,true,true,2026-01-05,reviewed,https://www.sse.com.cn/assortment/fund/etf/list/,https://www.baostock.com/mainContent?file=DailyUpdates.md#query_daily_history_k_ETF,2026-07-31,
SH,589890,景顺长城上证科创板综合价格ETF,equity_broad,EQUITY_ETF,star_composite,STAR Composite,true,true,2026-01-05,reviewed,https://www.sse.com.cn/assortment/fund/etf/list/,https://www.baostock.com/mainContent?file=DailyUpdates.md#query_daily_history_k_ETF,2026-07-31,
SH,589900,博时科创综指ETF,equity_broad,EQUITY_ETF,star_composite,STAR Composite,true,true,2026-01-05,reviewed,https://www.sse.com.cn/assortment/fund/etf/list/,https://www.baostock.com/mainContent?file=DailyUpdates.md#query_daily_history_k_ETF,2026-07-31,
SH,589950,富国上证科创板100ETF,equity_broad,EQUITY_ETF,star100,STAR 100,true,true,2026-01-05,reviewed,https://www.sse.com.cn/assortment/fund/etf/list/,https://www.baostock.com/mainContent?file=DailyUpdates.md#query_daily_history_k_ETF,2026-07-31,
SH,589960,易方达上证科创板新能源ETF,equity_theme,EQUITY_ETF,new_energy,New Energy,true,true,2026-01-05,reviewed,https://www.sse.com.cn/assortment/fund/etf/list/,https://www.baostock.com/mainContent?file=DailyUpdates.md#query_daily_history_k_ETF,2026-07-31,
SH,589980,汇添富上证科创板100ETF,equity_broad,EQUITY_ETF,star100,STAR 100,true,true,2026-01-05,reviewed,https://www.sse.com.cn/assortment/fund/etf/list/,https://www.baostock.com/mainContent?file=DailyUpdates.md#query_daily_history_k_ETF,2026-07-31,
SH,589990,华泰柏瑞上证科创板综合ETF,equity_broad,EQUITY_ETF,star_composite,STAR Composite,true,true,2026-01-05,reviewed,https://www.sse.com.cn/assortment/fund/etf/list/,https://www.baostock.com/mainContent?file=DailyUpdates.md#query_daily_history_k_ETF,2026-07-31,
SZ,159001,易方达保证金货币A,money,CROSS_ASSET,money_market,Money Market,true,true,2026-01-05,reviewed,https://www.szse.cn/market/product/list/etfList/index.html,https://www.baostock.com/mainContent?file=DailyUpdates.md#query_daily_history_k_ETF,2026-07-31,
SZ,159003,招商保证金快线A,money,CROSS_ASSET,money_market,Money Market,true,true,2026-01-05,reviewed,https://www.szse.cn/market/product/list/etfList/index.html,https://www.baostock.com/mainContent?file=DailyUpdates.md#query_daily_history_k_ETF,2026-07-31,
SZ,159005,汇添富收益快钱货币A,money,CROSS_ASSET,money_market,Money Market,true,true,2026-01-05,reviewed,https://www.szse.cn/market/product/list/etfList/index.html,https://www.baostock.com/mainContent?file=DailyUpdates.md#query_daily_history_k_ETF,2026-07-31,
SZ,159007,华泰柏瑞中证畜牧养殖产业ETF,equity_sector,EQUITY_ETF,livestock,Livestock,false,true,2026-04-17,reviewed,https://www.szse.cn/market/product/list/etfList/index.html,https://www.baostock.com/mainContent?file=DailyUpdates.md#query_daily_history_k_ETF,2026-07-31,partial_144_session_history_at_review
SZ,159008,景顺长城中证全指证券公司ETF,equity_sector,EQUITY_ETF,securities,Securities,false,true,2026-04-28,reviewed,https://www.szse.cn/market/product/list/etfList/index.html,https://www.baostock.com/mainContent?file=DailyUpdates.md#query_daily_history_k_ETF,2026-07-31,partial_144_session_history_at_review
SZ,159009,易方达创业板新能源ETF,equity_theme,EQUITY_ETF,new_energy,New Energy,false,true,2026-04-14,reviewed,https://www.szse.cn/market/product/list/etfList/index.html,https://www.baostock.com/mainContent?file=DailyUpdates.md#query_daily_history_k_ETF,2026-07-31,partial_144_session_history_at_review
SZ,159010,博时恒生港股通科技主题ETF,overseas,CROSS_ASSET,hang_seng_tech,Hang Seng Tech,false,true,2026-05-13,reviewed,https://www.szse.cn/market/product/list/etfList/index.html,https://www.baostock.com/mainContent?file=DailyUpdates.md#query_daily_history_k_ETF,2026-07-31,partial_144_session_history_at_review
SZ,159011,华安中证畜牧养殖产业ETF,equity_sector,EQUITY_ETF,livestock,Livestock,false,true,2026-06-16,reviewed,https://www.szse.cn/market/product/list/etfList/index.html,https://www.baostock.com/mainContent?file=DailyUpdates.md#query_daily_history_k_ETF,2026-07-31,partial_144_session_history_at_review
SZ,159012,鹏华科创创业50ETF,equity_broad,EQUITY_ETF,star_chinext50,STAR ChiNext 50,false,true,2026-05-20,reviewed,https://www.szse.cn/market/product/list/etfList/index.html,https://www.baostock.com/mainContent?file=DailyUpdates.md#query_daily_history_k_ETF,2026-07-31,partial_144_session_history_at_review
SZ,159013,大成中证工业互联网主题ETF,equity_sector,EQUITY_ETF,software,Software,false,true,2026-04-28,reviewed,https://www.szse.cn/market/product/list/etfList/index.html,https://www.baostock.com/mainContent?file=DailyUpdates.md#query_daily_history_k_ETF,2026-07-31,partial_144_session_history_at_review
SZ,159015,国联恒生港股通科技ETF,overseas,CROSS_ASSET,hang_seng_tech,Hang Seng Tech,false,true,2026-05-08,reviewed,https://www.szse.cn/market/product/list/etfList/index.html,https://www.baostock.com/mainContent?file=DailyUpdates.md#query_daily_history_k_ETF,2026-07-31,partial_144_session_history_at_review
SZ,159016,广发中证证券公司30ETF,equity_sector,EQUITY_ETF,securities,Securities,false,true,2026-05-14,reviewed,https://www.szse.cn/market/product/list/etfList/index.html,https://www.baostock.com/mainContent?file=DailyUpdates.md#query_daily_history_k_ETF,2026-07-31,partial_144_session_history_at_review
SZ,159017,工银瑞信国证石油天然气ETF,equity_sector,EQUITY_ETF,oil_gas,Oil & Gas,false,true,2026-05-08,reviewed,https://www.szse.cn/market/product/list/etfList/index.html,https://www.baostock.com/mainContent?file=DailyUpdates.md#query_daily_history_k_ETF,2026-07-31,partial_144_session_history_at_review
SZ,159018,广发国证石油天然气ETF,equity_sector,EQUITY_ETF,oil_gas,Oil & Gas,false,true,2026-04-27,reviewed,https://www.szse.cn/market/product/list/etfList/index.html,https://www.baostock.com/mainContent?file=DailyUpdates.md#query_daily_history_k_ETF,2026-07-31,partial_144_session_history_at_review
SZ,159019,华宝国证石油天然气ETF,equity_sector,EQUITY_ETF,oil_gas,Oil & Gas,false,true,2026-04-23,reviewed,https://www.szse.cn/market/product/list/etfList/index.html,https://www.baostock.com/mainContent?file=DailyUpdates.md#query_daily_history_k_ETF,2026-07-31,partial_144_session_history_at_review
SZ,159020,易方达中证畜牧养殖产业ETF,equity_sector,EQUITY_ETF,livestock,Livestock,false,true,2026-04-27,reviewed,https://www.szse.cn/market/product/list/etfList/index.html,https://www.baostock.com/mainContent?file=DailyUpdates.md#query_daily_history_k_ETF,2026-07-31,partial_144_session_history_at_review
SZ,159021,华夏国证大盘价值ETF,equity_strategy,EQUITY_ETF,value,Value,false,true,2026-05-15,reviewed,https://www.szse.cn/market/product/list/etfList/index.html,https://www.baostock.com/mainContent?file=DailyUpdates.md#query_daily_history_k_ETF,2026-07-31,partial_144_session_history_at_review
SZ,159022,富国中证科创创业人工智能ETF,equity_theme,EQUITY_ETF,ai_computing,AI & Computing,false,true,2026-04-24,reviewed,https://www.szse.cn/market/product/list/etfList/index.html,https://www.baostock.com/mainContent?file=DailyUpdates.md#query_daily_history_k_ETF,2026-07-31,partial_144_session_history_at_review
SZ,159023,万家中证畜牧养殖产业ETF,equity_sector,EQUITY_ETF,livestock,Livestock,false,true,2026-06-15,reviewed,https://www.szse.cn/market/product/list/etfList/index.html,https://www.baostock.com/mainContent?file=DailyUpdates.md#query_daily_history_k_ETF,2026-07-31,partial_144_session_history_at_review
SZ,159026,南方国证石油天然气ETF,equity_sector,EQUITY_ETF,oil_gas,Oil & Gas,false,true,2026-04-24,reviewed,https://www.szse.cn/market/product/list/etfList/index.html,https://www.baostock.com/mainContent?file=DailyUpdates.md#query_daily_history_k_ETF,2026-07-31,partial_144_session_history_at_review
SZ,159027,大成中证畜牧养殖产业ETF,equity_sector,EQUITY_ETF,livestock,Livestock,false,true,2026-05-15,reviewed,https://www.szse.cn/market/product/list/etfList/index.html,https://www.baostock.com/mainContent?file=DailyUpdates.md#query_daily_history_k_ETF,2026-07-31,partial_144_session_history_at_review
SZ,159028,天弘恒生港股通汽车主题ETF,overseas,CROSS_ASSET,hk_automobile,HK Automobile,false,true,2026-05-14,reviewed,https://www.szse.cn/market/product/list/etfList/index.html,https://www.baostock.com/mainContent?file=DailyUpdates.md#query_daily_history_k_ETF,2026-07-31,partial_144_session_history_at_review
SZ,159029,广发中证有色金属矿业主题ETF,equity_sector,EQUITY_ETF,nonferrous_metals,Non-ferrous Metals,false,true,2026-05-21,reviewed,https://www.szse.cn/market/product/list/etfList/index.html,https://www.baostock.com/mainContent?file=DailyUpdates.md#query_daily_history_k_ETF,2026-07-31,partial_144_session_history_at_review
SZ,159030,华夏国证粮食产业ETF,equity_sector,EQUITY_ETF,agriculture,Agriculture,false,true,2026-05-12,reviewed,https://www.szse.cn/market/product/list/etfList/index.html,https://www.baostock.com/mainContent?file=DailyUpdates.md#query_daily_history_k_ETF,2026-07-31,partial_144_session_history_at_review
SZ,159031,博时国证粮食产业ETF,equity_sector,EQUITY_ETF,agriculture,Agriculture,false,true,2026-06-01,reviewed,https://www.szse.cn/market/product/list/etfList/index.html,https://www.baostock.com/mainContent?file=DailyUpdates.md#query_daily_history_k_ETF,2026-07-31,partial_144_session_history_at_review
SZ,159032,易方达中证工业有色金属主题ETF,equity_sector,EQUITY_ETF,nonferrous_metals,Non-ferrous Metals,false,true,2026-05-13,reviewed,https://www.szse.cn/market/product/list/etfList/index.html,https://www.baostock.com/mainContent?file=DailyUpdates.md#query_daily_history_k_ETF,2026-07-31,partial_144_session_history_at_review
SZ,159033,国泰国证粮食产业ETF,equity_sector,EQUITY_ETF,agriculture,Agriculture,false,true,2026-06-05,reviewed,https://www.szse.cn/market/product/list/etfList/index.html,https://www.baostock.com/mainContent?file=DailyUpdates.md#query_daily_history_k_ETF,2026-07-31,partial_144_session_history_at_review
SZ,159035,天弘中证软件服务ETF,equity_sector,EQUITY_ETF,software,Software,false,true,2026-05-15,reviewed,https://www.szse.cn/market/product/list/etfList/index.html,https://www.baostock.com/mainContent?file=DailyUpdates.md#query_daily_history_k_ETF,2026-07-31,partial_144_session_history_at_review
SZ,159036,华宝中证全指软件开发ETF,equity_sector,EQUITY_ETF,software,Software,false,true,2026-06-11,reviewed,https://www.szse.cn/market/product/list/etfList/index.html,https://www.baostock.com/mainContent?file=DailyUpdates.md#query_daily_history_k_ETF,2026-07-31,partial_144_session_history_at_review
SZ,159037,鹏华国证价值100ETF,equity_strategy,EQUITY_ETF,value,Value,false,true,2026-06-11,reviewed,https://www.szse.cn/market/product/list/etfList/index.html,https://www.baostock.com/mainContent?file=DailyUpdates.md#query_daily_history_k_ETF,2026-07-31,partial_144_session_history_at_review
SZ,159038,易方达国证粮食产业ETF,equity_sector,EQUITY_ETF,agriculture,Agriculture,false,true,2026-05-21,reviewed,https://www.szse.cn/market/product/list/etfList/index.html,https://www.baostock.com/mainContent?file=DailyUpdates.md#query_daily_history_k_ETF,2026-07-31,partial_144_session_history_at_review
SZ,159039,华安国证机器人产业ETF,equity_theme,EQUITY_ETF,robotics,Robotics,false,true,2026-06-18,reviewed,https://www.szse.cn/market/product/list/etfList/index.html,https://www.baostock.com/mainContent?file=DailyUpdates.md#query_daily_history_k_ETF,2026-07-31,partial_144_session_history_at_review
SZ,159040,鹏华中证港股通互联网ETF,overseas,CROSS_ASSET,hang_seng_internet,HK Internet,false,true,2026-06-26,reviewed,https://www.szse.cn/market/product/list/etfList/index.html,https://www.baostock.com/mainContent?file=DailyUpdates.md#query_daily_history_k_ETF,2026-07-31,partial_144_session_history_at_review
SZ,159041,鹏华中证农业主题ETF,equity_sector,EQUITY_ETF,agriculture,Agriculture,false,true,2026-06-10,reviewed,https://www.szse.cn/market/product/list/etfList/index.html,https://www.baostock.com/mainContent?file=DailyUpdates.md#query_daily_history_k_ETF,2026-07-31,partial_144_session_history_at_review
SZ,159042,汇添富国证价值100ETF,equity_strategy,EQUITY_ETF,value,Value,false,true,2026-06-09,reviewed,https://www.szse.cn/market/product/list/etfList/index.html,https://www.baostock.com/mainContent?file=DailyUpdates.md#query_daily_history_k_ETF,2026-07-31,partial_144_session_history_at_review
SZ,159045,大成中证稀有金属主题ETF,equity_theme,EQUITY_ETF,rare_metals,Rare Metals,false,true,2026-06-24,reviewed,https://www.szse.cn/market/product/list/etfList/index.html,https://www.baostock.com/mainContent?file=DailyUpdates.md#query_daily_history_k_ETF,2026-07-31,partial_144_session_history_at_review
SZ,159046,天弘国证绿色电力ETF,equity_theme,EQUITY_ETF,green_power,Green Power,false,true,2026-06-11,reviewed,https://www.szse.cn/market/product/list/etfList/index.html,https://www.baostock.com/mainContent?file=DailyUpdates.md#query_daily_history_k_ETF,2026-07-31,partial_144_session_history_at_review
SZ,159048,大成国证机器人产业ETF,equity_theme,EQUITY_ETF,robotics,Robotics,false,true,2026-06-10,reviewed,https://www.szse.cn/market/product/list/etfList/index.html,https://www.baostock.com/mainContent?file=DailyUpdates.md#query_daily_history_k_ETF,2026-07-31,partial_144_session_history_at_review
SZ,159049,工银瑞信中证有色金属矿业主题ETF,equity_sector,EQUITY_ETF,nonferrous_metals,Non-ferrous Metals,false,true,2026-07-08,reviewed,https://www.szse.cn/market/product/list/etfList/index.html,https://www.baostock.com/mainContent?file=DailyUpdates.md#query_daily_history_k_ETF,2026-07-31,partial_144_session_history_at_review
SZ,159050,广发国证机器人产业ETF,equity_theme,EQUITY_ETF,robotics,Robotics,false,true,2026-06-09,reviewed,https://www.szse.cn/market/product/list/etfList/index.html,https://www.baostock.com/mainContent?file=DailyUpdates.md#query_daily_history_k_ETF,2026-07-31,partial_144_session_history_at_review
SZ,159051,易方达中证全指医疗器械ETF,equity_theme,EQUITY_ETF,medical_devices,Medical Devices,false,true,2026-06-09,reviewed,https://www.szse.cn/market/product/list/etfList/index.html,https://www.baostock.com/mainContent?file=DailyUpdates.md#query_daily_history_k_ETF,2026-07-31,partial_144_session_history_at_review
SZ,159052,嘉实国证新能源电池ETF,equity_theme,EQUITY_ETF,battery,Battery,false,true,2026-06-11,reviewed,https://www.szse.cn/market/product/list/etfList/index.html,https://www.baostock.com/mainContent?file=DailyUpdates.md#query_daily_history_k_ETF,2026-07-31,partial_144_session_history_at_review
SZ,159053,华夏中证稀有金属主题ETF,equity_theme,EQUITY_ETF,rare_metals,Rare Metals,false,true,2026-06-09,reviewed,https://www.szse.cn/market/product/list/etfList/index.html,https://www.baostock.com/mainContent?file=DailyUpdates.md#query_daily_history_k_ETF,2026-07-31,partial_144_session_history_at_review
SZ,159055,富国中证稀有金属主题ETF,equity_theme,EQUITY_ETF,rare_metals,Rare Metals,false,true,2026-06-09,reviewed,https://www.szse.cn/market/product/list/etfList/index.html,https://www.baostock.com/mainContent?file=DailyUpdates.md#query_daily_history_k_ETF,2026-07-31,partial_144_session_history_at_review
SZ,159056,富国中证全指医疗器械ETF,equity_theme,EQUITY_ETF,medical_devices,Medical Devices,false,true,2026-06-09,reviewed,https://www.szse.cn/market/product/list/etfList/index.html,https://www.baostock.com/mainContent?file=DailyUpdates.md#query_daily_history_k_ETF,2026-07-31,partial_144_session_history_at_review
SZ,159057,鹏华中证全指医疗器械ETF,equity_theme,EQUITY_ETF,medical_devices,Medical Devices,false,true,2026-06-15,reviewed,https://www.szse.cn/market/product/list/etfList/index.html,https://www.baostock.com/mainContent?file=DailyUpdates.md#query_daily_history_k_ETF,2026-07-31,partial_144_session_history_at_review
SZ,159059,大成中证全指电力公用事业ETF,equity_sector,EQUITY_ETF,utilities,Utilities,false,true,2026-07-20,reviewed,https://www.szse.cn/market/product/list/etfList/index.html,https://www.baostock.com/mainContent?file=DailyUpdates.md#query_daily_history_k_ETF,2026-07-31,partial_144_session_history_at_review
SZ,159060,浦银安盛国证粮食产业ETF,equity_sector,EQUITY_ETF,agriculture,Agriculture,false,true,2026-06-10,reviewed,https://www.szse.cn/market/product/list/etfList/index.html,https://www.baostock.com/mainContent?file=DailyUpdates.md#query_daily_history_k_ETF,2026-07-31,partial_144_session_history_at_review
SZ,159061,南方国证绿色电力ETF,equity_theme,EQUITY_ETF,green_power,Green Power,false,true,2026-06-24,reviewed,https://www.szse.cn/market/product/list/etfList/index.html,https://www.baostock.com/mainContent?file=DailyUpdates.md#query_daily_history_k_ETF,2026-07-31,partial_144_session_history_at_review
SZ,159062,南方中证稀有金属主题ETF,equity_theme,EQUITY_ETF,rare_metals,Rare Metals,false,true,2026-06-18,reviewed,https://www.szse.cn/market/product/list/etfList/index.html,https://www.baostock.com/mainContent?file=DailyUpdates.md#query_daily_history_k_ETF,2026-07-31,partial_144_session_history_at_review
SZ,159063,南方国证粮食产业ETF,equity_sector,EQUITY_ETF,agriculture,Agriculture,false,true,2026-06-15,reviewed,https://www.szse.cn/market/product/list/etfList/index.html,https://www.baostock.com/mainContent?file=DailyUpdates.md#query_daily_history_k_ETF,2026-07-31,partial_144_session_history_at_review
SZ,159065,景顺长城中证工程机械主题ETF,equity_sector,EQUITY_ETF,machinery,Machinery,false,true,2026-06-26,reviewed,https://www.szse.cn/market/product/list/etfList/index.html,https://www.baostock.com/mainContent?file=DailyUpdates.md#query_daily_history_k_ETF,2026-07-31,partial_144_session_history_at_review
SZ,159066,建信A股ETF,equity_broad,EQUITY_ETF,a_share,A Share,false,true,2026-07-06,reviewed,https://www.szse.cn/market/product/list/etfList/index.html,https://www.baostock.com/mainContent?file=DailyUpdates.md#query_daily_history_k_ETF,2026-07-31,partial_144_session_history_at_review
SZ,159067,鹏华国证绿色电力ETF,equity_theme,EQUITY_ETF,green_power,Green Power,false,true,2026-07-13,reviewed,https://www.szse.cn/market/product/list/etfList/index.html,https://www.baostock.com/mainContent?file=DailyUpdates.md#query_daily_history_k_ETF,2026-07-31,partial_144_session_history_at_review
SZ,159068,华夏中证全指软件ETF,equity_sector,EQUITY_ETF,software,Software,false,true,2026-07-08,reviewed,https://www.szse.cn/market/product/list/etfList/index.html,https://www.baostock.com/mainContent?file=DailyUpdates.md#query_daily_history_k_ETF,2026-07-31,partial_144_session_history_at_review
SZ,159069,华泰柏瑞创业板新能源ETF,equity_theme,EQUITY_ETF,new_energy,New Energy,false,true,2026-07-21,reviewed,https://www.szse.cn/market/product/list/etfList/index.html,https://www.baostock.com/mainContent?file=DailyUpdates.md#query_daily_history_k_ETF,2026-07-31,partial_144_session_history_at_review
SZ,159070,嘉实中证工程机械主题ETF,equity_sector,EQUITY_ETF,machinery,Machinery,false,true,2026-06-26,reviewed,https://www.szse.cn/market/product/list/etfList/index.html,https://www.baostock.com/mainContent?file=DailyUpdates.md#query_daily_history_k_ETF,2026-07-31,partial_144_session_history_at_review
SZ,159071,华宝国证新能源电池ETF,equity_theme,EQUITY_ETF,battery,Battery,false,true,2026-06-18,reviewed,https://www.szse.cn/market/product/list/etfList/index.html,https://www.baostock.com/mainContent?file=DailyUpdates.md#query_daily_history_k_ETF,2026-07-31,partial_144_session_history_at_review
SZ,159072,景顺长城国证粮食产业ETF,equity_sector,EQUITY_ETF,agriculture,Agriculture,false,true,2026-07-17,reviewed,https://www.szse.cn/market/product/list/etfList/index.html,https://www.baostock.com/mainContent?file=DailyUpdates.md#query_daily_history_k_ETF,2026-07-31,partial_144_session_history_at_review
SZ,159075,华夏中证工业互联网主题ETF,equity_sector,EQUITY_ETF,software,Software,false,true,2026-07-17,reviewed,https://www.szse.cn/market/product/list/etfList/index.html,https://www.baostock.com/mainContent?file=DailyUpdates.md#query_daily_history_k_ETF,2026-07-31,partial_144_session_history_at_review
SZ,159076,华宝创业板新能源ETF,equity_theme,EQUITY_ETF,new_energy,New Energy,false,true,2026-07-08,reviewed,https://www.szse.cn/market/product/list/etfList/index.html,https://www.baostock.com/mainContent?file=DailyUpdates.md#query_daily_history_k_ETF,2026-07-31,partial_144_session_history_at_review
SZ,159078,富国中证A股ETF,equity_broad,EQUITY_ETF,a_share,A Share,false,true,2026-07-08,reviewed,https://www.szse.cn/market/product/list/etfList/index.html,https://www.baostock.com/mainContent?file=DailyUpdates.md#query_daily_history_k_ETF,2026-07-31,partial_144_session_history_at_review
SZ,159085,永赢国证价值100ETF,equity_strategy,EQUITY_ETF,value,Value,false,true,2026-07-20,reviewed,https://www.szse.cn/market/product/list/etfList/index.html,https://www.baostock.com/mainContent?file=DailyUpdates.md#query_daily_history_k_ETF,2026-07-31,partial_144_session_history_at_review
SZ,159086,广发中证金融科技主题ETF,equity_theme,EQUITY_ETF,technology,Technology,false,true,2026-07-30,reviewed,https://www.szse.cn/market/product/list/etfList/index.html,https://www.baostock.com/mainContent?file=DailyUpdates.md#query_daily_history_k_ETF,2026-07-31,partial_144_session_history_at_review
SZ,159091,易方达中证港股通内地金融ETF,overseas,CROSS_ASSET,exposure_010af642761f,中证港股通内地金融,false,true,2026-07-16,reviewed,https://www.szse.cn/market/product/list/etfList/index.html,https://www.baostock.com/mainContent?file=DailyUpdates.md#query_daily_history_k_ETF,2026-07-31,partial_144_session_history_at_review
SZ,159093,汇添富中证细分化工产业主题ETF,equity_sector,EQUITY_ETF,chemicals,Chemicals,false,true,2026-07-30,reviewed,https://www.szse.cn/market/product/list/etfList/index.html,https://www.baostock.com/mainContent?file=DailyUpdates.md#query_daily_history_k_ETF,2026-07-31,partial_144_session_history_at_review
SZ,159099,华宝中证云计算50ETF,equity_theme,EQUITY_ETF,cloud_computing,Cloud Computing,false,true,2026-07-30,reviewed,https://www.szse.cn/market/product/list/etfList/index.html,https://www.baostock.com/mainContent?file=DailyUpdates.md#query_daily_history_k_ETF,2026-07-31,partial_144_session_history_at_review
SZ,159100,华夏布拉德斯科巴西伊博维斯帕ETF(QDII),overseas,CROSS_ASSET,brazil_equity,Brazil Equity,true,true,2026-01-05,reviewed,https://www.szse.cn/market/product/list/etfList/index.html,https://www.baostock.com/mainContent?file=DailyUpdates.md#query_daily_history_k_ETF,2026-07-31,
SZ,159101,华夏国证港股通科技ETF,overseas,CROSS_ASSET,hang_seng_tech,Hang Seng Tech,true,true,2026-01-05,reviewed,https://www.szse.cn/market/product/list/etfList/index.html,https://www.baostock.com/mainContent?file=DailyUpdates.md#query_daily_history_k_ETF,2026-07-31,
SZ,159102,华安恒生生物科技ETF,overseas,CROSS_ASSET,hk_healthcare,HK Healthcare,true,true,2026-01-05,reviewed,https://www.szse.cn/market/product/list/etfList/index.html,https://www.baostock.com/mainContent?file=DailyUpdates.md#query_daily_history_k_ETF,2026-07-31,
SZ,159103,汇添富中证金融科技主题ETF,equity_theme,EQUITY_ETF,technology,Technology,true,true,2026-01-05,reviewed,https://www.szse.cn/market/product/list/etfList/index.html,https://www.baostock.com/mainContent?file=DailyUpdates.md#query_daily_history_k_ETF,2026-07-31,
SZ,159105,易方达恒生生物科技ETF,overseas,CROSS_ASSET,hk_healthcare,HK Healthcare,true,true,2026-01-05,reviewed,https://www.szse.cn/market/product/list/etfList/index.html,https://www.baostock.com/mainContent?file=DailyUpdates.md#query_daily_history_k_ETF,2026-07-31,
SZ,159106,前海开源中证民企300ETF,equity_strategy,EQUITY_ETF,private_enterprise,Private Enterprise,true,true,2026-01-05,reviewed,https://www.szse.cn/market/product/list/etfList/index.html,https://www.baostock.com/mainContent?file=DailyUpdates.md#query_daily_history_k_ETF,2026-07-31,
SZ,159107,富国创业板软件ETF,equity_sector,EQUITY_ETF,software,Software,true,true,2026-01-05,reviewed,https://www.szse.cn/market/product/list/etfList/index.html,https://www.baostock.com/mainContent?file=DailyUpdates.md#query_daily_history_k_ETF,2026-07-31,
SZ,159108,博时工业软件ETF,equity_sector,EQUITY_ETF,software,Software,true,true,2026-01-05,reviewed,https://www.szse.cn/market/product/list/etfList/index.html,https://www.baostock.com/mainContent?file=DailyUpdates.md#query_daily_history_k_ETF,2026-07-31,
SZ,159109,景顺长城恒生港股通50ETF,overseas,CROSS_ASSET,hang_seng,Hang Seng,true,true,2026-01-05,reviewed,https://www.szse.cn/market/product/list/etfList/index.html,https://www.baostock.com/mainContent?file=DailyUpdates.md#query_daily_history_k_ETF,2026-07-31,
SZ,159110,万家深证AAA科技创新公司债ETF,bond,CROSS_ASSET,tech_innovation_bond,Tech Innovation Bond,true,true,2026-01-05,reviewed,https://www.szse.cn/market/product/list/etfList/index.html,https://www.baostock.com/mainContent?file=DailyUpdates.md#query_daily_history_k_ETF,2026-07-31,
SZ,159111,天弘中证AAA科技创新公司债ETF,bond,CROSS_ASSET,tech_innovation_bond,Tech Innovation Bond,true,true,2026-01-05,reviewed,https://www.szse.cn/market/product/list/etfList/index.html,https://www.baostock.com/mainContent?file=DailyUpdates.md#query_daily_history_k_ETF,2026-07-31,
SZ,159112,银华中证AAA科技创新公司债ETF,bond,CROSS_ASSET,tech_innovation_bond,Tech Innovation Bond,true,true,2026-01-05,reviewed,https://www.szse.cn/market/product/list/etfList/index.html,https://www.baostock.com/mainContent?file=DailyUpdates.md#query_daily_history_k_ETF,2026-07-31,
SZ,159113,大成中证AAA科技创新公司债ETF,bond,CROSS_ASSET,tech_innovation_bond,Tech Innovation Bond,true,true,2026-01-05,reviewed,https://www.szse.cn/market/product/list/etfList/index.html,https://www.baostock.com/mainContent?file=DailyUpdates.md#query_daily_history_k_ETF,2026-07-31,
SZ,159115,华安中证AAA科技创新公司债ETF,bond,CROSS_ASSET,tech_innovation_bond,Tech Innovation Bond,true,true,2026-01-05,reviewed,https://www.szse.cn/market/product/list/etfList/index.html,https://www.baostock.com/mainContent?file=DailyUpdates.md#query_daily_history_k_ETF,2026-07-31,
SZ,159116,工银瑞信中证AAA科技创新公司债ETF,bond,CROSS_ASSET,tech_innovation_bond,Tech Innovation Bond,true,true,2026-01-05,reviewed,https://www.szse.cn/market/product/list/etfList/index.html,https://www.baostock.com/mainContent?file=DailyUpdates.md#query_daily_history_k_ETF,2026-07-31,
SZ,159117,鹏华港股通低波红利ETF,overseas,CROSS_ASSET,exposure_3ec5f0197f1d,港股通低波红利,true,true,2026-01-05,reviewed,https://www.szse.cn/market/product/list/etfList/index.html,https://www.baostock.com/mainContent?file=DailyUpdates.md#query_daily_history_k_ETF,2026-07-31,
SZ,159118,华夏标普港股通低波红利ETF,overseas,CROSS_ASSET,exposure_28048df159a4,标普港股通低波红利,true,true,2026-01-05,reviewed,https://www.szse.cn/market/product/list/etfList/index.html,https://www.baostock.com/mainContent?file=DailyUpdates.md#query_daily_history_k_ETF,2026-07-31,
SZ,159119,招商中证800自由现金流ETF,equity_strategy,EQUITY_ETF,free_cash_flow,Free Cash Flow,true,true,2026-01-05,reviewed,https://www.szse.cn/market/product/list/etfList/index.html,https://www.baostock.com/mainContent?file=DailyUpdates.md#query_daily_history_k_ETF,2026-07-31,
SZ,159120,国联安港股通科技ETF,overseas,CROSS_ASSET,hang_seng_tech,Hang Seng Tech,true,true,2026-01-05,reviewed,https://www.szse.cn/market/product/list/etfList/index.html,https://www.baostock.com/mainContent?file=DailyUpdates.md#query_daily_history_k_ETF,2026-07-31,
SZ,159121,易方达恒生港股通汽车主题ETF,overseas,CROSS_ASSET,hk_automobile,HK Automobile,true,true,2026-01-05,reviewed,https://www.szse.cn/market/product/list/etfList/index.html,https://www.baostock.com/mainContent?file=DailyUpdates.md#query_daily_history_k_ETF,2026-07-31,
SZ,159122,富国创业板新能源ETF,equity_theme,EQUITY_ETF,new_energy,New Energy,true,true,2026-01-05,reviewed,https://www.szse.cn/market/product/list/etfList/index.html,https://www.baostock.com/mainContent?file=DailyUpdates.md#query_daily_history_k_ETF,2026-07-31,
SZ,159123,嘉实中证光伏产业ETF,equity_theme,EQUITY_ETF,solar,Solar,true,true,2026-01-05,reviewed,https://www.szse.cn/market/product/list/etfList/index.html,https://www.baostock.com/mainContent?file=DailyUpdates.md#query_daily_history_k_ETF,2026-07-31,
SZ,159125,招商国证港股通科技ETF,overseas,CROSS_ASSET,hang_seng_tech,Hang Seng Tech,true,true,2026-01-05,reviewed,https://www.szse.cn/market/product/list/etfList/index.html,https://www.baostock.com/mainContent?file=DailyUpdates.md#query_daily_history_k_ETF,2026-07-31,
SZ,159126,南方中证港股通50ETF,overseas,CROSS_ASSET,hang_seng,Hang Seng,true,true,2026-01-05,reviewed,https://www.szse.cn/market/product/list/etfList/index.html,https://www.baostock.com/mainContent?file=DailyUpdates.md#query_daily_history_k_ETF,2026-07-31,
SZ,159127,南方中证港股通高股息投资ETF,overseas,CROSS_ASSET,hk_dividend,HK Dividend,true,true,2026-01-05,reviewed,https://www.szse.cn/market/product/list/etfList/index.html,https://www.baostock.com/mainContent?file=DailyUpdates.md#query_daily_history_k_ETF,2026-07-31,
SZ,159128,天弘国证港股通科技ETF,overseas,CROSS_ASSET,hang_seng_tech,Hang Seng Tech,true,true,2026-01-05,reviewed,https://www.szse.cn/market/product/list/etfList/index.html,https://www.baostock.com/mainContent?file=DailyUpdates.md#query_daily_history_k_ETF,2026-07-31,
SZ,159129,嘉实中证细分化工产业主题ETF,equity_sector,EQUITY_ETF,chemicals,Chemicals,true,true,2026-01-05,reviewed,https://www.szse.cn/market/product/list/etfList/index.html,https://www.baostock.com/mainContent?file=DailyUpdates.md#query_daily_history_k_ETF,2026-07-31,
SZ,159130,鹏华恒生生物科技ETF,overseas,CROSS_ASSET,hk_healthcare,HK Healthcare,true,true,2026-01-05,reviewed,https://www.szse.cn/market/product/list/etfList/index.html,https://www.baostock.com/mainContent?file=DailyUpdates.md#query_daily_history_k_ETF,2026-07-31,
SZ,159131,华宝中证港股通信息技术综合ETF,overseas,CROSS_ASSET,exposure_6e6de2d1cbfb,中证港股通信息技术综合,true,true,2026-01-05,reviewed,https://www.szse.cn/market/product/list/etfList/index.html,https://www.baostock.com/mainContent?file=DailyUpdates.md#query_daily_history_k_ETF,2026-07-31,
SZ,159132,富国恒生生物科技ETF,overseas,CROSS_ASSET,hk_healthcare,HK Healthcare,false,true,2026-01-08,reviewed,https://www.szse.cn/market/product/list/etfList/index.html,https://www.baostock.com/mainContent?file=DailyUpdates.md#query_daily_history_k_ETF,2026-07-31,partial_144_session_history_at_review
SZ,159133,天弘中证细分化工产业主题ETF,equity_sector,EQUITY_ETF,chemicals,Chemicals,true,true,2026-01-05,reviewed,https://www.szse.cn/market/product/list/etfList/index.html,https://www.baostock.com/mainContent?file=DailyUpdates.md#query_daily_history_k_ETF,2026-07-31,
SZ,159135,前海开源恒生港股通科技主题ETF,overseas,CROSS_ASSET,hang_seng_tech,Hang Seng Tech,false,true,2026-02-11,reviewed,https://www.szse.cn/market/product/list/etfList/index.html,https://www.baostock.com/mainContent?file=DailyUpdates.md#query_daily_history_k_ETF,2026-07-31,partial_144_session_history_at_review
SZ,159136,广发中证A50ETF,equity_broad,EQUITY_ETF,csi_a50,CSI A50,true,true,2026-01-05,reviewed,https://www.szse.cn/market/product/list/etfList/index.html,https://www.baostock.com/mainContent?file=DailyUpdates.md#query_daily_history_k_ETF,2026-07-31,
SZ,159137,华宝中证港股通医疗主题ETF,overseas,CROSS_ASSET,hk_healthcare,HK Healthcare,false,true,2026-01-12,reviewed,https://www.szse.cn/market/product/list/etfList/index.html,https://www.baostock.com/mainContent?file=DailyUpdates.md#query_daily_history_k_ETF,2026-07-31,partial_144_session_history_at_review
SZ,159138,易方达中证工程机械主题ETF,equity_sector,EQUITY_ETF,machinery,Machinery,false,true,2026-01-13,reviewed,https://www.szse.cn/market/product/list/etfList/index.html,https://www.baostock.com/mainContent?file=DailyUpdates.md#query_daily_history_k_ETF,2026-07-31,partial_144_session_history_at_review
SZ,159139,华泰柏瑞中证科创创业人工智能ETF,equity_theme,EQUITY_ETF,ai_computing,AI & Computing,true,true,2026-01-05,reviewed,https://www.szse.cn/market/product/list/etfList/index.html,https://www.baostock.com/mainContent?file=DailyUpdates.md#query_daily_history_k_ETF,2026-07-31,
SZ,159140,易方达中证科创创业人工智能ETF,equity_theme,EQUITY_ETF,ai_computing,AI & Computing,true,true,2026-01-05,reviewed,https://www.szse.cn/market/product/list/etfList/index.html,https://www.baostock.com/mainContent?file=DailyUpdates.md#query_daily_history_k_ETF,2026-07-31,
SZ,159141,永赢中证科创创业人工智能ETF,equity_theme,EQUITY_ETF,ai_computing,AI & Computing,true,true,2026-01-05,reviewed,https://www.szse.cn/market/product/list/etfList/index.html,https://www.baostock.com/mainContent?file=DailyUpdates.md#query_daily_history_k_ETF,2026-07-31,
SZ,159142,景顺长城中证科创创业人工智能ETF,equity_theme,EQUITY_ETF,ai_computing,AI & Computing,true,true,2026-01-05,reviewed,https://www.szse.cn/market/product/list/etfList/index.html,https://www.baostock.com/mainContent?file=DailyUpdates.md#query_daily_history_k_ETF,2026-07-31,
SZ,159143,平安恒生中国央企红利ETF,overseas,CROSS_ASSET,hk_finance,HK Finance,false,true,2026-01-12,reviewed,https://www.szse.cn/market/product/list/etfList/index.html,https://www.baostock.com/mainContent?file=DailyUpdates.md#query_daily_history_k_ETF,2026-07-31,partial_144_session_history_at_review
SZ,159145,广发国证工业软件主题ETF,equity_sector,EQUITY_ETF,software,Software,false,true,2026-01-19,reviewed,https://www.szse.cn/market/product/list/etfList/index.html,https://www.baostock.com/mainContent?file=DailyUpdates.md#query_daily_history_k_ETF,2026-07-31,partial_144_session_history_at_review
SZ,159146,华宝中证全指电力公用事业ETF,equity_sector,EQUITY_ETF,utilities,Utilities,false,true,2026-01-20,reviewed,https://www.szse.cn/market/product/list/etfList/index.html,https://www.baostock.com/mainContent?file=DailyUpdates.md#query_daily_history_k_ETF,2026-07-31,partial_144_session_history_at_review
SZ,159147,南方中证电池主题ETF,equity_theme,EQUITY_ETF,battery,Battery,false,true,2026-01-23,reviewed,https://www.szse.cn/market/product/list/etfList/index.html,https://www.baostock.com/mainContent?file=DailyUpdates.md#query_daily_history_k_ETF,2026-07-31,partial_144_session_history_at_review
SZ,159148,富国国证石油天然气ETF,equity_sector,EQUITY_ETF,oil_gas,Oil & Gas,false,true,2026-02-11,reviewed,https://www.szse.cn/market/product/list/etfList/index.html,https://www.baostock.com/mainContent?file=DailyUpdates.md#query_daily_history_k_ETF,2026-07-31,partial_144_session_history_at_review
SZ,159149,工银瑞信创业板新能源ETF,equity_theme,EQUITY_ETF,information_innovation,Information Innovation,false,true,2026-01-20,reviewed,https://www.szse.cn/market/product/list/etfList/index.html,https://www.baostock.com/mainContent?file=DailyUpdates.md#query_daily_history_k_ETF,2026-07-31,partial_144_session_history_at_review
SZ,159150,易方达深证50ETF,equity_broad,EQUITY_ETF,szse50,SZSE 50,true,true,2026-01-05,reviewed,https://www.szse.cn/market/product/list/etfList/index.html,https://www.baostock.com/mainContent?file=DailyUpdates.md#query_daily_history_k_ETF,2026-07-31,
SZ,159151,华夏中证全指食品ETF,equity_sector,EQUITY_ETF,food_beverage,Food & Beverage,false,true,2026-01-14,reviewed,https://www.szse.cn/market/product/list/etfList/index.html,https://www.baostock.com/mainContent?file=DailyUpdates.md#query_daily_history_k_ETF,2026-07-31,partial_144_session_history_at_review
SZ,159152,平安恒生港股通科技主题ETF,overseas,CROSS_ASSET,hang_seng_tech,Hang Seng Tech,false,true,2026-02-03,reviewed,https://www.szse.cn/market/product/list/etfList/index.html,https://www.baostock.com/mainContent?file=DailyUpdates.md#query_daily_history_k_ETF,2026-07-31,partial_144_session_history_at_review
SZ,159153,鹏华国证消费电子主题ETF,equity_theme,EQUITY_ETF,consumer_electronics,Consumer Electronics,false,true,2026-02-09,reviewed,https://www.szse.cn/market/product/list/etfList/index.html,https://www.baostock.com/mainContent?file=DailyUpdates.md#query_daily_history_k_ETF,2026-07-31,partial_144_session_history_at_review
SZ,159155,大成中证电池主题ETF,equity_theme,EQUITY_ETF,battery,Battery,false,true,2026-01-21,reviewed,https://www.szse.cn/market/product/list/etfList/index.html,https://www.baostock.com/mainContent?file=DailyUpdates.md#query_daily_history_k_ETF,2026-07-31,partial_144_session_history_at_review
SZ,159156,万家国证新能源车电池ETF,equity_theme,EQUITY_ETF,new_energy_vehicle,New Energy Vehicle,false,true,2026-02-12,reviewed,https://www.szse.cn/market/product/list/etfList/index.html,https://www.baostock.com/mainContent?file=DailyUpdates.md#query_daily_history_k_ETF,2026-07-31,partial_144_session_history_at_review
SZ,159157,天弘中证工业有色金属主题ETF,equity_sector,EQUITY_ETF,nonferrous_metals,Non-ferrous Metals,false,true,2026-02-06,reviewed,https://www.szse.cn/market/product/list/etfList/index.html,https://www.baostock.com/mainContent?file=DailyUpdates.md#query_daily_history_k_ETF,2026-07-31,partial_144_session_history_at_review
SZ,159158,景顺长城中证全指电力公用事业ETF,equity_sector,EQUITY_ETF,utilities,Utilities,false,true,2026-01-27,reviewed,https://www.szse.cn/market/product/list/etfList/index.html,https://www.baostock.com/mainContent?file=DailyUpdates.md#query_daily_history_k_ETF,2026-07-31,partial_144_session_history_at_review
SZ,159159,国投瑞银中证全指公用事业ETF,equity_sector,EQUITY_ETF,utilities,Utilities,false,true,2026-02-12,reviewed,https://www.szse.cn/market/product/list/etfList/index.html,https://www.baostock.com/mainContent?file=DailyUpdates.md#query_daily_history_k_ETF,2026-07-31,partial_144_session_history_at_review
SZ,159160,电池ETF东财,equity_theme,EQUITY_ETF,battery,Battery,false,true,2026-03-27,reviewed,https://www.szse.cn/market/product/list/etfList/index.html,https://www.baostock.com/mainContent?file=DailyUpdates.md#query_daily_history_k_ETF,2026-07-31,partial_144_session_history_at_review
SZ,159161,工程机械ETF东财,equity_sector,EQUITY_ETF,machinery,Machinery,false,true,2026-07-07,reviewed,https://www.szse.cn/market/product/list/etfList/index.html,https://www.baostock.com/mainContent?file=DailyUpdates.md#query_daily_history_k_ETF,2026-07-31,partial_144_session_history_at_review
SZ,159162,鹏华中证工业有色金属主题ETF,equity_sector,EQUITY_ETF,nonferrous_metals,Non-ferrous Metals,false,true,2026-01-29,reviewed,https://www.szse.cn/market/product/list/etfList/index.html,https://www.baostock.com/mainContent?file=DailyUpdates.md#query_daily_history_k_ETF,2026-07-31,partial_144_session_history_at_review
SZ,159163,泰康中证有色金属矿业主题ETF,equity_sector,EQUITY_ETF,nonferrous_metals,Non-ferrous Metals,false,true,2026-02-09,reviewed,https://www.szse.cn/market/product/list/etfList/index.html,https://www.baostock.com/mainContent?file=DailyUpdates.md#query_daily_history_k_ETF,2026-07-31,partial_144_session_history_at_review
SZ,159165,永赢中证畜牧养殖产业ETF,equity_sector,EQUITY_ETF,livestock,Livestock,false,true,2026-02-12,reviewed,https://www.szse.cn/market/product/list/etfList/index.html,https://www.baostock.com/mainContent?file=DailyUpdates.md#query_daily_history_k_ETF,2026-07-31,partial_144_session_history_at_review
SZ,159166,长城国证自由现金流ETF,equity_strategy,EQUITY_ETF,free_cash_flow,Free Cash Flow,false,true,2026-03-18,reviewed,https://www.szse.cn/market/product/list/etfList/index.html,https://www.baostock.com/mainContent?file=DailyUpdates.md#query_daily_history_k_ETF,2026-07-31,partial_144_session_history_at_review
SZ,159167,工银瑞信中证港股通医疗主题ETF,overseas,CROSS_ASSET,hk_healthcare,HK Healthcare,false,true,2026-02-12,reviewed,https://www.szse.cn/market/product/list/etfList/index.html,https://www.baostock.com/mainContent?file=DailyUpdates.md#query_daily_history_k_ETF,2026-07-31,partial_144_session_history_at_review
SZ,159168,富国中证工业有色金属主题ETF,equity_sector,EQUITY_ETF,nonferrous_metals,Non-ferrous Metals,false,true,2026-02-12,reviewed,https://www.szse.cn/market/product/list/etfList/index.html,https://www.baostock.com/mainContent?file=DailyUpdates.md#query_daily_history_k_ETF,2026-07-31,partial_144_session_history_at_review
SZ,159169,广发恒生生物科技ETF,overseas,CROSS_ASSET,hk_healthcare,HK Healthcare,false,true,2026-03-04,reviewed,https://www.szse.cn/market/product/list/etfList/index.html,https://www.baostock.com/mainContent?file=DailyUpdates.md#query_daily_history_k_ETF,2026-07-31,partial_144_session_history_at_review
SZ,159170,永赢国证港股通互联网ETF,overseas,CROSS_ASSET,hang_seng_internet,HK Internet,false,true,2026-03-19,reviewed,https://www.szse.cn/market/product/list/etfList/index.html,https://www.baostock.com/mainContent?file=DailyUpdates.md#query_daily_history_k_ETF,2026-07-31,partial_144_session_history_at_review
SZ,159171,博时中证工业有色金属主题ETF,equity_sector,EQUITY_ETF,nonferrous_metals,Non-ferrous Metals,false,true,2026-03-05,reviewed,https://www.szse.cn/market/product/list/etfList/index.html,https://www.baostock.com/mainContent?file=DailyUpdates.md#query_daily_history_k_ETF,2026-07-31,partial_144_session_history_at_review
SZ,159172,汇添富中证畜牧养殖产业ETF,equity_sector,EQUITY_ETF,livestock,Livestock,false,true,2026-03-20,reviewed,https://www.szse.cn/market/product/list/etfList/index.html,https://www.baostock.com/mainContent?file=DailyUpdates.md#query_daily_history_k_ETF,2026-07-31,partial_144_session_history_at_review
SZ,159173,南方中证全指农牧渔ETF,equity_sector,EQUITY_ETF,agriculture,Agriculture,false,true,2026-04-02,reviewed,https://www.szse.cn/market/product/list/etfList/index.html,https://www.baostock.com/mainContent?file=DailyUpdates.md#query_daily_history_k_ETF,2026-07-31,partial_144_session_history_at_review
SZ,159175,易方达中证电池主题ETF,equity_theme,EQUITY_ETF,battery,Battery,false,true,2026-03-05,reviewed,https://www.szse.cn/market/product/list/etfList/index.html,https://www.baostock.com/mainContent?file=DailyUpdates.md#query_daily_history_k_ETF,2026-07-31,partial_144_session_history_at_review
SZ,159176,华宝中证全指家用电器ETF,equity_sector,EQUITY_ETF,home_appliance,Home Appliance,false,true,2026-04-03,reviewed,https://www.szse.cn/market/product/list/etfList/index.html,https://www.baostock.com/mainContent?file=DailyUpdates.md#query_daily_history_k_ETF,2026-07-31,partial_144_session_history_at_review
SZ,159177,鹏华中证工程机械主题ETF,equity_sector,EQUITY_ETF,machinery,Machinery,false,true,2026-04-02,reviewed,https://www.szse.cn/market/product/list/etfList/index.html,https://www.baostock.com/mainContent?file=DailyUpdates.md#query_daily_history_k_ETF,2026-07-31,partial_144_session_history_at_review
SZ,159178,汇添富国证消费电子主题ETF,equity_theme,EQUITY_ETF,consumer_electronics,Consumer Electronics,false,true,2026-04-28,reviewed,https://www.szse.cn/market/product/list/etfList/index.html,https://www.baostock.com/mainContent?file=DailyUpdates.md#query_daily_history_k_ETF,2026-07-31,partial_144_session_history_at_review
SZ,159179,工银瑞信中证港股通互联网ETF,overseas,CROSS_ASSET,hang_seng_internet,HK Internet,false,true,2026-04-03,reviewed,https://www.szse.cn/market/product/list/etfList/index.html,https://www.baostock.com/mainContent?file=DailyUpdates.md#query_daily_history_k_ETF,2026-07-31,partial_144_session_history_at_review
SZ,159180,银华国证工业软件主题ETF,equity_sector,EQUITY_ETF,software,Software,false,true,2026-04-03,reviewed,https://www.szse.cn/market/product/list/etfList/index.html,https://www.baostock.com/mainContent?file=DailyUpdates.md#query_daily_history_k_ETF,2026-07-31,partial_144_session_history_at_review
SZ,159181,易方达国证石油天然气ETF,equity_sector,EQUITY_ETF,oil_gas,Oil & Gas,false,true,2026-03-19,reviewed,https://www.szse.cn/market/product/list/etfList/index.html,https://www.baostock.com/mainContent?file=DailyUpdates.md#query_daily_history_k_ETF,2026-07-31,partial_144_session_history_at_review
SZ,159182,南方中证全指家用电器ETF,equity_sector,EQUITY_ETF,home_appliance,Home Appliance,false,true,2026-05-08,reviewed,https://www.szse.cn/market/product/list/etfList/index.html,https://www.baostock.com/mainContent?file=DailyUpdates.md#query_daily_history_k_ETF,2026-07-31,partial_144_session_history_at_review
SZ,159183,招商中证新能源汽车ETF,equity_theme,EQUITY_ETF,new_energy_vehicle,New Energy Vehicle,false,true,2026-03-24,reviewed,https://www.szse.cn/market/product/list/etfList/index.html,https://www.baostock.com/mainContent?file=DailyUpdates.md#query_daily_history_k_ETF,2026-07-31,partial_144_session_history_at_review
SZ,159185,鹏华中证港股通信息技术综合ETF,overseas,CROSS_ASSET,exposure_6e6de2d1cbfb,中证港股通信息技术综合,false,true,2026-04-24,reviewed,https://www.szse.cn/market/product/list/etfList/index.html,https://www.baostock.com/mainContent?file=DailyUpdates.md#query_daily_history_k_ETF,2026-07-31,partial_144_session_history_at_review
SZ,159186,鹏华恒生港股通汽车主题ETF,overseas,CROSS_ASSET,hk_automobile,HK Automobile,false,true,2026-04-20,reviewed,https://www.szse.cn/market/product/list/etfList/index.html,https://www.baostock.com/mainContent?file=DailyUpdates.md#query_daily_history_k_ETF,2026-07-31,partial_144_session_history_at_review
SZ,159187,景顺长城创业板新能源ETF,equity_theme,EQUITY_ETF,new_energy,New Energy,false,true,2026-04-01,reviewed,https://www.szse.cn/market/product/list/etfList/index.html,https://www.baostock.com/mainContent?file=DailyUpdates.md#query_daily_history_k_ETF,2026-07-31,partial_144_session_history_at_review
SZ,159188,景顺长城标普中国A股红利100ETF,equity_strategy,EQUITY_ETF,dividend,Dividend,false,true,2026-04-10,reviewed,https://www.szse.cn/market/product/list/etfList/index.html,https://www.baostock.com/mainContent?file=DailyUpdates.md#query_daily_history_k_ETF,2026-07-31,partial_144_session_history_at_review
SZ,159189,华夏国证石油天然气ETF,equity_sector,EQUITY_ETF,oil_gas,Oil & Gas,false,true,2026-03-19,reviewed,https://www.szse.cn/market/product/list/etfList/index.html,https://www.baostock.com/mainContent?file=DailyUpdates.md#query_daily_history_k_ETF,2026-07-31,partial_144_session_history_at_review
SZ,159190,天弘创业板新能源ETF,equity_theme,EQUITY_ETF,new_energy,New Energy,false,true,2026-03-30,reviewed,https://www.szse.cn/market/product/list/etfList/index.html,https://www.baostock.com/mainContent?file=DailyUpdates.md#query_daily_history_k_ETF,2026-07-31,partial_144_session_history_at_review
SZ,159191,易方达国证港股通科技ETF,overseas,CROSS_ASSET,hang_seng_tech,Hang Seng Tech,false,true,2026-03-26,reviewed,https://www.szse.cn/market/product/list/etfList/index.html,https://www.baostock.com/mainContent?file=DailyUpdates.md#query_daily_history_k_ETF,2026-07-31,partial_144_session_history_at_review
SZ,159192,汇添富中证家电龙头ETF,equity_sector,EQUITY_ETF,home_appliance,Home Appliance,false,true,2026-04-30,reviewed,https://www.szse.cn/market/product/list/etfList/index.html,https://www.baostock.com/mainContent?file=DailyUpdates.md#query_daily_history_k_ETF,2026-07-31,partial_144_session_history_at_review
SZ,159193,银华国证新能源电池ETF,equity_theme,EQUITY_ETF,battery,Battery,false,true,2026-05-06,reviewed,https://www.szse.cn/market/product/list/etfList/index.html,https://www.baostock.com/mainContent?file=DailyUpdates.md#query_daily_history_k_ETF,2026-07-31,partial_144_session_history_at_review
SZ,159195,华安国证石油天然气ETF,equity_sector,EQUITY_ETF,oil_gas,Oil & Gas,false,true,2026-04-02,reviewed,https://www.szse.cn/market/product/list/etfList/index.html,https://www.baostock.com/mainContent?file=DailyUpdates.md#query_daily_history_k_ETF,2026-07-31,partial_144_session_history_at_review
SZ,159196,易方达中证港股通信息技术综合ETF,overseas,CROSS_ASSET,exposure_6e6de2d1cbfb,中证港股通信息技术综合,false,true,2026-04-02,reviewed,https://www.szse.cn/market/product/list/etfList/index.html,https://www.baostock.com/mainContent?file=DailyUpdates.md#query_daily_history_k_ETF,2026-07-31,partial_144_session_history_at_review
SZ,159197,招商国证石油天然气ETF,equity_sector,EQUITY_ETF,oil_gas,Oil & Gas,false,true,2026-04-02,reviewed,https://www.szse.cn/market/product/list/etfList/index.html,https://www.baostock.com/mainContent?file=DailyUpdates.md#query_daily_history_k_ETF,2026-07-31,partial_144_session_history_at_review
SZ,159198,富国中证港股通信息技术综合ETF,overseas,CROSS_ASSET,exposure_6e6de2d1cbfb,中证港股通信息技术综合,false,true,2026-04-03,reviewed,https://www.szse.cn/market/product/list/etfList/index.html,https://www.baostock.com/mainContent?file=DailyUpdates.md#query_daily_history_k_ETF,2026-07-31,partial_144_session_history_at_review
SZ,159199,平安国证石油天然气ETF,equity_sector,EQUITY_ETF,oil_gas,Oil & Gas,false,true,2026-04-09,reviewed,https://www.szse.cn/market/product/list/etfList/index.html,https://www.baostock.com/mainContent?file=DailyUpdates.md#query_daily_history_k_ETF,2026-07-31,partial_144_session_history_at_review
SZ,159200,富国中证AAA科技创新公司债ETF,bond,CROSS_ASSET,tech_innovation_bond,Tech Innovation Bond,true,true,2026-01-05,reviewed,https://www.szse.cn/market/product/list/etfList/index.html,https://www.baostock.com/mainContent?file=DailyUpdates.md#query_daily_history_k_ETF,2026-07-31,
SZ,159201,华夏国证自由现金流ETF,equity_strategy,EQUITY_ETF,free_cash_flow,Free Cash Flow,true,true,2026-01-05,reviewed,https://www.szse.cn/market/product/list/etfList/index.html,https://www.baostock.com/mainContent?file=DailyUpdates.md#query_daily_history_k_ETF,2026-07-31,
SZ,159202,万家恒生互联网科技业ETF(QDII),overseas,CROSS_ASSET,hang_seng_internet,HK Internet,true,true,2026-01-05,reviewed,https://www.szse.cn/market/product/list/etfList/index.html,https://www.baostock.com/mainContent?file=DailyUpdates.md#query_daily_history_k_ETF,2026-07-31,
SZ,159203,博时国证大盘成长ETF,equity_strategy,EQUITY_ETF,growth,Growth,true,true,2026-01-05,reviewed,https://www.szse.cn/market/product/list/etfList/index.html,https://www.baostock.com/mainContent?file=DailyUpdates.md#query_daily_history_k_ETF,2026-07-31,
SZ,159205,创业板ETF东财,equity_broad,EQUITY_ETF,chinext,ChiNext,true,true,2026-01-05,reviewed,https://www.szse.cn/market/product/list/etfList/index.html,https://www.baostock.com/mainContent?file=DailyUpdates.md#query_daily_history_k_ETF,2026-07-31,
SZ,159206,永赢国证商用卫星ETF,equity_theme,EQUITY_ETF,satellite_space,Satellite & Space,true,true,2026-01-05,reviewed,https://www.szse.cn/market/product/list/etfList/index.html,https://www.baostock.com/mainContent?file=DailyUpdates.md#query_daily_history_k_ETF,2026-07-31,
SZ,159207,广发中证智选高股息策略ETF,equity_strategy,EQUITY_ETF,dividend,Dividend,true,true,2026-01-05,reviewed,https://www.szse.cn/market/product/list/etfList/index.html,https://www.baostock.com/mainContent?file=DailyUpdates.md#query_daily_history_k_ETF,2026-07-31,
SZ,159208,万家国证航天航空行业ETF,equity_sector,EQUITY_ETF,aerospace,Aerospace,true,true,2026-01-05,reviewed,https://www.szse.cn/market/product/list/etfList/index.html,https://www.baostock.com/mainContent?file=DailyUpdates.md#query_daily_history_k_ETF,2026-07-31,
SZ,159209,招商中证全指红利质量ETF,equity_strategy,EQUITY_ETF,dividend_quality,Dividend Quality,true,true,2026-01-05,reviewed,https://www.szse.cn/market/product/list/etfList/index.html,https://www.baostock.com/mainContent?file=DailyUpdates.md#query_daily_history_k_ETF,2026-07-31,
SZ,159210,汇添富中证港股通汽车产业主题ETF,overseas,CROSS_ASSET,hk_automobile,HK Automobile,true,true,2026-01-05,reviewed,https://www.szse.cn/market/product/list/etfList/index.html,https://www.baostock.com/mainContent?file=DailyUpdates.md#query_daily_history_k_ETF,2026-07-31,
SZ,159211,富国深证100ETF,equity_broad,EQUITY_ETF,szse100,SZSE 100,true,true,2026-01-05,reviewed,https://www.szse.cn/market/product/list/etfList/index.html,https://www.baostock.com/mainContent?file=DailyUpdates.md#query_daily_history_k_ETF,2026-07-31,
SZ,159212,南方深证100ETF,equity_broad,EQUITY_ETF,szse100,SZSE 100,true,true,2026-01-05,reviewed,https://www.szse.cn/market/product/list/etfList/index.html,https://www.baostock.com/mainContent?file=DailyUpdates.md#query_daily_history_k_ETF,2026-07-31,
SZ,159213,汇添富中证机器人ETF,equity_theme,EQUITY_ETF,robotics,Robotics,true,true,2026-01-05,reviewed,https://www.szse.cn/market/product/list/etfList/index.html,https://www.baostock.com/mainContent?file=DailyUpdates.md#query_daily_history_k_ETF,2026-07-31,
SZ,159215,平安中证A500ETF,equity_broad,EQUITY_ETF,csi_a500,CSI A500,true,true,2026-01-05,reviewed,https://www.szse.cn/market/product/list/etfList/index.html,https://www.baostock.com/mainContent?file=DailyUpdates.md#query_daily_history_k_ETF,2026-07-31,
SZ,159216,大成深证100ETF,equity_broad,EQUITY_ETF,szse100,SZSE 100,true,true,2026-01-05,reviewed,https://www.szse.cn/market/product/list/etfList/index.html,https://www.baostock.com/mainContent?file=DailyUpdates.md#query_daily_history_k_ETF,2026-07-31,
SZ,159217,工银国证港股通创新药ETF,overseas,CROSS_ASSET,exposure_7cd423c226c6,国证港股通创新药,true,true,2026-01-05,reviewed,https://www.szse.cn/market/product/list/etfList/index.html,https://www.baostock.com/mainContent?file=DailyUpdates.md#query_daily_history_k_ETF,2026-07-31,
SZ,159218,招商中证卫星产业ETF,equity_theme,EQUITY_ETF,satellite_space,Satellite & Space,true,true,2026-01-05,reviewed,https://www.szse.cn/market/product/list/etfList/index.html,https://www.baostock.com/mainContent?file=DailyUpdates.md#query_daily_history_k_ETF,2026-07-31,
SZ,159219,融通深证100ETF,equity_broad,EQUITY_ETF,szse100,SZSE 100,true,true,2026-01-05,reviewed,https://www.szse.cn/market/product/list/etfList/index.html,https://www.baostock.com/mainContent?file=DailyUpdates.md#query_daily_history_k_ETF,2026-07-31,
SZ,159220,华宝标普港股通低波红利ETF,overseas,CROSS_ASSET,exposure_28048df159a4,标普港股通低波红利,true,true,2026-01-05,reviewed,https://www.szse.cn/market/product/list/etfList/index.html,https://www.baostock.com/mainContent?file=DailyUpdates.md#query_daily_history_k_ETF,2026-07-31,
SZ,159221,嘉实国证自由现金流ETF,equity_strategy,EQUITY_ETF,free_cash_flow,Free Cash Flow,true,true,2026-01-05,reviewed,https://www.szse.cn/market/product/list/etfList/index.html,https://www.baostock.com/mainContent?file=DailyUpdates.md#query_daily_history_k_ETF,2026-07-31,
SZ,159222,易方达国证自由现金流ETF,equity_strategy,EQUITY_ETF,free_cash_flow,Free Cash Flow,true,true,2026-01-05,reviewed,https://www.szse.cn/market/product/list/etfList/index.html,https://www.baostock.com/mainContent?file=DailyUpdates.md#query_daily_history_k_ETF,2026-07-31,
SZ,159223,永赢国证自由现金流ETF,equity_strategy,EQUITY_ETF,free_cash_flow,Free Cash Flow,true,true,2026-01-05,reviewed,https://www.szse.cn/market/product/list/etfList/index.html,https://www.baostock.com/mainContent?file=DailyUpdates.md#query_daily_history_k_ETF,2026-07-31,
SZ,159225,银华国证自由现金流ETF,equity_strategy,EQUITY_ETF,free_cash_flow,Free Cash Flow,true,true,2026-01-05,reviewed,https://www.szse.cn/market/product/list/etfList/index.html,https://www.baostock.com/mainContent?file=DailyUpdates.md#query_daily_history_k_ETF,2026-07-31,
SZ,159226,国泰中证A500增强策略ETF,equity_strategy,EQUITY_ETF,enhanced,Enhanced,true,true,2026-01-05,reviewed,https://www.szse.cn/market/product/list/etfList/index.html,https://www.baostock.com/mainContent?file=DailyUpdates.md#query_daily_history_k_ETF,2026-07-31,
SZ,159227,华夏国证航天航空行业ETF,equity_sector,EQUITY_ETF,aerospace,Aerospace,true,true,2026-01-05,reviewed,https://www.szse.cn/market/product/list/etfList/index.html,https://www.baostock.com/mainContent?file=DailyUpdates.md#query_daily_history_k_ETF,2026-07-31,
SZ,159228,长城中证红利低波100ETF,equity_strategy,EQUITY_ETF,dividend_low_vol,Dividend Low Vol,true,true,2026-01-05,reviewed,https://www.szse.cn/market/product/list/etfList/index.html,https://www.baostock.com/mainContent?file=DailyUpdates.md#query_daily_history_k_ETF,2026-07-31,
SZ,159229,广发中证800自由现金流ETF,equity_strategy,EQUITY_ETF,free_cash_flow,Free Cash Flow,true,true,2026-01-05,reviewed,https://www.szse.cn/market/product/list/etfList/index.html,https://www.baostock.com/mainContent?file=DailyUpdates.md#query_daily_history_k_ETF,2026-07-31,
SZ,159230,华夏国证通用航空产业ETF,equity_sector,EQUITY_ETF,aerospace,Aerospace,true,true,2026-01-05,reviewed,https://www.szse.cn/market/product/list/etfList/index.html,https://www.baostock.com/mainContent?file=DailyUpdates.md#query_daily_history_k_ETF,2026-07-31,
SZ,159231,华宝国证通用航空产业ETF,equity_sector,EQUITY_ETF,aerospace,Aerospace,true,true,2026-01-05,reviewed,https://www.szse.cn/market/product/list/etfList/index.html,https://www.baostock.com/mainContent?file=DailyUpdates.md#query_daily_history_k_ETF,2026-07-31,
SZ,159232,南方中证全指自由现金流ETF,equity_strategy,EQUITY_ETF,free_cash_flow,Free Cash Flow,true,true,2026-01-05,reviewed,https://www.szse.cn/market/product/list/etfList/index.html,https://www.baostock.com/mainContent?file=DailyUpdates.md#query_daily_history_k_ETF,2026-07-31,
SZ,159233,平安中证全指自由现金流ETF,equity_strategy,EQUITY_ETF,free_cash_flow,Free Cash Flow,true,true,2026-01-05,reviewed,https://www.szse.cn/market/product/list/etfList/index.html,https://www.baostock.com/mainContent?file=DailyUpdates.md#query_daily_history_k_ETF,2026-07-31,
SZ,159235,大成中证全指自由现金流ETF,equity_strategy,EQUITY_ETF,free_cash_flow,Free Cash Flow,true,true,2026-01-05,reviewed,https://www.szse.cn/market/product/list/etfList/index.html,https://www.baostock.com/mainContent?file=DailyUpdates.md#query_daily_history_k_ETF,2026-07-31,
SZ,159236,工银瑞信中证全指自由现金流ETF,equity_strategy,EQUITY_ETF,free_cash_flow,Free Cash Flow,true,true,2026-01-05,reviewed,https://www.szse.cn/market/product/list/etfList/index.html,https://www.baostock.com/mainContent?file=DailyUpdates.md#query_daily_history_k_ETF,2026-07-31,
SZ,159237,工银瑞信中证港股通汽车产业ETF,overseas,CROSS_ASSET,hk_automobile,HK Automobile,true,true,2026-01-05,reviewed,https://www.szse.cn/market/product/list/etfList/index.html,https://www.baostock.com/mainContent?file=DailyUpdates.md#query_daily_history_k_ETF,2026-07-31,
SZ,159238,景顺长城沪深300增强策略ETF,equity_strategy,EQUITY_ETF,enhanced,Enhanced,true,true,2026-01-05,reviewed,https://www.szse.cn/market/product/list/etfList/index.html,https://www.baostock.com/mainContent?file=DailyUpdates.md#query_daily_history_k_ETF,2026-07-31,
SZ,159239,富国恒生港股通汽车主题ETF,overseas,CROSS_ASSET,hk_automobile,HK Automobile,true,true,2026-01-05,reviewed,https://www.szse.cn/market/product/list/etfList/index.html,https://www.baostock.com/mainContent?file=DailyUpdates.md#query_daily_history_k_ETF,2026-07-31,
SZ,159240,天弘中证A500增强策略ETF,equity_strategy,EQUITY_ETF,enhanced,Enhanced,true,true,2026-01-05,reviewed,https://www.szse.cn/market/product/list/etfList/index.html,https://www.baostock.com/mainContent?file=DailyUpdates.md#query_daily_history_k_ETF,2026-07-31,
SZ,159241,天弘国证航天航空行业ETF,equity_sector,EQUITY_ETF,aerospace,Aerospace,true,true,2026-01-05,reviewed,https://www.szse.cn/market/product/list/etfList/index.html,https://www.baostock.com/mainContent?file=DailyUpdates.md#query_daily_history_k_ETF,2026-07-31,
SZ,159242,大成创业板人工智能ETF,equity_theme,EQUITY_ETF,ai_computing,AI & Computing,true,true,2026-01-05,reviewed,https://www.szse.cn/market/product/list/etfList/index.html,https://www.baostock.com/mainContent?file=DailyUpdates.md#query_daily_history_k_ETF,2026-07-31,
SZ,159243,招商创业板人工智能ETF,equity_theme,EQUITY_ETF,ai_computing,AI & Computing,true,true,2026-01-05,reviewed,https://www.szse.cn/market/product/list/etfList/index.html,https://www.baostock.com/mainContent?file=DailyUpdates.md#query_daily_history_k_ETF,2026-07-31,
SZ,159245,富国国证港股通消费主题ETF,overseas,CROSS_ASSET,hk_consumer,HK Consumer,true,true,2026-01-05,reviewed,https://www.szse.cn/market/product/list/etfList/index.html,https://www.baostock.com/mainContent?file=DailyUpdates.md#query_daily_history_k_ETF,2026-07-31,
SZ,159246,富国创业板人工智能ETF,equity_theme,EQUITY_ETF,ai_computing,AI & Computing,true,true,2026-01-05,reviewed,https://www.szse.cn/market/product/list/etfList/index.html,https://www.baostock.com/mainContent?file=DailyUpdates.md#query_daily_history_k_ETF,2026-07-31,
SZ,159247,汇添富创业板ETF,equity_broad,EQUITY_ETF,chinext,ChiNext,false,true,2026-02-02,reviewed,https://www.szse.cn/market/product/list/etfList/index.html,https://www.baostock.com/mainContent?file=DailyUpdates.md#query_daily_history_k_ETF,2026-07-31,partial_144_session_history_at_review
SZ,159248,万家中证人工智能主题ETF,equity_theme,EQUITY_ETF,ai_computing,AI & Computing,true,true,2026-01-05,reviewed,https://www.szse.cn/market/product/list/etfList/index.html,https://www.baostock.com/mainContent?file=DailyUpdates.md#query_daily_history_k_ETF,2026-07-31,
SZ,159249,工银瑞信中证A500增强策略ETF,equity_strategy,EQUITY_ETF,enhanced,Enhanced,true,true,2026-01-05,reviewed,https://www.szse.cn/market/product/list/etfList/index.html,https://www.baostock.com/mainContent?file=DailyUpdates.md#query_daily_history_k_ETF,2026-07-31,
SZ,159251,万家国证港股通科技ETF,overseas,CROSS_ASSET,hang_seng_tech,Hang Seng Tech,true,true,2026-01-05,reviewed,https://www.szse.cn/market/product/list/etfList/index.html,https://www.baostock.com/mainContent?file=DailyUpdates.md#query_daily_history_k_ETF,2026-07-31,
SZ,159253,博时中证银行ETF,equity_sector,EQUITY_ETF,banking,Banking,true,true,2026-01-05,reviewed,https://www.szse.cn/market/product/list/etfList/index.html,https://www.baostock.com/mainContent?file=DailyUpdates.md#query_daily_history_k_ETF,2026-07-31,
SZ,159255,易方达国证通用航空产业ETF,equity_sector,EQUITY_ETF,aerospace,Aerospace,true,true,2026-01-05,reviewed,https://www.szse.cn/market/product/list/etfList/index.html,https://www.baostock.com/mainContent?file=DailyUpdates.md#query_daily_history_k_ETF,2026-07-31,
SZ,159256,华夏创业板软件ETF,equity_sector,EQUITY_ETF,software,Software,true,true,2026-01-05,reviewed,https://www.szse.cn/market/product/list/etfList/index.html,https://www.baostock.com/mainContent?file=DailyUpdates.md#query_daily_history_k_ETF,2026-07-31,
SZ,159257,汇添富国证通用航空产业ETF,equity_sector,EQUITY_ETF,aerospace,Aerospace,true,true,2026-01-05,reviewed,https://www.szse.cn/market/product/list/etfList/index.html,https://www.baostock.com/mainContent?file=DailyUpdates.md#query_daily_history_k_ETF,2026-07-31,
SZ,159258,南方中证机器人ETF,equity_theme,EQUITY_ETF,robotics,Robotics,true,true,2026-01-05,reviewed,https://www.szse.cn/market/product/list/etfList/index.html,https://www.baostock.com/mainContent?file=DailyUpdates.md#query_daily_history_k_ETF,2026-07-31,
SZ,159259,易方达国证成长100ETF,equity_strategy,EQUITY_ETF,growth,Growth,true,true,2026-01-05,reviewed,https://www.szse.cn/market/product/list/etfList/index.html,https://www.baostock.com/mainContent?file=DailyUpdates.md#query_daily_history_k_ETF,2026-07-31,
SZ,159260,博时证券公司ETF,equity_sector,EQUITY_ETF,securities,Securities,true,true,2026-01-05,reviewed,https://www.szse.cn/market/product/list/etfList/index.html,https://www.baostock.com/mainContent?file=DailyUpdates.md#query_daily_history_k_ETF,2026-07-31,
SZ,159261,鹏华创业板新能源ETF,equity_theme,EQUITY_ETF,new_energy,New Energy,true,true,2026-01-05,reviewed,https://www.szse.cn/market/product/list/etfList/index.html,https://www.baostock.com/mainContent?file=DailyUpdates.md#query_daily_history_k_ETF,2026-07-31,
SZ,159262,广发恒生港股通科技主题ETF,overseas,CROSS_ASSET,hang_seng_tech,Hang Seng Tech,true,true,2026-01-05,reviewed,https://www.szse.cn/market/product/list/etfList/index.html,https://www.baostock.com/mainContent?file=DailyUpdates.md#query_daily_history_k_ETF,2026-07-31,
SZ,159263,易方达国证价值100ETF,equity_strategy,EQUITY_ETF,value,Value,true,true,2026-01-05,reviewed,https://www.szse.cn/market/product/list/etfList/index.html,https://www.baostock.com/mainContent?file=DailyUpdates.md#query_daily_history_k_ETF,2026-07-31,
SZ,159265,鹏华国证港股通消费主题ETF,overseas,CROSS_ASSET,hk_consumer,HK Consumer,true,true,2026-01-05,reviewed,https://www.szse.cn/market/product/list/etfList/index.html,https://www.baostock.com/mainContent?file=DailyUpdates.md#query_daily_history_k_ETF,2026-07-31,
SZ,159266,永赢中证港股通央企红利ETF,overseas,CROSS_ASSET,exposure_6b259d14efb5,中证港股通央企红利,true,true,2026-01-05,reviewed,https://www.szse.cn/market/product/list/etfList/index.html,https://www.baostock.com/mainContent?file=DailyUpdates.md#query_daily_history_k_ETF,2026-07-31,
SZ,159267,华安国证航天航空行业ETF,equity_sector,EQUITY_ETF,aerospace,Aerospace,true,true,2026-01-05,reviewed,https://www.szse.cn/market/product/list/etfList/index.html,https://www.baostock.com/mainContent?file=DailyUpdates.md#query_daily_history_k_ETF,2026-07-31,
SZ,159268,汇添富国证港股通消费主题ETF,overseas,CROSS_ASSET,hk_consumer,HK Consumer,true,true,2026-01-05,reviewed,https://www.szse.cn/market/product/list/etfList/index.html,https://www.baostock.com/mainContent?file=DailyUpdates.md#query_daily_history_k_ETF,2026-07-31,
SZ,159269,南方中证港股通科技ETF,overseas,CROSS_ASSET,hang_seng_tech,Hang Seng Tech,true,true,2026-01-05,reviewed,https://www.szse.cn/market/product/list/etfList/index.html,https://www.baostock.com/mainContent?file=DailyUpdates.md#query_daily_history_k_ETF,2026-07-31,
SZ,159270,南方创业板200ETF,equity_broad,EQUITY_ETF,chinext200,ChiNext 200,true,true,2026-01-05,reviewed,https://www.szse.cn/market/product/list/etfList/index.html,https://www.baostock.com/mainContent?file=DailyUpdates.md#query_daily_history_k_ETF,2026-07-31,
SZ,159271,鹏华恒生ETF,overseas,CROSS_ASSET,hang_seng,Hang Seng,true,true,2026-01-05,reviewed,https://www.szse.cn/market/product/list/etfList/index.html,https://www.baostock.com/mainContent?file=DailyUpdates.md#query_daily_history_k_ETF,2026-07-31,
SZ,159272,富国国证机器人产业ETF,equity_theme,EQUITY_ETF,robotics,Robotics,true,true,2026-01-05,reviewed,https://www.szse.cn/market/product/list/etfList/index.html,https://www.baostock.com/mainContent?file=DailyUpdates.md#query_daily_history_k_ETF,2026-07-31,
SZ,159273,汇添富中证沪港深云计算产业ETF,overseas,CROSS_ASSET,exposure_47db6df7b9f0,中证沪港深云计算产业,true,true,2026-01-05,reviewed,https://www.szse.cn/market/product/list/etfList/index.html,https://www.baostock.com/mainContent?file=DailyUpdates.md#query_daily_history_k_ETF,2026-07-31,
SZ,159275,华宝中证全指农牧渔ETF,equity_sector,EQUITY_ETF,agriculture,Agriculture,true,true,2026-01-05,reviewed,https://www.szse.cn/market/product/list/etfList/index.html,https://www.baostock.com/mainContent?file=DailyUpdates.md#query_daily_history_k_ETF,2026-07-31,
SZ,159276,汇添富国证自由现金流ETF,equity_strategy,EQUITY_ETF,free_cash_flow,Free Cash Flow,true,true,2026-01-05,reviewed,https://www.szse.cn/market/product/list/etfList/index.html,https://www.baostock.com/mainContent?file=DailyUpdates.md#query_daily_history_k_ETF,2026-07-31,
SZ,159277,富国中证港股通高股息投资ETF,overseas,CROSS_ASSET,hk_dividend,HK Dividend,true,true,2026-01-05,reviewed,https://www.szse.cn/market/product/list/etfList/index.html,https://www.baostock.com/mainContent?file=DailyUpdates.md#query_daily_history_k_ETF,2026-07-31,
SZ,159278,鹏华国证机器人产业ETF,equity_theme,EQUITY_ETF,robotics,Robotics,true,true,2026-01-05,reviewed,https://www.szse.cn/market/product/list/etfList/index.html,https://www.baostock.com/mainContent?file=DailyUpdates.md#query_daily_history_k_ETF,2026-07-31,
SZ,159279,华安创业板人工智能ETF,equity_theme,EQUITY_ETF,ai_computing,AI & Computing,true,true,2026-01-05,reviewed,https://www.szse.cn/market/product/list/etfList/index.html,https://www.baostock.com/mainContent?file=DailyUpdates.md#query_daily_history_k_ETF,2026-07-31,
SZ,159280,汇添富国证港股通互联网ETF,overseas,CROSS_ASSET,hang_seng_internet,HK Internet,true,true,2026-01-05,reviewed,https://www.szse.cn/market/product/list/etfList/index.html,https://www.baostock.com/mainContent?file=DailyUpdates.md#query_daily_history_k_ETF,2026-07-31,
SZ,159281,天弘中证港股通央企红利ETF,overseas,CROSS_ASSET,exposure_6b259d14efb5,中证港股通央企红利,true,true,2026-01-05,reviewed,https://www.szse.cn/market/product/list/etfList/index.html,https://www.baostock.com/mainContent?file=DailyUpdates.md#query_daily_history_k_ETF,2026-07-31,
SZ,159283,南方中证通用航空主题ETF,equity_sector,EQUITY_ETF,aerospace,Aerospace,true,true,2026-01-05,reviewed,https://www.szse.cn/market/product/list/etfList/index.html,https://www.baostock.com/mainContent?file=DailyUpdates.md#query_daily_history_k_ETF,2026-07-31,
SZ,159285,华安国证港股通消费主题ETF,overseas,CROSS_ASSET,hk_consumer,HK Consumer,true,true,2026-01-05,reviewed,https://www.szse.cn/market/product/list/etfList/index.html,https://www.baostock.com/mainContent?file=DailyUpdates.md#query_daily_history_k_ETF,2026-07-31,
SZ,159286,鹏华国证港股通创新药ETF,overseas,CROSS_ASSET,exposure_7cd423c226c6,国证港股通创新药,true,true,2026-01-05,reviewed,https://www.szse.cn/market/product/list/etfList/index.html,https://www.baostock.com/mainContent?file=DailyUpdates.md#query_daily_history_k_ETF,2026-07-31,
SZ,159287,博时创业板综合ETF,equity_broad,EQUITY_ETF,chinext,ChiNext,true,true,2026-01-05,reviewed,https://www.szse.cn/market/product/list/etfList/index.html,https://www.baostock.com/mainContent?file=DailyUpdates.md#query_daily_history_k_ETF,2026-07-31,
SZ,159288,银华创业板综ETF,equity_broad,EQUITY_ETF,chinext,ChiNext,true,true,2026-01-05,reviewed,https://www.szse.cn/market/product/list/etfList/index.html,https://www.baostock.com/mainContent?file=DailyUpdates.md#query_daily_history_k_ETF,2026-07-31,
SZ,159289,鹏华创业板综合ETF,equity_broad,EQUITY_ETF,chinext,ChiNext,true,true,2026-01-05,reviewed,https://www.szse.cn/market/product/list/etfList/index.html,https://www.baostock.com/mainContent?file=DailyUpdates.md#query_daily_history_k_ETF,2026-07-31,
SZ,159290,创业板综指增强ETF东财,equity_strategy,EQUITY_ETF,enhanced,Enhanced,true,true,2026-01-05,reviewed,https://www.szse.cn/market/product/list/etfList/index.html,https://www.baostock.com/mainContent?file=DailyUpdates.md#query_daily_history_k_ETF,2026-07-31,
SZ,159291,招商创业板综合增强策略ETF,equity_strategy,EQUITY_ETF,enhanced,Enhanced,true,true,2026-01-05,reviewed,https://www.szse.cn/market/product/list/etfList/index.html,https://www.baostock.com/mainContent?file=DailyUpdates.md#query_daily_history_k_ETF,2026-07-31,
SZ,159292,华宝创业板综合增强策略ETF,equity_strategy,EQUITY_ETF,enhanced,Enhanced,true,true,2026-01-05,reviewed,https://www.szse.cn/market/product/list/etfList/index.html,https://www.baostock.com/mainContent?file=DailyUpdates.md#query_daily_history_k_ETF,2026-07-31,
SZ,159293,建信创业板综合增强策略ETF,equity_strategy,EQUITY_ETF,enhanced,Enhanced,false,true,2026-01-13,reviewed,https://www.szse.cn/market/product/list/etfList/index.html,https://www.baostock.com/mainContent?file=DailyUpdates.md#query_daily_history_k_ETF,2026-07-31,partial_144_session_history_at_review
SZ,159295,西部利得创业板综合ETF,equity_broad,EQUITY_ETF,chinext,ChiNext,true,true,2026-01-05,reviewed,https://www.szse.cn/market/product/list/etfList/index.html,https://www.baostock.com/mainContent?file=DailyUpdates.md#query_daily_history_k_ETF,2026-07-31,
SZ,159296,华宝中证A500红利低波动ETF,equity_strategy,EQUITY_ETF,dividend_low_vol,Dividend Low Vol,true,true,2026-01-05,reviewed,https://www.szse.cn/market/product/list/etfList/index.html,https://www.baostock.com/mainContent?file=DailyUpdates.md#query_daily_history_k_ETF,2026-07-31,
SZ,159297,南方国证港股通创新药ETF,overseas,CROSS_ASSET,exposure_7cd423c226c6,国证港股通创新药,true,true,2026-01-05,reviewed,https://www.szse.cn/market/product/list/etfList/index.html,https://www.baostock.com/mainContent?file=DailyUpdates.md#query_daily_history_k_ETF,2026-07-31,
SZ,159298,大成创业板50ETF,equity_broad,EQUITY_ETF,chinext50,ChiNext 50,true,true,2026-01-05,reviewed,https://www.szse.cn/market/product/list/etfList/index.html,https://www.baostock.com/mainContent?file=DailyUpdates.md#query_daily_history_k_ETF,2026-07-31,
SZ,159299,易方达中证金融科技主题ETF,equity_theme,EQUITY_ETF,technology,Technology,true,true,2026-01-05,reviewed,https://www.szse.cn/market/product/list/etfList/index.html,https://www.baostock.com/mainContent?file=DailyUpdates.md#query_daily_history_k_ETF,2026-07-31,
SZ,159300,富国沪深300ETF,equity_broad,EQUITY_ETF,csi300,CSI 300,true,true,2026-01-05,reviewed,https://www.szse.cn/market/product/list/etfList/index.html,https://www.baostock.com/mainContent?file=DailyUpdates.md#query_daily_history_k_ETF,2026-07-31,
SZ,159301,华夏中证全指公用事业ETF,equity_sector,EQUITY_ETF,utilities,Utilities,true,true,2026-01-05,reviewed,https://www.szse.cn/market/product/list/etfList/index.html,https://www.baostock.com/mainContent?file=DailyUpdates.md#query_daily_history_k_ETF,2026-07-31,
SZ,159302,银华中证港股高股息ETF,overseas,CROSS_ASSET,exposure_ecb8a9109d30,中证港股高股息,true,true,2026-01-05,reviewed,https://www.szse.cn/market/product/list/etfList/index.html,https://www.baostock.com/mainContent?file=DailyUpdates.md#query_daily_history_k_ETF,2026-07-31,
SZ,159303,大成恒生医疗保健ETF(QDII),overseas,CROSS_ASSET,hk_healthcare,HK Healthcare,true,true,2026-01-05,reviewed,https://www.szse.cn/market/product/list/etfList/index.html,https://www.baostock.com/mainContent?file=DailyUpdates.md#query_daily_history_k_ETF,2026-07-31,
SZ,159305,广发国证新能源电池ETF,equity_theme,EQUITY_ETF,battery,Battery,true,true,2026-01-05,reviewed,https://www.szse.cn/market/product/list/etfList/index.html,https://www.baostock.com/mainContent?file=DailyUpdates.md#query_daily_history_k_ETF,2026-07-31,
SZ,159306,平安中证汽车零部件主题ETF,equity_sector,EQUITY_ETF,automobile,Automobile,true,true,2026-01-05,reviewed,https://www.szse.cn/market/product/list/etfList/index.html,https://www.baostock.com/mainContent?file=DailyUpdates.md#query_daily_history_k_ETF,2026-07-31,
SZ,159307,博时中证红利低波100ETF,equity_strategy,EQUITY_ETF,dividend_low_vol,Dividend Low Vol,true,true,2026-01-05,reviewed,https://www.szse.cn/market/product/list/etfList/index.html,https://www.baostock.com/mainContent?file=DailyUpdates.md#query_daily_history_k_ETF,2026-07-31,
SZ,159309,汇添富中证油气资源ETF,equity_sector,EQUITY_ETF,oil_gas,Oil & Gas,true,true,2026-01-05,reviewed,https://www.szse.cn/market/product/list/etfList/index.html,https://www.baostock.com/mainContent?file=DailyUpdates.md#query_daily_history_k_ETF,2026-07-31,
SZ,159310,天弘中证芯片产业ETF,equity_theme,EQUITY_ETF,semiconductor,Semiconductor,true,true,2026-01-05,reviewed,https://www.szse.cn/market/product/list/etfList/index.html,https://www.baostock.com/mainContent?file=DailyUpdates.md#query_daily_history_k_ETF,2026-07-31,
SZ,159311,易方达中证数字经济主题ETF,equity_theme,EQUITY_ETF,data_digital,Data & Digital,true,true,2026-01-05,reviewed,https://www.szse.cn/market/product/list/etfList/index.html,https://www.baostock.com/mainContent?file=DailyUpdates.md#query_daily_history_k_ETF,2026-07-31,
SZ,159312,广发恒指港股通ETF,overseas,CROSS_ASSET,hang_seng,Hang Seng,true,true,2026-01-05,reviewed,https://www.szse.cn/market/product/list/etfList/index.html,https://www.baostock.com/mainContent?file=DailyUpdates.md#query_daily_history_k_ETF,2026-07-31,
SZ,159315,工银瑞信中证沪深港黄金产业股票ETF,overseas,CROSS_ASSET,exposure_7732f7a38002,中证沪深港黄金产业股票,true,true,2026-01-05,reviewed,https://www.szse.cn/market/product/list/etfList/index.html,https://www.baostock.com/mainContent?file=DailyUpdates.md#query_daily_history_k_ETF,2026-07-31,
SZ,159316,易方达恒生港股通创新药ETF,overseas,CROSS_ASSET,hang_seng,Hang Seng,true,true,2026-01-05,reviewed,https://www.szse.cn/market/product/list/etfList/index.html,https://www.baostock.com/mainContent?file=DailyUpdates.md#query_daily_history_k_ETF,2026-07-31,
SZ,159318,银华恒指港股通ETF,overseas,CROSS_ASSET,hang_seng,Hang Seng,true,true,2026-01-05,reviewed,https://www.szse.cn/market/product/list/etfList/index.html,https://www.baostock.com/mainContent?file=DailyUpdates.md#query_daily_history_k_ETF,2026-07-31,
SZ,159320,广发恒生A股电网设备ETF,overseas,CROSS_ASSET,hang_seng,Hang Seng,true,true,2026-01-05,reviewed,https://www.szse.cn/market/product/list/etfList/index.html,https://www.baostock.com/mainContent?file=DailyUpdates.md#query_daily_history_k_ETF,2026-07-31,
SZ,159321,华安中证沪深港黄金产业股票ETF,overseas,CROSS_ASSET,exposure_7732f7a38002,中证沪深港黄金产业股票,true,true,2026-01-05,reviewed,https://www.szse.cn/market/product/list/etfList/index.html,https://www.baostock.com/mainContent?file=DailyUpdates.md#query_daily_history_k_ETF,2026-07-31,
SZ,159322,平安中证沪深港黄金产业ETF,overseas,CROSS_ASSET,exposure_2e90292da8df,中证沪深港黄金产业,true,true,2026-01-05,reviewed,https://www.szse.cn/market/product/list/etfList/index.html,https://www.baostock.com/mainContent?file=DailyUpdates.md#query_daily_history_k_ETF,2026-07-31,
SZ,159323,华夏中证港股通汽车产业主题ETF,overseas,CROSS_ASSET,hk_automobile,HK Automobile,true,true,2026-01-05,reviewed,https://www.szse.cn/market/product/list/etfList/index.html,https://www.baostock.com/mainContent?file=DailyUpdates.md#query_daily_history_k_ETF,2026-07-31,
SZ,159325,南方中证半导体行业精选ETF,equity_theme,EQUITY_ETF,semiconductor,Semiconductor,true,true,2026-01-05,reviewed,https://www.szse.cn/market/product/list/etfList/index.html,https://www.baostock.com/mainContent?file=DailyUpdates.md#query_daily_history_k_ETF,2026-07-31,
SZ,159326,华夏中证电网设备主题ETF,equity_theme,EQUITY_ETF,exposure_a148442b4a4b,中证电网设备主题,true,true,2026-01-05,reviewed,https://www.szse.cn/market/product/list/etfList/index.html,https://www.baostock.com/mainContent?file=DailyUpdates.md#query_daily_history_k_ETF,2026-07-31,
SZ,159327,万家中证半导体材料设备主题ETF,equity_theme,EQUITY_ETF,semiconductor,Semiconductor,true,true,2026-01-05,reviewed,https://www.szse.cn/market/product/list/etfList/index.html,https://www.baostock.com/mainContent?file=DailyUpdates.md#query_daily_history_k_ETF,2026-07-31,
SZ,159328,易方达中证家电龙头ETF,equity_sector,EQUITY_ETF,home_appliance,Home Appliance,true,true,2026-01-05,reviewed,https://www.szse.cn/market/product/list/etfList/index.html,https://www.baostock.com/mainContent?file=DailyUpdates.md#query_daily_history_k_ETF,2026-07-31,
SZ,159329,南方基金南方东英沙特阿拉伯ETF(QDII),overseas,CROSS_ASSET,saudi_equity,Saudi Equity,true,true,2026-01-05,reviewed,https://www.szse.cn/market/product/list/etfList/index.html,https://www.baostock.com/mainContent?file=DailyUpdates.md#query_daily_history_k_ETF,2026-07-31,
SZ,159330,沪深300ETF基金,equity_broad,EQUITY_ETF,csi300,CSI 300,true,true,2026-01-05,reviewed,https://www.szse.cn/market/product/list/etfList/index.html,https://www.baostock.com/mainContent?file=DailyUpdates.md#query_daily_history_k_ETF,2026-07-31,
SZ,159331,国泰中证港股通高股息投资ETF,overseas,CROSS_ASSET,hk_dividend,HK Dividend,true,true,2026-01-05,reviewed,https://www.szse.cn/market/product/list/etfList/index.html,https://www.baostock.com/mainContent?file=DailyUpdates.md#query_daily_history_k_ETF,2026-07-31,
SZ,159332,富国中证中央企业红利ETF,equity_strategy,EQUITY_ETF,dividend,Dividend,true,true,2026-01-05,reviewed,https://www.szse.cn/market/product/list/etfList/index.html,https://www.baostock.com/mainContent?file=DailyUpdates.md#query_daily_history_k_ETF,2026-07-31,
SZ,159333,万家中证港股通央企红利ETF,overseas,CROSS_ASSET,exposure_6b259d14efb5,中证港股通央企红利,true,true,2026-01-05,reviewed,https://www.szse.cn/market/product/list/etfList/index.html,https://www.baostock.com/mainContent?file=DailyUpdates.md#query_daily_history_k_ETF,2026-07-31,
SZ,159335,融通中证诚通央企科技创新ETF,equity_strategy,EQUITY_ETF,central_soe,Central SOE,true,true,2026-01-05,reviewed,https://www.szse.cn/market/product/list/etfList/index.html,https://www.baostock.com/mainContent?file=DailyUpdates.md#query_daily_history_k_ETF,2026-07-31,
SZ,159336,融通中证诚通央企红利ETF,equity_strategy,EQUITY_ETF,dividend,Dividend,true,true,2026-01-05,reviewed,https://www.szse.cn/market/product/list/etfList/index.html,https://www.baostock.com/mainContent?file=DailyUpdates.md#query_daily_history_k_ETF,2026-07-31,
SZ,159337,中证500ETF基金,equity_broad,EQUITY_ETF,csi500,CSI 500,true,true,2026-01-05,reviewed,https://www.szse.cn/market/product/list/etfList/index.html,https://www.baostock.com/mainContent?file=DailyUpdates.md#query_daily_history_k_ETF,2026-07-31,
SZ,159338,国泰中证A500ETF,equity_broad,EQUITY_ETF,csi_a500,CSI A500,true,true,2026-01-05,reviewed,https://www.szse.cn/market/product/list/etfList/index.html,https://www.baostock.com/mainContent?file=DailyUpdates.md#query_daily_history_k_ETF,2026-07-31,
SZ,159339,银华中证A500ETF,equity_broad,EQUITY_ETF,csi_a500,CSI A500,true,true,2026-01-05,reviewed,https://www.szse.cn/market/product/list/etfList/index.html,https://www.baostock.com/mainContent?file=DailyUpdates.md#query_daily_history_k_ETF,2026-07-31,
SZ,159350,富国深证50ETF,equity_broad,EQUITY_ETF,szse50,SZSE 50,true,true,2026-01-05,reviewed,https://www.szse.cn/market/product/list/etfList/index.html,https://www.baostock.com/mainContent?file=DailyUpdates.md#query_daily_history_k_ETF,2026-07-31,
SZ,159351,嘉实中证A500ETF,equity_broad,EQUITY_ETF,csi_a500,CSI A500,true,true,2026-01-05,reviewed,https://www.szse.cn/market/product/list/etfList/index.html,https://www.baostock.com/mainContent?file=DailyUpdates.md#query_daily_history_k_ETF,2026-07-31,
SZ,159352,南方中证A500ETF,equity_broad,EQUITY_ETF,csi_a500,CSI A500,true,true,2026-01-05,reviewed,https://www.szse.cn/market/product/list/etfList/index.html,https://www.baostock.com/mainContent?file=DailyUpdates.md#query_daily_history_k_ETF,2026-07-31,
SZ,159353,景顺长城中证A500ETF,equity_broad,EQUITY_ETF,csi_a500,CSI A500,true,true,2026-01-05,reviewed,https://www.szse.cn/market/product/list/etfList/index.html,https://www.baostock.com/mainContent?file=DailyUpdates.md#query_daily_history_k_ETF,2026-07-31,
SZ,159355,华宝中证800红利低波动ETF,equity_strategy,EQUITY_ETF,dividend_low_vol,Dividend Low Vol,true,true,2026-01-05,reviewed,https://www.szse.cn/market/product/list/etfList/index.html,https://www.baostock.com/mainContent?file=DailyUpdates.md#query_daily_history_k_ETF,2026-07-31,
SZ,159356,万家中证A500ETF,equity_broad,EQUITY_ETF,csi_a500,CSI A500,true,true,2026-01-05,reviewed,https://www.szse.cn/market/product/list/etfList/index.html,https://www.baostock.com/mainContent?file=DailyUpdates.md#query_daily_history_k_ETF,2026-07-31,
SZ,159357,博时中证A500ETF,equity_broad,EQUITY_ETF,csi_a500,CSI A500,true,true,2026-01-05,reviewed,https://www.szse.cn/market/product/list/etfList/index.html,https://www.baostock.com/mainContent?file=DailyUpdates.md#query_daily_history_k_ETF,2026-07-31,
SZ,159358,大成中证A500ETF,equity_broad,EQUITY_ETF,csi_a500,CSI A500,true,true,2026-01-05,reviewed,https://www.szse.cn/market/product/list/etfList/index.html,https://www.baostock.com/mainContent?file=DailyUpdates.md#query_daily_history_k_ETF,2026-07-31,
SZ,159359,华安中证A500ETF,equity_broad,EQUITY_ETF,csi_a500,CSI A500,true,true,2026-01-05,reviewed,https://www.szse.cn/market/product/list/etfList/index.html,https://www.baostock.com/mainContent?file=DailyUpdates.md#query_daily_history_k_ETF,2026-07-31,
SZ,159360,天弘中证A500ETF,equity_broad,EQUITY_ETF,csi_a500,CSI A500,true,true,2026-01-05,reviewed,https://www.szse.cn/market/product/list/etfList/index.html,https://www.baostock.com/mainContent?file=DailyUpdates.md#query_daily_history_k_ETF,2026-07-31,
SZ,159361,易方达中证A500ETF,equity_broad,EQUITY_ETF,csi_a500,CSI A500,true,true,2026-01-05,reviewed,https://www.szse.cn/market/product/list/etfList/index.html,https://www.baostock.com/mainContent?file=DailyUpdates.md#query_daily_history_k_ETF,2026-07-31,
SZ,159362,工银中证A500ETF,equity_broad,EQUITY_ETF,csi_a500,CSI A500,true,true,2026-01-05,reviewed,https://www.szse.cn/market/product/list/etfList/index.html,https://www.baostock.com/mainContent?file=DailyUpdates.md#query_daily_history_k_ETF,2026-07-31,
SZ,159363,华宝创业板人工智能ETF,equity_theme,EQUITY_ETF,ai_computing,AI & Computing,true,true,2026-01-05,reviewed,https://www.szse.cn/market/product/list/etfList/index.html,https://www.baostock.com/mainContent?file=DailyUpdates.md#query_daily_history_k_ETF,2026-07-31,
SZ,159365,富国恒指港股通ETF,overseas,CROSS_ASSET,hang_seng,Hang Seng,true,true,2026-01-05,reviewed,https://www.szse.cn/market/product/list/etfList/index.html,https://www.baostock.com/mainContent?file=DailyUpdates.md#query_daily_history_k_ETF,2026-07-31,
SZ,159366,永赢中证港股通医疗主题ETF,overseas,CROSS_ASSET,hk_healthcare,HK Healthcare,true,true,2026-01-05,reviewed,https://www.szse.cn/market/product/list/etfList/index.html,https://www.baostock.com/mainContent?file=DailyUpdates.md#query_daily_history_k_ETF,2026-07-31,
SZ,159367,华夏创业板50ETF,equity_broad,EQUITY_ETF,chinext50,ChiNext 50,true,true,2026-01-05,reviewed,https://www.szse.cn/market/product/list/etfList/index.html,https://www.baostock.com/mainContent?file=DailyUpdates.md#query_daily_history_k_ETF,2026-07-31,
SZ,159368,华夏创业板新能源ETF,equity_theme,EQUITY_ETF,new_energy,New Energy,true,true,2026-01-05,reviewed,https://www.szse.cn/market/product/list/etfList/index.html,https://www.baostock.com/mainContent?file=DailyUpdates.md#query_daily_history_k_ETF,2026-07-31,
SZ,159369,易方达创业板50ETF,equity_broad,EQUITY_ETF,chinext50,ChiNext 50,true,true,2026-01-05,reviewed,https://www.szse.cn/market/product/list/etfList/index.html,https://www.baostock.com/mainContent?file=DailyUpdates.md#query_daily_history_k_ETF,2026-07-31,
SZ,159370,工银瑞信创业板50ETF,equity_theme,EQUITY_ETF,information_innovation,Information Innovation,true,true,2026-01-05,reviewed,https://www.szse.cn/market/product/list/etfList/index.html,https://www.baostock.com/mainContent?file=DailyUpdates.md#query_daily_history_k_ETF,2026-07-31,
SZ,159371,富国创业板50ETF,equity_broad,EQUITY_ETF,chinext50,ChiNext 50,true,true,2026-01-05,reviewed,https://www.szse.cn/market/product/list/etfList/index.html,https://www.baostock.com/mainContent?file=DailyUpdates.md#query_daily_history_k_ETF,2026-07-31,
SZ,159372,万家创业板50ETF,equity_broad,EQUITY_ETF,chinext50,ChiNext 50,true,true,2026-01-05,reviewed,https://www.szse.cn/market/product/list/etfList/index.html,https://www.baostock.com/mainContent?file=DailyUpdates.md#query_daily_history_k_ETF,2026-07-31,
SZ,159373,嘉实创业板50ETF,equity_broad,EQUITY_ETF,chinext50,ChiNext 50,true,true,2026-01-05,reviewed,https://www.szse.cn/market/product/list/etfList/index.html,https://www.baostock.com/mainContent?file=DailyUpdates.md#query_daily_history_k_ETF,2026-07-31,
SZ,159375,国泰创业板50ETF,equity_broad,EQUITY_ETF,chinext50,ChiNext 50,true,true,2026-01-05,reviewed,https://www.szse.cn/market/product/list/etfList/index.html,https://www.baostock.com/mainContent?file=DailyUpdates.md#query_daily_history_k_ETF,2026-07-31,
SZ,159376,浦银安盛中证A500ETF,equity_broad,EQUITY_ETF,csi_a500,CSI A500,true,true,2026-01-05,reviewed,https://www.szse.cn/market/product/list/etfList/index.html,https://www.baostock.com/mainContent?file=DailyUpdates.md#query_daily_history_k_ETF,2026-07-31,
SZ,159377,国泰创业板医药卫生ETF,equity_sector,EQUITY_ETF,healthcare,Healthcare,true,true,2026-01-05,reviewed,https://www.szse.cn/market/product/list/etfList/index.html,https://www.baostock.com/mainContent?file=DailyUpdates.md#query_daily_history_k_ETF,2026-07-31,
SZ,159378,永赢国证通用航空产业ETF,equity_sector,EQUITY_ETF,aerospace,Aerospace,true,true,2026-01-05,reviewed,https://www.szse.cn/market/product/list/etfList/index.html,https://www.baostock.com/mainContent?file=DailyUpdates.md#query_daily_history_k_ETF,2026-07-31,
SZ,159379,融通中证A500ETF,equity_broad,EQUITY_ETF,csi_a500,CSI A500,true,true,2026-01-05,reviewed,https://www.szse.cn/market/product/list/etfList/index.html,https://www.baostock.com/mainContent?file=DailyUpdates.md#query_daily_history_k_ETF,2026-07-31,
SZ,159380,A500ETF东财,equity_broad,EQUITY_ETF,csi_a500,CSI A500,true,true,2026-01-05,reviewed,https://www.szse.cn/market/product/list/etfList/index.html,https://www.baostock.com/mainContent?file=DailyUpdates.md#query_daily_history_k_ETF,2026-07-31,
SZ,159381,华夏创业板人工智能ETF,equity_theme,EQUITY_ETF,ai_computing,AI & Computing,true,true,2026-01-05,reviewed,https://www.szse.cn/market/product/list/etfList/index.html,https://www.baostock.com/mainContent?file=DailyUpdates.md#query_daily_history_k_ETF,2026-07-31,
SZ,159382,南方创业板人工智能ETF,equity_theme,EQUITY_ETF,ai_computing,AI & Computing,true,true,2026-01-05,reviewed,https://www.szse.cn/market/product/list/etfList/index.html,https://www.baostock.com/mainContent?file=DailyUpdates.md#query_daily_history_k_ETF,2026-07-31,
SZ,159383,华泰柏瑞创业板50ETF,equity_broad,EQUITY_ETF,chinext50,ChiNext 50,true,true,2026-01-05,reviewed,https://www.szse.cn/market/product/list/etfList/index.html,https://www.baostock.com/mainContent?file=DailyUpdates.md#query_daily_history_k_ETF,2026-07-31,
SZ,159385,富国中证诚通国企数字经济ETF,equity_strategy,EQUITY_ETF,central_soe,Central SOE,true,true,2026-01-05,reviewed,https://www.szse.cn/market/product/list/etfList/index.html,https://www.baostock.com/mainContent?file=DailyUpdates.md#query_daily_history_k_ETF,2026-07-31,
SZ,159386,永赢中证A500ETF,equity_broad,EQUITY_ETF,csi_a500,CSI A500,true,true,2026-01-05,reviewed,https://www.szse.cn/market/product/list/etfList/index.html,https://www.baostock.com/mainContent?file=DailyUpdates.md#query_daily_history_k_ETF,2026-07-31,
SZ,159387,国泰创业板新能源ETF,equity_theme,EQUITY_ETF,new_energy,New Energy,true,true,2026-01-05,reviewed,https://www.szse.cn/market/product/list/etfList/index.html,https://www.baostock.com/mainContent?file=DailyUpdates.md#query_daily_history_k_ETF,2026-07-31,
SZ,159388,国泰创业板人工智能ETF,equity_theme,EQUITY_ETF,ai_computing,AI & Computing,true,true,2026-01-05,reviewed,https://www.szse.cn/market/product/list/etfList/index.html,https://www.baostock.com/mainContent?file=DailyUpdates.md#query_daily_history_k_ETF,2026-07-31,
SZ,159389,嘉实中证诚通国企数字经济ETF,equity_strategy,EQUITY_ETF,central_soe,Central SOE,true,true,2026-01-05,reviewed,https://www.szse.cn/market/product/list/etfList/index.html,https://www.baostock.com/mainContent?file=DailyUpdates.md#query_daily_history_k_ETF,2026-07-31,
SZ,159390,国联中证A50ETF,equity_broad,EQUITY_ETF,csi_a50,CSI A50,true,true,2026-01-05,reviewed,https://www.szse.cn/market/product/list/etfList/index.html,https://www.baostock.com/mainContent?file=DailyUpdates.md#query_daily_history_k_ETF,2026-07-31,
SZ,159391,博时国证大盘价值ETF,equity_strategy,EQUITY_ETF,value,Value,true,true,2026-01-05,reviewed,https://www.szse.cn/market/product/list/etfList/index.html,https://www.baostock.com/mainContent?file=DailyUpdates.md#query_daily_history_k_ETF,2026-07-31,
SZ,159392,富国国证通用航空产业ETF,equity_sector,EQUITY_ETF,aerospace,Aerospace,true,true,2026-01-05,reviewed,https://www.szse.cn/market/product/list/etfList/index.html,https://www.baostock.com/mainContent?file=DailyUpdates.md#query_daily_history_k_ETF,2026-07-31,
SZ,159393,万家沪深300ETF,equity_broad,EQUITY_ETF,csi300,CSI 300,true,true,2026-01-05,reviewed,https://www.szse.cn/market/product/list/etfList/index.html,https://www.baostock.com/mainContent?file=DailyUpdates.md#query_daily_history_k_ETF,2026-07-31,
SZ,159395,大成深证基准做市信用债ETF,bond,CROSS_ASSET,credit_bond,Credit Bond,true,true,2026-01-05,reviewed,https://www.szse.cn/market/product/list/etfList/index.html,https://www.baostock.com/mainContent?file=DailyUpdates.md#query_daily_history_k_ETF,2026-07-31,
SZ,159396,博时深证基准做市信用债ETF,bond,CROSS_ASSET,credit_bond,Credit Bond,true,true,2026-01-05,reviewed,https://www.szse.cn/market/product/list/etfList/index.html,https://www.baostock.com/mainContent?file=DailyUpdates.md#query_daily_history_k_ETF,2026-07-31,
SZ,159397,广发深证基准做市信用债ETF,bond,CROSS_ASSET,credit_bond,Credit Bond,true,true,2026-01-05,reviewed,https://www.szse.cn/market/product/list/etfList/index.html,https://www.baostock.com/mainContent?file=DailyUpdates.md#query_daily_history_k_ETF,2026-07-31,
SZ,159398,天弘深证基准做市信用债ETF,bond,CROSS_ASSET,credit_bond,Credit Bond,true,true,2026-01-05,reviewed,https://www.szse.cn/market/product/list/etfList/index.html,https://www.baostock.com/mainContent?file=DailyUpdates.md#query_daily_history_k_ETF,2026-07-31,
SZ,159399,国泰富时中国A股自由现金流聚焦ETF,equity_strategy,EQUITY_ETF,free_cash_flow,Free Cash Flow,true,true,2026-01-05,reviewed,https://www.szse.cn/market/product/list/etfList/index.html,https://www.baostock.com/mainContent?file=DailyUpdates.md#query_daily_history_k_ETF,2026-07-31,
SZ,159400,景顺长城深证AAA科技创新公司债ETF,bond,CROSS_ASSET,tech_innovation_bond,Tech Innovation Bond,true,true,2026-01-05,reviewed,https://www.szse.cn/market/product/list/etfList/index.html,https://www.baostock.com/mainContent?file=DailyUpdates.md#query_daily_history_k_ETF,2026-07-31,
SZ,159500,富国中证500ETF,equity_broad,EQUITY_ETF,csi500,CSI 500,true,true,2026-01-05,reviewed,https://www.szse.cn/market/product/list/etfList/index.html,https://www.baostock.com/mainContent?file=DailyUpdates.md#query_daily_history_k_ETF,2026-07-31,
SZ,159501,嘉实纳斯达克100ETF(QDII),overseas,CROSS_ASSET,nasdaq100,NASDAQ 100,true,true,2026-01-05,reviewed,https://www.szse.cn/market/product/list/etfList/index.html,https://www.baostock.com/mainContent?file=DailyUpdates.md#query_daily_history_k_ETF,2026-07-31,
SZ,159502,嘉实标普生物科技精选行业ETF(QDII),overseas,CROSS_ASSET,exposure_4216cafe829c,标普生物科技精选行业,true,true,2026-01-05,reviewed,https://www.szse.cn/market/product/list/etfList/index.html,https://www.baostock.com/mainContent?file=DailyUpdates.md#query_daily_history_k_ETF,2026-07-31,
SZ,159505,博时国证2000ETF,equity_broad,EQUITY_ETF,cni2000,CNI 2000,true,true,2026-01-05,reviewed,https://www.szse.cn/market/product/list/etfList/index.html,https://www.baostock.com/mainContent?file=DailyUpdates.md#query_daily_history_k_ETF,2026-07-31,
SZ,159506,富国恒生港股通创新药及医疗保健ETF,overseas,CROSS_ASSET,hang_seng,Hang Seng,true,true,2026-01-05,reviewed,https://www.szse.cn/market/product/list/etfList/index.html,https://www.baostock.com/mainContent?file=DailyUpdates.md#query_daily_history_k_ETF,2026-07-31,
SZ,159507,广发国证通信ETF,equity_sector,EQUITY_ETF,communications,Communications,true,true,2026-01-05,reviewed,https://www.szse.cn/market/product/list/etfList/index.html,https://www.baostock.com/mainContent?file=DailyUpdates.md#query_daily_history_k_ETF,2026-07-31,
SZ,159508,华安国证生物医药ETF,equity_theme,EQUITY_ETF,biotechnology,Biotechnology,true,true,2026-01-05,reviewed,https://www.szse.cn/market/product/list/etfList/index.html,https://www.baostock.com/mainContent?file=DailyUpdates.md#query_daily_history_k_ETF,2026-07-31,
SZ,159509,景顺长城纳斯达克科技ETF(QDII),overseas,CROSS_ASSET,exposure_3096e6b5194e,纳斯达克科技,true,true,2026-01-05,reviewed,https://www.szse.cn/market/product/list/etfList/index.html,https://www.baostock.com/mainContent?file=DailyUpdates.md#query_daily_history_k_ETF,2026-07-31,
SZ,159510,华夏中证智选300价值稳健策略ETF,equity_strategy,EQUITY_ETF,value,Value,true,true,2026-01-05,reviewed,https://www.szse.cn/market/product/list/etfList/index.html,https://www.baostock.com/mainContent?file=DailyUpdates.md#query_daily_history_k_ETF,2026-07-31,
SZ,159511,南方中证通信服务ETF,equity_sector,EQUITY_ETF,communications,Communications,true,true,2026-01-05,reviewed,https://www.szse.cn/market/product/list/etfList/index.html,https://www.baostock.com/mainContent?file=DailyUpdates.md#query_daily_history_k_ETF,2026-07-31,
SZ,159512,广发中证全指汽车ETF,equity_sector,EQUITY_ETF,automobile,Automobile,true,true,2026-01-05,reviewed,https://www.szse.cn/market/product/list/etfList/index.html,https://www.baostock.com/mainContent?file=DailyUpdates.md#query_daily_history_k_ETF,2026-07-31,
SZ,159513,大成纳斯达克100ETF(QDII),overseas,CROSS_ASSET,nasdaq100,NASDAQ 100,true,true,2026-01-05,reviewed,https://www.szse.cn/market/product/list/etfList/index.html,https://www.baostock.com/mainContent?file=DailyUpdates.md#query_daily_history_k_ETF,2026-07-31,
SZ,159515,鹏扬中证国有企业红利ETF,equity_strategy,EQUITY_ETF,dividend,Dividend,true,true,2026-01-05,reviewed,https://www.szse.cn/market/product/list/etfList/index.html,https://www.baostock.com/mainContent?file=DailyUpdates.md#query_daily_history_k_ETF,2026-07-31,
SZ,159516,国泰中证半导体材料设备主题ETF,equity_theme,EQUITY_ETF,semiconductor,Semiconductor,true,true,2026-01-05,reviewed,https://www.szse.cn/market/product/list/etfList/index.html,https://www.baostock.com/mainContent?file=DailyUpdates.md#query_daily_history_k_ETF,2026-07-31,
SZ,159517,银华中证800增强策略ETF,equity_strategy,EQUITY_ETF,enhanced,Enhanced,true,true,2026-01-05,reviewed,https://www.szse.cn/market/product/list/etfList/index.html,https://www.baostock.com/mainContent?file=DailyUpdates.md#query_daily_history_k_ETF,2026-07-31,
SZ,159518,嘉实标普石油天然气勘探及生产精选行业ETF(QDII),overseas,CROSS_ASSET,exposure_2895bbaa74ca,标普石油天然气勘探及生产精选行业,true,true,2026-01-05,reviewed,https://www.szse.cn/market/product/list/etfList/index.html,https://www.baostock.com/mainContent?file=DailyUpdates.md#query_daily_history_k_ETF,2026-07-31,
SZ,159519,国泰中证香港内地国有企业ETF(QDII),overseas,CROSS_ASSET,exposure_6bedd7dae4cb,中证香港内地国有企业,true,true,2026-01-05,reviewed,https://www.szse.cn/market/product/list/etfList/index.html,https://www.baostock.com/mainContent?file=DailyUpdates.md#query_daily_history_k_ETF,2026-07-31,
SZ,159520,工银中证消费龙头ETF,equity_sector,EQUITY_ETF,consumer,Consumer,true,true,2026-01-05,reviewed,https://www.szse.cn/market/product/list/etfList/index.html,https://www.baostock.com/mainContent?file=DailyUpdates.md#query_daily_history_k_ETF,2026-07-31,
SZ,159521,平安国证2000ETF,equity_broad,EQUITY_ETF,cni2000,CNI 2000,true,true,2026-01-05,reviewed,https://www.szse.cn/market/product/list/etfList/index.html,https://www.baostock.com/mainContent?file=DailyUpdates.md#query_daily_history_k_ETF,2026-07-31,
SZ,159523,华夏中证智选300成长创新策略ETF,equity_strategy,EQUITY_ETF,growth,Growth,true,true,2026-01-05,reviewed,https://www.szse.cn/market/product/list/etfList/index.html,https://www.baostock.com/mainContent?file=DailyUpdates.md#query_daily_history_k_ETF,2026-07-31,
SZ,159525,富国中证红利低波动ETF,equity_strategy,EQUITY_ETF,dividend_low_vol,Dividend Low Vol,true,true,2026-01-05,reviewed,https://www.szse.cn/market/product/list/etfList/index.html,https://www.baostock.com/mainContent?file=DailyUpdates.md#query_daily_history_k_ETF,2026-07-31,
SZ,159526,嘉实中证机器人ETF,equity_theme,EQUITY_ETF,robotics,Robotics,true,true,2026-01-05,reviewed,https://www.szse.cn/market/product/list/etfList/index.html,https://www.baostock.com/mainContent?file=DailyUpdates.md#query_daily_history_k_ETF,2026-07-31,
SZ,159527,广发中证云计算与大数据ETF,equity_theme,EQUITY_ETF,cloud_computing,Cloud Computing,true,true,2026-01-05,reviewed,https://www.szse.cn/market/product/list/etfList/index.html,https://www.baostock.com/mainContent?file=DailyUpdates.md#query_daily_history_k_ETF,2026-07-31,
SZ,159528,富国中证国有企业改革ETF,equity_strategy,EQUITY_ETF,central_soe,Central SOE,true,true,2026-01-05,reviewed,https://www.szse.cn/market/product/list/etfList/index.html,https://www.baostock.com/mainContent?file=DailyUpdates.md#query_daily_history_k_ETF,2026-07-31,
SZ,159529,景顺长城标普消费精选ETF(QDII),overseas,CROSS_ASSET,exposure_cd3336c3f6b0,标普消费精选,true,true,2026-01-05,reviewed,https://www.szse.cn/market/product/list/etfList/index.html,https://www.baostock.com/mainContent?file=DailyUpdates.md#query_daily_history_k_ETF,2026-07-31,
SZ,159530,易方达国证机器人产业ETF,equity_theme,EQUITY_ETF,robotics,Robotics,true,true,2026-01-05,reviewed,https://www.szse.cn/market/product/list/etfList/index.html,https://www.baostock.com/mainContent?file=DailyUpdates.md#query_daily_history_k_ETF,2026-07-31,
SZ,159531,南方中证2000ETF,equity_broad,EQUITY_ETF,csi2000,CSI 2000,true,true,2026-01-05,reviewed,https://www.szse.cn/market/product/list/etfList/index.html,https://www.baostock.com/mainContent?file=DailyUpdates.md#query_daily_history_k_ETF,2026-07-31,
SZ,159532,易方达中证2000ETF,equity_broad,EQUITY_ETF,csi2000,CSI 2000,true,true,2026-01-05,reviewed,https://www.szse.cn/market/product/list/etfList/index.html,https://www.baostock.com/mainContent?file=DailyUpdates.md#query_daily_history_k_ETF,2026-07-31,
SZ,159533,博时中证2000ETF,equity_broad,EQUITY_ETF,csi2000,CSI 2000,true,true,2026-01-05,reviewed,https://www.szse.cn/market/product/list/etfList/index.html,https://www.baostock.com/mainContent?file=DailyUpdates.md#query_daily_history_k_ETF,2026-07-31,
SZ,159535,嘉实中证2000ETF,equity_broad,EQUITY_ETF,csi2000,CSI 2000,true,true,2026-01-05,reviewed,https://www.szse.cn/market/product/list/etfList/index.html,https://www.baostock.com/mainContent?file=DailyUpdates.md#query_daily_history_k_ETF,2026-07-31,
SZ,159536,汇添富中证2000ETF,equity_broad,EQUITY_ETF,csi2000,CSI 2000,true,true,2026-01-05,reviewed,https://www.szse.cn/market/product/list/etfList/index.html,https://www.baostock.com/mainContent?file=DailyUpdates.md#query_daily_history_k_ETF,2026-07-31,
SZ,159537,国泰国证信息技术创新主题ETF,equity_sector,EQUITY_ETF,information_technology,Information Technology,true,true,2026-01-05,reviewed,https://www.szse.cn/market/product/list/etfList/index.html,https://www.baostock.com/mainContent?file=DailyUpdates.md#query_daily_history_k_ETF,2026-07-31,
SZ,159538,富国国证信息技术创新主题ETF,equity_sector,EQUITY_ETF,information_technology,Information Technology,true,true,2026-01-05,reviewed,https://www.szse.cn/market/product/list/etfList/index.html,https://www.baostock.com/mainContent?file=DailyUpdates.md#query_daily_history_k_ETF,2026-07-31,
SZ,159539,广发国证信创ETF,equity_theme,EQUITY_ETF,information_innovation,Information Innovation,true,true,2026-01-05,reviewed,https://www.szse.cn/market/product/list/etfList/index.html,https://www.baostock.com/mainContent?file=DailyUpdates.md#query_daily_history_k_ETF,2026-07-31,
SZ,159540,易方达国证信息技术创新主题ETF,equity_sector,EQUITY_ETF,information_technology,Information Technology,true,true,2026-01-05,reviewed,https://www.szse.cn/market/product/list/etfList/index.html,https://www.baostock.com/mainContent?file=DailyUpdates.md#query_daily_history_k_ETF,2026-07-31,
SZ,159541,万家创业板综合ETF,equity_broad,EQUITY_ETF,chinext,ChiNext,true,true,2026-01-05,reviewed,https://www.szse.cn/market/product/list/etfList/index.html,https://www.baostock.com/mainContent?file=DailyUpdates.md#query_daily_history_k_ETF,2026-07-31,
SZ,159542,大成中证工程机械ETF,equity_sector,EQUITY_ETF,machinery,Machinery,true,true,2026-01-05,reviewed,https://www.szse.cn/market/product/list/etfList/index.html,https://www.baostock.com/mainContent?file=DailyUpdates.md#query_daily_history_k_ETF,2026-07-31,
SZ,159543,工银国证2000ETF,equity_broad,EQUITY_ETF,cni2000,CNI 2000,true,true,2026-01-05,reviewed,https://www.szse.cn/market/product/list/etfList/index.html,https://www.baostock.com/mainContent?file=DailyUpdates.md#query_daily_history_k_ETF,2026-07-31,
SZ,159545,易方达恒生港股通高股息低波动ETF,overseas,CROSS_ASSET,hk_dividend,HK Dividend,true,true,2026-01-05,reviewed,https://www.szse.cn/market/product/list/etfList/index.html,https://www.baostock.com/mainContent?file=DailyUpdates.md#query_daily_history_k_ETF,2026-07-31,
SZ,159546,国泰中证全指集成电路ETF,equity_theme,EQUITY_ETF,semiconductor,Semiconductor,true,true,2026-01-05,reviewed,https://www.szse.cn/market/product/list/etfList/index.html,https://www.baostock.com/mainContent?file=DailyUpdates.md#query_daily_history_k_ETF,2026-07-31,
SZ,159547,华夏中证红利低波动ETF,equity_strategy,EQUITY_ETF,dividend_low_vol,Dividend Low Vol,true,true,2026-01-05,reviewed,https://www.szse.cn/market/product/list/etfList/index.html,https://www.baostock.com/mainContent?file=DailyUpdates.md#query_daily_history_k_ETF,2026-07-31,
SZ,159549,天弘中证红利低波动100ETF,equity_strategy,EQUITY_ETF,dividend_low_vol,Dividend Low Vol,true,true,2026-01-05,reviewed,https://www.szse.cn/market/product/list/etfList/index.html,https://www.baostock.com/mainContent?file=DailyUpdates.md#query_daily_history_k_ETF,2026-07-31,
SZ,159550,互联网ETF沪港深,overseas,CROSS_ASSET,exposure_4ed766e0c359,互联网,true,true,2026-01-05,reviewed,https://www.szse.cn/market/product/list/etfList/index.html,https://www.baostock.com/mainContent?file=DailyUpdates.md#query_daily_history_k_ETF,2026-07-31,
SZ,159551,国泰中证机器人ETF,equity_theme,EQUITY_ETF,robotics,Robotics,true,true,2026-01-05,reviewed,https://www.szse.cn/market/product/list/etfList/index.html,https://www.baostock.com/mainContent?file=DailyUpdates.md#query_daily_history_k_ETF,2026-07-31,
SZ,159552,招商中证2000增强策略ETF,equity_strategy,EQUITY_ETF,enhanced,Enhanced,true,true,2026-01-05,reviewed,https://www.szse.cn/market/product/list/etfList/index.html,https://www.baostock.com/mainContent?file=DailyUpdates.md#query_daily_history_k_ETF,2026-07-31,
SZ,159553,海富通中证2000增强策略ETF,equity_strategy,EQUITY_ETF,enhanced,Enhanced,true,true,2026-01-05,reviewed,https://www.szse.cn/market/product/list/etfList/index.html,https://www.baostock.com/mainContent?file=DailyUpdates.md#query_daily_history_k_ETF,2026-07-31,
SZ,159555,银华中证2000增强策略ETF,equity_strategy,EQUITY_ETF,enhanced,Enhanced,true,true,2026-01-05,reviewed,https://www.szse.cn/market/product/list/etfList/index.html,https://www.baostock.com/mainContent?file=DailyUpdates.md#query_daily_history_k_ETF,2026-07-31,
SZ,159556,平安中证2000增强策略ETF,equity_strategy,EQUITY_ETF,enhanced,Enhanced,true,true,2026-01-05,reviewed,https://www.szse.cn/market/product/list/etfList/index.html,https://www.baostock.com/mainContent?file=DailyUpdates.md#query_daily_history_k_ETF,2026-07-31,
SZ,159557,嘉实恒生医疗保健ETF(QDII),overseas,CROSS_ASSET,hk_healthcare,HK Healthcare,true,true,2026-01-05,reviewed,https://www.szse.cn/market/product/list/etfList/index.html,https://www.baostock.com/mainContent?file=DailyUpdates.md#query_daily_history_k_ETF,2026-07-31,
SZ,159558,易方达中证半导体材料设备主题ETF,equity_theme,EQUITY_ETF,semiconductor,Semiconductor,true,true,2026-01-05,reviewed,https://www.szse.cn/market/product/list/etfList/index.html,https://www.baostock.com/mainContent?file=DailyUpdates.md#query_daily_history_k_ETF,2026-07-31,
SZ,159559,景顺长城国证机器人产业ETF,equity_theme,EQUITY_ETF,robotics,Robotics,true,true,2026-01-05,reviewed,https://www.szse.cn/market/product/list/etfList/index.html,https://www.baostock.com/mainContent?file=DailyUpdates.md#query_daily_history_k_ETF,2026-07-31,
SZ,159560,景顺长城中证芯片产业ETF,equity_theme,EQUITY_ETF,semiconductor,Semiconductor,true,true,2026-01-05,reviewed,https://www.szse.cn/market/product/list/etfList/index.html,https://www.baostock.com/mainContent?file=DailyUpdates.md#query_daily_history_k_ETF,2026-07-31,
SZ,159561,嘉实德国DAXETF(QDII),overseas,CROSS_ASSET,germany_equity,Germany Equity,true,true,2026-01-05,reviewed,https://www.szse.cn/market/product/list/etfList/index.html,https://www.baostock.com/mainContent?file=DailyUpdates.md#query_daily_history_k_ETF,2026-07-31,
SZ,159562,华夏中证沪深港黄金产业股票ETF,overseas,CROSS_ASSET,exposure_7732f7a38002,中证沪深港黄金产业股票,true,true,2026-01-05,reviewed,https://www.szse.cn/market/product/list/etfList/index.html,https://www.baostock.com/mainContent?file=DailyUpdates.md#query_daily_history_k_ETF,2026-07-31,
SZ,159563,华夏创业板综合ETF,equity_broad,EQUITY_ETF,chinext,ChiNext,true,true,2026-01-05,reviewed,https://www.szse.cn/market/product/list/etfList/index.html,https://www.baostock.com/mainContent?file=DailyUpdates.md#query_daily_history_k_ETF,2026-07-31,
SZ,159565,易方达中证汽车零部件主题ETF,equity_sector,EQUITY_ETF,automobile,Automobile,true,true,2026-01-05,reviewed,https://www.szse.cn/market/product/list/etfList/index.html,https://www.baostock.com/mainContent?file=DailyUpdates.md#query_daily_history_k_ETF,2026-07-31,
SZ,159566,易方达国证新能源电池ETF,equity_theme,EQUITY_ETF,battery,Battery,true,true,2026-01-05,reviewed,https://www.szse.cn/market/product/list/etfList/index.html,https://www.baostock.com/mainContent?file=DailyUpdates.md#query_daily_history_k_ETF,2026-07-31,
SZ,159567,银华国证港股通创新药ETF,overseas,CROSS_ASSET,exposure_7cd423c226c6,国证港股通创新药,true,true,2026-01-05,reviewed,https://www.szse.cn/market/product/list/etfList/index.html,https://www.baostock.com/mainContent?file=DailyUpdates.md#query_daily_history_k_ETF,2026-07-31,
SZ,159568,博时港股通互联网ETF,overseas,CROSS_ASSET,hang_seng_internet,HK Internet,true,true,2026-01-05,reviewed,https://www.szse.cn/market/product/list/etfList/index.html,https://www.baostock.com/mainContent?file=DailyUpdates.md#query_daily_history_k_ETF,2026-07-31,
SZ,159569,景顺长城国证港股通红利低波动率ETF,overseas,CROSS_ASSET,hk_dividend,HK Dividend,true,true,2026-01-05,reviewed,https://www.szse.cn/market/product/list/etfList/index.html,https://www.baostock.com/mainContent?file=DailyUpdates.md#query_daily_history_k_ETF,2026-07-31,
SZ,159570,汇添富国证港股通创新药ETF,overseas,CROSS_ASSET,exposure_7cd423c226c6,国证港股通创新药,true,true,2026-01-05,reviewed,https://www.szse.cn/market/product/list/etfList/index.html,https://www.baostock.com/mainContent?file=DailyUpdates.md#query_daily_history_k_ETF,2026-07-31,
SZ,159571,富国创业板200ETF,equity_broad,EQUITY_ETF,chinext200,ChiNext 200,true,true,2026-01-05,reviewed,https://www.szse.cn/market/product/list/etfList/index.html,https://www.baostock.com/mainContent?file=DailyUpdates.md#query_daily_history_k_ETF,2026-07-31,
SZ,159572,易方达创业板200ETF,equity_broad,EQUITY_ETF,chinext200,ChiNext 200,true,true,2026-01-05,reviewed,https://www.szse.cn/market/product/list/etfList/index.html,https://www.baostock.com/mainContent?file=DailyUpdates.md#query_daily_history_k_ETF,2026-07-31,
SZ,159573,华夏创业板200ETF,equity_broad,EQUITY_ETF,chinext200,ChiNext 200,true,true,2026-01-05,reviewed,https://www.szse.cn/market/product/list/etfList/index.html,https://www.baostock.com/mainContent?file=DailyUpdates.md#query_daily_history_k_ETF,2026-07-31,
SZ,159575,创业板200ETF银华,equity_broad,EQUITY_ETF,chinext200,ChiNext 200,true,true,2026-01-05,reviewed,https://www.szse.cn/market/product/list/etfList/index.html,https://www.baostock.com/mainContent?file=DailyUpdates.md#query_daily_history_k_ETF,2026-07-31,
SZ,159576,广发深证100ETF,equity_broad,EQUITY_ETF,szse100,SZSE 100,true,true,2026-01-05,reviewed,https://www.szse.cn/market/product/list/etfList/index.html,https://www.baostock.com/mainContent?file=DailyUpdates.md#query_daily_history_k_ETF,2026-07-31,
SZ,159577,汇添富MSCI美国50ETF,overseas,CROSS_ASSET,exposure_fa4b569e7a1c,MSCI美国50,true,true,2026-01-05,reviewed,https://www.szse.cn/market/product/list/etfList/index.html,https://www.baostock.com/mainContent?file=DailyUpdates.md#query_daily_history_k_ETF,2026-07-31,
SZ,159578,南方深证主板50ETF,equity_broad,EQUITY_ETF,szse_main50,SZSE Main Board 50,true,true,2026-01-05,reviewed,https://www.szse.cn/market/product/list/etfList/index.html,https://www.baostock.com/mainContent?file=DailyUpdates.md#query_daily_history_k_ETF,2026-07-31,
SZ,159581,万家中证红利ETF,equity_strategy,EQUITY_ETF,dividend,Dividend,true,true,2026-01-05,reviewed,https://www.szse.cn/market/product/list/etfList/index.html,https://www.baostock.com/mainContent?file=DailyUpdates.md#query_daily_history_k_ETF,2026-07-31,
SZ,159582,博时中证半导体产业ETF,equity_theme,EQUITY_ETF,semiconductor,Semiconductor,true,true,2026-01-05,reviewed,https://www.szse.cn/market/product/list/etfList/index.html,https://www.baostock.com/mainContent?file=DailyUpdates.md#query_daily_history_k_ETF,2026-07-31,
SZ,159583,富国中证通信设备主题ETF,equity_sector,EQUITY_ETF,communications,Communications,true,true,2026-01-05,reviewed,https://www.szse.cn/market/product/list/etfList/index.html,https://www.baostock.com/mainContent?file=DailyUpdates.md#query_daily_history_k_ETF,2026-07-31,
SZ,159586,南方中证全指计算机ETF,equity_sector,EQUITY_ETF,software,Software,true,true,2026-01-05,reviewed,https://www.szse.cn/market/product/list/etfList/index.html,https://www.baostock.com/mainContent?file=DailyUpdates.md#query_daily_history_k_ETF,2026-07-31,
SZ,159587,广发国证粮食产业ETF,equity_sector,EQUITY_ETF,agriculture,Agriculture,true,true,2026-01-05,reviewed,https://www.szse.cn/market/product/list/etfList/index.html,https://www.baostock.com/mainContent?file=DailyUpdates.md#query_daily_history_k_ETF,2026-07-31,
SZ,159588,景顺长城国证石油天然气ETF,equity_sector,EQUITY_ETF,oil_gas,Oil & Gas,true,true,2026-01-05,reviewed,https://www.szse.cn/market/product/list/etfList/index.html,https://www.baostock.com/mainContent?file=DailyUpdates.md#query_daily_history_k_ETF,2026-07-31,
SZ,159589,广发中证红利ETF,equity_strategy,EQUITY_ETF,dividend,Dividend,true,true,2026-01-05,reviewed,https://www.szse.cn/market/product/list/etfList/index.html,https://www.baostock.com/mainContent?file=DailyUpdates.md#query_daily_history_k_ETF,2026-07-31,
SZ,159590,汇添富中证全指软件ETF,equity_sector,EQUITY_ETF,software,Software,true,true,2026-01-05,reviewed,https://www.szse.cn/market/product/list/etfList/index.html,https://www.baostock.com/mainContent?file=DailyUpdates.md#query_daily_history_k_ETF,2026-07-31,
SZ,159591,富国中证A50ETF,equity_broad,EQUITY_ETF,csi_a50,CSI A50,true,true,2026-01-05,reviewed,https://www.szse.cn/market/product/list/etfList/index.html,https://www.baostock.com/mainContent?file=DailyUpdates.md#query_daily_history_k_ETF,2026-07-31,
SZ,159592,银华中证A50ETF,equity_broad,EQUITY_ETF,csi_a50,CSI A50,true,true,2026-01-05,reviewed,https://www.szse.cn/market/product/list/etfList/index.html,https://www.baostock.com/mainContent?file=DailyUpdates.md#query_daily_history_k_ETF,2026-07-31,
SZ,159593,平安中证A50ETF,equity_broad,EQUITY_ETF,csi_a50,CSI A50,true,true,2026-01-05,reviewed,https://www.szse.cn/market/product/list/etfList/index.html,https://www.baostock.com/mainContent?file=DailyUpdates.md#query_daily_history_k_ETF,2026-07-31,
SZ,159595,大成中证A50ETF,equity_broad,EQUITY_ETF,csi_a50,CSI A50,true,true,2026-01-05,reviewed,https://www.szse.cn/market/product/list/etfList/index.html,https://www.baostock.com/mainContent?file=DailyUpdates.md#query_daily_history_k_ETF,2026-07-31,
SZ,159596,华宝中证A50ETF,equity_broad,EQUITY_ETF,csi_a50,CSI A50,true,true,2026-01-05,reviewed,https://www.szse.cn/market/product/list/etfList/index.html,https://www.baostock.com/mainContent?file=DailyUpdates.md#query_daily_history_k_ETF,2026-07-31,
SZ,159597,易方达创业板成长ETF,equity_strategy,EQUITY_ETF,growth,Growth,true,true,2026-01-05,reviewed,https://www.szse.cn/market/product/list/etfList/index.html,https://www.baostock.com/mainContent?file=DailyUpdates.md#query_daily_history_k_ETF,2026-07-31,
SZ,159599,芯片ETF基金,equity_theme,EQUITY_ETF,semiconductor,Semiconductor,true,true,2026-01-05,reviewed,https://www.szse.cn/market/product/list/etfList/index.html,https://www.baostock.com/mainContent?file=DailyUpdates.md#query_daily_history_k_ETF,2026-07-31,
SZ,159600,嘉实中证AAA科技创新公司债ETF,bond,CROSS_ASSET,tech_innovation_bond,Tech Innovation Bond,true,true,2026-01-05,reviewed,https://www.szse.cn/market/product/list/etfList/index.html,https://www.baostock.com/mainContent?file=DailyUpdates.md#query_daily_history_k_ETF,2026-07-31,
SZ,159601,华夏MSCI中国A50互联互通ETF,equity_broad,EQUITY_ETF,msci_china_a50,MSCI China A50,true,true,2026-01-05,reviewed,https://www.szse.cn/market/product/list/etfList/index.html,https://www.baostock.com/mainContent?file=DailyUpdates.md#query_daily_history_k_ETF,2026-07-31,
SZ,159602,南方MSCI中国A50互联互通ETF,equity_broad,EQUITY_ETF,msci_china_a50,MSCI China A50,true,true,2026-01-05,reviewed,https://www.szse.cn/market/product/list/etfList/index.html,https://www.baostock.com/mainContent?file=DailyUpdates.md#query_daily_history_k_ETF,2026-07-31,
SZ,159603,天弘中证科创创业50ETF,equity_broad,EQUITY_ETF,star_chinext50,STAR ChiNext 50,true,true,2026-01-05,reviewed,https://www.szse.cn/market/product/list/etfList/index.html,https://www.baostock.com/mainContent?file=DailyUpdates.md#query_daily_history_k_ETF,2026-07-31,
SZ,159605,广发中证海外中国互联网30(QDII-ETF),overseas,CROSS_ASSET,exposure_da2b8a9a1455,中证海外中国互联网30,true,true,2026-01-05,reviewed,https://www.szse.cn/market/product/list/etfList/index.html,https://www.baostock.com/mainContent?file=DailyUpdates.md#query_daily_history_k_ETF,2026-07-31,
SZ,159606,易方达中证500质量成长ETF,equity_strategy,EQUITY_ETF,growth,Growth,true,true,2026-01-05,reviewed,https://www.szse.cn/market/product/list/etfList/index.html,https://www.baostock.com/mainContent?file=DailyUpdates.md#query_daily_history_k_ETF,2026-07-31,
SZ,159607,嘉实中证海外中国互联网30ETF(QDII),overseas,CROSS_ASSET,exposure_da2b8a9a1455,中证海外中国互联网30,true,true,2026-01-05,reviewed,https://www.szse.cn/market/product/list/etfList/index.html,https://www.baostock.com/mainContent?file=DailyUpdates.md#query_daily_history_k_ETF,2026-07-31,
SZ,159608,广发中证稀有金属主题ETF,equity_theme,EQUITY_ETF,rare_metals,Rare Metals,true,true,2026-01-05,reviewed,https://www.szse.cn/market/product/list/etfList/index.html,https://www.baostock.com/mainContent?file=DailyUpdates.md#query_daily_history_k_ETF,2026-07-31,
SZ,159609,浦银安盛中证光伏产业ETF,equity_theme,EQUITY_ETF,solar,Solar,true,true,2026-01-05,reviewed,https://www.szse.cn/market/product/list/etfList/index.html,https://www.baostock.com/mainContent?file=DailyUpdates.md#query_daily_history_k_ETF,2026-07-31,
SZ,159610,景顺长城中证500增强策略ETF,equity_strategy,EQUITY_ETF,enhanced,Enhanced,true,true,2026-01-05,reviewed,https://www.szse.cn/market/product/list/etfList/index.html,https://www.baostock.com/mainContent?file=DailyUpdates.md#query_daily_history_k_ETF,2026-07-31,
SZ,159611,广发中证全指电力公用事业ETF,equity_sector,EQUITY_ETF,utilities,Utilities,true,true,2026-01-05,reviewed,https://www.szse.cn/market/product/list/etfList/index.html,https://www.baostock.com/mainContent?file=DailyUpdates.md#query_daily_history_k_ETF,2026-07-31,
SZ,159612,国泰标普500(QDII-ETF),overseas,CROSS_ASSET,sp500,S&P 500,true,true,2026-01-05,reviewed,https://www.szse.cn/market/product/list/etfList/index.html,https://www.baostock.com/mainContent?file=DailyUpdates.md#query_daily_history_k_ETF,2026-07-31,
SZ,159613,嘉实中证信息安全主题ETF,equity_theme,EQUITY_ETF,cybersecurity,Cybersecurity,true,true,2026-01-05,reviewed,https://www.szse.cn/market/product/list/etfList/index.html,https://www.baostock.com/mainContent?file=DailyUpdates.md#query_daily_history_k_ETF,2026-07-31,
SZ,159615,南方恒生生物科技ETF(QDII),overseas,CROSS_ASSET,hk_healthcare,HK Healthcare,true,true,2026-01-05,reviewed,https://www.szse.cn/market/product/list/etfList/index.html,https://www.baostock.com/mainContent?file=DailyUpdates.md#query_daily_history_k_ETF,2026-07-31,
SZ,159616,建信中证农牧主题ETF,equity_theme,EQUITY_ETF,exposure_2432abb78f91,中证农牧主题,true,true,2026-01-05,reviewed,https://www.szse.cn/market/product/list/etfList/index.html,https://www.baostock.com/mainContent?file=DailyUpdates.md#query_daily_history_k_ETF,2026-07-31,
SZ,159617,华夏中证智选500价值稳健策略ETF,equity_strategy,EQUITY_ETF,value,Value,true,true,2026-01-05,reviewed,https://www.szse.cn/market/product/list/etfList/index.html,https://www.baostock.com/mainContent?file=DailyUpdates.md#query_daily_history_k_ETF,2026-07-31,
SZ,159618,华安中证光伏产业ETF,equity_theme,EQUITY_ETF,solar,Solar,true,true,2026-01-05,reviewed,https://www.szse.cn/market/product/list/etfList/index.html,https://www.baostock.com/mainContent?file=DailyUpdates.md#query_daily_history_k_ETF,2026-07-31,
SZ,159619,国泰中证基建ETF,equity_theme,EQUITY_ETF,construction,Construction,true,true,2026-01-05,reviewed,https://www.szse.cn/market/product/list/etfList/index.html,https://www.baostock.com/mainContent?file=DailyUpdates.md#query_daily_history_k_ETF,2026-07-31,
SZ,159620,华夏中证智选500成长创新策略ETF,equity_strategy,EQUITY_ETF,growth,Growth,true,true,2026-01-05,reviewed,https://www.szse.cn/market/product/list/etfList/index.html,https://www.baostock.com/mainContent?file=DailyUpdates.md#query_daily_history_k_ETF,2026-07-31,
SZ,159621,国泰MSCI中国A股ESG通用ETF,equity_strategy,EQUITY_ETF,esg,ESG,true,true,2026-01-05,reviewed,https://www.szse.cn/market/product/list/etfList/index.html,https://www.baostock.com/mainContent?file=DailyUpdates.md#query_daily_history_k_ETF,2026-07-31,
SZ,159622,创新药ETF沪港深,overseas,CROSS_ASSET,exposure_b84604b8bb9d,创新药,true,true,2026-01-05,reviewed,https://www.szse.cn/market/product/list/etfList/index.html,https://www.baostock.com/mainContent?file=DailyUpdates.md#query_daily_history_k_ETF,2026-07-31,
SZ,159623,博时成渝经济圈ETF,equity_theme,EQUITY_ETF,exposure_b3739a7f350e,博时成渝经济圈,true,true,2026-01-05,reviewed,https://www.szse.cn/market/product/list/etfList/index.html,https://www.baostock.com/mainContent?file=DailyUpdates.md#query_daily_history_k_ETF,2026-07-31,
SZ,159625,嘉实国证绿色电力ETF,equity_theme,EQUITY_ETF,green_power,Green Power,true,true,2026-01-05,reviewed,https://www.szse.cn/market/product/list/etfList/index.html,https://www.baostock.com/mainContent?file=DailyUpdates.md#query_daily_history_k_ETF,2026-07-31,
SZ,159627,华夏中证A100ETF,equity_broad,EQUITY_ETF,csi_a100,CSI A100,true,true,2026-01-05,reviewed,https://www.szse.cn/market/product/list/etfList/index.html,https://www.baostock.com/mainContent?file=DailyUpdates.md#query_daily_history_k_ETF,2026-07-31,
SZ,159628,万家国证2000ETF,equity_broad,EQUITY_ETF,cni2000,CNI 2000,true,true,2026-01-05,reviewed,https://www.szse.cn/market/product/list/etfList/index.html,https://www.baostock.com/mainContent?file=DailyUpdates.md#query_daily_history_k_ETF,2026-07-31,
SZ,159629,富国中证1000ETF,equity_broad,EQUITY_ETF,csi1000,CSI 1000,true,true,2026-01-05,reviewed,https://www.szse.cn/market/product/list/etfList/index.html,https://www.baostock.com/mainContent?file=DailyUpdates.md#query_daily_history_k_ETF,2026-07-31,
SZ,159630,汇添富中证A100ETF,equity_broad,EQUITY_ETF,csi_a100,CSI A100,true,true,2026-01-05,reviewed,https://www.szse.cn/market/product/list/etfList/index.html,https://www.baostock.com/mainContent?file=DailyUpdates.md#query_daily_history_k_ETF,2026-07-31,
SZ,159631,招商中证A100ETF,equity_broad,EQUITY_ETF,csi_a100,CSI A100,true,true,2026-01-05,reviewed,https://www.szse.cn/market/product/list/etfList/index.html,https://www.baostock.com/mainContent?file=DailyUpdates.md#query_daily_history_k_ETF,2026-07-31,
SZ,159632,华安纳斯达克100ETF(QDII),overseas,CROSS_ASSET,nasdaq100,NASDAQ 100,true,true,2026-01-05,reviewed,https://www.szse.cn/market/product/list/etfList/index.html,https://www.baostock.com/mainContent?file=DailyUpdates.md#query_daily_history_k_ETF,2026-07-31,
SZ,159633,易方达中证1000ETF,equity_broad,EQUITY_ETF,csi1000,CSI 1000,true,true,2026-01-05,reviewed,https://www.szse.cn/market/product/list/etfList/index.html,https://www.baostock.com/mainContent?file=DailyUpdates.md#query_daily_history_k_ETF,2026-07-31,
SZ,159635,华夏中证基建ETF,equity_theme,EQUITY_ETF,construction,Construction,true,true,2026-01-05,reviewed,https://www.szse.cn/market/product/list/etfList/index.html,https://www.baostock.com/mainContent?file=DailyUpdates.md#query_daily_history_k_ETF,2026-07-31,
SZ,159636,工银瑞信国证港股通科技30ETF,overseas,CROSS_ASSET,hang_seng_tech,Hang Seng Tech,true,true,2026-01-05,reviewed,https://www.szse.cn/market/product/list/etfList/index.html,https://www.baostock.com/mainContent?file=DailyUpdates.md#query_daily_history_k_ETF,2026-07-31,
SZ,159637,新能源车龙头ETF,equity_theme,EQUITY_ETF,new_energy_vehicle,New Energy Vehicle,true,true,2026-01-05,reviewed,https://www.szse.cn/market/product/list/etfList/index.html,https://www.baostock.com/mainContent?file=DailyUpdates.md#query_daily_history_k_ETF,2026-07-31,
SZ,159638,嘉实中证高端装备细分50ETF,equity_sector,EQUITY_ETF,machinery,Machinery,true,true,2026-01-05,reviewed,https://www.szse.cn/market/product/list/etfList/index.html,https://www.baostock.com/mainContent?file=DailyUpdates.md#query_daily_history_k_ETF,2026-07-31,
SZ,159639,南方中证上海环交所碳中和ETF,equity_theme,EQUITY_ETF,carbon_neutral,Carbon Neutral,true,true,2026-01-05,reviewed,https://www.szse.cn/market/product/list/etfList/index.html,https://www.baostock.com/mainContent?file=DailyUpdates.md#query_daily_history_k_ETF,2026-07-31,
SZ,159640,工银瑞信中证上海环交所碳中和ETF,equity_theme,EQUITY_ETF,carbon_neutral,Carbon Neutral,true,true,2026-01-05,reviewed,https://www.szse.cn/market/product/list/etfList/index.html,https://www.baostock.com/mainContent?file=DailyUpdates.md#query_daily_history_k_ETF,2026-07-31,
SZ,159641,招商中证上海环交所碳中和ETF,equity_theme,EQUITY_ETF,carbon_neutral,Carbon Neutral,true,true,2026-01-05,reviewed,https://www.szse.cn/market/product/list/etfList/index.html,https://www.baostock.com/mainContent?file=DailyUpdates.md#query_daily_history_k_ETF,2026-07-31,
SZ,159642,大成中证上海环交所碳中和ETF,equity_theme,EQUITY_ETF,carbon_neutral,Carbon Neutral,true,true,2026-01-05,reviewed,https://www.szse.cn/market/product/list/etfList/index.html,https://www.baostock.com/mainContent?file=DailyUpdates.md#query_daily_history_k_ETF,2026-07-31,
SZ,159643,国泰国证疫苗与生物科技ETF,equity_theme,EQUITY_ETF,technology,Technology,true,true,2026-01-05,reviewed,https://www.szse.cn/market/product/list/etfList/index.html,https://www.baostock.com/mainContent?file=DailyUpdates.md#query_daily_history_k_ETF,2026-07-31,
SZ,159645,富国国证疫苗与生物科技ETF,equity_theme,EQUITY_ETF,technology,Technology,true,true,2026-01-05,reviewed,https://www.szse.cn/market/product/list/etfList/index.html,https://www.baostock.com/mainContent?file=DailyUpdates.md#query_daily_history_k_ETF,2026-07-31,
SZ,159647,鹏华中证中药ETF,equity_theme,EQUITY_ETF,traditional_medicine,Traditional Medicine,true,true,2026-01-05,reviewed,https://www.szse.cn/market/product/list/etfList/index.html,https://www.baostock.com/mainContent?file=DailyUpdates.md#query_daily_history_k_ETF,2026-07-31,
SZ,159649,华安中债1-5年国开债ETF,bond,CROSS_ASSET,policy_financial_bond_1_5y,1-5Y Policy Financial Bond,true,true,2026-01-05,reviewed,https://www.szse.cn/market/product/list/etfList/index.html,https://www.baostock.com/mainContent?file=DailyUpdates.md#query_daily_history_k_ETF,2026-07-31,
SZ,159650,博时中债0-3年国开行ETF,bond,CROSS_ASSET,policy_financial_bond_0_3y,0-3Y Policy Financial Bond,true,true,2026-01-05,reviewed,https://www.szse.cn/market/product/list/etfList/index.html,https://www.baostock.com/mainContent?file=DailyUpdates.md#query_daily_history_k_ETF,2026-07-31,
SZ,159651,平安中债-0-3年国开行债券ETF,bond,CROSS_ASSET,policy_financial_bond_0_3y,0-3Y Policy Financial Bond,true,true,2026-01-05,reviewed,https://www.szse.cn/market/product/list/etfList/index.html,https://www.baostock.com/mainContent?file=DailyUpdates.md#query_daily_history_k_ETF,2026-07-31,
SZ,159652,汇添富中证细分有色金属产业主题ETF,equity_sector,EQUITY_ETF,nonferrous_metals,Non-ferrous Metals,true,true,2026-01-05,reviewed,https://www.szse.cn/market/product/list/etfList/index.html,https://www.baostock.com/mainContent?file=DailyUpdates.md#query_daily_history_k_ETF,2026-07-31,
SZ,159653,国联安国证ESG300ETF,equity_strategy,EQUITY_ETF,esg,ESG,true,true,2026-01-05,reviewed,https://www.szse.cn/market/product/list/etfList/index.html,https://www.baostock.com/mainContent?file=DailyUpdates.md#query_daily_history_k_ETF,2026-07-31,
SZ,159655,华夏标普500ETF(QDII),overseas,CROSS_ASSET,sp500,S&P 500,true,true,2026-01-05,reviewed,https://www.szse.cn/market/product/list/etfList/index.html,https://www.baostock.com/mainContent?file=DailyUpdates.md#query_daily_history_k_ETF,2026-07-31,
SZ,159656,万家沪深300成长ETF,equity_strategy,EQUITY_ETF,growth,Growth,true,true,2026-01-05,reviewed,https://www.szse.cn/market/product/list/etfList/index.html,https://www.baostock.com/mainContent?file=DailyUpdates.md#query_daily_history_k_ETF,2026-07-31,
SZ,159657,鹏华国证疫苗与生物科技ETF,equity_theme,EQUITY_ETF,technology,Technology,true,true,2026-01-05,reviewed,https://www.szse.cn/market/product/list/etfList/index.html,https://www.baostock.com/mainContent?file=DailyUpdates.md#query_daily_history_k_ETF,2026-07-31,
SZ,159658,华安中证数字经济主题ETF,equity_theme,EQUITY_ETF,data_digital,Data & Digital,true,true,2026-01-05,reviewed,https://www.szse.cn/market/product/list/etfList/index.html,https://www.baostock.com/mainContent?file=DailyUpdates.md#query_daily_history_k_ETF,2026-07-31,
SZ,159659,招商纳斯达克100ETF(QDII),overseas,CROSS_ASSET,nasdaq100,NASDAQ 100,true,true,2026-01-05,reviewed,https://www.szse.cn/market/product/list/etfList/index.html,https://www.baostock.com/mainContent?file=DailyUpdates.md#query_daily_history_k_ETF,2026-07-31,
SZ,159660,汇添富纳斯达克100ETF,overseas,CROSS_ASSET,nasdaq100,NASDAQ 100,true,true,2026-01-05,reviewed,https://www.szse.cn/market/product/list/etfList/index.html,https://www.baostock.com/mainContent?file=DailyUpdates.md#query_daily_history_k_ETF,2026-07-31,
SZ,159661,嘉实中证A100ETF,equity_broad,EQUITY_ETF,csi_a100,CSI A100,true,true,2026-01-05,reviewed,https://www.szse.cn/market/product/list/etfList/index.html,https://www.baostock.com/mainContent?file=DailyUpdates.md#query_daily_history_k_ETF,2026-07-31,
SZ,159662,南方国证交通运输行业ETF,equity_sector,EQUITY_ETF,transportation,Transportation,true,true,2026-01-05,reviewed,https://www.szse.cn/market/product/list/etfList/index.html,https://www.baostock.com/mainContent?file=DailyUpdates.md#query_daily_history_k_ETF,2026-07-31,
SZ,159663,华夏中证机床ETF,equity_sector,EQUITY_ETF,machinery,Machinery,true,true,2026-01-05,reviewed,https://www.szse.cn/market/product/list/etfList/index.html,https://www.baostock.com/mainContent?file=DailyUpdates.md#query_daily_history_k_ETF,2026-07-31,
SZ,159665,工银瑞信国证半导体芯片ETF,equity_theme,EQUITY_ETF,semiconductor,Semiconductor,true,true,2026-01-05,reviewed,https://www.szse.cn/market/product/list/etfList/index.html,https://www.baostock.com/mainContent?file=DailyUpdates.md#query_daily_history_k_ETF,2026-07-31,
SZ,159666,华夏中证全指运输ETF,equity_sector,EQUITY_ETF,transportation,Transportation,true,true,2026-01-05,reviewed,https://www.szse.cn/market/product/list/etfList/index.html,https://www.baostock.com/mainContent?file=DailyUpdates.md#query_daily_history_k_ETF,2026-07-31,
SZ,159667,国泰中证机床ETF,equity_sector,EQUITY_ETF,machinery,Machinery,true,true,2026-01-05,reviewed,https://www.szse.cn/market/product/list/etfList/index.html,https://www.baostock.com/mainContent?file=DailyUpdates.md#query_daily_history_k_ETF,2026-07-31,
SZ,159669,国泰国证绿色电力ETF,equity_theme,EQUITY_ETF,green_power,Green Power,true,true,2026-01-05,reviewed,https://www.szse.cn/market/product/list/etfList/index.html,https://www.baostock.com/mainContent?file=DailyUpdates.md#query_daily_history_k_ETF,2026-07-31,
SZ,159670,国联安中证消费50ETF,equity_sector,EQUITY_ETF,consumer,Consumer,true,true,2026-01-05,reviewed,https://www.szse.cn/market/product/list/etfList/index.html,https://www.baostock.com/mainContent?file=DailyUpdates.md#query_daily_history_k_ETF,2026-07-31,
SZ,159671,工银瑞信中证稀有金属主题ETF,equity_theme,EQUITY_ETF,rare_metals,Rare Metals,true,true,2026-01-05,reviewed,https://www.szse.cn/market/product/list/etfList/index.html,https://www.baostock.com/mainContent?file=DailyUpdates.md#query_daily_history_k_ETF,2026-07-31,
SZ,159672,博时主要消费ETF,equity_sector,EQUITY_ETF,consumer,Consumer,true,true,2026-01-05,reviewed,https://www.szse.cn/market/product/list/etfList/index.html,https://www.baostock.com/mainContent?file=DailyUpdates.md#query_daily_history_k_ETF,2026-07-31,
SZ,159673,鹏华沪深300ETF,equity_broad,EQUITY_ETF,csi300,CSI 300,true,true,2026-01-05,reviewed,https://www.szse.cn/market/product/list/etfList/index.html,https://www.baostock.com/mainContent?file=DailyUpdates.md#query_daily_history_k_ETF,2026-07-31,
SZ,159675,嘉实创业板增强策略ETF,equity_strategy,EQUITY_ETF,enhanced,Enhanced,true,true,2026-01-05,reviewed,https://www.szse.cn/market/product/list/etfList/index.html,https://www.baostock.com/mainContent?file=DailyUpdates.md#query_daily_history_k_ETF,2026-07-31,
SZ,159676,富国创业板增强策略ETF,equity_strategy,EQUITY_ETF,enhanced,Enhanced,true,true,2026-01-05,reviewed,https://www.szse.cn/market/product/list/etfList/index.html,https://www.baostock.com/mainContent?file=DailyUpdates.md#query_daily_history_k_ETF,2026-07-31,
SZ,159677,银华中证1000增强策略ETF,equity_strategy,EQUITY_ETF,enhanced,Enhanced,true,true,2026-01-05,reviewed,https://www.szse.cn/market/product/list/etfList/index.html,https://www.baostock.com/mainContent?file=DailyUpdates.md#query_daily_history_k_ETF,2026-07-31,
SZ,159678,博时中证500增强策略ETF,equity_strategy,EQUITY_ETF,enhanced,Enhanced,true,true,2026-01-05,reviewed,https://www.szse.cn/market/product/list/etfList/index.html,https://www.baostock.com/mainContent?file=DailyUpdates.md#query_daily_history_k_ETF,2026-07-31,
SZ,159679,国泰中证1000增强策略ETF,equity_strategy,EQUITY_ETF,enhanced,Enhanced,true,true,2026-01-05,reviewed,https://www.szse.cn/market/product/list/etfList/index.html,https://www.baostock.com/mainContent?file=DailyUpdates.md#query_daily_history_k_ETF,2026-07-31,
SZ,159680,招商中证1000增强策略ETF,equity_strategy,EQUITY_ETF,enhanced,Enhanced,true,true,2026-01-05,reviewed,https://www.szse.cn/market/product/list/etfList/index.html,https://www.baostock.com/mainContent?file=DailyUpdates.md#query_daily_history_k_ETF,2026-07-31,
SZ,159681,鹏华创业板50ETF,equity_broad,EQUITY_ETF,chinext50,ChiNext 50,true,true,2026-01-05,reviewed,https://www.szse.cn/market/product/list/etfList/index.html,https://www.baostock.com/mainContent?file=DailyUpdates.md#query_daily_history_k_ETF,2026-07-31,
SZ,159682,景顺长城创业板50ETF,equity_broad,EQUITY_ETF,chinext50,ChiNext 50,true,true,2026-01-05,reviewed,https://www.szse.cn/market/product/list/etfList/index.html,https://www.baostock.com/mainContent?file=DailyUpdates.md#query_daily_history_k_ETF,2026-07-31,
SZ,159685,天弘中证1000增强策略ETF,equity_strategy,EQUITY_ETF,enhanced,Enhanced,true,true,2026-01-05,reviewed,https://www.szse.cn/market/product/list/etfList/index.html,https://www.baostock.com/mainContent?file=DailyUpdates.md#query_daily_history_k_ETF,2026-07-31,
SZ,159686,易方达中证A100ETF,equity_broad,EQUITY_ETF,csi_a100,CSI A100,true,true,2026-01-05,reviewed,https://www.szse.cn/market/product/list/etfList/index.html,https://www.baostock.com/mainContent?file=DailyUpdates.md#query_daily_history_k_ETF,2026-07-31,
SZ,159687,南方基金南方东英富时亚太精选ETF(QDII),overseas,CROSS_ASSET,exposure_3998d1e10adf,富时亚太精选,true,true,2026-01-05,reviewed,https://www.szse.cn/market/product/list/etfList/index.html,https://www.baostock.com/mainContent?file=DailyUpdates.md#query_daily_history_k_ETF,2026-07-31,
SZ,159688,华安恒生互联网科技业ETF(QDII),overseas,CROSS_ASSET,hang_seng_internet,HK Internet,true,true,2026-01-05,reviewed,https://www.szse.cn/market/product/list/etfList/index.html,https://www.baostock.com/mainContent?file=DailyUpdates.md#query_daily_history_k_ETF,2026-07-31,
SZ,159689,南方中证主要消费ETF,equity_sector,EQUITY_ETF,consumer,Consumer,true,true,2026-01-05,reviewed,https://www.szse.cn/market/product/list/etfList/index.html,https://www.baostock.com/mainContent?file=DailyUpdates.md#query_daily_history_k_ETF,2026-07-31,
SZ,159690,招商中证有色金属矿业主题ETF,equity_sector,EQUITY_ETF,nonferrous_metals,Non-ferrous Metals,true,true,2026-01-05,reviewed,https://www.szse.cn/market/product/list/etfList/index.html,https://www.baostock.com/mainContent?file=DailyUpdates.md#query_daily_history_k_ETF,2026-07-31,
SZ,159691,工银瑞信中证港股通高股息精选ETF,overseas,CROSS_ASSET,hk_dividend,HK Dividend,true,true,2026-01-05,reviewed,https://www.szse.cn/market/product/list/etfList/index.html,https://www.baostock.com/mainContent?file=DailyUpdates.md#query_daily_history_k_ETF,2026-07-31,
SZ,159692,证券ETF东财,equity_sector,EQUITY_ETF,securities,Securities,true,true,2026-01-05,reviewed,https://www.szse.cn/market/product/list/etfList/index.html,https://www.baostock.com/mainContent?file=DailyUpdates.md#query_daily_history_k_ETF,2026-07-31,
SZ,159695,嘉实国证通信ETF,equity_sector,EQUITY_ETF,communications,Communications,true,true,2026-01-05,reviewed,https://www.szse.cn/market/product/list/etfList/index.html,https://www.baostock.com/mainContent?file=DailyUpdates.md#query_daily_history_k_ETF,2026-07-31,
SZ,159696,易方达纳斯达克100ETF(QDII),overseas,CROSS_ASSET,nasdaq100,NASDAQ 100,true,true,2026-01-05,reviewed,https://www.szse.cn/market/product/list/etfList/index.html,https://www.baostock.com/mainContent?file=DailyUpdates.md#query_daily_history_k_ETF,2026-07-31,
SZ,159697,鹏华国证石油天然气ETF,equity_sector,EQUITY_ETF,oil_gas,Oil & Gas,true,true,2026-01-05,reviewed,https://www.szse.cn/market/product/list/etfList/index.html,https://www.baostock.com/mainContent?file=DailyUpdates.md#query_daily_history_k_ETF,2026-07-31,
SZ,159698,鹏华国证粮食产业ETF,equity_sector,EQUITY_ETF,agriculture,Agriculture,true,true,2026-01-05,reviewed,https://www.szse.cn/market/product/list/etfList/index.html,https://www.baostock.com/mainContent?file=DailyUpdates.md#query_daily_history_k_ETF,2026-07-31,
SZ,159699,广发恒生消费(QDII-ETF),overseas,CROSS_ASSET,hk_consumer,HK Consumer,true,true,2026-01-05,reviewed,https://www.szse.cn/market/product/list/etfList/index.html,https://www.baostock.com/mainContent?file=DailyUpdates.md#query_daily_history_k_ETF,2026-07-31,
SZ,159700,南方中证AAA科技创新公司债ETF,bond,CROSS_ASSET,tech_innovation_bond,Tech Innovation Bond,true,true,2026-01-05,reviewed,https://www.szse.cn/market/product/list/etfList/index.html,https://www.baostock.com/mainContent?file=DailyUpdates.md#query_daily_history_k_ETF,2026-07-31,
SZ,159701,招商中证物联网主题ETF,equity_theme,EQUITY_ETF,internet_of_things,Internet of Things,true,true,2026-01-05,reviewed,https://www.szse.cn/market/product/list/etfList/index.html,https://www.baostock.com/mainContent?file=DailyUpdates.md#query_daily_history_k_ETF,2026-07-31,
SZ,159703,天弘中证新材料主题ETF,equity_sector,EQUITY_ETF,materials,Materials,true,true,2026-01-05,reviewed,https://www.szse.cn/market/product/list/etfList/index.html,https://www.baostock.com/mainContent?file=DailyUpdates.md#query_daily_history_k_ETF,2026-07-31,
SZ,159706,华安深证100ETF,equity_broad,EQUITY_ETF,szse100,SZSE 100,true,true,2026-01-05,reviewed,https://www.szse.cn/market/product/list/etfList/index.html,https://www.baostock.com/mainContent?file=DailyUpdates.md#query_daily_history_k_ETF,2026-07-31,
SZ,159707,华宝中证800地产ETF,equity_sector,EQUITY_ETF,real_estate,Real Estate,true,true,2026-01-05,reviewed,https://www.szse.cn/market/product/list/etfList/index.html,https://www.baostock.com/mainContent?file=DailyUpdates.md#query_daily_history_k_ETF,2026-07-31,
SZ,159708,西部利得深证红利ETF,equity_strategy,EQUITY_ETF,dividend,Dividend,true,true,2026-01-05,reviewed,https://www.szse.cn/market/product/list/etfList/index.html,https://www.baostock.com/mainContent?file=DailyUpdates.md#query_daily_history_k_ETF,2026-07-31,
SZ,159709,工银瑞信深证物联网50ETF,equity_theme,EQUITY_ETF,internet_of_things,Internet of Things,true,true,2026-01-05,reviewed,https://www.szse.cn/market/product/list/etfList/index.html,https://www.baostock.com/mainContent?file=DailyUpdates.md#query_daily_history_k_ETF,2026-07-31,
SZ,159711,华夏中证港股通50ETF,overseas,CROSS_ASSET,hang_seng,Hang Seng,true,true,2026-01-05,reviewed,https://www.szse.cn/market/product/list/etfList/index.html,https://www.baostock.com/mainContent?file=DailyUpdates.md#query_daily_history_k_ETF,2026-07-31,
SZ,159712,国泰中证港股通50ETF,overseas,CROSS_ASSET,hang_seng,Hang Seng,true,true,2026-01-05,reviewed,https://www.szse.cn/market/product/list/etfList/index.html,https://www.baostock.com/mainContent?file=DailyUpdates.md#query_daily_history_k_ETF,2026-07-31,
SZ,159713,富国中证稀土产业ETF,equity_theme,EQUITY_ETF,rare_metals,Rare Metals,true,true,2026-01-05,reviewed,https://www.szse.cn/market/product/list/etfList/index.html,https://www.baostock.com/mainContent?file=DailyUpdates.md#query_daily_history_k_ETF,2026-07-31,
SZ,159715,易方达中证稀土产业ETF,equity_theme,EQUITY_ETF,rare_metals,Rare Metals,true,true,2026-01-05,reviewed,https://www.szse.cn/market/product/list/etfList/index.html,https://www.baostock.com/mainContent?file=DailyUpdates.md#query_daily_history_k_ETF,2026-07-31,
SZ,159716,华宝深证100ETF,equity_broad,EQUITY_ETF,szse100,SZSE 100,true,true,2026-01-05,reviewed,https://www.szse.cn/market/product/list/etfList/index.html,https://www.baostock.com/mainContent?file=DailyUpdates.md#query_daily_history_k_ETF,2026-07-31,
SZ,159717,鹏华国证ESG300ETF,equity_strategy,EQUITY_ETF,esg,ESG,true,true,2026-01-05,reviewed,https://www.szse.cn/market/product/list/etfList/index.html,https://www.baostock.com/mainContent?file=DailyUpdates.md#query_daily_history_k_ETF,2026-07-31,
SZ,159718,平安中证港股通医药卫生综合ETF,overseas,CROSS_ASSET,hk_healthcare,HK Healthcare,true,true,2026-01-05,reviewed,https://www.szse.cn/market/product/list/etfList/index.html,https://www.baostock.com/mainContent?file=DailyUpdates.md#query_daily_history_k_ETF,2026-07-31,
SZ,159719,平安富时中国国企开放共赢ETF,equity_strategy,EQUITY_ETF,central_soe,Central SOE,true,true,2026-01-05,reviewed,https://www.szse.cn/market/product/list/etfList/index.html,https://www.baostock.com/mainContent?file=DailyUpdates.md#query_daily_history_k_ETF,2026-07-31,
SZ,159720,泰康中证智能电动汽车ETF,equity_sector,EQUITY_ETF,automobile,Automobile,true,true,2026-01-05,reviewed,https://www.szse.cn/market/product/list/etfList/index.html,https://www.baostock.com/mainContent?file=DailyUpdates.md#query_daily_history_k_ETF,2026-07-31,
SZ,159721,永赢深证100ETF,equity_broad,EQUITY_ETF,szse100,SZSE 100,true,true,2026-01-05,reviewed,https://www.szse.cn/market/product/list/etfList/index.html,https://www.baostock.com/mainContent?file=DailyUpdates.md#query_daily_history_k_ETF,2026-07-31,
SZ,159723,汇添富中证沪港深科技龙头ETF,overseas,CROSS_ASSET,exposure_394756506b65,中证沪港深科技龙头,true,true,2026-01-05,reviewed,https://www.szse.cn/market/product/list/etfList/index.html,https://www.baostock.com/mainContent?file=DailyUpdates.md#query_daily_history_k_ETF,2026-07-31,
SZ,159725,工银瑞信中证线上消费ETF,equity_sector,EQUITY_ETF,consumer,Consumer,true,true,2026-01-05,reviewed,https://www.szse.cn/market/product/list/etfList/index.html,https://www.baostock.com/mainContent?file=DailyUpdates.md#query_daily_history_k_ETF,2026-07-31,
SZ,159726,华夏恒生港股通中国内地企业高股息率ETF,overseas,CROSS_ASSET,hang_seng,Hang Seng,true,true,2026-01-05,reviewed,https://www.szse.cn/market/product/list/etfList/index.html,https://www.baostock.com/mainContent?file=DailyUpdates.md#query_daily_history_k_ETF,2026-07-31,
SZ,159728,南方国证在线消费ETF,equity_sector,EQUITY_ETF,consumer,Consumer,true,true,2026-01-05,reviewed,https://www.szse.cn/market/product/list/etfList/index.html,https://www.baostock.com/mainContent?file=DailyUpdates.md#query_daily_history_k_ETF,2026-07-31,
SZ,159729,汇添富中证沪港深互联网ETF,overseas,CROSS_ASSET,exposure_6e067acc56ca,中证沪港深互联网,true,true,2026-01-05,reviewed,https://www.szse.cn/market/product/list/etfList/index.html,https://www.baostock.com/mainContent?file=DailyUpdates.md#query_daily_history_k_ETF,2026-07-31,
SZ,159730,博时国证龙头家电ETF,equity_sector,EQUITY_ETF,home_appliance,Home Appliance,true,true,2026-01-05,reviewed,https://www.szse.cn/market/product/list/etfList/index.html,https://www.baostock.com/mainContent?file=DailyUpdates.md#query_daily_history_k_ETF,2026-07-31,
SZ,159731,华夏中证石化产业ETF,equity_sector,EQUITY_ETF,oil_gas,Oil & Gas,true,true,2026-01-05,reviewed,https://www.szse.cn/market/product/list/etfList/index.html,https://www.baostock.com/mainContent?file=DailyUpdates.md#query_daily_history_k_ETF,2026-07-31,
SZ,159732,华夏国证消费电子主题ETF,equity_theme,EQUITY_ETF,consumer_electronics,Consumer Electronics,true,true,2026-01-05,reviewed,https://www.szse.cn/market/product/list/etfList/index.html,https://www.baostock.com/mainContent?file=DailyUpdates.md#query_daily_history_k_ETF,2026-07-31,
SZ,159735,银华中证港股通消费主题ETF,overseas,CROSS_ASSET,hk_consumer,HK Consumer,true,true,2026-01-05,reviewed,https://www.szse.cn/market/product/list/etfList/index.html,https://www.baostock.com/mainContent?file=DailyUpdates.md#query_daily_history_k_ETF,2026-07-31,
SZ,159736,天弘中证食品饮料ETF,equity_sector,EQUITY_ETF,food_beverage,Food & Beverage,true,true,2026-01-05,reviewed,https://www.szse.cn/market/product/list/etfList/index.html,https://www.baostock.com/mainContent?file=DailyUpdates.md#query_daily_history_k_ETF,2026-07-31,
SZ,159738,华泰柏瑞中证沪港深云计算产业ETF,overseas,CROSS_ASSET,exposure_47db6df7b9f0,中证沪港深云计算产业,true,true,2026-01-05,reviewed,https://www.szse.cn/market/product/list/etfList/index.html,https://www.baostock.com/mainContent?file=DailyUpdates.md#query_daily_history_k_ETF,2026-07-31,
SZ,159739,鹏华中证云计算与大数据主题ETF,equity_theme,EQUITY_ETF,cloud_computing,Cloud Computing,true,true,2026-01-05,reviewed,https://www.szse.cn/market/product/list/etfList/index.html,https://www.baostock.com/mainContent?file=DailyUpdates.md#query_daily_history_k_ETF,2026-07-31,
SZ,159740,大成恒生科技ETF(QDII),overseas,CROSS_ASSET,hang_seng_tech,Hang Seng Tech,true,true,2026-01-05,reviewed,https://www.szse.cn/market/product/list/etfList/index.html,https://www.baostock.com/mainContent?file=DailyUpdates.md#query_daily_history_k_ETF,2026-07-31,
SZ,159741,嘉实恒生科技ETF(QDII),overseas,CROSS_ASSET,hang_seng_tech,Hang Seng Tech,true,true,2026-01-05,reviewed,https://www.szse.cn/market/product/list/etfList/index.html,https://www.baostock.com/mainContent?file=DailyUpdates.md#query_daily_history_k_ETF,2026-07-31,
SZ,159742,博时恒生科技ETF(QDII),overseas,CROSS_ASSET,hang_seng_tech,Hang Seng Tech,true,true,2026-01-05,reviewed,https://www.szse.cn/market/product/list/etfList/index.html,https://www.baostock.com/mainContent?file=DailyUpdates.md#query_daily_history_k_ETF,2026-07-31,
SZ,159743,博时湖北新旧动能转换ETF,equity_theme,EQUITY_ETF,exposure_a1c55cebc5d5,博时湖北新旧动能转换,true,true,2026-01-05,reviewed,https://www.szse.cn/market/product/list/etfList/index.html,https://www.baostock.com/mainContent?file=DailyUpdates.md#query_daily_history_k_ETF,2026-07-31,
SZ,159745,国泰中证全指建筑材料ETF,equity_theme,EQUITY_ETF,construction,Construction,true,true,2026-01-05,reviewed,https://www.szse.cn/market/product/list/etfList/index.html,https://www.baostock.com/mainContent?file=DailyUpdates.md#query_daily_history_k_ETF,2026-07-31,
SZ,159747,南方中证香港科技ETF(QDII),overseas,CROSS_ASSET,hang_seng_tech,Hang Seng Tech,true,true,2026-01-05,reviewed,https://www.szse.cn/market/product/list/etfList/index.html,https://www.baostock.com/mainContent?file=DailyUpdates.md#query_daily_history_k_ETF,2026-07-31,
SZ,159748,富国中证沪港深创新药产业ETF,overseas,CROSS_ASSET,exposure_d7b426da123e,中证沪港深创新药产业,true,true,2026-01-05,reviewed,https://www.szse.cn/market/product/list/etfList/index.html,https://www.baostock.com/mainContent?file=DailyUpdates.md#query_daily_history_k_ETF,2026-07-31,
SZ,159750,招商中证香港科技ETF(QDII),overseas,CROSS_ASSET,hang_seng_tech,Hang Seng Tech,true,true,2026-01-05,reviewed,https://www.szse.cn/market/product/list/etfList/index.html,https://www.baostock.com/mainContent?file=DailyUpdates.md#query_daily_history_k_ETF,2026-07-31,
SZ,159751,鹏华中证港股通科技ETF,overseas,CROSS_ASSET,hang_seng_tech,Hang Seng Tech,true,true,2026-01-05,reviewed,https://www.szse.cn/market/product/list/etfList/index.html,https://www.baostock.com/mainContent?file=DailyUpdates.md#query_daily_history_k_ETF,2026-07-31,
SZ,159752,申万菱信中证内地新能源主题ETF,equity_theme,EQUITY_ETF,new_energy,New Energy,true,true,2026-01-05,reviewed,https://www.szse.cn/market/product/list/etfList/index.html,https://www.baostock.com/mainContent?file=DailyUpdates.md#query_daily_history_k_ETF,2026-07-31,
SZ,159755,广发国证新能源车电池ETF,equity_theme,EQUITY_ETF,new_energy_vehicle,New Energy Vehicle,true,true,2026-01-05,reviewed,https://www.szse.cn/market/product/list/etfList/index.html,https://www.baostock.com/mainContent?file=DailyUpdates.md#query_daily_history_k_ETF,2026-07-31,
SZ,159757,景顺长城国证新能源车电池ETF,equity_theme,EQUITY_ETF,new_energy_vehicle,New Energy Vehicle,true,true,2026-01-05,reviewed,https://www.szse.cn/market/product/list/etfList/index.html,https://www.baostock.com/mainContent?file=DailyUpdates.md#query_daily_history_k_ETF,2026-07-31,
SZ,159758,华夏中证红利质量ETF,equity_strategy,EQUITY_ETF,dividend_quality,Dividend Quality,true,true,2026-01-05,reviewed,https://www.szse.cn/market/product/list/etfList/index.html,https://www.baostock.com/mainContent?file=DailyUpdates.md#query_daily_history_k_ETF,2026-07-31,
SZ,159760,泰康国证公共卫生与医疗健康ETF,equity_sector,EQUITY_ETF,healthcare,Healthcare,true,true,2026-01-05,reviewed,https://www.szse.cn/market/product/list/etfList/index.html,https://www.baostock.com/mainContent?file=DailyUpdates.md#query_daily_history_k_ETF,2026-07-31,
SZ,159761,国泰中证新材料主题ETF,equity_sector,EQUITY_ETF,materials,Materials,true,true,2026-01-05,reviewed,https://www.szse.cn/market/product/list/etfList/index.html,https://www.baostock.com/mainContent?file=DailyUpdates.md#query_daily_history_k_ETF,2026-07-31,
SZ,159763,建信中证新材料主题ETF,equity_sector,EQUITY_ETF,materials,Materials,true,true,2026-01-05,reviewed,https://www.szse.cn/market/product/list/etfList/index.html,https://www.baostock.com/mainContent?file=DailyUpdates.md#query_daily_history_k_ETF,2026-07-31,
SZ,159766,富国中证旅游主题ETF,equity_theme,EQUITY_ETF,tourism,Tourism,true,true,2026-01-05,reviewed,https://www.szse.cn/market/product/list/etfList/index.html,https://www.baostock.com/mainContent?file=DailyUpdates.md#query_daily_history_k_ETF,2026-07-31,
SZ,159767,兴银国证新能源车电池ETF,equity_theme,EQUITY_ETF,new_energy_vehicle,New Energy Vehicle,true,true,2026-01-05,reviewed,https://www.szse.cn/market/product/list/etfList/index.html,https://www.baostock.com/mainContent?file=DailyUpdates.md#query_daily_history_k_ETF,2026-07-31,
SZ,159768,银华中证内地地产主题ETF,equity_sector,EQUITY_ETF,real_estate,Real Estate,true,true,2026-01-05,reviewed,https://www.szse.cn/market/product/list/etfList/index.html,https://www.baostock.com/mainContent?file=DailyUpdates.md#query_daily_history_k_ETF,2026-07-31,
SZ,159770,天弘中证机器人ETF,equity_theme,EQUITY_ETF,robotics,Robotics,true,true,2026-01-05,reviewed,https://www.szse.cn/market/product/list/etfList/index.html,https://www.baostock.com/mainContent?file=DailyUpdates.md#query_daily_history_k_ETF,2026-07-31,
SZ,159773,华泰柏瑞创业板科技ETF,equity_theme,EQUITY_ETF,technology,Technology,true,true,2026-01-05,reviewed,https://www.szse.cn/market/product/list/etfList/index.html,https://www.baostock.com/mainContent?file=DailyUpdates.md#query_daily_history_k_ETF,2026-07-31,
SZ,159775,建信国证新能源车电池ETF,equity_theme,EQUITY_ETF,new_energy_vehicle,New Energy Vehicle,true,true,2026-01-05,reviewed,https://www.szse.cn/market/product/list/etfList/index.html,https://www.baostock.com/mainContent?file=DailyUpdates.md#query_daily_history_k_ETF,2026-07-31,
SZ,159776,银华中证港股通医药卫生综合ETF,overseas,CROSS_ASSET,hk_healthcare,HK Healthcare,true,true,2026-01-05,reviewed,https://www.szse.cn/market/product/list/etfList/index.html,https://www.baostock.com/mainContent?file=DailyUpdates.md#query_daily_history_k_ETF,2026-07-31,
SZ,159777,国联安创科技ETF,equity_theme,EQUITY_ETF,technology,Technology,true,true,2026-01-05,reviewed,https://www.szse.cn/market/product/list/etfList/index.html,https://www.baostock.com/mainContent?file=DailyUpdates.md#query_daily_history_k_ETF,2026-07-31,
SZ,159778,鹏华中证工业互联网主题ETF,equity_sector,EQUITY_ETF,software,Software,true,true,2026-01-05,reviewed,https://www.szse.cn/market/product/list/etfList/index.html,https://www.baostock.com/mainContent?file=DailyUpdates.md#query_daily_history_k_ETF,2026-07-31,
SZ,159779,招商中证消费电子主题ETF,equity_theme,EQUITY_ETF,consumer_electronics,Consumer Electronics,true,true,2026-01-05,reviewed,https://www.szse.cn/market/product/list/etfList/index.html,https://www.baostock.com/mainContent?file=DailyUpdates.md#query_daily_history_k_ETF,2026-07-31,
SZ,159780,南方中证科创创业50ETF,equity_broad,EQUITY_ETF,star_chinext50,STAR ChiNext 50,true,true,2026-01-05,reviewed,https://www.szse.cn/market/product/list/etfList/index.html,https://www.baostock.com/mainContent?file=DailyUpdates.md#query_daily_history_k_ETF,2026-07-31,
SZ,159781,易方达中证科创创业50ETF,equity_broad,EQUITY_ETF,star_chinext50,STAR ChiNext 50,true,true,2026-01-05,reviewed,https://www.szse.cn/market/product/list/etfList/index.html,https://www.baostock.com/mainContent?file=DailyUpdates.md#query_daily_history_k_ETF,2026-07-31,
SZ,159782,银华中证科创创业50ETF,equity_broad,EQUITY_ETF,star_chinext50,STAR ChiNext 50,true,true,2026-01-05,reviewed,https://www.szse.cn/market/product/list/etfList/index.html,https://www.baostock.com/mainContent?file=DailyUpdates.md#query_daily_history_k_ETF,2026-07-31,
SZ,159783,华夏中证科创创业50ETF,equity_broad,EQUITY_ETF,star_chinext50,STAR ChiNext 50,true,true,2026-01-05,reviewed,https://www.szse.cn/market/product/list/etfList/index.html,https://www.baostock.com/mainContent?file=DailyUpdates.md#query_daily_history_k_ETF,2026-07-31,
SZ,159786,银华中证虚拟现实主题ETF,equity_theme,EQUITY_ETF,virtual_reality,Virtual Reality,true,true,2026-01-05,reviewed,https://www.szse.cn/market/product/list/etfList/index.html,https://www.baostock.com/mainContent?file=DailyUpdates.md#query_daily_history_k_ETF,2026-07-31,
SZ,159787,易方达中证全指建筑材料ETF,equity_theme,EQUITY_ETF,construction,Construction,true,true,2026-01-05,reviewed,https://www.szse.cn/market/product/list/etfList/index.html,https://www.baostock.com/mainContent?file=DailyUpdates.md#query_daily_history_k_ETF,2026-07-31,
SZ,159788,易方达中证港股通中国100ETF,overseas,CROSS_ASSET,exposure_9cdf7c344db2,中证港股通中国100,true,true,2026-01-05,reviewed,https://www.szse.cn/market/product/list/etfList/index.html,https://www.baostock.com/mainContent?file=DailyUpdates.md#query_daily_history_k_ETF,2026-07-31,
SZ,159790,华夏中证内地低碳经济主题ETF,equity_theme,EQUITY_ETF,low_carbon,Low Carbon,true,true,2026-01-05,reviewed,https://www.szse.cn/market/product/list/etfList/index.html,https://www.baostock.com/mainContent?file=DailyUpdates.md#query_daily_history_k_ETF,2026-07-31,
SZ,159791,华夏沪深300ESG基准ETF,equity_strategy,EQUITY_ETF,esg,ESG,true,true,2026-01-05,reviewed,https://www.szse.cn/market/product/list/etfList/index.html,https://www.baostock.com/mainContent?file=DailyUpdates.md#query_daily_history_k_ETF,2026-07-31,
SZ,159792,富国中证港股通互联网ETF,overseas,CROSS_ASSET,hang_seng_internet,HK Internet,true,true,2026-01-05,reviewed,https://www.szse.cn/market/product/list/etfList/index.html,https://www.baostock.com/mainContent?file=DailyUpdates.md#query_daily_history_k_ETF,2026-07-31,
SZ,159793,平安中证沪港深线上消费主题ETF,overseas,CROSS_ASSET,exposure_fad455499267,中证沪港深线上消费主题,true,true,2026-01-05,reviewed,https://www.szse.cn/market/product/list/etfList/index.html,https://www.baostock.com/mainContent?file=DailyUpdates.md#query_daily_history_k_ETF,2026-07-31,
SZ,159795,汇添富中证智能汽车主题ETF,equity_theme,EQUITY_ETF,new_energy_vehicle,New Energy Vehicle,true,true,2026-01-05,reviewed,https://www.szse.cn/market/product/list/etfList/index.html,https://www.baostock.com/mainContent?file=DailyUpdates.md#query_daily_history_k_ETF,2026-07-31,
SZ,159796,汇添富中证电池主题ETF,equity_theme,EQUITY_ETF,battery,Battery,true,true,2026-01-05,reviewed,https://www.szse.cn/market/product/list/etfList/index.html,https://www.baostock.com/mainContent?file=DailyUpdates.md#query_daily_history_k_ETF,2026-07-31,
SZ,159797,汇添富中证全指医疗器械ETF,equity_theme,EQUITY_ETF,medical_devices,Medical Devices,true,true,2026-01-05,reviewed,https://www.szse.cn/market/product/list/etfList/index.html,https://www.baostock.com/mainContent?file=DailyUpdates.md#query_daily_history_k_ETF,2026-07-31,
SZ,159798,易方达中证消费50ETF,equity_sector,EQUITY_ETF,consumer,Consumer,true,true,2026-01-05,reviewed,https://www.szse.cn/market/product/list/etfList/index.html,https://www.baostock.com/mainContent?file=DailyUpdates.md#query_daily_history_k_ETF,2026-07-31,
SZ,159800,鹏华中证800ETF,equity_broad,EQUITY_ETF,csi800,CSI 800,true,true,2026-01-05,reviewed,https://www.szse.cn/market/product/list/etfList/index.html,https://www.baostock.com/mainContent?file=DailyUpdates.md#query_daily_history_k_ETF,2026-07-31,
SZ,159801,广发国证半导体芯片ETF,equity_theme,EQUITY_ETF,semiconductor,Semiconductor,true,true,2026-01-05,reviewed,https://www.szse.cn/market/product/list/etfList/index.html,https://www.baostock.com/mainContent?file=DailyUpdates.md#query_daily_history_k_ETF,2026-07-31,
SZ,159804,国寿安保创精选88ETF,equity_theme,EQUITY_ETF,exposure_f93052db23bc,国寿安保创精选88,true,true,2026-01-05,reviewed,https://www.szse.cn/market/product/list/etfList/index.html,https://www.baostock.com/mainContent?file=DailyUpdates.md#query_daily_history_k_ETF,2026-07-31,
SZ,159805,鹏华中证传媒ETF,equity_sector,EQUITY_ETF,media,Media,true,true,2026-01-05,reviewed,https://www.szse.cn/market/product/list/etfList/index.html,https://www.baostock.com/mainContent?file=DailyUpdates.md#query_daily_history_k_ETF,2026-07-31,
SZ,159806,国泰中证新能源汽车ETF,equity_theme,EQUITY_ETF,new_energy_vehicle,New Energy Vehicle,true,true,2026-01-05,reviewed,https://www.szse.cn/market/product/list/etfList/index.html,https://www.baostock.com/mainContent?file=DailyUpdates.md#query_daily_history_k_ETF,2026-07-31,
SZ,159807,易方达中证科技50ETF,equity_theme,EQUITY_ETF,technology,Technology,true,true,2026-01-05,reviewed,https://www.szse.cn/market/product/list/etfList/index.html,https://www.baostock.com/mainContent?file=DailyUpdates.md#query_daily_history_k_ETF,2026-07-31,
SZ,159808,融通创业板ETF,equity_broad,EQUITY_ETF,chinext,ChiNext,true,true,2026-01-05,reviewed,https://www.szse.cn/market/product/list/etfList/index.html,https://www.baostock.com/mainContent?file=DailyUpdates.md#query_daily_history_k_ETF,2026-07-31,
SZ,159810,浦银安盛创业板ETF,equity_broad,EQUITY_ETF,chinext,ChiNext,true,true,2026-01-05,reviewed,https://www.szse.cn/market/product/list/etfList/index.html,https://www.baostock.com/mainContent?file=DailyUpdates.md#query_daily_history_k_ETF,2026-07-31,
SZ,159811,博时中证5G产业50ETF,equity_theme,EQUITY_ETF,5g,5G,true,true,2026-01-05,reviewed,https://www.szse.cn/market/product/list/etfList/index.html,https://www.baostock.com/mainContent?file=DailyUpdates.md#query_daily_history_k_ETF,2026-07-31,
SZ,159812,前海开源黄金ETF,commodity,CROSS_ASSET,gold,Gold,true,true,2026-01-05,reviewed,https://www.szse.cn/market/product/list/etfList/index.html,https://www.baostock.com/mainContent?file=DailyUpdates.md#query_daily_history_k_ETF,2026-07-31,
SZ,159813,鹏华国证半导体芯片ETF,equity_theme,EQUITY_ETF,semiconductor,Semiconductor,true,true,2026-01-05,reviewed,https://www.szse.cn/market/product/list/etfList/index.html,https://www.baostock.com/mainContent?file=DailyUpdates.md#query_daily_history_k_ETF,2026-07-31,
SZ,159814,西部利得创业板大盘ETF,equity_broad,EQUITY_ETF,chinext,ChiNext,true,true,2026-01-05,reviewed,https://www.szse.cn/market/product/list/etfList/index.html,https://www.baostock.com/mainContent?file=DailyUpdates.md#query_daily_history_k_ETF,2026-07-31,
SZ,159816,鹏华中证0-4年地方政府债ETF,bond,CROSS_ASSET,local_government_bond_0_4y,0-4Y Local Government Bond,true,true,2026-01-05,reviewed,https://www.szse.cn/market/product/list/etfList/index.html,https://www.baostock.com/mainContent?file=DailyUpdates.md#query_daily_history_k_ETF,2026-07-31,
SZ,159819,易方达中证人工智能主题ETF,equity_theme,EQUITY_ETF,ai_computing,AI & Computing,true,true,2026-01-05,reviewed,https://www.szse.cn/market/product/list/etfList/index.html,https://www.baostock.com/mainContent?file=DailyUpdates.md#query_daily_history_k_ETF,2026-07-31,
SZ,159820,天弘中证500ETF,equity_broad,EQUITY_ETF,csi500,CSI 500,true,true,2026-01-05,reviewed,https://www.szse.cn/market/product/list/etfList/index.html,https://www.baostock.com/mainContent?file=DailyUpdates.md#query_daily_history_k_ETF,2026-07-31,
SZ,159821,中银证券创业板ETF,equity_sector,EQUITY_ETF,securities,Securities,true,true,2026-01-05,reviewed,https://www.szse.cn/market/product/list/etfList/index.html,https://www.baostock.com/mainContent?file=DailyUpdates.md#query_daily_history_k_ETF,2026-07-31,
SZ,159822,银华工银南方东英标普中国新经济行业ETF(QDII),overseas,CROSS_ASSET,exposure_5420309c8170,标普中国新经济行业,true,true,2026-01-05,reviewed,https://www.szse.cn/market/product/list/etfList/index.html,https://www.baostock.com/mainContent?file=DailyUpdates.md#query_daily_history_k_ETF,2026-07-31,
SZ,159824,博时新能源汽车ETF,equity_theme,EQUITY_ETF,new_energy_vehicle,New Energy Vehicle,true,true,2026-01-05,reviewed,https://www.szse.cn/market/product/list/etfList/index.html,https://www.baostock.com/mainContent?file=DailyUpdates.md#query_daily_history_k_ETF,2026-07-31,
SZ,159825,富国中证农业主题ETF,equity_sector,EQUITY_ETF,agriculture,Agriculture,true,true,2026-01-05,reviewed,https://www.szse.cn/market/product/list/etfList/index.html,https://www.baostock.com/mainContent?file=DailyUpdates.md#query_daily_history_k_ETF,2026-07-31,
SZ,159827,银华中证农业主题ETF,equity_sector,EQUITY_ETF,agriculture,Agriculture,true,true,2026-01-05,reviewed,https://www.szse.cn/market/product/list/etfList/index.html,https://www.baostock.com/mainContent?file=DailyUpdates.md#query_daily_history_k_ETF,2026-07-31,
SZ,159828,国泰中证医疗ETF,equity_sector,EQUITY_ETF,healthcare,Healthcare,true,true,2026-01-05,reviewed,https://www.szse.cn/market/product/list/etfList/index.html,https://www.baostock.com/mainContent?file=DailyUpdates.md#query_daily_history_k_ETF,2026-07-31,
SZ,159830,天弘上海金ETF,commodity,CROSS_ASSET,gold,Gold,true,true,2026-01-05,reviewed,https://www.szse.cn/market/product/list/etfList/index.html,https://www.baostock.com/mainContent?file=DailyUpdates.md#query_daily_history_k_ETF,2026-07-31,
SZ,159831,嘉实上海金ETF,commodity,CROSS_ASSET,gold,Gold,true,true,2026-01-05,reviewed,https://www.szse.cn/market/product/list/etfList/index.html,https://www.baostock.com/mainContent?file=DailyUpdates.md#query_daily_history_k_ETF,2026-07-31,
SZ,159834,南方上海金ETF,commodity,CROSS_ASSET,gold,Gold,true,true,2026-01-05,reviewed,https://www.szse.cn/market/product/list/etfList/index.html,https://www.baostock.com/mainContent?file=DailyUpdates.md#query_daily_history_k_ETF,2026-07-31,
SZ,159835,建信中证创新药产业ETF,equity_theme,EQUITY_ETF,innovative_drugs,Innovative Drugs,true,true,2026-01-05,reviewed,https://www.szse.cn/market/product/list/etfList/index.html,https://www.baostock.com/mainContent?file=DailyUpdates.md#query_daily_history_k_ETF,2026-07-31,
SZ,159836,天弘创业板300ETF,equity_broad,EQUITY_ETF,chinext300,ChiNext 300,true,true,2026-01-05,reviewed,https://www.szse.cn/market/product/list/etfList/index.html,https://www.baostock.com/mainContent?file=DailyUpdates.md#query_daily_history_k_ETF,2026-07-31,
SZ,159837,易方达中证生物科技主题ETF,equity_theme,EQUITY_ETF,technology,Technology,true,true,2026-01-05,reviewed,https://www.szse.cn/market/product/list/etfList/index.html,https://www.baostock.com/mainContent?file=DailyUpdates.md#query_daily_history_k_ETF,2026-07-31,
SZ,159838,博时医药50ETF,equity_sector,EQUITY_ETF,healthcare,Healthcare,true,true,2026-01-05,reviewed,https://www.szse.cn/market/product/list/etfList/index.html,https://www.baostock.com/mainContent?file=DailyUpdates.md#query_daily_history_k_ETF,2026-07-31,
SZ,159839,汇添富国证生物医药ETF,equity_theme,EQUITY_ETF,biotechnology,Biotechnology,true,true,2026-01-05,reviewed,https://www.szse.cn/market/product/list/etfList/index.html,https://www.baostock.com/mainContent?file=DailyUpdates.md#query_daily_history_k_ETF,2026-07-31,
SZ,159840,工银瑞信国证新能源车电池ETF,equity_theme,EQUITY_ETF,new_energy_vehicle,New Energy Vehicle,true,true,2026-01-05,reviewed,https://www.szse.cn/market/product/list/etfList/index.html,https://www.baostock.com/mainContent?file=DailyUpdates.md#query_daily_history_k_ETF,2026-07-31,
SZ,159841,天弘中证全指证券公司ETF,equity_sector,EQUITY_ETF,securities,Securities,true,true,2026-01-05,reviewed,https://www.szse.cn/market/product/list/etfList/index.html,https://www.baostock.com/mainContent?file=DailyUpdates.md#query_daily_history_k_ETF,2026-07-31,
SZ,159842,银华中证全指证券公司ETF,equity_sector,EQUITY_ETF,securities,Securities,true,true,2026-01-05,reviewed,https://www.szse.cn/market/product/list/etfList/index.html,https://www.baostock.com/mainContent?file=DailyUpdates.md#query_daily_history_k_ETF,2026-07-31,
SZ,159843,招商国证食品饮料ETF,equity_sector,EQUITY_ETF,food_beverage,Food & Beverage,true,true,2026-01-05,reviewed,https://www.szse.cn/market/product/list/etfList/index.html,https://www.baostock.com/mainContent?file=DailyUpdates.md#query_daily_history_k_ETF,2026-07-31,
SZ,159845,华夏中证1000ETF,equity_broad,EQUITY_ETF,csi1000,CSI 1000,true,true,2026-01-05,reviewed,https://www.szse.cn/market/product/list/etfList/index.html,https://www.baostock.com/mainContent?file=DailyUpdates.md#query_daily_history_k_ETF,2026-07-31,
SZ,159847,易方达中证医疗ETF,equity_sector,EQUITY_ETF,healthcare,Healthcare,true,true,2026-01-05,reviewed,https://www.szse.cn/market/product/list/etfList/index.html,https://www.baostock.com/mainContent?file=DailyUpdates.md#query_daily_history_k_ETF,2026-07-31,
SZ,159848,国联安中证全指证券公司ETF,equity_sector,EQUITY_ETF,securities,Securities,true,true,2026-01-05,reviewed,https://www.szse.cn/market/product/list/etfList/index.html,https://www.baostock.com/mainContent?file=DailyUpdates.md#query_daily_history_k_ETF,2026-07-31,
SZ,159849,招商中证生物科技主题ETF,equity_theme,EQUITY_ETF,technology,Technology,true,true,2026-01-05,reviewed,https://www.szse.cn/market/product/list/etfList/index.html,https://www.baostock.com/mainContent?file=DailyUpdates.md#query_daily_history_k_ETF,2026-07-31,
SZ,159850,华夏恒生中国企业ETF(QDII),overseas,CROSS_ASSET,hang_seng,Hang Seng,true,true,2026-01-05,reviewed,https://www.szse.cn/market/product/list/etfList/index.html,https://www.baostock.com/mainContent?file=DailyUpdates.md#query_daily_history_k_ETF,2026-07-31,
SZ,159851,华宝中证金融科技主题ETF,equity_theme,EQUITY_ETF,technology,Technology,true,true,2026-01-05,reviewed,https://www.szse.cn/market/product/list/etfList/index.html,https://www.baostock.com/mainContent?file=DailyUpdates.md#query_daily_history_k_ETF,2026-07-31,
SZ,159852,嘉实中证软件服务ETF,equity_sector,EQUITY_ETF,software,Software,true,true,2026-01-05,reviewed,https://www.szse.cn/market/product/list/etfList/index.html,https://www.baostock.com/mainContent?file=DailyUpdates.md#query_daily_history_k_ETF,2026-07-31,
SZ,159855,银华中证影视主题ETF,equity_sector,EQUITY_ETF,media,Media,true,true,2026-01-05,reviewed,https://www.szse.cn/market/product/list/etfList/index.html,https://www.baostock.com/mainContent?file=DailyUpdates.md#query_daily_history_k_ETF,2026-07-31,
SZ,159856,工银瑞信中证沪港深互联网ETF,overseas,CROSS_ASSET,exposure_6e067acc56ca,中证沪港深互联网,true,true,2026-01-05,reviewed,https://www.szse.cn/market/product/list/etfList/index.html,https://www.baostock.com/mainContent?file=DailyUpdates.md#query_daily_history_k_ETF,2026-07-31,
SZ,159857,天弘中证光伏产业ETF,equity_theme,EQUITY_ETF,solar,Solar,true,true,2026-01-05,reviewed,https://www.szse.cn/market/product/list/etfList/index.html,https://www.baostock.com/mainContent?file=DailyUpdates.md#query_daily_history_k_ETF,2026-07-31,
SZ,159858,南方中证创新药产业ETF,equity_theme,EQUITY_ETF,innovative_drugs,Innovative Drugs,true,true,2026-01-05,reviewed,https://www.szse.cn/market/product/list/etfList/index.html,https://www.baostock.com/mainContent?file=DailyUpdates.md#query_daily_history_k_ETF,2026-07-31,
SZ,159859,天弘国证生物医药ETF,equity_theme,EQUITY_ETF,biotechnology,Biotechnology,true,true,2026-01-05,reviewed,https://www.szse.cn/market/product/list/etfList/index.html,https://www.baostock.com/mainContent?file=DailyUpdates.md#query_daily_history_k_ETF,2026-07-31,
SZ,159861,国泰中证环保产业50ETF,equity_theme,EQUITY_ETF,environmental,Environmental,true,true,2026-01-05,reviewed,https://www.szse.cn/market/product/list/etfList/index.html,https://www.baostock.com/mainContent?file=DailyUpdates.md#query_daily_history_k_ETF,2026-07-31,
SZ,159862,银华中证细分食品饮料产业主题ETF,equity_sector,EQUITY_ETF,food_beverage,Food & Beverage,true,true,2026-01-05,reviewed,https://www.szse.cn/market/product/list/etfList/index.html,https://www.baostock.com/mainContent?file=DailyUpdates.md#query_daily_history_k_ETF,2026-07-31,
SZ,159863,鹏华中证光伏产业ETF,equity_theme,EQUITY_ETF,solar,Solar,true,true,2026-01-05,reviewed,https://www.szse.cn/market/product/list/etfList/index.html,https://www.baostock.com/mainContent?file=DailyUpdates.md#query_daily_history_k_ETF,2026-07-31,
SZ,159864,国泰中证光伏产业ETF,equity_theme,EQUITY_ETF,solar,Solar,true,true,2026-01-05,reviewed,https://www.szse.cn/market/product/list/etfList/index.html,https://www.baostock.com/mainContent?file=DailyUpdates.md#query_daily_history_k_ETF,2026-07-31,
SZ,159865,国泰中证畜牧养殖ETF,equity_sector,EQUITY_ETF,livestock,Livestock,true,true,2026-01-05,reviewed,https://www.szse.cn/market/product/list/etfList/index.html,https://www.baostock.com/mainContent?file=DailyUpdates.md#query_daily_history_k_ETF,2026-07-31,
SZ,159866,工银瑞信大和日经225ETF(QDII),overseas,CROSS_ASSET,nikkei225,Nikkei 225,true,true,2026-01-05,reviewed,https://www.szse.cn/market/product/list/etfList/index.html,https://www.baostock.com/mainContent?file=DailyUpdates.md#query_daily_history_k_ETF,2026-07-31,
SZ,159867,鹏华中证畜牧养殖ETF,equity_sector,EQUITY_ETF,livestock,Livestock,true,true,2026-01-05,reviewed,https://www.szse.cn/market/product/list/etfList/index.html,https://www.baostock.com/mainContent?file=DailyUpdates.md#query_daily_history_k_ETF,2026-07-31,
SZ,159869,华夏中证动漫游戏ETF,equity_theme,EQUITY_ETF,gaming,Gaming,true,true,2026-01-05,reviewed,https://www.szse.cn/market/product/list/etfList/index.html,https://www.baostock.com/mainContent?file=DailyUpdates.md#query_daily_history_k_ETF,2026-07-31,
SZ,159870,鹏华中证细分化工产业ETF,equity_sector,EQUITY_ETF,chemicals,Chemicals,true,true,2026-01-05,reviewed,https://www.szse.cn/market/product/list/etfList/index.html,https://www.baostock.com/mainContent?file=DailyUpdates.md#query_daily_history_k_ETF,2026-07-31,
SZ,159871,银华中证有色金属ETF,equity_sector,EQUITY_ETF,nonferrous_metals,Non-ferrous Metals,true,true,2026-01-05,reviewed,https://www.szse.cn/market/product/list/etfList/index.html,https://www.baostock.com/mainContent?file=DailyUpdates.md#query_daily_history_k_ETF,2026-07-31,
SZ,159872,鹏华中证车联网主题ETF,equity_theme,EQUITY_ETF,internet_of_things,Internet of Things,true,true,2026-01-05,reviewed,https://www.szse.cn/market/product/list/etfList/index.html,https://www.baostock.com/mainContent?file=DailyUpdates.md#query_daily_history_k_ETF,2026-07-31,
SZ,159873,天弘中证全指医疗保健设备与服务ETF,equity_sector,EQUITY_ETF,healthcare,Healthcare,true,true,2026-01-05,reviewed,https://www.szse.cn/market/product/list/etfList/index.html,https://www.baostock.com/mainContent?file=DailyUpdates.md#query_daily_history_k_ETF,2026-07-31,
SZ,159875,嘉实中证新能源ETF,equity_theme,EQUITY_ETF,new_energy,New Energy,true,true,2026-01-05,reviewed,https://www.szse.cn/market/product/list/etfList/index.html,https://www.baostock.com/mainContent?file=DailyUpdates.md#query_daily_history_k_ETF,2026-07-31,
SZ,159876,华宝有色金属ETF,equity_sector,EQUITY_ETF,nonferrous_metals,Non-ferrous Metals,true,true,2026-01-05,reviewed,https://www.szse.cn/market/product/list/etfList/index.html,https://www.baostock.com/mainContent?file=DailyUpdates.md#query_daily_history_k_ETF,2026-07-31,
SZ,159877,南方中证全指医疗保健设备与服务ETF,equity_sector,EQUITY_ETF,healthcare,Healthcare,true,true,2026-01-05,reviewed,https://www.szse.cn/market/product/list/etfList/index.html,https://www.baostock.com/mainContent?file=DailyUpdates.md#query_daily_history_k_ETF,2026-07-31,
SZ,159880,鹏华国证有色金属行业ETF,equity_sector,EQUITY_ETF,nonferrous_metals,Non-ferrous Metals,true,true,2026-01-05,reviewed,https://www.szse.cn/market/product/list/etfList/index.html,https://www.baostock.com/mainContent?file=DailyUpdates.md#query_daily_history_k_ETF,2026-07-31,
SZ,159881,国泰中证有色金属ETF,equity_sector,EQUITY_ETF,nonferrous_metals,Non-ferrous Metals,true,true,2026-01-05,reviewed,https://www.szse.cn/market/product/list/etfList/index.html,https://www.baostock.com/mainContent?file=DailyUpdates.md#query_daily_history_k_ETF,2026-07-31,
SZ,159883,永赢中证全指医疗器械ETF,equity_theme,EQUITY_ETF,medical_devices,Medical Devices,true,true,2026-01-05,reviewed,https://www.szse.cn/market/product/list/etfList/index.html,https://www.baostock.com/mainContent?file=DailyUpdates.md#query_daily_history_k_ETF,2026-07-31,
SZ,159885,鹏华中证内地低碳经济主题ETF,equity_theme,EQUITY_ETF,low_carbon,Low Carbon,true,true,2026-01-05,reviewed,https://www.szse.cn/market/product/list/etfList/index.html,https://www.baostock.com/mainContent?file=DailyUpdates.md#query_daily_history_k_ETF,2026-07-31,
SZ,159886,富国中证细分机械设备产业主题ETF,equity_sector,EQUITY_ETF,machinery,Machinery,true,true,2026-01-05,reviewed,https://www.szse.cn/market/product/list/etfList/index.html,https://www.baostock.com/mainContent?file=DailyUpdates.md#query_daily_history_k_ETF,2026-07-31,
SZ,159887,富国中证800银行ETF,equity_sector,EQUITY_ETF,banking,Banking,true,true,2026-01-05,reviewed,https://www.szse.cn/market/product/list/etfList/index.html,https://www.baostock.com/mainContent?file=DailyUpdates.md#query_daily_history_k_ETF,2026-07-31,
SZ,159888,华夏中证智能汽车主题ETF,equity_theme,EQUITY_ETF,new_energy_vehicle,New Energy Vehicle,true,true,2026-01-05,reviewed,https://www.szse.cn/market/product/list/etfList/index.html,https://www.baostock.com/mainContent?file=DailyUpdates.md#query_daily_history_k_ETF,2026-07-31,
SZ,159889,国泰中证智能汽车主题ETF,equity_theme,EQUITY_ETF,new_energy_vehicle,New Energy Vehicle,true,true,2026-01-05,reviewed,https://www.szse.cn/market/product/list/etfList/index.html,https://www.baostock.com/mainContent?file=DailyUpdates.md#query_daily_history_k_ETF,2026-07-31,
SZ,159890,招商中证云计算ETF,equity_theme,EQUITY_ETF,cloud_computing,Cloud Computing,true,true,2026-01-05,reviewed,https://www.szse.cn/market/product/list/etfList/index.html,https://www.baostock.com/mainContent?file=DailyUpdates.md#query_daily_history_k_ETF,2026-07-31,
SZ,159891,建信中证全指医疗保健设备与服务ETF,equity_sector,EQUITY_ETF,healthcare,Healthcare,true,true,2026-01-05,reviewed,https://www.szse.cn/market/product/list/etfList/index.html,https://www.baostock.com/mainContent?file=DailyUpdates.md#query_daily_history_k_ETF,2026-07-31,
SZ,159892,华夏恒生生物科技ETF(QDII),overseas,CROSS_ASSET,hk_healthcare,HK Healthcare,true,true,2026-01-05,reviewed,https://www.szse.cn/market/product/list/etfList/index.html,https://www.baostock.com/mainContent?file=DailyUpdates.md#query_daily_history_k_ETF,2026-07-31,
SZ,159895,易方达中证物联网主题ETF,equity_theme,EQUITY_ETF,internet_of_things,Internet of Things,true,true,2026-01-05,reviewed,https://www.szse.cn/market/product/list/etfList/index.html,https://www.baostock.com/mainContent?file=DailyUpdates.md#query_daily_history_k_ETF,2026-07-31,
SZ,159896,南方中证物联网主题ETF,equity_theme,EQUITY_ETF,internet_of_things,Internet of Things,true,true,2026-01-05,reviewed,https://www.szse.cn/market/product/list/etfList/index.html,https://www.baostock.com/mainContent?file=DailyUpdates.md#query_daily_history_k_ETF,2026-07-31,
SZ,159898,招商中证全指医疗器械ETF,equity_theme,EQUITY_ETF,medical_devices,Medical Devices,true,true,2026-01-05,reviewed,https://www.szse.cn/market/product/list/etfList/index.html,https://www.baostock.com/mainContent?file=DailyUpdates.md#query_daily_history_k_ETF,2026-07-31,
SZ,159899,招商中证全指软件ETF,equity_sector,EQUITY_ETF,software,Software,true,true,2026-01-05,reviewed,https://www.szse.cn/market/product/list/etfList/index.html,https://www.baostock.com/mainContent?file=DailyUpdates.md#query_daily_history_k_ETF,2026-07-31,
SZ,159901,易方达深证100ETF,equity_broad,EQUITY_ETF,szse100,SZSE 100,true,true,2026-01-05,reviewed,https://www.szse.cn/market/product/list/etfList/index.html,https://www.baostock.com/mainContent?file=DailyUpdates.md#query_daily_history_k_ETF,2026-07-31,
SZ,159902,华夏中小企业100ETF,equity_broad,EQUITY_ETF,sme100,SME 100,true,true,2026-01-05,reviewed,https://www.szse.cn/market/product/list/etfList/index.html,https://www.baostock.com/mainContent?file=DailyUpdates.md#query_daily_history_k_ETF,2026-07-31,
SZ,159903,南方深证成份ETF,equity_broad,EQUITY_ETF,szse_component,SZSE Component,true,true,2026-01-05,reviewed,https://www.szse.cn/market/product/list/etfList/index.html,https://www.baostock.com/mainContent?file=DailyUpdates.md#query_daily_history_k_ETF,2026-07-31,
SZ,159905,工银深证红利ETF,equity_strategy,EQUITY_ETF,dividend,Dividend,true,true,2026-01-05,reviewed,https://www.szse.cn/market/product/list/etfList/index.html,https://www.baostock.com/mainContent?file=DailyUpdates.md#query_daily_history_k_ETF,2026-07-31,
SZ,159906,大成深证成长40ETF,equity_strategy,EQUITY_ETF,growth,Growth,true,true,2026-01-05,reviewed,https://www.szse.cn/market/product/list/etfList/index.html,https://www.baostock.com/mainContent?file=DailyUpdates.md#query_daily_history_k_ETF,2026-07-31,
SZ,159907,广发国证2000ETF,equity_broad,EQUITY_ETF,cni2000,CNI 2000,true,true,2026-01-05,reviewed,https://www.szse.cn/market/product/list/etfList/index.html,https://www.baostock.com/mainContent?file=DailyUpdates.md#query_daily_history_k_ETF,2026-07-31,
SZ,159908,博时创业板ETF,equity_broad,EQUITY_ETF,chinext,ChiNext,true,true,2026-01-05,reviewed,https://www.szse.cn/market/product/list/etfList/index.html,https://www.baostock.com/mainContent?file=DailyUpdates.md#query_daily_history_k_ETF,2026-07-31,
SZ,159909,招商深证TMT50ETF,equity_sector,EQUITY_ETF,information_technology,Information Technology,true,true,2026-01-05,reviewed,https://www.szse.cn/market/product/list/etfList/index.html,https://www.baostock.com/mainContent?file=DailyUpdates.md#query_daily_history_k_ETF,2026-07-31,
SZ,159910,嘉实深证基本面120ETF,equity_strategy,EQUITY_ETF,fundamental,Fundamental,true,true,2026-01-05,reviewed,https://www.szse.cn/market/product/list/etfList/index.html,https://www.baostock.com/mainContent?file=DailyUpdates.md#query_daily_history_k_ETF,2026-07-31,
SZ,159912,汇添富深证300ETF,equity_broad,EQUITY_ETF,szse300,SZSE 300,true,true,2026-01-05,reviewed,https://www.szse.cn/market/product/list/etfList/index.html,https://www.baostock.com/mainContent?file=DailyUpdates.md#query_daily_history_k_ETF,2026-07-31,
SZ,159913,交银深证300价值ETF,equity_strategy,EQUITY_ETF,value,Value,true,true,2026-01-05,reviewed,https://www.szse.cn/market/product/list/etfList/index.html,https://www.baostock.com/mainContent?file=DailyUpdates.md#query_daily_history_k_ETF,2026-07-31,
SZ,159915,易方达创业板ETF,equity_broad,EQUITY_ETF,chinext,ChiNext,true,true,2026-01-05,reviewed,https://www.szse.cn/market/product/list/etfList/index.html,https://www.baostock.com/mainContent?file=DailyUpdates.md#query_daily_history_k_ETF,2026-07-31,
SZ,159916,建信深证基本面60ETF,equity_strategy,EQUITY_ETF,fundamental,Fundamental,true,true,2026-01-05,reviewed,https://www.szse.cn/market/product/list/etfList/index.html,https://www.baostock.com/mainContent?file=DailyUpdates.md#query_daily_history_k_ETF,2026-07-31,
SZ,159918,嘉实中创400ETF,equity_broad,EQUITY_ETF,sme400,SME 400,true,true,2026-01-05,reviewed,https://www.szse.cn/market/product/list/etfList/index.html,https://www.baostock.com/mainContent?file=DailyUpdates.md#query_daily_history_k_ETF,2026-07-31,
SZ,159919,嘉实沪深300ETF,equity_broad,EQUITY_ETF,csi300,CSI 300,true,true,2026-01-05,reviewed,https://www.szse.cn/market/product/list/etfList/index.html,https://www.baostock.com/mainContent?file=DailyUpdates.md#query_daily_history_k_ETF,2026-07-31,
SZ,159920,华夏恒生ETF(QDII),overseas,CROSS_ASSET,hang_seng,Hang Seng,true,true,2026-01-05,reviewed,https://www.szse.cn/market/product/list/etfList/index.html,https://www.baostock.com/mainContent?file=DailyUpdates.md#query_daily_history_k_ETF,2026-07-31,
SZ,159922,嘉实中证500ETF,equity_broad,EQUITY_ETF,csi500,CSI 500,true,true,2026-01-05,reviewed,https://www.szse.cn/market/product/list/etfList/index.html,https://www.baostock.com/mainContent?file=DailyUpdates.md#query_daily_history_k_ETF,2026-07-31,
SZ,159923,大成中证A100ETF,equity_broad,EQUITY_ETF,csi_a100,CSI A100,true,true,2026-01-05,reviewed,https://www.szse.cn/market/product/list/etfList/index.html,https://www.baostock.com/mainContent?file=DailyUpdates.md#query_daily_history_k_ETF,2026-07-31,
SZ,159925,南方沪深300ETF,equity_broad,EQUITY_ETF,csi300,CSI 300,true,true,2026-01-05,reviewed,https://www.szse.cn/market/product/list/etfList/index.html,https://www.baostock.com/mainContent?file=DailyUpdates.md#query_daily_history_k_ETF,2026-07-31,
SZ,159928,汇添富中证主要消费ETF,equity_sector,EQUITY_ETF,consumer,Consumer,true,true,2026-01-05,reviewed,https://www.szse.cn/market/product/list/etfList/index.html,https://www.baostock.com/mainContent?file=DailyUpdates.md#query_daily_history_k_ETF,2026-07-31,
SZ,159929,汇添富中证医药卫生ETF,equity_sector,EQUITY_ETF,healthcare,Healthcare,true,true,2026-01-05,reviewed,https://www.szse.cn/market/product/list/etfList/index.html,https://www.baostock.com/mainContent?file=DailyUpdates.md#query_daily_history_k_ETF,2026-07-31,
SZ,159930,汇添富中证能源ETF,equity_sector,EQUITY_ETF,energy,Energy,true,true,2026-01-05,reviewed,https://www.szse.cn/market/product/list/etfList/index.html,https://www.baostock.com/mainContent?file=DailyUpdates.md#query_daily_history_k_ETF,2026-07-31,
SZ,159931,汇添富中证金融地产ETF,equity_sector,EQUITY_ETF,finance,Finance,true,true,2026-01-05,reviewed,https://www.szse.cn/market/product/list/etfList/index.html,https://www.baostock.com/mainContent?file=DailyUpdates.md#query_daily_history_k_ETF,2026-07-31,
SZ,159933,国投瑞银金融地产ETF,equity_sector,EQUITY_ETF,finance,Finance,true,true,2026-01-05,reviewed,https://www.szse.cn/market/product/list/etfList/index.html,https://www.baostock.com/mainContent?file=DailyUpdates.md#query_daily_history_k_ETF,2026-07-31,
SZ,159934,易方达黄金ETF,commodity,CROSS_ASSET,gold,Gold,true,true,2026-01-05,reviewed,https://www.szse.cn/market/product/list/etfList/index.html,https://www.baostock.com/mainContent?file=DailyUpdates.md#query_daily_history_k_ETF,2026-07-31,
SZ,159935,景顺长城中证500ETF,equity_broad,EQUITY_ETF,csi500,CSI 500,true,true,2026-01-05,reviewed,https://www.szse.cn/market/product/list/etfList/index.html,https://www.baostock.com/mainContent?file=DailyUpdates.md#query_daily_history_k_ETF,2026-07-31,
SZ,159936,广发中证全指可选消费ETF,equity_sector,EQUITY_ETF,consumer,Consumer,true,true,2026-01-05,reviewed,https://www.szse.cn/market/product/list/etfList/index.html,https://www.baostock.com/mainContent?file=DailyUpdates.md#query_daily_history_k_ETF,2026-07-31,
SZ,159937,博时黄金ETF,commodity,CROSS_ASSET,gold,Gold,true,true,2026-01-05,reviewed,https://www.szse.cn/market/product/list/etfList/index.html,https://www.baostock.com/mainContent?file=DailyUpdates.md#query_daily_history_k_ETF,2026-07-31,
SZ,159938,广发中证全指医药卫生ETF,equity_sector,EQUITY_ETF,healthcare,Healthcare,true,true,2026-01-05,reviewed,https://www.szse.cn/market/product/list/etfList/index.html,https://www.baostock.com/mainContent?file=DailyUpdates.md#query_daily_history_k_ETF,2026-07-31,
SZ,159939,广发中证全指信息技术ETF,equity_sector,EQUITY_ETF,information_technology,Information Technology,true,true,2026-01-05,reviewed,https://www.szse.cn/market/product/list/etfList/index.html,https://www.baostock.com/mainContent?file=DailyUpdates.md#query_daily_history_k_ETF,2026-07-31,
SZ,159940,广发中证全指金融地产ETF,equity_sector,EQUITY_ETF,finance,Finance,true,true,2026-01-05,reviewed,https://www.szse.cn/market/product/list/etfList/index.html,https://www.baostock.com/mainContent?file=DailyUpdates.md#query_daily_history_k_ETF,2026-07-31,
SZ,159941,广发纳指100ETF,overseas,CROSS_ASSET,nasdaq100,NASDAQ 100,true,true,2026-01-05,reviewed,https://www.szse.cn/market/product/list/etfList/index.html,https://www.baostock.com/mainContent?file=DailyUpdates.md#query_daily_history_k_ETF,2026-07-31,
SZ,159943,大成深证成份ETF,equity_broad,EQUITY_ETF,szse_component,SZSE Component,true,true,2026-01-05,reviewed,https://www.szse.cn/market/product/list/etfList/index.html,https://www.baostock.com/mainContent?file=DailyUpdates.md#query_daily_history_k_ETF,2026-07-31,
SZ,159944,广发中证全指原材料ETF,equity_sector,EQUITY_ETF,materials,Materials,true,true,2026-01-05,reviewed,https://www.szse.cn/market/product/list/etfList/index.html,https://www.baostock.com/mainContent?file=DailyUpdates.md#query_daily_history_k_ETF,2026-07-31,
SZ,159945,广发中证全指能源ETF,equity_sector,EQUITY_ETF,energy,Energy,true,true,2026-01-05,reviewed,https://www.szse.cn/market/product/list/etfList/index.html,https://www.baostock.com/mainContent?file=DailyUpdates.md#query_daily_history_k_ETF,2026-07-31,
SZ,159948,南方创业板ETF,equity_broad,EQUITY_ETF,chinext,ChiNext,true,true,2026-01-05,reviewed,https://www.szse.cn/market/product/list/etfList/index.html,https://www.baostock.com/mainContent?file=DailyUpdates.md#query_daily_history_k_ETF,2026-07-31,
SZ,159949,华安创业板50ETF,equity_broad,EQUITY_ETF,chinext50,ChiNext 50,true,true,2026-01-05,reviewed,https://www.szse.cn/market/product/list/etfList/index.html,https://www.baostock.com/mainContent?file=DailyUpdates.md#query_daily_history_k_ETF,2026-07-31,
SZ,159952,广发创业板ETF,equity_broad,EQUITY_ETF,chinext,ChiNext,true,true,2026-01-05,reviewed,https://www.szse.cn/market/product/list/etfList/index.html,https://www.baostock.com/mainContent?file=DailyUpdates.md#query_daily_history_k_ETF,2026-07-31,
SZ,159954,南方恒生中国企业ETF,overseas,CROSS_ASSET,hang_seng,Hang Seng,true,true,2026-01-05,reviewed,https://www.szse.cn/market/product/list/etfList/index.html,https://www.baostock.com/mainContent?file=DailyUpdates.md#query_daily_history_k_ETF,2026-07-31,
SZ,159956,建信创业板ETF,equity_theme,EQUITY_ETF,information_innovation,Information Innovation,true,true,2026-01-05,reviewed,https://www.szse.cn/market/product/list/etfList/index.html,https://www.baostock.com/mainContent?file=DailyUpdates.md#query_daily_history_k_ETF,2026-07-31,
SZ,159957,华夏创业板ETF,equity_broad,EQUITY_ETF,chinext,ChiNext,true,true,2026-01-05,reviewed,https://www.szse.cn/market/product/list/etfList/index.html,https://www.baostock.com/mainContent?file=DailyUpdates.md#query_daily_history_k_ETF,2026-07-31,
SZ,159958,工银瑞信创业板ETF,equity_theme,EQUITY_ETF,information_innovation,Information Innovation,true,true,2026-01-05,reviewed,https://www.szse.cn/market/product/list/etfList/index.html,https://www.baostock.com/mainContent?file=DailyUpdates.md#query_daily_history_k_ETF,2026-07-31,
SZ,159959,银华中证央企结构调整ETF,equity_strategy,EQUITY_ETF,central_soe,Central SOE,true,true,2026-01-05,reviewed,https://www.szse.cn/market/product/list/etfList/index.html,https://www.baostock.com/mainContent?file=DailyUpdates.md#query_daily_history_k_ETF,2026-07-31,
SZ,159960,平安港股通恒生中国企业ETF,overseas,CROSS_ASSET,hang_seng,Hang Seng,true,true,2026-01-05,reviewed,https://www.szse.cn/market/product/list/etfList/index.html,https://www.baostock.com/mainContent?file=DailyUpdates.md#query_daily_history_k_ETF,2026-07-31,
SZ,159961,方正富邦深证100ETF,equity_broad,EQUITY_ETF,szse100,SZSE 100,true,true,2026-01-05,reviewed,https://www.szse.cn/market/product/list/etfList/index.html,https://www.baostock.com/mainContent?file=DailyUpdates.md#query_daily_history_k_ETF,2026-07-31,
SZ,159964,平安创业板ETF,equity_broad,EQUITY_ETF,chinext,ChiNext,true,true,2026-01-05,reviewed,https://www.szse.cn/market/product/list/etfList/index.html,https://www.baostock.com/mainContent?file=DailyUpdates.md#query_daily_history_k_ETF,2026-07-31,
SZ,159965,国联央视财经50ETF,equity_theme,EQUITY_ETF,exposure_6604c97103c6,国联央视财经50,true,true,2026-01-05,reviewed,https://www.szse.cn/market/product/list/etfList/index.html,https://www.baostock.com/mainContent?file=DailyUpdates.md#query_daily_history_k_ETF,2026-07-31,
SZ,159966,华夏创业板低波价值ETF,equity_strategy,EQUITY_ETF,low_volatility,Low Volatility,true,true,2026-01-05,reviewed,https://www.szse.cn/market/product/list/etfList/index.html,https://www.baostock.com/mainContent?file=DailyUpdates.md#query_daily_history_k_ETF,2026-07-31,
SZ,159967,华夏创成长ETF,equity_strategy,EQUITY_ETF,growth,Growth,true,true,2026-01-05,reviewed,https://www.szse.cn/market/product/list/etfList/index.html,https://www.baostock.com/mainContent?file=DailyUpdates.md#query_daily_history_k_ETF,2026-07-31,
SZ,159968,博时中证500ETF,equity_broad,EQUITY_ETF,csi500,CSI 500,true,true,2026-01-05,reviewed,https://www.szse.cn/market/product/list/etfList/index.html,https://www.baostock.com/mainContent?file=DailyUpdates.md#query_daily_history_k_ETF,2026-07-31,
SZ,159969,sz.159969,other,,,,false,false,2026-01-05,reviewed,https://www.szse.cn/market/product/list/etfList/index.html,https://www.baostock.com/mainContent?file=DailyUpdates.md#query_daily_history_k_ETF,2026-07-31,official_name_unavailable_in_current_catalog
SZ,159970,工银瑞信深证100ETF,equity_broad,EQUITY_ETF,szse100,SZSE 100,true,true,2026-01-05,reviewed,https://www.szse.cn/market/product/list/etfList/index.html,https://www.baostock.com/mainContent?file=DailyUpdates.md#query_daily_history_k_ETF,2026-07-31,
SZ,159971,富国创业板ETF,equity_broad,EQUITY_ETF,chinext,ChiNext,true,true,2026-01-05,reviewed,https://www.szse.cn/market/product/list/etfList/index.html,https://www.baostock.com/mainContent?file=DailyUpdates.md#query_daily_history_k_ETF,2026-07-31,
SZ,159972,鹏华中证5年期地方政府债ETF,bond,CROSS_ASSET,local_government_bond_5y,5Y Local Government Bond,true,true,2026-01-05,reviewed,https://www.szse.cn/market/product/list/etfList/index.html,https://www.baostock.com/mainContent?file=DailyUpdates.md#query_daily_history_k_ETF,2026-07-31,
SZ,159973,弘毅远方国证民企领先100ETF,equity_strategy,EQUITY_ETF,private_enterprise,Private Enterprise,true,true,2026-01-05,reviewed,https://www.szse.cn/market/product/list/etfList/index.html,https://www.baostock.com/mainContent?file=DailyUpdates.md#query_daily_history_k_ETF,2026-07-31,
SZ,159974,富国央企创新ETF,equity_strategy,EQUITY_ETF,central_soe,Central SOE,true,true,2026-01-05,reviewed,https://www.szse.cn/market/product/list/etfList/index.html,https://www.baostock.com/mainContent?file=DailyUpdates.md#query_daily_history_k_ETF,2026-07-31,
SZ,159975,招商深证100ETF,equity_broad,EQUITY_ETF,szse100,SZSE 100,true,true,2026-01-05,reviewed,https://www.szse.cn/market/product/list/etfList/index.html,https://www.baostock.com/mainContent?file=DailyUpdates.md#query_daily_history_k_ETF,2026-07-31,
SZ,159976,工银瑞信粤港澳大湾区创新100ETF,equity_theme,EQUITY_ETF,exposure_b5c8fcfc99c7,工银瑞信粤港澳大湾区创新100,true,true,2026-01-05,reviewed,https://www.szse.cn/market/product/list/etfList/index.html,https://www.baostock.com/mainContent?file=DailyUpdates.md#query_daily_history_k_ETF,2026-07-31,
SZ,159977,天弘创业板ETF,equity_broad,EQUITY_ETF,chinext,ChiNext,true,true,2026-01-05,reviewed,https://www.szse.cn/market/product/list/etfList/index.html,https://www.baostock.com/mainContent?file=DailyUpdates.md#query_daily_history_k_ETF,2026-07-31,
SZ,159980,大成有色金属期货ETF,commodity,CROSS_ASSET,nonferrous_futures,Non-ferrous Futures,true,true,2026-01-05,reviewed,https://www.szse.cn/market/product/list/etfList/index.html,https://www.baostock.com/mainContent?file=DailyUpdates.md#query_daily_history_k_ETF,2026-07-31,
SZ,159981,建信能源化工期货ETF,commodity,CROSS_ASSET,energy_chemical_futures,Energy Chemicals,true,true,2026-01-05,reviewed,https://www.szse.cn/market/product/list/etfList/index.html,https://www.baostock.com/mainContent?file=DailyUpdates.md#query_daily_history_k_ETF,2026-07-31,
SZ,159982,鹏华中证500ETF,equity_broad,EQUITY_ETF,csi500,CSI 500,true,true,2026-01-05,reviewed,https://www.szse.cn/market/product/list/etfList/index.html,https://www.baostock.com/mainContent?file=DailyUpdates.md#query_daily_history_k_ETF,2026-07-31,
SZ,159985,华夏饲料豆粕期货ETF,commodity,CROSS_ASSET,soybean_meal,Soybean Meal,true,true,2026-01-05,reviewed,https://www.szse.cn/market/product/list/etfList/index.html,https://www.baostock.com/mainContent?file=DailyUpdates.md#query_daily_history_k_ETF,2026-07-31,
SZ,159991,招商创业板大盘ETF,equity_broad,EQUITY_ETF,chinext,ChiNext,true,true,2026-01-05,reviewed,https://www.szse.cn/market/product/list/etfList/index.html,https://www.baostock.com/mainContent?file=DailyUpdates.md#query_daily_history_k_ETF,2026-07-31,
SZ,159992,银华中证创新药产业ETF,equity_theme,EQUITY_ETF,innovative_drugs,Innovative Drugs,true,true,2026-01-05,reviewed,https://www.szse.cn/market/product/list/etfList/index.html,https://www.baostock.com/mainContent?file=DailyUpdates.md#query_daily_history_k_ETF,2026-07-31,
SZ,159993,鹏华国证证券龙头ETF,equity_sector,EQUITY_ETF,securities,Securities,true,true,2026-01-05,reviewed,https://www.szse.cn/market/product/list/etfList/index.html,https://www.baostock.com/mainContent?file=DailyUpdates.md#query_daily_history_k_ETF,2026-07-31,
SZ,159994,银华中证5G通信主题ETF,equity_theme,EQUITY_ETF,5g,5G,true,true,2026-01-05,reviewed,https://www.szse.cn/market/product/list/etfList/index.html,https://www.baostock.com/mainContent?file=DailyUpdates.md#query_daily_history_k_ETF,2026-07-31,
SZ,159995,华夏国证半导体芯片ETF,equity_theme,EQUITY_ETF,semiconductor,Semiconductor,true,true,2026-01-05,reviewed,https://www.szse.cn/market/product/list/etfList/index.html,https://www.baostock.com/mainContent?file=DailyUpdates.md#query_daily_history_k_ETF,2026-07-31,
SZ,159996,国泰中证全指家用电器ETF,equity_sector,EQUITY_ETF,home_appliance,Home Appliance,true,true,2026-01-05,reviewed,https://www.szse.cn/market/product/list/etfList/index.html,https://www.baostock.com/mainContent?file=DailyUpdates.md#query_daily_history_k_ETF,2026-07-31,
SZ,159997,天弘中证电子ETF,equity_sector,EQUITY_ETF,information_technology,Information Technology,true,true,2026-01-05,reviewed,https://www.szse.cn/market/product/list/etfList/index.html,https://www.baostock.com/mainContent?file=DailyUpdates.md#query_daily_history_k_ETF,2026-07-31,
SZ,159998,天弘中证计算机主题ETF,equity_sector,EQUITY_ETF,software,Software,true,true,2026-01-05,reviewed,https://www.szse.cn/market/product/list/etfList/index.html,https://www.baostock.com/mainContent?file=DailyUpdates.md#query_daily_history_k_ETF,2026-07-31,
